902
744769
944784 139876
144 12100 84681
502681 4900 595984 577600
72361 583696 5776 1156 245025
38809 1849 230400 577600 986049 414736
480249 10404 595984 992016 549081 625 80656
324 879844 568516 795664 355216 320356 410881 249001
113569 619369 622521 203401 160000 638401 138384 442225 219024
35344 169 877969 71824 436921 412164 251001 73441 64516 574564
241081 555025 129600 74529 410881 42849 743044 294849 863041 429025 487204
17689 820836 994009 188356 7225 451584 47089 808201 239121 527076 165649 194481
940900 440896 5625 2116 135424 40804 1000000 550564 81225 13225 1600 1600 1089
6241 452929 762129 835396 89401 26569 839056 874225 1000000 84681 192721 101124 434281 831744
304704 863041 328329 515524 311364 266256 405769 249001 21025 28224 16129 326041 115600 173056 444889
196249 458329 404496 367236 8281 60025 407044 454276 265225 452929 6724 562500 414736 872356 316969 269361
336400 62500 385641 837225 136161 970225 316969 698896 494209 956484 4489 462400 34969 91809 416025 197136 173056
574564 576 3844 734449 611524 265225 603729 599076 921600 829921 36100 24649 770884 339889 28224 183184 665856 19321
512656 52441 151321 547600 576081 166464 407044 611524 206116 208849 524176 28900 739600 60516 19600 229441 297025 98596 651249
628849 96100 744769 16641 81796 111556 131769 148225 579121 273529 2401 61009 177241 28561 8100 617796 594441 603729 942841 74529
810000 208849 7921 20164 76176 97344 672400 509796 28561 44944 717409 86436 231361 1521 906304 128881 900 247009 96100 5329 441
174724 121104 692224 180625 710649 84681 413449 571536 327184 2401 13225 633616 253009 810000 597529 616225 760384 95481 9 394384 16129 150544
205209 271441 904401 372100 267289 982081 414736 26896 16641 755161 361 166464 45796 822649 638401 39601 214369 121801 12100 10609 399424 329476 126025
40804 137641 727609 67600 473344 427716 193600 801025 321489 511225 302500 790321 258064 369664 5776 946729 186624 574564 1000000 81 900601 729316 564001 391876
576081 403225 280900 436921 817216 254016 78400 822649 311364 75625 894916 160801 986049 10000 481636 1225 78400 41209 69696 192721 44944 660969 339889 708964 268324
81 5776 153664 758641 130321 677329 252004 3249 7744 110224 111556 226576 16 299209 44944 797449 12100 248004 36100 407044 294849 116281 9216 2401 974169 1024
32400 400 534361 580644 753424 2916 751689 881721 51984 2704 994009 900 267289 467856 305809 765625 335241 132496 586756 595984 26896 102400 441 368449 32041 62001 197136
651249 518400 104976 1369 15129 491401 21316 509796 929296 183184 777924 136161 393129 844561 4900 722500 374544 128881 200704 408321 465124 10201 795664 697225 459684 104976 148225 136900
68121 80089 342225 670761 734449 84100 23409 850084 412164 100 996004 33489 65536 116964 306916 9216 30625 350464 281961 842724 182329 142884 541696 550564 649636 714025 144400 306916 427716
576081 850084 90601 167281 227529 322624 491401 121 659344 5041 220900 57600 937024 185761 229441 169 142884 338724 430336 338724 75076 146689 801025 311364 42436 795664 900 336400 988036 95481
492804 996004 133956 588289 515524 555025 625681 586756 762129 633616 435600 467856 36864 96100 820836 774400 968256 736164 885481 289 395641 688900 113569 833569 555025 84681 199809 74529 395641 938961 746496
54756 177241 13689 474721 121801 534361 236196 736164 103684 589824 741321 37636 223729 25600 99856 654481 970225 117649 98596 656100 739600 477481 769129 166464 93025 19881 755161 447561 126025 100 826281 295936
651249 904401 217156 962361 381924 15625 813604 432964 223729 202500 47524 150544 102400 561001 1444 559504 717409 476100 27556 4489 518400 529 2401 101761 2209 152100 450241 162409 93025 16641 13225 547600 5476
413449 318096 28224 528529 18769 253009 330625 297025 484416 591361 39204 53361 870489 303601 906304 795664 91809 46225 251001 259081 146689 692224 958441 309136 625 776161 73441 264196 117649 12769 254016 2601 183184 613089
143641 591361 395641 933156 948676 64009 112896 826281 9409 624100 119716 7225 561001 2704 254016 164025 24964 21609 410881 71824 200704 426409 900601 172225 12321 624100 7396 813604 567009 964324 408321 173056 160000 40000 121801
399424 121 9 667489 177241 31329 695556 265225 3721 58081 74529 96100 208849 753424 802816 34969 474721 715716 126025 117649 203401 571536 841 88804 13456 356409 504100 42849 669124 72900 579121 133956 544644 1849 8649 851929
582169 69696 570025 511225 225 343396 9604 29584 153664 568516 627264 763876 419904 541696 62500 518400 7569 1681 577600 148996 23716 254016 305809 385641 923521 592900 92416 640000 769129 829921 950625 144 272484 458329 114244 682276 318096
20736 649636 59536 128881 27556 839056 976144 64009 32400 57121 774400 540225 11236 114244 73441 159201 322624 152881 129600 61009 398161 810000 56644 269361 976144 564001 93025 487204 244036 432964 100489 412164 702244 844561 841 458329 139129 399424
24025 29584 324 456976 53824 348100 45369 54289 11025 297025 211600 87616 455625 116964 26896 95481 613089 799236 471969 935089 4 3025 22201 31329 448900 31329 51984 341056 682276 937024 594441 946729 831744 54756 201601 802816 150544 80656 46656
996004 82369 450241 183184 40804 675684 108241 336400 308025 107584 7396 319225 51076 674041 570025 339889 53824 568516 452929 546121 110889 25281 274576 303601 90000 337561 81225 203401 79524 672400 66049 80089 561001 57121 863041 144400 660969 8464 583696 748225
233289 850084 889249 769129 38809 1225 33856 962361 3249 732736 102400 221841 478864 996004 940900 21316 35344 81225 933156 35721 38025 28224 171396 937024 664225 88804 316969 616225 25 400689 729 247009 313600 40804 207025 304704 478864 134689 685584 49284 461041
179776 130321 114921 64516 175561 121104 268324 139129 18496 898704 444889 4356 810000 351649 656100 19044 88209 649636 660969 938961 143641 9216 172225 961 361201 670761 104329 217156 391876 946729 12100 933156 632025 73984 212521 855625 15129 736164 193600 474721 896809 427716
256 840889 908209 316969 651249 744769 168100 16900 62500 454276 675684 535824 47524 687241 240100 570025 91809 3136 328329 40401 546121 582169 395641 521284 3969 132496 662596 751689 5929 649636 923521 271441 844561 136900 225 236196 84100 245025 644809 703921 550564 956484 324900
243049 142129 16384 547600 291600 784996 746496 66049 795664 87025 9025 556516 594441 767376 980100 297025 349281 21609 127449 3249 408321 264196 298116 403225 817216 348100 710649 765625 656100 478864 108900 413449 110224 21609 10404 797449 339889 720801 142884 93636 21025 158404 62500 964324
177241 958441 628849 793881 851929 413449 902500 748225 662596 26569 11236 841 329476 152881 183184 625681 499849 461041 36 774400 20164 1000000 1681 784 103041 585225 35721 12100 16 342225 62001 419904 34596 403225 178084 305809 473344 239121 254016 469225 239121 913936 2209 155236 235225
1600 408321 24649 638401 929296 166464 48841 427716 235225 175561 12321 4900 1089 676 5476 119716 24964 383161 75625 310249 18769 819025 5041 207936 156816 280900 806404 216225 938961 749956 52441 826281 652864 770884 9604 191844 469225 504100 133225 156025 992016 194481 160000 16900 26569 217156
877969 583696 132496 129600 68644 550564 230400 64009 379456 44100 2916 4761 65025 670761 45369 394384 155236 685584 21025 1296 205209 241081 831744 488601 275625 651249 813604 110224 20736 693889 509796 9 669124 777924 540225 734449 950625 197136 87616 683929 643204 1296 204304 628849 13456 102400 276676
801025 22500 164836 6400 236196 182329 40401 298116 24649 243049 529984 337561 744769 727609 210681 461041 39601 271441 597529 72900 813604 355216 3481 331776 330625 509796 128164 90601 484416 5776 334084 17424 72361 311364 35721 10816 705600 58564 85264 519841 688900 65025 950625 837225 532900 4489 20449 354025
619369 986049 118336 521284 80656 426409 50176 358801 848241 6400 367236 760384 310249 186624 700569 451584 451584 891136 521284 154449 60025 53361 950625 146689 597529 88209 120409 356409 929296 824464 124609 82944 4761 549081 51076 47089 332929 2116 622521 11449 90601 26569 25281 152881 793881 616225 857476 119716 10609
168921 81 49 386884 192721 11449 165649 29929 168921 720801 324900 31329 442225 297025 277729 30976 315844 170569 160801 129600 488601 79524 538756 289444 141376 100 657721 56644 238144 358801 34596 10000 373321 894916 298116 829921 5329 938961 213444 33856 404496 273529 56644 304704 881721 41209 14641 283024 765625 144400
111556 205209 17424 423801 470596 756900 870489 799236 170569 9604 667489 685584 197136 156025 595984 36481 1089 617796 990025 69169 881721 455625 744769 937024 567009 841 846400 525625 55225 1936 42849 432964 344569 559504 22500 15376 153664 908209 70225 465124 619369 88804 952576 512656 271441 644809 490000 254016 258064 314721 323761
641601 675684 271441 42436 241081 410881 319225 102400 250000 85849 841 893025 874225 299209 121 498436 519841 42436 474721 129600 39601 85849 139129 480249 112225 290521 191844 2601 929296 5041 632025 879844 501264 864900 722500 2025 8100 394384 207936 143641 245025 170569 159201 141376 125316 409600 667489 896809 121801 212521 4900 414736
399424 19600 364816 58081 50176 940900 527076 44521 524176 286225 360000 327184 980100 369664 412164 448900 40401 339889 5929 458329 82944 597529 603729 254016 28561 356409 54756 339889 63001 717409 394384 142884 11449 2025 521284 370881 877969 540225 87025 269361 497025 224676 295936 565504 54289 657721 75625 521284 87025 42849 462400 693889 308025
21609 259081 108900 376996 114244 36481 59536 165649 1024 222784 229441 3481 99225 7921 950625 887364 499849 19044 972196 59536 636804 11449 182329 474721 40401 246016 60516 702244 772641 269361 978121 24336 633616 404496 555025 260100 237169 929296 984064 192721 3481 505521 163216 262144 589824 319225 384400 121 128164 986049 954529 813604 88209 222784
1000000 246016 1764 116281 369664 174724 442225 4 802816 81 501264 506944 509796 187489 22801 23409 908209 451584 210681 56644 304704 2500 662596 688900 19044 497025 828100 815409 47961 21025 978121 318096 8649 17956 676 717409 804609 562500 448900 567009 635209 37636 18769 687241 132496 376996 196 512656 238144 51076 682276 522729 968256 688900 670761
287296 72361 495616 97969 917764 38416 448900 801025 1225 348100 5625 369664 45369 998001 541696 24649 85264 233289 355216 589824 27225 180625 44944 37636 354025 255025 173056 334084 10201 473344 811801 229441 236196 784996 21609 360000 18496 58564 758641 715716 553536 229441 516961 88209 45796 894916 48841 202500 61009 784996 480249 383161 438244 777924 99856 34225
801025 5041 132496 3844 442225 853776 831744 624100 458329 435600 627264 10201 546121 139876 32761 323761 76729 361 263169 488601 358801 291600 368449 894916 974169 346921 12321 268324 570025 64009 727609 5625 336400 330625 588289 133225 790321 63504 289 4900 129600 480249 654481 651249 400689 104329 334084 25281 502681 168921 349281 31329 484416 182329 232324 665856 652864
100 23716 258064 197136 416025 22201 390625 11881 119716 115600 636804 68121 32400 968256 99856 546121 310249 65536 288369 986049 302500 81225 46656 364816 727609 744769 246016 509796 46225 43264 355216 93636 284089 859329 96721 622521 100489 124609 400 992016 5929 474721 370881 6241 240100 160801 256036 18769 552049 891136 25600 894916 826281 414736 898704 831744 281961 413449
283024 260100 128881 960400 4225 921600 675684 508369 362404 243049 26244 921600 487204 256 87616 835396 8100 138384 512656 693889 315844 986049 330625 902500 22201 413449 765625 817216 27889 994009 150544 434281 339889 633616 213444 156816 6724 156816 606841 130321 435600 164836 697225 75076 505521 31329 370881 293764 518400 935089 27889 102400 159201 431649 675684 323761 498436 423801 9801
368449 40804 148996 378225 312481 1089 640000 194481 158404 595984 547600 746496 58564 555025 167281 552049 57121 8464 207936 9 29584 5184 476100 278784 214369 544644 200704 547600 10201 119716 315844 313600 304704 998001 562500 813604 44944 52441 47089 80656 345744 15625 108900 619369 4356 9409 398161 55696 7396 839056 128164 9 160801 407044 729316 288369 994009 456976 112896 1849
480249 16900 24649 956484 43264 123201 41209 146689 9216 374544 29241 980100 9409 760384 8649 986049 178929 339889 267289 40401 268324 600625 692224 39601 74529 619369 342225 300304 28900 412164 219024 199809 266256 19044 529984 285156 318096 294849 67600 112225 541696 42025 49 129600 627264 129600 608400 817216 1296 31684 113569 11236 986049 729 106929 998001 28900 707281 318096 326041 298116
173889 148225 323761 14884 956484 120409 958441 774400 278784 495616 332929 806404 114244 3969 502681 729316 534361 802816 432964 126736 33856 915849 316969 106929 767376 193600 620944 26896 7921 176400 51529 91204 29241 4225 431649 458329 731025 18496 87616 962361 703921 710649 986049 431649 396900 46225 121104 275625 33489 900601 65025 276676 900601 128881 485809 41616 269361 614656 659344 135424 205209 120409
312481 344569 793881 822649 763876 2304 155236 588289 755161 145161 488601 332929 12321 395641 18496 324900 338724 13225 92416 51076 49284 386884 350464 226576 840889 948676 614656 705600 47089 840889 912025 196249 104976 966289 11236 567009 978121 59049 859329 585225 70756 176400 484416 644809 483025 62001 330625 168100 171396 145924 660969 389376 82369 239121 6724 648025 189225 38809 589824 8649 184900 974169 954529
47524 662596 427716 178929 135424 51529 370881 123904 25921 819025 4624 324 403225 369664 324 4225 90601 66564 421201 47089 37249 390625 2500 210681 678976 27556 205209 784 414736 320356 3969 906304 160000 57600 11881 229441 972196 66049 844561 181476 454276 690561 12321 6724 20736 458329 261121 112225 625 887364 301401 142129 14400 207025 564001 400 1521 58081 751689 431649 195364 883600 219961 654481
121801 893025 7396 79524 81796 311364 127449 414736 228484 853776 257049 522729 184041 599076 126025 335241 190096 813604 133225 253009 98596 579121 13456 925444 87025 630436 56644 793881 269361 562500 819025 156816 669124 212521 751689 176400 429025 93636 32041 923521 198025 284089 469225 529984 423801 824464 594441 982081 11025 543169 5041 717409 192721 1296 169 944784 872356 106276 167281 6400 743044 690561 258064 47524 756900
528529 85849 10404 84681 1369 744769 16129 69696 28224 516961 893025 136900 69696 345744 438244 817216 675684 121104 41209 57121 434281 7396 110889 641601 341056 502681 608400 53824 56169 893025 110224 258064 121104 300304 64009 462400 783225 77841 28561 286225 599076 413449 106929 24964 43264 56644 851929 616225 484416 68644 649636 597529 127449 2401 352836 120409 54756 35344 550564 240100 154449 2116 87025 440896 401956 801025
4761 765625 643204 217156 125316 719104 568516 101761 570025 908209 189225 672400 40804 521284 179776 3969 956484 132496 15625 284089 298116 171396 887364 469225 88209 23716 674041 948676 91809 254016 43681 18496 672400 124609 63504 32041 54756 729 78400 741321 467856 93636 442225 833569 524176 67081 20736 438244 398161 274576 291600 734449 160000 270400 3721 729316 157609 859329 511225 5184 196249 3844 41209 367236 388129 484 724201
87025 147456 788544 148996 195364 21316 33124 162409 169744 635209 48400 485809 774400 257049 942841 43681 1 100 186624 950625 33124 1089 680625 194481 962361 739600 675684 66049 962361 781456 806404 662596 422500 113569 705600 12321 705600 369664 22201 93025 24025 6561 915849 417316 331776 126025 112896 378225 106929 3721 133225 996004 608400 4 351649 101761 106929 373321 426409 299209 63001 81225 372100 152100 710649 362404 388129 33489
33856 12769 213444 26244 804609 842724 141376 23409 55696 341056 675684 5329 851929 104976 426409 5041 9409 42025 89401 313600 135424 343396 14400 206116 8464 779689 715716 933156 287296 294849 151321 599076 425104 194481 881721 379456 418609 198025 837225 34969 1521 21609 297025 484 54756 844561 31329 1296 442225 302500 876096 81796 187489 580644 122500 576 8464 534361 746496 23409 22801 196249 44521 154449 436921 158404 564001 5184 262144
115600 9216 1936 11236 956484 90000 915849 28561 27225 27225 848241 73984 518400 866761 595984 299209 294849 300304 159201 799236 32041 90601 207025 105625 287296 105625 280900 96721 996004 702244 538756 925444 863041 355216 43681 494209 710649 5041 349281 915849 488601 746496 86436 592900 60025 32761 509796 55696 422500 978121 693889 549081 112225 859329 322624 274576 61504 250000 662596 5329 79524 77284 674041 56644 373321 240100 6889 5929 822649 698896
515524 45369 34969 185761 84681 964324 535824 505521 204304 195364 630436 473344 423801 61504 564001 960400 81225 82369 205209 423801 651249 78961 469225 654481 613089 129600 59536 247009 71289 51984 213444 451584 4489 157609 784996 249001 38809 611524 10201 284089 199809 148225 193600 260100 568516 357604 225 719104 3600 672400 81796 367236 946729 24964 84100 25921 559504 660969 458329 1 467856 6724 25600 758641 220900 102400 367236 385641 96721 202500 184041
5329 156816 558009 118336 427716 695556 118336 134689 326041 190096 620944 537289 13924 948676 568516 940900 17424 931225 220900 85264 538756 950625 48841 98596 82369 664225 7396 51984 630436 270400 17689 933156 30625 872356 974169 396900 793881 400 323761 36100 806404 262144 209764 514089 1521 855625 67081 605284 170569 4225 1849 670761 502681 546121 720801 24336 516961 562500 97969 112225 30625 122500 20449 974169 17424 105625 343396 201601 123201 810000 349281 964324
34225 99225 695556 258064 128881 984064 887364 857476 75625 254016 265225 405769 87025 498436 423801 86436 795664 53824 62001 447561 729 952576 919681 56644 777924 227529 71289 266256 324900 26244 36481 111556 632025 231361 877969 996004 81225 126025 541696 529984 817216 799236 774400 31684 722500 378225 30976 5041 186624 783225 139129 184900 168100 68644 894916 450241 960400 662596 61504 36100 477481 266256 243049 1681 75076 927369 5929 254016 1681 186624 272484 142884 36
364816 602176 4 273529 712336 758641 345744 145161 27889 676 535824 625681 600625 319225 283024 33124 187489 323761 11025 497025 83521 904401 511225 602176 715716 385641 252004 217156 815409 755161 8649 152100 39204 758641 225 94864 62001 781456 459684 74529 346921 808201 32041 339889 252004 429025 964324 200704 207936 168100 702244 403225 59049 142884 144 295936 22201 595984 485809 729 165649 56169 970225 988036 902500 22201 243049 476100 11449 599076 196 620944 3844 198916
244036 230400 280900 212521 614656 405769 436921 276676 121 51529 933156 1444 450241 649636 606841 16384 495616 431649 501264 19044 454276 51529 17424 218089 55696 19321 508369 616225 246016 198916 152881 906304 624100 996004 136900 2116 178929 657721 26569 988036 44100 358801 259081 53361 21904 693889 9604 426409 1225 20449 165649 950625 204304 737881 874225 63001 494209 103041 19600 25281 250000 753424 494209 431649 38025 850084 469225 519841 438244 66564 33856 142884 719104 3136 41209
660969 187489 356409 811801 648025 180625 68644 6561 199809 83521 41209 828100 156816 879844 76729 13456 223729 483025 58564 184900 564001 797449 398161 505521 484 441 462400 357604 12769 127449 182329 719104 822649 501264 956484 215296 910116 9025 9801 881721 793881 16900 763876 232324 289 900 662596 76729 3364 211600 3364 937024 81225 72900 114244 487204 63504 395641 50176 50176 400 104329 110224 391876 141376 541696 309136 384400 68121 19044 88804 483025 248004 984064 982081 59536
678976 37249 585225 4761 710649 7396 134689 286225 278784 583696 251001 214369 123904 150544 994009 412164 265225 885481 614656 442225 394384 103041 26244 37249 861184 636804 90000 289 6084 202500 52900 996004 400 531441 47961 698896 1089 675684 38416 820836 110224 344569 388129 213444 868624 434281 6724 23716 708964 506944 16900 651249 24649 724201 896809 393129 657721 417316 501264 4489 632025 431649 290521 12321 4624 853776 33856 291600 972196 885481 808201 21609 440896 261121 225625 452929 112225
755161 388129 91809 158404 152100 984064 605284 148996 788544 300304 459684 758641 287296 251001 529 66564 117649 876096 792100 147456 18769 622521 66564 293764 99225 682276 218089 200704 192721 40804 434281 54289 324 844561 599076 483025 192721 4356 452929 355216 414736 4761 829921 75076 255025 55225 243049 17956 364816 656100 3844 34596 124609 343396 964324 101761 416025 3249 238144 256036 400689 114244 599076 725904 32041 734449 561001 439569 27889 708964 128164 1600 361 454276 784996 76176 790321 276676
144 57121 828100 165649 872356 26244 19600 32761 506944 52441 682276 89401 238144 956484 339889 90000 3136 900 628849 156816 14641 259081 396900 100489 355216 82944 320356 630436 502681 215296 324900 652864 232324 85264 2116 582169 896809 46656 931225 844561 218089 341056 10816 10201 8649 47524 33489 521284 391876 622521 61009 350464 133956 703921 217156 148996 444889 804609 819025 608400 401956 9409 219024 19881 732736 293764 12321 48841 113569 292681 138384 47961 151321 53824 160000 19600 574564 685584 17956
254016 806404 676 7744 403225 31684 978121 8100 441 320356 182329 298116 866761 4624 829921 134689 894916 9801 53361 583696 376996 171396 729 277729 1156 368449 921600 174724 146689 802816 50625 124609 724201 741321 134689 6084 17424 746496 24649 243049 19600 306916 147456 391876 636804 1849 559504 736164 190096 324 793881 8836 192721 927369 341056 471969 777924 491401 568516 270400 603729 720801 790321 309136 52900 262144 6561 441 418609 39601 346921 132496 931225 419904 363609 65025 781456 40804 331776 272484
96100 870489 625681 213444 158404 729316 940900 398161 473344 38025 148996 51984 7744 17956 66564 35721 59536 564001 982081 619369 426409 334084 917764 620944 218089 386884 25921 24964 558009 272484 18496 555025 327184 13225 231361 281961 547600 469225 116281 625 6561 9 194481 193600 292681 348100 243049 462400 594441 470596 75076 707281 625 4 654481 708964 288369 714025 160000 105625 112896 288369 152881 465124 25281 142129 1444 196249 261121 128881 670761 769129 579121 7569 656100 361 44944 597529 338724 476100 64
413449 20449 295936 474721 543169 599076 29929 173056 124609 864900 426409 249001 269361 512656 736164 11449 286225 978121 491401 896809 16641 591361 948676 64009 321489 156025 211600 9216 599076 672400 56169 484 630436 72361 440896 17689 11449 568516 842724 126025 336400 122500 868624 2916 632025 255025 50625 17689 83521 104329 379456 970225 24025 212521 452929 129600 46656 442225 4 364816 3481 556516 15129 53361 2601 290521 64009 87616 165649 461041 260100 15876 136900 396900 59049 458329 102400 363609 407044 90601 53361 423801
44944 422500 408321 6561 26896 625681 108241 396900 76176 144 67081 239121 57121 133956 375769 278784 729316 69696 140625 28224 535824 311364 182329 39601 106276 407044 927369 29584 400689 622521 204304 154449 820836 589824 20449 14161 408321 950625 11025 900601 69696 950625 35344 3364 195364 876096 168100 241081 49 13689 529 940900 883600 786769 320356 21316 577600 793881 512656 518400 625 678976 247009 122500 46656 504100 28900 222784 22500 265225 344569 26896 381924 158404 902500 466489 184900 570025 632025 276676 114244 874225 373321
265225 885481 42849 225 88209 471969 811801 426409 23104 389376 469225 155236 178084 416025 731025 345744 72900 137641 804609 770884 31684 4489 166464 18769 4 152881 148225 40804 73441 83521 594441 528529 160801 528529 349281 900 497025 257049 558009 198916 690561 29929 972196 693889 14641 910116 56169 245025 866761 200704 725904 514089 16641 931225 196249 84681 870489 260100 2209 651249 289 65025 698896 90601 739600 186624 318096 4624 323761 833569 108900 611524 408321 351649 140625 385641 27225 4 444889 55696 695556 288369 476100 855625
592900 341056 298116 1681 10609 966289 30276 66564 84681 32761 760384 366025 162409 5184 206116 749956 8836 487204 399424 222784 541696 853776 109561 46656 665856 591361 720801 175561 294849 964324 817216 67600 222784 32761 71289 695556 249001 47524 86436 795664 1849 60516 102400 220900 62001 608400 251001 400689 8281 923521 583696 790321 44100 705600 152100 394384 106276 848241 9801 65025 3364 151321 1600 937024 120409 7569 271441 398161 30976 625 264196 813604 546121 544644 864900 113569 546121 509796 535824 260100 1681 846400 329476 275625 184900
484 278784 703921 937024 294849 111556 119025 456976 418609 2116 160000 157609 931225 160000 826281 675684 129600 504100 368449 990025 770884 149769 203401 138384 342225 123904 585225 872356 885481 891136 301401 758641 83521 579121 277729 393129 178929 16129 205209 170569 667489 715716 24336 688900 418609 198025 209764 370881 447561 148225 695556 37249 140625 676 904401 499849 59536 929296 859329 579121 88209 369664 5625 3600 63001 986049 158404 592900 162409 348100 403225 42025 732736 33124 77284 817216 110224 315844 193600 291600 868624 261121 376996 59536 501264 109561
30276 360000 211600 534361 908209 9801 285156 779689 22801 421201 229441 887364 16129 396900 70225 339889 368449 288369 538756 95481 910116 37636 24025 546121 409600 465124 192721 1225 1444 859329 412164 844561 210681 159201 319225 56644 597529 278784 246016 108900 361201 130321 279841 91809 982081 213444 652864 628849 5929 311364 499849 37636 649636 106929 900 426409 38025 126736 125316 3600 47961 25281 260100 64009 15376 864900 744769 946729 310249 21025 385641 452929 36100 351649 463761 24649 6561 281961 273529 7921 473344 546121 790321 835396 719104 41616 148996
3481 88209 18496 109561 302500 495616 652864 218089 193600 9216 56644 3249 414736 725904 702244 19044 514089 893025 477481 95481 683929 8464 370881 32041 198025 394384 124609 270400 167281 729 600625 395641 608400 45369 408321 731025 24964 42436 158404 21904 692224 83521 27225 223729 145161 958441 765625 16641 956484 241081 50625 729 28900 564001 114921 283024 606841 682276 121801 291600 290521 201601 4225 835396 57121 258064 247009 431649 326041 167281 982081 381924 320356 964324 328329 52441 881721 425104 383161 36864 385641 275625 459684 739600 295936 797449 266256 413449
198025 112225 90601 512656 318096 302500 119716 756900 881721 67081 163216 640000 9 255025 110889 8100 135424 917764 739600 27889 36864 46656 228484 674041 662596 310249 131044 893025 558009 765625 553536 104976 855625 756900 490000 22500 980100 1156 18496 299209 311364 556516 80656 11449 99225 760384 94864 748225 756900 80656 204304 15129 73441 793881 659344 705600 267289 97969 10404 6241 638401 182329 968256 24964 804609 617796 44944 737881 447561 12996 793881 715716 47089 104976 16129 91809 339889 635209 380689 961 355216 352836 574564 301401 538756 94864 552049 113569 379456
9 181476 46225 769129 383161 172225 312481 937024 229441 889249 466489 225625 29584 570025 20164 1 688900 534361 81796 116281 82944 367236 337561 889249 169744 559504 350464 23716 239121 13225 59049 777924 484 13689 806404 4489 241081 777924 246016 200704 452929 546121 9801 128881 348100 632025 133956 52441 462400 91204 935089 958441 27225 544644 703921 399424 11236 441 97969 518400 490000 55696 467856 51529 283024 859329 633616 131769 799236 561001 797449 919681 367236 582169 753424 1156 366025 36864 1089 326041 6084 8836 649636 614656 16384 16 119025 529 291600 49284
23409 540225 237169 241081 153664 358801 14641 164836 91809 891136 811801 45796 219024 178084 263169 996004 221841 233289 139129 667489 260100 34225 795664 289 784996 139876 280900 342225 2304 83521 51984 310249 422500 73984 811801 458329 200704 561001 266256 797449 188356 41209 652864 58564 4624 264196 148225 906304 65025 124609 171396 938961 301401 494209 357604 288369 960400 589824 171396 956484 434281 467856 887364 396900 388129 49729 292681 300304 491401 81225 7396 291600 736164 337561 512656 968256 178084 205209 88209 289 640000 725904 71824 1296 253009 315844 21025 1521 676 1600 534361
678976 45369 863041 230400 722500 22500 774400 8836 559504 197136 125316 22801 372100 381924 660969 1936 324900 168100 972196 2500 85264 334084 744769 461041 133956 573049 155236 38809 124609 57600 748225 24025 287296 401956 259081 355216 22500 751689 294849 66049 737881 369664 18496 859329 829921 6241 240100 82369 4761 456976 285156 37636 12100 11236 231361 69169 31329 446224 87025 87025 976144 100 876096 549081 168921 26569 49284 71289 622521 116281 872356 562500 349281 29929 69169 182329 227529 237169 990025 748225 614656 289 893025 309136 616225 287296 16641 53824 386884 978121 195364 25921
956484 278784 11025 28900 485809 33856 324900 874225 741321 184041 68644 120409 850084 606841 289444 760384 12996 819025 868624 54756 26569 471969 27225 101761 41616 41209 49284 332929 964324 893025 462400 27556 236196 71824 893025 573049 715716 23104 874225 384400 54289 7569 209764 160801 261121 937024 309136 8100 1936 638401 743044 69169 984064 94249 613089 190969 574564 91809 109561 139876 972196 298116 739600 27889 556516 594441 409600 804609 28224 5184 166464 218089 168100 894916 159201 85849 529984 544644 609961 656100 586756 574564 6889 23104 739600 448900 859329 112225 81796 149769 104329 19881 97969
769129 254016 528529 16900 1296 106929 678976 784996 166464 370881 481636 49284 18225 693889 71824 471969 725904 283024 316969 571536 384400 119716 956484 110889 603729 360000 142129 589824 213444 7921 808201 467856 172225 427716 687241 157609 962361 119716 308025 7569 196249 30625 363609 225625 443556 69696 442225 49729 175561 25921 544644 1444 97969 44944 69696 659344 649636 138384 76729 162409 142129 820836 2116 3969 797449 5041 251001 126736 412164 42849 921600 368449 100489 842724 4356 12100 234256 44944 64009 528529 271441 401956 494209 776161 806404 150544 176400 41616 734449 7744 476100 12769 274576 522729
675684 109561 746496 3025 467856 103684 354025 582169 261121 29584 649636 806404 70756 18769 998001 153664 859329 62001 108900 835396 272484 59049 2401 32041 885481 473344 837225 27889 224676 71289 966289 312481 51529 135424 802816 692224 737881 37249 446224 380689 379456 352836 126025 722500 89401 929296 352836 47961 146689 115600 683929 667489 390625 287296 659344 41209 573049 527076 829921 14641 170569 50625 474721 375769 2704 115600 264196 38809 772641 30625 394384 143641 592900 806404 22500 316969 933156 419904 69169 3364 976144 5776 100489 641601 736164 197136 361201 863041 919681 45369 524176 366025 529 23409 487204
47524 436921 335241 452929 185761 346921 3364 394384 10404 2704 441 237169 24649 38809 725904 82369 664225 840889 828100 96721 218089 784 82944 522729 648025 94249 105625 104329 5184 2704 229441 432964 495616 54756 994009 262144 147456 219961 81225 591361 540225 184041 917764 128164 667489 33124 393129 308025 2809 788544 440896 710649 367236 4624 552049 18769 739600 178929 633616 693889 620944 511225 22801 314721 276676 217156 198025 231361 119025 902500 404496 185761 116964 25921 47089 207936 90000 28561 207936 375769 426409 770884 50176 226576 915849 197136 79524 7056 350464 5776 594441 60025 22500 41616 164025 802816
225625 267289 1521 344569 534361 23104 39601 173889 12996 293764 87616 96100 180625 47524 36100 285156 106276 303601 26896 964324 412164 99856 166464 820836 291600 692224 30976 1369 848241 190969 264196 97969 16 1296 432964 412164 925444 931225 543169 582169 491401 320356 104976 484 242064 193600 302500 101761 128164 33856 32400 540225 2809 21316 784 169 228484 670761 83521 42436 261121 695556 879844 227529 143641 826281 669124 252004 139876 698896 53824 543169 141376 552049 331776 693889 417316 585225 265225 243049 938961 128881 611524 9 65025 714025 80656 40401 57121 788544 565504 44944 1600 179776 290521 288369 142884
640000 470596 1521 1764 166464 12321 310249 753424 2601 330625 879844 435600 54289 772641 929296 18769 17161 835396 719104 91204 136900 407044 640000 17424 442225 169744 215296 418609 970225 476100 161604 150544 736164 194481 1225 94249 454276 136900 26896 488601 169744 550564 553536 717409 734449 484 310249 93636 10404 121 556516 12996 659344 677329 859329 17956 297025 394384 436921 525625 184900 19600 549081 336400 441 950625 586756 9 8464 662596 210681 649636 81796 63504 514089 46656 208849 419904 212521 6084 505521 291600 59049 222784 499849 27225 512656 978121 90000 61504 693889 51984 811801 744769 46656 367236 577600 448900
567009 603729 42436 386884 931225 47524 169744 630436 887364 34969 912025 208849 538756 470596 431649 146689 21316 362404 128881 257049 693889 163216 157609 288369 49729 15376 872356 330625 319225 538756 79524 783225 408321 97969 767376 127449 245025 128164 729316 271441 10000 3249 813604 527076 63001 10404 1444 826281 42436 193600 246016 62001 196 11236 418609 390625 654481 130321 962361 181476 676 21609 802816 786769 50625 228484 3136 822649 72361 13924 585225 273529 484416 996004 34969 54289 576081 525625 210681 386884 574564 29929 297025 549081 52441 900 168921 299209 756900 760384 14884 304704 11236 44100 237169 467856 603729 184900 891136
306916 546121 8100 591361 293764 207025 12544 703921 853776 110889 60516 132496 12769 627264 151321 490000 25600 423801 324900 769129 531441 90601 122500 63001 62001 183184 78400 22201 44944 729316 10000 767376 265225 622521 603729 241081 97344 776161 6084 786769 910116 393129 636804 246016 351649 34225 80089 484 459684 175561 114244 131769 810000 373321 6889 24025 478864 654481 119716 186624 184041 451584 29241 568516 36100 128164 261121 41209 927369 219024 923521 104976 786769 93025 403225 173889 297025 505521 592900 779689 171396 654481 23409 75625 562500 595984 140625 467856 831744 558009 101124 207025 363609 20449 674041 793881 504100 594441 998001 116281
68121 96721 687241 670761 47089 717409 538756 313600 534361 368449 685584 614656 664225 40804 592900 636804 254016 374544 688900 18769 69169 312481 516961 429025 529 167281 817216 74529 857476 249001 153664 980100 125316 549081 256 181476 394384 440896 148996 58564 429025 131769 480249 64 529 586756 407044 781456 372100 927369 944784 138384 107584 190096 602176 198025 929296 110889 1369 525625 236196 117649 310249 638401 78400 120409 19321 419904 580644 822649 474721 316969 158404 321489 458329 16641 28900 7225 100 2809 224676 561001 19044 81225 614656 784 1936 2809 64516 224676 75076 881721 820836 113569 553536 225625 138384 304704 103041 228484 508369
10609 743044 640000 25921 576 576 49284 784 950625 902500 108241 543169 362404 10201 315844 376996 516961 355216 676 779689 68644 499849 154449 960400 641601 541696 79524 50625 197136 929296 511225 216225 337561 342225 310249 30276 388129 36 21904 65025 477481 65025 715716 12544 912025 617796 635209 749956 42436 648025 96721 72361 405769 207936 478864 65025 643204 106929 334084 63504 396900 176400 43264 944784 27225 64 692224 202500 741321 200704 515524 96100 229441 970225 683929 94864 811801 162409 594441 137641 657721 870489 394384 72361 192721 458329 381924 122500 309136 338724 289 613089 633616 367236 760384 152881 97344 80089 372100 118336 32041 765625
270400 938961 29929 579121 616225 950625 262144 737881 375769 93636 753424 70756 835396 574564 497025 480249 80089 552049 128164 416025 73441 801025 956484 14884 198025 810000 452929 148996 600625 799236 298116 34225 35721 25 499849 509796 546121 155236 78961 257049 550564 168921 361 674041 130321 289 85264 731025 13456 120409 207025 175561 2704 946729 1444 331776 275625 443556 14884 19044 404496 149769 49729 65536 717409 132496 90601 186624 23409 280900 708964 254016 143641 168100 160000 32041 114244 795664 2500 447561 34225 2704 589824 762129 77284 395641 330625 881721 396900 964324 62001 83521 398161 21609 170569 842724 651249 2809 178084 57600 152881 284089 600625
466489 220900 505521 200704 58564 8836 541696 806404 121801 436921 492804 435600 670761 872356 248004 820836 21904 81225 550564 454276 574564 110889 1764 657721 48400 33124 813604 698896 355216 182329 229441 919681 207936 48841 518400 622521 391876 170569 616225 603729 863041 450241 600625 447561 908209 47089 440896 148225 283024 314721 40401 649636 84681 643204 133225 974169 126025 289 136900 211600 667489 641601 710649 630436 207936 118336 583696 438244 904401 154449 720801 260100 93636 277729 290521 499849 874225 61009 40804 1089 3721 191844 375769 21904 667489 585225 237169 532900 38025 585225 57600 16641 267289 781456 972196 31329 540225 627264 182329 373321 828100 665856 630436 434281
707281 40401 80089 184041 458329 133956 31684 559504 386884 247009 22201 5184 910116 635209 91204 154449 829921 851929 586756 527076 230400 171396 330625 786769 763876 108900 194481 606841 107584 228484 368449 41616 859329 974169 71289 458329 4900 12100 47089 48400 269361 11025 923521 948676 429025 108900 313600 570025 490000 732736 334084 236196 622521 2304 481636 100 458329 662596 30976 215296 421201 677329 326041 62500 817216 337561 43264 431649 336400 24336 494209 3249 425104 44944 99225 912025 19321 32761 795664 541696 541696 27889 859329 407044 25921 206116 192721 996004 12544 225625 913936 732736 857476 298116 919681 531441 19321 970225 815409 17424 6889 599076 17161 366025 432964
793881 34596 288369 6724 976144 2500 30276 56169 986049 119716 855625 942841 331776 8649 34596 781456 303601 881721 303601 185761 8100 20164 165649 71824 180625 1521 198025 298116 23716 5776 336400 4900 160801 426409 826281 388129 427716 680625 10816 38416 22500 73441 301401 136900 360000 123904 38809 509796 62001 112896 864900 26569 986049 245025 741321 107584 690561 630436 7744 40000 313600 257049 538756 876096 81225 532900 255025 994009 358801 324 509796 725904 534361 824464 391876 44100 1600 1296 628849 915849 56169 13456 29584 90601 923521 894916 315844 456976 968256 21025 3249 695556 660969 758641 693889 403225 5929 859329 229441 44944 774400 788544 30976 3600 828100 948676
341056 39601 506944 477481 213444 176400 35344 570025 95481 112896 24649 49 784 207025 535824 474721 784996 516961 2704 467856 354025 71289 351649 100489 212521 10609 4 535824 913936 641601 429025 70756 528529 96100 962361 156025 52900 434281 126736 813604 783225 131044 652864 413449 505521 185761 632025 580644 237169 624100 343396 36864 497025 532900 534361 8836 935089 87025 8649 784 769129 720801 86436 373321 463761 370881 279841 3136 84681 788544 665856 185761 256036 436921 442225 23409 568516 86436 571536 9409 10000 102400 7056 104329 153664 90601 398161 19881 22801 54756 443556 212521 169744 33856 864900 326041 108241 100 79524 12769 6084 432964 169 344569 33124 624100 146689
3844 1764 234256 756900 996004 58081 81796 1369 896809 3481 627264 40000 368449 279841 294849 234256 640000 792100 925444 22201 715716 937024 84100 99856 168100 531441 210681 466489 703921 198916 14884 229441 156025 404496 367236 435600 237169 97969 85849 53361 625681 719104 576081 506944 1444 395641 15376 16900 504100 22801 15376 27556 102400 931225 379456 998001 6724 256 31329 273529 576 656100 994009 11881 923521 400689 49729 90601 13456 37636 16900 784996 802816 123904 279841 155236 1521 992016 917764 24336 719104 1 43681 358801 49 592900 199809 685584 527076 62001 341056 145924 632025 753424 4900 439569 619369 3481 996004 227529 45796 18225 177241 900 605284 341056 9216 20736
401956 111556 117649 9801 414736 99856 739600 274576 384400 163216 71824 443556 69696 24964 252004 185761 700569 438244 988036 124609 373321 720801 374544 599076 543169 734449 62500 67081 389376 498436 633616 225625 877969 422500 350464 546121 746496 83521 454276 287296 477481 940900 531441 364816 430336 547600 155236 770884 303601 784 183184 31329 197136 396900 749956 385641 261121 285156 440896 324 641601 349281 356409 4356 21609 3481 99856 97969 245025 574564 112896 61504 57600 111556 7921 732736 230400 461041 559504 570025 5776 687241 632025 529984 14400 519841 783225 63001 77841 277729 436921 481636 2809 344569 368449 400 811801 81225 51076 546121 369664 243049 101761 133225 360000 956484 143641 549081 531441
409600 483025 7056 96721 97969 833569 1000000 91204 7225 546121 519841 421201 197136 188356 7744 935089 413449 156816 719104 570025 28561 4624 950625 514089 133225 410881 4225 84100 49729 462400 42436 116281 597529 531441 448900 616225 580644 178084 106929 37249 315844 135424 42025 41616 262144 59049 232324 784 611524 961 662596 948676 4225 69696 452929 167281 18225 128881 471969 2025 42025 776161 36100 336400 208849 29241 294849 664225 5041 146689 3600 788544 923521 281961 29241 454276 715716 3136 770884 712336 820836 84681 917764 215296 16384 319225 40000 976144 72361 5776 10000 60516 597529 837225 592900 829921 769129 105625 203401 872356 410881 968256 879844 211600 863041 91204 616225 322624 17161 168921
62001 571536 412164 376996 801025 214369 841 887364 929296 149769 27556 357604 236196 828100 8649 94864 114244 164836 477481 848241 351649 270400 318096 361201 779689 1225 110889 625681 168100 842724 853776 190969 806404 714025 40000 79524 97344 910116 221841 641601 2916 263169 877969 64 233289 21609 518400 280900 236196 92416 16900 131769 769129 302500 311364 839056 34225 577600 259081 664225 332929 20736 90000 461041 455625 105625 394384 105625 320356 118336 765625 181476 389376 857476 685584 980100 66049 910116 83521 9801 462400 883600 627264 2916 707281 168921 186624 693889 111556 12100 31684 521284 461041 184900 568516 26569 960400 8464 245025 2916 145924 242064 502681 881721 139129 446224 187489 42436 851929 163216 229441
161604 54756 4225 175561 857476 846400 71289 962361 937024 595984 558009 3136 236196 49284 157609 361201 315844 150544 271441 558009 90601 339889 3025 613089 40000 25600 33124 531441 574564 144 378225 976144 99225 116964 157609 18496 17161 324900 255025 702244 56169 274576 291600 819025 960400 28561 212521 438244 6400 917764 276676 273529 46225 62500 722500 53824 430336 370881 646416 26244 97969 121 2704 1936 12544 260100 380689 550564 61504 902500 1 714025 430336 1 524176 300304 187489 737881 984064 16900 599076 263169 625681 117649 476100 152100 547600 137641 358801 220900 100489 576081 651249 1681 244036 316969 142129 277729 669124 268324 341056 257049 134689 714025 350464 640000 178084 583696 55225 101124 83521 739600
786769 724201 226576 65536 23409 234256 643204 12321 727609 80089 9409 120409 1764 274576 600625 71824 438244 586756 287296 197136 511225 343396 196249 925444 4489 116964 49284 2116 168921 212521 261121 753424 33124 386884 30625 260100 583696 859329 810000 992016 5329 167281 84681 315844 279841 912025 680625 725904 770884 188356 954529 522729 861184 672400 866761 490000 708964 68644 80656 34225 63504 378225 837225 476100 690561 306916 620944 388129 157609 682276 105625 50625 267289 199809 354025 412164 461041 101124 160000 329476 187489 198025 331776 210681 910116 58081 348100 627264 285156 51984 630436 245025 62500 29929 641601 122500 659344 84681 734449 217156 117649 483025 182329 819025 280900 776161 367236 654481 36481 811801 240100 687241 59049
167281 97344 1024 94249 703921 112896 39204 984064 54289 473344 93025 940900 64 649636 122500 270400 976144 478864 628849 51984 116964 75076 627264 167281 2116 253009 349281 529984 24964 857476 811801 65536 316969 128881 605284 130321 900601 620944 156816 250000 281961 279841 817216 627264 68644 982081 277729 891136 310249 103041 874225 67081 205209 769129 505521 731025 205209 27225 297025 350464 14400 776161 93025 128164 103041 665856 147456 63001 94249 81225 675684 47524 833569 815409 191844 826281 360000 82944 8836 147456 66564 123904 552049 80656 808201 11236 177241 276676 72361 665856 121 185761 228484 505521 165649 263169 1681 18225 24025 418609 797449 356409 3136 149769 320356 150544 14161 727609 263169 9801 49 758641 372100 162409
132496 238144 19321 334084 14641 159201 885481 476100 902500 22500 32400 16 100489 491401 280900 91204 25600 306916 674041 31684 225625 46225 432964 819025 110224 73984 732736 627264 490000 669124 710649 212521 762129 495616 248004 25600 1936 163216 672400 108900 512656 910116 85264 519841 434281 367236 422500 501264 11881 331776 175561 60025 34596 974169 178084 348100 788544 511225 107584 128881 11881 306916 101761 657721 405769 247009 755161 156816 898704 357604 9216 6241 741321 59049 10201 793881 952576 958441 762129 78961 38809 491401 408321 680625 18496 35344 54756 228484 375769 175561 330625 399424 107584 4096 71289 193600 52441 83521 850084 273529 1369 762129 687241 204304 946729 368449 952576 635209 2704 92416 106929 383161 270400 66049 409600
859329 400 660969 105625 956484 408321 499849 954529 988036 224676 4761 32400 680625 311364 354025 294849 81 128164 632025 11664 175561 976144 734449 603729 625681 85849 1849 748225 376996 418609 13689 15625 592900 477481 255025 669124 108900 182329 62001 9801 206116 2500 12100 792100 368449 731025 896809 786769 85264 38025 887364 13225 256 964324 844561 687241 646416 866761 662596 6241 55696 73441 54289 90601 478864 289444 13456 1521 18225 66049 90601 635209 808201 712336 36100 7744 210681 299209 143641 75625 286225 162409 138384 354025 390625 613089 9216 15129 9604 667489 931225 712336 156816 573049 692224 2116 68644 915849 567009 1849 34596 902500 320356 310249 87616 1849 956484 839056 94249 1225 125316 52441 11881 28561 412164 432964
91809 308025 54756 512656 966289 25 23409 380689 85264 329476 734449 446224 55225 819025 34969 14161 13689 23104 51984 931225 408321 244036 644809 184041 970225 146689 672400 128164 485809 774400 388129 427716 38416 925444 418609 337561 111556 319225 41209 976144 594441 330625 119716 813604 426409 859329 354025 128164 779689 3844 168100 777924 8281 153664 151321 337561 423801 26244 370881 329476 641601 893025 306916 101124 12769 85264 316969 419904 164836 386884 561001 185761 463761 2025 327184 236196 67600 4900 360000 356409 409600 186624 69696 13689 233289 136161 168921 295936 48841 23409 438244 5776 265225 32041 688900 4356 409600 8649 8836 318096 708964 541696 210681 87025 216225 497025 250000 283024 2704 380689 913936 622521 124609 373321 273529 36 184900
168921 267289 923521 366025 236196 207936 719104 697225 638401 381924 744769 232324 32400 625 427716 7225 450241 316969 56644 839056 448900 58564 379456 597529 29584 89401 431649 105625 204304 315844 690561 435600 73984 429025 51529 18496 422500 444889 674041 193600 158404 597529 56644 60025 585225 207025 158404 439569 516961 462400 430336 729316 772641 450241 5776 144400 423801 919681 62500 291600 262144 811801 40000 289 938961 16384 178929 120409 463761 913936 762129 490000 842724 37636 192721 26569 589824 688900 8464 26244 476100 16641 861184 476100 703921 763876 91809 94249 484416 3136 1156 154449 109561 788544 274576 835396 254016 263169 11449 555025 312481 435600 55225 22500 450241 23409 242064 299209 492804 410881 157609 310249 346921 659344 904401 508369 97969 58081
32761 114244 1156 378225 952576 346921 910116 484416 422500 474721 556516 461041 244036 646416 1225 444889 18225 22201 292681 4356 33856 275625 879844 94864 42025 94249 499849 94864 25 524176 651249 303601 2704 22801 30976 172225 260100 518400 179776 421201 155236 611524 1600 567009 505521 150544 114921 504100 389376 156816 18496 131044 142129 132496 9801 512656 430336 165649 784996 73984 123904 5184 216225 337561 700569 102400 257049 622521 690561 962361 41209 447561 13456 948676 329476 15625 819025 145924 53361 26896 24649 462400 26569 178084 270400 71289 597529 984064 811801 591361 976144 461041 85849 66564 841 416025 432964 883600 160000 861184 245025 697225 108900 232324 564001 571536 3969 652864 302500 760384 720801 614656 236196 128881 961 172225 20449 434281 129600
984064 119716 210681 155236 93025 811801 284089 643204 826281 217156 82369 933156 180625 756900 531441 675684 265225 196 205209 10816 324900 178929 49 221841 417316 170569 946729 982081 543169 80089 14161 155236 173889 330625 413449 996004 399424 369664 29241 792100 443556 501264 579121 499849 478864 114921 622521 32761 305809 157609 732736 55696 94249 659344 30276 10000 606841 640000 378225 65025 525625 10816 1764 11025 808201 68121 491401 285156 27556 286225 101124 369664 190096 580644 625681 495616 97969 199809 866761 54756 41616 729 837225 1156 478864 53361 23716 1 2209 511225 123201 52441 37249 576081 75625 2916 435600 160801 323761 21025 142129 646416 388129 345744 142129 80656 20164 426409 616225 777924 174724 1156 485809 85264 714025 5625 242064 249001 215296 879844
44521 13225 527076 56169 948676 476100 169 514089 462400 386884 203401 654481 404496 59049 986049 42849 732736 46225 630436 835396 4489 568516 743044 459684 224676 664225 408321 21025 5329 271441 51076 76176 134689 810000 746496 767376 4096 714025 94864 36 525625 24025 112225 3364 142884 203401 982081 459684 14884 130321 38025 409600 43264 835396 11664 190969 436921 130321 471969 842724 564001 921600 431649 115600 923521 54756 908209 19321 511225 157609 386884 3249 669124 8464 452929 1024 117649 7569 173056 427716 16641 3481 707281 568516 60516 274576 2116 570025 305809 205209 369664 173889 36481 48841 12996 185761 722500 343396 167281 206116 824464 11664 7921 136900 388129 36 224676 133225 51076 241081 341056 320356 23104 697225 594441 407044 1024 34969 751689 5776 204304
60516 45796 73441 1 236196 292681 744769 582169 430336 14400 192721 638401 298116 8100 184041 541696 110889 544644 28561 37636 214369 6889 853776 765625 401956 467856 96721 1225 1369 8464 913936 887364 81225 714025 348100 42436 119025 652864 198025 8649 210681 76176 9216 982081 152100 528529 627264 219024 21025 591361 844561 173889 2025 24964 163216 390625 675684 194481 565504 57121 157609 234256 51984 220900 109561 824464 480249 18769 263169 43681 4761 511225 478864 693889 509796 715716 36481 129600 2401 386884 198916 22201 680625 986049 24025 24649 20449 13689 81796 132496 127449 147456 56644 146689 804609 516961 160801 515524 261121 463761 298116 802816 3249 521284 724201 76176 722500 200704 7921 622521 256036 488601 213444 2304 122500 9801 156816 4489 687241 39204 20164 203401
269361 93025 448900 46656 3136 228484 597529 917764 986049 1600 225 213444 17424 74529 44100 504100 16 902500 105625 656100 163216 47524 1089 383161 579121 71824 3600 571536 30976 664225 8100 44944 868624 177241 35344 471969 263169 528529 257049 315844 48400 16129 5929 252004 400689 85849 367236 695556 717409 42025 940900 537289 756900 5776 178084 14641 470596 5776 55696 151321 341056 980100 3249 473344 188356 498436 338724 3249 624100 592900 477481 336400 570025 802816 978121 110889 141376 85264 820836 815409 73984 484416 23409 444889 660969 68644 831744 120409 51529 667489 203401 729316 687241 705600 547600 861184 314721 471969 1681 324900 737881 564001 978121 652864 25921 22201 308025 900 441 11881 244036 17956 97344 739600 410881 63504 363609 418609 705600 176400 173889 221841 21025
187489 5329 98596 164025 774400 42025 123201 956484 688900 434281 151321 148225 52441 21025 99225 850084 75076 271441 58081 906304 293764 69169 896809 260100 881721 935089 2025 300304 315844 7225 99225 219024 605284 78400 864900 276676 109561 174724 680625 69169 978121 576081 461041 126736 363609 772641 980100 68121 712336 552049 649636 60516 579121 215296 52900 900 52441 355216 125316 665856 119716 15625 511225 648025 446224 874225 29241 4096 695556 467856 390625 271441 253009 344569 15376 100 267289 105625 2025 829921 276676 91809 290521 982081 541696 952576 204304 254016 27225 925444 321489 861184 729 91204 966289 484 418609 50176 350464 162409 224676 293764 476100 961 61009 82944 2601 841 148996 68121 558009 253009 181476 77284 931225 196 16384 891136 39601 797449 16 784996 620944 917764
273529 39204 265225 201601 7225 329476 17424 494209 107584 49729 383161 60025 28561 422500 327184 889249 594441 12769 80656 870489 100 111556 441 329476 29929 48841 47524 923521 275625 864900 94864 103041 40000 289444 230400 29241 6084 912025 81225 81796 11025 19321 78961 44521 3025 966289 609961 4761 992016 505521 258064 283024 53361 628849 4225 21904 516961 327184 734449 368449 320356 715716 998001 167281 70225 676 275625 182329 846400 423801 659344 262144 746496 54289 1225 277729 315844 423801 293764 833569 6724 660969 232324 643204 241081 99225 741321 744769 79524 94864 139129 171396 58564 255025 767376 255025 915849 51984 110224 42436 408321 101761 2304 50176 162409 529 919681 367236 91204 418609 360000 919681 354025 21025 898704 18496 279841 531441 123904 744769 203401 36100 240100 874225 648025
45796 98596 227529 385641 121 810000 90601 7744 956484 641601 101761 1089 293764 784 840889 319225 71289 177241 198916 925444 562500 313600 43264 710649 51529 69169 431649 577600 662596 837225 10609 51529 81 184041 529984 7056 240100 675684 501264 935089 2209 391876 21609 88804 628849 123201 306916 49729 23716 116281 48841 644809 18769 781456 198916 108241 25921 47961 171396 300304 59536 302500 52441 362404 586756 247009 480249 262144 269361 65536 352836 616225 732736 259081 350464 729316 28900 527076 774400 256036 648025 956484 491401 148225 755161 2916 840889 579121 12996 99856 238144 326041 770884 19600 301401 29584 241081 165649 142884 287296 346921 38416 379456 962361 896809 84100 324900 442225 75076 944784 29241 48400 100 603729 988036 518400 687241 784 277729 233289 729316 107584 277729 1156 374544 81796
358801 36481 996004 15129 107584 7225 85264 630436 664225 123904 712336 714025 281961 3136 68644 429025 891136 7225 3721 743044 1600 121801 175561 115600 255025 399424 502681 174724 326041 184041 52441 259081 61504 1089 90601 30625 643204 19600 102400 156025 1024 186624 47961 77284 524176 104976 643204 476100 599076 24649 23104 117649 266256 562500 6561 978121 38416 1296 591361 190969 772641 373321 683929 672400 2304 538756 1296 734449 330625 579121 379456 315844 123904 772641 1600 358801 336400 600625 49 26244 173056 184900 447561 879844 88804 148996 680625 65025 89401 83521 448900 799236 980100 1024 67600 146689 5184 3844 811801 49729 466489 857476 175561 21904 669124 609961 214369 18225 841 4489 137641 354025 664225 774400 12100 83521 783225 855625 966289 564001 641601 152100 443556 289 484 150544 410881
970225 770884 190096 404496 609961 106276 224676 851929 826281 304704 361 9025 142884 102400 389376 429025 401956 39204 756900 350464 341056 617796 375769 261121 48400 529 831744 165649 518400 677329 63001 431649 12100 2116 128164 431649 4356 944784 23409 152100 32041 54756 281961 197136 244036 2916 195364 140625 29584 134689 329476 940900 492804 75076 749956 5625 990025 293764 831744 529 2601 60516 28900 524176 303601 52900 169 529984 285156 677329 571536 215296 756900 75076 28224 45796 47524 130321 32761 2401 368449 421201 625681 12769 441 6241 293764 225625 627264 986049 990025 73984 447561 741321 196 600625 303601 729 652864 261121 360000 644809 96721 672400 168921 23409 207936 690561 33124 299209 980100 651249 55225 131044 729316 13689 906304 68644 47961 250000 732736 385641 504100 288369 432964 826281 63001 44521
250000 512656 861184 352836 48400 837225 48841 765625 835396 10816 806404 547600 491401 630436 35721 797449 124609 98596 403225 16641 288369 436921 712336 189225 72900 944784 662596 605284 660969 602176 108241 499849 38025 133225 868624 70225 138384 357604 883600 254016 868624 627264 346921 3721 913936 4624 900 259081 19881 144400 34969 269361 1681 619369 7921 29241 665856 100 492804 8281 594441 127449 813604 646416 1225 96100 619369 6889 119716 49729 516961 85264 484 6724 169744 672400 927369 239121 974169 322624 270400 279841 116964 497025 868624 68121 160801 1225 760384 135424 912025 195364 25 87025 104329 966289 223729 318096 45369 14161 184041 667489 427716 659344 502681 76176 384400 72900 9216 107584 6084 436921 442225 514089 77284 841 106929 640000 32400 793881 274576 55696 249001 193600 13225 430336 70225 835396 84100
73441 765625 64009 160000 416025 59536 88209 44521 352836 10000 222784 198025 521284 439569 748225 236196 21904 715716 966289 722500 423801 435600 155236 443556 55225 339889 287296 288369 14641 448900 299209 921600 980100 40000 88209 42436 316969 162409 269361 35721 774400 708964 37249 88209 17956 591361 372100 896809 549081 734449 113569 879844 497025 364816 150544 234256 559504 287296 933156 562500 839056 229441 4356 344569 163216 301401 59536 804609 33856 320356 580644 646416 577600 178929 439569 466489 874225 117649 143641 795664 256036 121801 293764 5184 795664 4761 99225 5184 65536 753424 47524 326041 57121 195364 251001 5184 395641 45369 97344 112225 3481 94249 4489 10000 8836 43264 494209 680625 329476 448900 391876 356409 659344 819025 421201 16 178929 77284 786769 87616 961 8649 779689 101761 739600 7744 256 270400 432964 259081
822649 528529 11881 898704 29241 4624 556516 946729 154449 142129 10609 174724 366025 279841 501264 4624 40804 225 620944 624100 206116 161604 404496 853776 813604 1764 594441 793881 504100 128164 68644 91809 115600 685584 35344 313600 84681 102400 509796 609961 44100 416025 996004 1369 524176 2116 311364 49 75076 33124 12544 1849 181476 781456 91204 972196 70756 146689 724201 69696 98596 556516 682276 11236 13456 804609 6724 815409 101124 396900 9604 43264 56169 37249 36100 497025 260100 142884 43681 73441 28561 61504 710649 553536 30625 473344 10201 5776 602176 583696 49284 438244 73441 90601 39204 274576 102400 544644 316969 40000 455625 755161 625681 43681 144 70225 662596 439569 28561 312481 139129 97344 480249 3600 519841 304704 29241 142129 5776 57121 929296 64516 12996 950625 732736 286225 574564 104976 131769 34596 565504
3364 386884 286225 97969 79524 174724 2401 39204 262144 811801 195364 59049 106276 263169 126736 37636 910116 217156 19321 244036 99856 423801 51076 25 18225 44944 132496 3844 850084 538756 840889 3481 176400 326041 426409 9216 144 37636 804609 2601 241081 917764 781456 300304 913936 497025 781456 72361 3481 919681 717409 10201 644809 850084 155236 913936 579121 558009 491401 291600 427716 187489 188356 260100 4096 625 422500 314721 269361 41209 1089 906304 8281 110224 28224 336400 964324 760384 207936 46656 580644 106276 321489 306916 47524 18769 546121 72361 729316 519841 425104 144400 646416 958441 891136 418609 91809 85264 30976 120409 942841 271441 241081 218089 346921 198916 49729 276676 233289 857476 611524 67081 828100 455625 692224 784996 135424 652864 770884 211600 21316 9409 535824 71289 28900 2704 154449 72900 585225 245025 41616 157609
385641 459684 471969 246016 29584 474721 29584 41616 11236 160801 702244 657721 625 935089 45369 45369 36864 501264 497025 450241 228484 106276 573049 942841 211600 90601 19881 160000 783225 3364 484 374544 885481 797449 841 9216 235225 514089 4096 118336 40401 784996 753424 12544 772641 552049 50625 190096 476100 293764 793881 64009 258064 739600 42436 774400 295936 280900 931225 476100 505521 597529 864900 310249 76729 669124 129600 378225 980100 117649 883600 114244 37636 228484 474721 226576 386884 471969 320356 416025 26896 950625 863041 129600 17956 388129 203401 157609 755161 279841 540225 16 346921 329476 974169 399424 144400 74529 683929 600625 980100 488601 52900 784996 737881 162409 589824 243049 822649 470596 540225 693889 229441 8464 355216 183184 6724 804609 37636 47961 1936 144400 362404 178929 443556 122500 164025 452929 85849 32041 636804 688900 7225
252004 467856 11449 546121 649636 519841 119025 312481 431649 492804 54756 330625 216225 3721 826281 49729 719104 28561 649636 851929 345744 346921 25600 144 5329 17424 155236 97969 30276 4624 779689 178084 87025 274576 426409 619369 720801 21316 298116 207936 15625 101761 55696 410881 1600 36 216225 558009 591361 4489 111556 96100 561001 190096 6889 72361 617796 811801 891136 173889 136161 279841 4761 676 1089 352836 82944 192721 544644 18769 784996 8464 140625 396900 662596 942841 272484 76176 18769 667489 36864 606841 170569 942841 833569 3969 1225 784 813604 692224 25600 374544 565504 848241 59536 270400 538756 166464 264196 25600 15625 358801 251001 35344 39601 677329 357604 599076 258064 374544 267289 474721 207025 110224 24025 432964 502681 702244 927369 193600 564001 10816 614656 91204 535824 219961 980100 846400 32400 144 65536 319225 270400 22201
248004 674041 2916 881721 196249 321489 715716 1849 182329 363609 44944 227529 14400 538756 352836 597529 168100 1225 267289 429025 667489 271441 74529 223729 505521 131769 90000 921600 86436 19321 398161 822649 48841 335241 471969 105625 636804 434281 925444 454276 27556 4624 161604 774400 767376 243049 152100 10404 32761 103684 885481 779689 4356 452929 427716 792100 51076 255025 13456 864900 403225 25921 902500 986049 66049 25921 792100 430336 485809 222784 18225 408321 715716 103041 729316 26896 240100 580644 739600 426409 329476 872356 485809 670761 913936 291600 850084 925444 417316 942841 41209 986049 15876 1936 29584 954529 303601 461041 737881 1089 459684 458329 442225 32761 660969 720801 67081 644809 3481 80656 532900 11449 16129 648025 57600 25 448900 632025 34969 3025 37636 17424 320356 114921 259081 28900 266256 813604 369664 25921 432964 306916 795664 250000 285156
148225 7056 994009 606841 870489 172225 225625 203401 102400 156816 872356 498436 490000 859329 36 707281 643204 316969 25281 84681 262144 237169 624100 630436 442225 144400 5625 146689 915849 866761 305809 627264 245025 378225 243049 36 674041 450241 58081 198916 597529 31329 627264 409600 34225 257049 78961 165649 224676 221841 736164 913936 89401 336400 478864 65536 96721 17424 89401 908209 185761 961 133225 80089 667489 1764 558009 813604 316969 96100 902500 57600 619369 21609 149769 586756 586756 585225 931225 458329 267289 217156 1225 75625 246016 6400 290521 75076 69696 7396 923521 910116 443556 167281 441 776161 656100 912025 749956 4356 553536 63504 682276 21316 540225 70756 67081 138384 26896 522729 434281 7396 793881 305809 84681 418609 763876 833569 161604 625681 100 908209 184900 358801 15376 732736 703921 972196 14161 215296 157609 556516 736164 157609 367236 580644
9025 833569 562500 191844 105625 396900 853776 833569 264196 16 385641 90000 189225 724201 465124 225 77284 203401 837225 45796 570025 298116 8649 418609 499849 38809 788544 1444 11664 579121 417316 11664 736164 213444 148996 199809 73441 582169 254016 633616 100 162409 630436 813604 579121 388129 137641 958441 491401 301401 425104 255025 756900 20164 1 848241 264196 509796 221841 54289 172225 229441 937024 64 236196 636804 97344 234256 13225 261121 6084 487204 219024 935089 461041 46225 1225 1000000 549081 900601 633616 466489 620944 707281 712336 100 6084 286225 362404 100489 98596 219024 5184 305809 38025 95481 49 86436 239121 164836 1225 483025 171396 84100 6724 234256 372100 141376 29929 135424 135424 425104 380689 119025 47089 32400 50625 12100 900601 59049 315844 318096 842724 731025 628849 211600 506944 872356 5041 904401 602176 2116 171396 401956 192721 483025 763876
698896 231361 106929 183184 565504 32761 776161 982081 54756 436921 585225 537289 868624 87025 13456 504100 731025 13225 887364 763876 334084 811801 72900 93636 717409 970225 295936 616225 64 84681 352836 29584 349281 651249 994009 63504 1225 861184 3249 121 14161 260100 1681 4225 273529 519841 485809 950625 284089 654481 32761 4489 312481 573049 565504 456976 80656 116964 659344 521284 998001 553536 26896 280900 58564 635209 136900 32400 260100 263169 121801 846400 546121 207025 831744 662596 23104 1369 879844 234256 505521 401956 624100 30276 719104 257049 24649 79524 900 565504 17956 242064 948676 216225 546121 75076 3136 65025 129600 549081 577600 1024 360000 225625 737881 512656 268324 319225 337561 234256 820836 561001 580644 14400 935089 641601 817216 114244 225625 68644 104329 492804 304704 68644 197136 9025 2304 10201 324 743044 126025 106276 34596 47089 509796 21609 256 515524
624100 898704 218089 32041 22801 495616 5625 32400 576081 67600 391876 2500 11449 26244 5776 571536 61009 88804 657721 30976 576 155236 756900 990025 39601 484 76176 71289 322624 1600 152881 313600 135424 96721 857476 1225 431649 187489 6561 77841 861184 344569 142129 417316 700569 688900 256036 568516 2704 404496 121801 248004 770884 169744 1681 171396 80656 797449 870489 494209 879844 238144 352836 212521 26896 385641 657721 638401 913936 256 227529 8281 648025 4761 749956 5476 788544 435600 167281 228484 628849 123904 910116 304704 772641 806404 270400 24025 100489 700569 2401 338724 609961 736164 37249 988036 60516 921600 956484 293764 751689 525625 36864 118336 498436 344569 320356 512656 37249 9216 576 4096 633616 876096 879844 839056 295936 204304 200704 374544 68644 21316 842724 218089 264196 306916 85849 63001 126025 357604 25281 484 826281 12544 2500 147456 311364 755161 3721
41616 2500 225 259081 432964 667489 221841 119025 132496 719104 249001 662596 399424 678976 62001 2601 152100 146689 169 2025 5041 283024 126025 4761 810000 236196 731025 4900 152100 131769 239121 729316 430336 54756 656100 24649 123904 1089 660969 81 391876 624100 784996 13456 79524 528529 218089 521284 112225 527076 104976 844561 561001 502681 2704 39204 622521 813604 419904 654481 38416 470596 439569 13456 799236 1156 362404 76729 251001 297025 336400 522729 769129 357604 117649 253009 583696 592900 208849 101124 1000000 648025 98596 215296 690561 508369 586756 58081 516961 61504 804609 40401 904401 13924 5041 2209 524176 779689 680625 284089 8464 898704 81225 264196 833569 94249 925444 142129 609961 172225 214369 181476 540225 31684 283024 82369 78961 86436 183184 8281 498436 160000 374544 828100 110224 585225 288369 7569 599076 5184 198916 1 50625 409600 103684 749956 640000 1600 61009 417316
200704 698896 741321 114244 14400 608400 57600 737881 10816 58564 931225 4096 139876 101761 27225 763876 150544 73441 18225 488601 55696 483025 447561 256 14884 267289 363609 3844 148996 107584 250000 323761 164025 720801 341056 34225 3721 1681 78961 242064 42849 6889 784996 299209 591361 131769 18496 413449 39601 900 925444 2304 683929 490000 893025 44944 900 154449 108241 698896 894916 278784 10404 599076 312481 285156 219961 2304 401956 261121 34225 99856 644809 280900 298116 883600 278784 896809 400689 675684 394384 889249 603729 151321 595984 129600 44100 237169 537289 170569 332929 268324 242064 487204 230400 204304 229441 17161 304704 430336 680625 286225 19044 230400 219961 370881 902500 877969 519841 44944 47961 828100 226576 181476 169 17689 71824 10609 104329 839056 717409 19044 746496 431649 692224 440896 172225 122500 344569 14884 231361 225 128881 603729 201601 285156 5929 197136 159201 75625 34225
2116 8464 484 38416 47089 784 627264 7225 114244 870489 8464 968256 616225 870489 632025 896809 521284 683929 26569 851929 42025 595984 422500 933156 635209 9409 22801 28561 1764 233289 355216 693889 80089 665856 182329 2809 162409 24336 17161 239121 40401 178084 1296 19321 889249 71824 207936 910116 292681 906304 151321 481636 455625 32041 677329 700569 495616 107584 1849 3249 12321 4900 857476 630436 996004 366025 537289 1156 324 257049 484416 156816 11236 736164 393129 9409 24025 810000 210681 491401 567009 301401 361 585225 9216 104329 20449 555025 72361 64 26569 271441 931225 2401 385641 324 879844 72361 844561 251001 142884 400689 281961 52441 813604 506944 149769 544644 456976 534361 159201 144400 267289 381924 24964 375769 69696 228484 244036 16129 4356 34596 18225 719104 128164 687241 184900 9 262144 17956 452929 107584 17956 900601 571536 6241 148996 271441 385641 20164 48841 80089
923521 31684 2209 480249 705600 929296 797449 760384 755161 18496 35344 690561 627264 68644 246016 259081 178929 512656 60025 477481 1369 265225 293764 11664 913936 314721 297025 167281 462400 336400 62500 196249 9604 71289 478864 279841 451584 788544 237169 808201 198916 927369 9216 6400 898704 518400 71289 69696 537289 145161 97969 9801 960400 378225 112896 14161 731025 343396 844561 419904 440896 817216 16 6400 471969 698896 477481 192721 222784 267289 288369 38025 141376 17424 929296 2500 211600 824464 430336 917764 196249 279841 474721 203401 148225 72361 954529 784996 206116 622521 477481 331776 109561 811801 22201 883600 446224 116964 17161 52441 669124 595984 589824 17161 125316 677329 393129 152881 305809 522729 328329 3481 117649 21316 91204 246016 250000 119025 18769 33856 760384 135424 776161 44944 929296 228484 405769 26896 1369 725904 251001 42436 11449 231361 407044 656100 662596 488601 263169 57600 361 635209 171396
829921 3721 171396 703921 80089 215296 90000 4225 33856 157609 10609 179776 4900 940900 56644 261121 617796 746496 68121 935089 214369 837225 119025 104329 508369 902500 549081 201601 712336 158404 719104 994009 927369 659344 313600 29584 7569 700569 511225 55696 476100 760384 680625 104329 636804 483025 565504 114921 50625 310249 198025 910116 473344 157609 792100 516961 588289 605284 344569 846400 117649 304704 130321 32761 197136 374544 11236 146689 17161 532900 797449 923521 257049 82369 14884 570025 262144 350464 708964 221841 279841 32400 326041 50176 275625 276676 576081 304704 644809 682276 664225 743044 338724 120409 2500 107584 10404 261121 729316 461041 894916 263169 175561 552049 810000 346921 375769 473344 829921 688900 505521 497025 583696 648025 319225 570025 509796 729 217156 248004 455625 380689 18769 71289 857476 81796 2209 707281 446224 405769 744769 67600 497025 3844 469225 238144 114244 980100 859329 91204 473344 410881 13689 3969
394384 556516 8649 624100 193600 58564 565504 48841 47089 925444 504100 676 297025 702244 9216 763876 34596 477481 44521 193600 275625 558009 105625 108241 27889 512656 986049 994009 17689 42025 688900 915849 140625 910116 57121 165649 87025 705600 3600 964324 427716 579121 992016 101124 529 908209 65025 447561 45369 14884 46225 5041 1681 239121 16900 758641 693889 688900 495616 529984 6561 509796 385641 749956 265225 776161 755161 499849 283024 67600 425104 232324 767376 92416 7744 379456 3481 848241 47524 1521 423801 358801 9801 540225 980100 469225 440896 11025 904401 700569 191844 9216 515524 697225 123201 71824 404496 996004 9025 712336 42025 363609 323761 104976 21316 426409 719104 171396 595984 42849 81796 966289 707281 558009 142884 87025 159201 84681 799236 90601 93025 700569 16 146689 662596 11025 18225 609961 44944 321489 158404 67600 295936 537289 1521 374544 628849 207025 5776 138384 790321 372100 525625 95481 85264
657721 114921 8836 12100 327184 770884 940900 19044 576 595984 749956 14641 373321 781456 59049 56644 9 127449 302500 826281 12321 624100 5041 27225 4356 116964 29929 18225 841 257049 44521 512656 580644 1 119025 675684 988036 33124 521284 516961 28561 52441 142129 893025 129600 36481 5776 1521 240100 109561 40000 127449 70225 822649 940900 710649 5184 462400 54756 216225 116281 561001 700569 956484 141376 6241 4900 156025 117649 69169 159201 87616 49 120409 732736 221841 362404 179776 690561 10404 364816 220900 51076 345744 63001 501264 80656 218089 783225 185761 7056 91204 12996 458329 3844 478864 49284 72900 265225 484 189225 476100 378225 887364 166464 863041 147456 509796 470596 974169 599076 55225 160000 67600 492804 429025 571536 321489 84100 978121 409600 305809 5776 46656 516961 65536 473344 879844 277729 63504 13456 42025 636804 37636 974169 784 22201 28224 964324 82944 188356 251001 29241 541696 960400 58081
334084 65025 8464 678976 378225 693889 712336 567009 184900 6084 8649 779689 298116 173056 2401 326041 643204 438244 447561 399424 381924 49284 322624 211600 52441 369664 22500 826281 602176 927369 407044 246016 15129 43681 23409 363609 1681 33489 370881 18769 361 257049 11664 550564 233289 111556 790321 362404 8836 376996 58564 244036 753424 1296 234256 964324 844561 731025 280900 139876 11449 351649 722500 15625 263169 304704 455625 14161 10404 33124 367236 196249 900 429025 585225 146689 128881 141376 846400 147456 74529 21904 579121 469225 549081 891136 212521 31329 324900 232324 309136 261121 992016 54289 10816 853776 36481 896809 146689 478864 34969 760384 171396 550564 263169 717409 624100 4356 628849 24649 304704 480249 3844 976144 148225 961 461041 577600 103684 956484 131769 284089 8836 250000 376996 9801 32400 243049 175561 162409 925444 744769 259081 404496 5329 801025 241081 159201 583696 497025 600625 197136 21609 129600 291600 72361 561001
108900 246016 826281 139876 169 107584 167281 44100 4225 80089 59049 614656 193600 2916 622521 410881 243049 43264 2116 187489 627264 904401 597529 342225 848241 2401 5329 619369 162409 822649 665856 15129 579121 555025 20449 160801 31329 49 148996 9409 3844 324 414736 954529 497025 233289 186624 390625 7396 10816 357604 609961 263169 3481 71289 54756 258064 485809 638401 434281 6400 422500 100 946729 293764 139129 10404 682276 1024 923521 87616 48841 579121 302500 114244 218089 732736 822649 417316 567009 714025 75076 10609 363609 4 504100 958441 75625 346921 289 164025 76176 140625 543169 229441 435600 277729 746496 134689 6241 208849 258064 54756 434281 950625 47524 665856 749956 784 826281 13924 577600 26896 123201 695556 87616 879844 232324 700569 9409 49 20449 6724 263169 3600 46656 156816 55696 806404 380689 776161 147456 935089 331776 844561 769129 1521 81225 352836 157609 96100 50176 10609 811801 399424 22801 732736 438244
643204 9801 297025 69696 558009 370881 93025 364816 128881 14641 320356 23104 159201 142884 44521 293764 490000 136161 933156 342225 885481 316969 582169 848241 314721 851929 219024 273529 840889 614656 196249 135424 514089 866761 267289 10404 31684 3600 17956 116281 37249 71289 1156 762129 319225 162409 108900 150544 804609 442225 237169 552049 864900 53361 13924 864900 813604 181476 12769 576 476100 824464 950625 429025 248004 121801 980100 476100 511225 179776 322624 19321 734449 546121 385641 913936 505521 372100 808201 37636 1000000 700569 253009 31684 446224 972196 405769 148225 630436 586756 63001 2500 966289 450241 130321 937024 115600 599076 292681 57600 597529 254016 31684 164025 225625 162409 777924 506944 7921 547600 819025 32761 877969 541696 11664 363609 441 126736 34596 509796 5929 297025 478864 45369 151321 207025 952576 567009 128164 923521 921600 162409 97969 192721 579121 850084 225625 440896 643204 683929 363609 300304 660969 59049 364816 431649 212521 908209 9216
99856 6241 714025 15376 178084 366025 781456 982081 10201 447561 26896 8281 401956 6400 585225 404496 131044 582169 94249 47089 763876 189225 55696 611524 749956 129600 17424 183184 266256 80089 251001 159201 16 40804 42436 708964 101761 964324 367236 498436 220900 49 436921 788544 16641 1849 190096 376996 820836 129600 234256 15376 582169 474721 56169 717409 386884 992016 1089 56169 349281 436921 66564 178929 255025 275625 790321 2116 20449 19600 46656 555025 625 1225 633616 136161 592900 442225 603729 421201 165649 893025 388129 132496 976144 45369 608400 790321 48841 648025 16 413449 126025 368449 403225 313600 1521 861184 156816 410881 793881 76176 219961 68644 391876 388129 756900 178084 14884 541696 352836 2025 619369 81225 144 281961 103041 36864 824464 669124 6400 52900 200704 252004 121801 970225 2209 244036 859329 640000 851929 64009 3364 20449 425104 811801 474721 966289 605284 133956 678976 20164 461041 398161 722500 3969 54756 16641 148225 725904
303601 405769 502681 281961 203401 765625 758641 244036 173889 198025 6241 67600 108900 562500 90000 697225 25921 670761 33856 21025 330625 303601 528529 108900 933156 201601 112896 43264 484 606841 81225 258064 442225 289444 341056 36 196 398161 3136 802816 58081 235225 142129 164025 734449 174724 176400 10404 224676 876096 238144 161604 121 731025 357604 54756 281961 802816 828100 219961 193600 93636 887364 1369 434281 210681 40804 103684 311364 17956 44521 172225 763876 71289 820836 758641 36864 927369 332929 30276 9 585225 547600 693889 385641 992016 198916 779689 373321 731025 753424 256 806404 948676 900 197136 514089 358801 887364 228484 839056 986049 734449 36864 113569 494209 682276 756900 982081 205209 51076 465124 60516 64516 55696 125316 144 191844 850084 77841 32400 64009 400 819025 55225 64516 15129 220900 872356 91809 21025 101124 954529 64009 624100 582169 6889 15625 746496 82369 136900 422500 600625 225625 203401 58081 702244 219961 104329 10404 90601
14884 26244 558009 19321 2704 167281 308025 688900 719104 168100 485809 316969 318096 495616 156816 677329 401956 220900 853776 8649 395641 257049 41616 850084 549081 51984 755161 515524 10816 284089 779689 459684 743044 362404 685584 998001 529984 268324 819025 848241 624100 63001 541696 876096 741321 10201 944784 23716 705600 329476 913936 5776 311364 316969 786769 56169 313600 919681 627264 505521 101761 495616 921600 28224 790321 784 356409 17161 287296 767376 372100 917764 409600 576081 784 553536 152881 436921 59049 952576 337561 70225 281961 73441 91809 707281 34225 62001 301401 227529 559504 215296 793881 573049 335241 52900 26244 1600 77284 34596 1521 448900 403225 81225 261121 400 529 998001 5776 19044 485809 11025 164836 746496 279841 168921 412164 107584 184900 284089 599076 41209 632025 722500 2209 81 128164 502681 753424 10816 14641 702244 364816 166464 254016 222784 266256 921600 90601 682276 269361 26244 112896 1600 122500 24336 567009 219961 201601 106929 31329 4096
672400 179776 33124 413449 241081 173889 964324 8100 91809 595984 512656 140625 163216 168100 504100 290521 40000 69169 84100 264196 93636 855625 158404 77284 770884 62001 559504 198025 550564 6400 148996 24336 224676 99225 559504 8836 11881 56644 585225 9604 393129 57121 383161 763876 7396 2116 47089 29241 356409 3249 68644 138384 264196 17161 846400 605284 1849 403225 251001 110224 73441 5776 404496 35344 246016 678976 198025 582169 351649 978121 103684 527076 665856 552049 44944 261121 774400 964324 2704 222784 385641 2209 103041 646416 851929 708964 57600 297025 160000 7396 625 1296 114921 692224 169 300304 127449 168100 38416 919681 874225 223729 577600 758641 219961 608400 181476 168100 266256 654481 95481 294849 106929 664225 35344 123201 952576 664225 910116 571536 22500 448900 682276 208849 50176 592900 346921 2809 966289 32400 632025 30976 662596 158404 702244 5929 101761 27556 602176 395641 56169 152881 994009 165649 271441 14884 459684 121801 29929 458329 8836 140625 435600
81796 349281 219961 157609 739600 121 400 817216 108900 511225 157609 16129 16641 556516 580644 748225 606841 33124 561001 167281 19881 680625 20736 962361 310249 202500 138384 685584 81796 278784 261121 625 4096 477481 311364 470596 442225 418609 19044 218089 46656 260100 23716 164025 426409 874225 283024 72900 702244 16641 46656 112896 908209 6241 40401 675684 14161 326041 751689 108900 16641 196 38416 299209 100 36864 950625 8100 952576 198025 463761 178084 35721 331776 605284 51984 230400 988036 732736 294849 6724 21904 19044 174724 139129 41616 427716 41616 380689 127449 996004 108241 7744 82369 179776 142129 358801 354025 147456 323761 5184 145161 62001 36481 622521 902500 73441 779689 175561 5184 7744 755161 61504 27556 556516 4900 297025 541696 361201 126025 106929 13225 64 418609 715716 855625 255025 373321 52900 401956 72361 7921 251001 608400 561001 225625 708964 473344 42025 374544 163216 43264 38025 712336 363609 50176 162409 879844 722500 483025 891136 277729 249001 148996
275625 3481 394384 535824 321489 249001 180625 385641 91809 336400 14884 391876 321489 471969 131769 268324 815409 66049 793881 440896 158404 654481 811801 71824 130321 136900 840889 173889 87616 944784 197136 617796 438244 369664 630436 944784 793881 208849 24649 78400 538756 156816 349281 952576 10816 378225 128881 391876 31684 702244 182329 90000 137641 744769 26896 39204 729 532900 594441 643204 748225 184041 529984 608400 23409 1 145161 978121 657721 961 233289 660969 364816 481636 27556 477481 44100 30625 39204 26244 64009 16129 518400 968256 231361 688900 25921 767376 703921 186624 279841 502681 164025 16 19321 516961 26896 887364 683929 32761 8100 833569 230400 323761 220900 36864 64516 77841 810000 447561 290521 205209 743044 674041 87025 368449 13924 435600 338724 2916 898704 540225 176400 502681 702244 1764 622521 112225 142884 751689 167281 71289 674041 765625 509796 898704 3600 946729 889249 41209 817216 66564 994009 514089 1764 56169 7569 831744 366025 521284 338724 79524 620944 839056 861184
38416 866761 223729 240100 118336 736164 26896 369664 2401 900 114921 452929 912025 55225 384400 224676 5041 879844 401956 51984 702244 7569 313600 237169 175561 984064 558009 25 57600 17161 857476 552049 330625 5625 64 373321 870489 82944 120409 509796 17689 929296 25600 792100 620944 142129 62500 485809 606841 85264 294849 505521 652864 25281 256 360000 79524 458329 286225 376996 49729 9025 933156 810000 477481 193600 220900 8836 232324 197136 276676 753424 670761 651249 358801 532900 14641 744769 18769 465124 36100 250000 366025 316969 97344 259081 17424 286225 883600 846400 21609 938961 221841 37249 280900 224676 138384 483025 435600 121104 67081 3721 290521 75076 57600 363609 3136 286225 181476 624100 487204 51984 142129 169 781456 99225 322624 249001 1849 268324 106929 194481 5625 40804 870489 646416 266256 14400 148996 544644 51529 102400 8281 879844 198025 247009 31684 312481 13456 149769 662596 966289 828100 927369 363609 9 23104 547600 670761 15129 935089 481636 16129 51076 497025 358801
168100 874225 438244 669124 487204 67600 281961 524176 55225 14161 135424 36 354025 516961 312481 21904 990025 16900 1936 280900 352836 240100 118336 295936 535824 38416 5776 10609 28900 74529 2116 180625 43681 864900 118336 887364 176400 509796 597529 848241 910116 49284 267289 212521 65536 1 998001 267289 594441 727609 727609 357604 770884 61504 305809 94249 37636 398161 990025 178929 58564 123904 461041 166464 499849 99856 150544 17689 473344 54289 442225 707281 19044 301401 38416 465124 85849 190969 26896 386884 63504 101124 10201 558009 876096 519841 431649 877969 670761 369664 28224 1764 50176 144400 591361 52441 831744 32041 731025 29241 570025 471969 898704 149769 508369 741321 269361 31329 100489 609961 829921 763876 33856 430336 165649 906304 25281 386884 256036 78961 4624 118336 278784 26896 85264 48400 739600 490000 748225 828100 106929 501264 1000000 749956 700569 998001 184041 3481 919681 64 326041 343396 784 64009 51529 297025 24025 16384 228484 21904 278784 435600 17956 960400 137641 891136 734449
45369 191844 32041 18496 187489 40000 3721 191844 2916 577600 30625 168921 71289 114921 722500 820836 398161 774400 749956 633616 111556 75625 12100 683929 555025 366025 6084 848241 4624 483025 576081 611524 524176 22801 394384 59536 169 553536 102400 1764 8836 799236 131769 21609 184900 13924 846400 519841 350464 217156 259081 165649 756900 46656 413449 719104 518400 342225 15876 7744 515524 68121 988036 208849 929296 77841 418609 40804 729316 605284 12544 518400 285156 917764 173056 574564 762129 921600 67081 385641 271441 59536 678976 419904 5329 2304 531441 935089 483025 13225 331776 379456 335241 190969 357604 100 568516 130321 136161 75076 381924 729 27889 703921 302500 165649 81796 839056 609961 58564 29929 106929 788544 105625 79524 52900 27556 184041 502681 767376 2025 259081 121104 408321 366025 519841 5041 521284 421201 165649 522729 121 129600 343396 306916 108900 334084 28900 14161 5041 274576 638401 12321 558009 304704 793881 44100 1156 302500 859329 169 119025 592900 978121 75076 220900 257049 508369
89401 483025 142129 521284 792100 364816 1369 3969 1089 59049 960400 725904 119025 271441 63504 662596 99856 793881 414736 145924 183184 239121 490000 16900 942841 369664 65536 319225 426409 256 260100 102400 410881 774400 14161 674041 56169 376996 760384 473344 477481 278784 923521 478864 71289 97969 157609 75076 9 636804 717409 23104 106276 505521 588289 49 157609 323761 18769 15129 906304 5041 810000 343396 912025 616225 748225 316969 49 537289 660969 522729 471969 187489 38809 255025 248004 421201 635209 255025 152881 76729 751689 60025 121801 145161 90000 588289 741321 264196 1936 710649 743044 848241 652864 64009 374544 356409 505521 6561 121801 826281 82369 149769 802816 874225 439569 73984 762129 6400 470596 298116 75076 707281 303601 5184 45369 52900 218089 48400 123201 214369 562500 130321 994009 577600 592900 644809 868624 308025 403225 164836 720801 980100 19321 12996 143641 414736 373321 246016 790321 826281 391876 210681 20164 592900 656100 948676 574564 123201 35721 100489 576 253009 334084 42025 229441 89401 9
75076 309136 931225 315844 4624 148225 395641 1156 546121 34225 287296 104976 986049 280900 855625 795664 261121 552049 132496 927369 330625 48400 366025 855625 228484 174724 41616 145924 737881 55696 53361 144400 982081 894916 559504 66564 128164 73984 23716 232324 305809 509796 297025 95481 4761 183184 123904 1024 994009 532900 690561 140625 245025 131044 125316 121801 250000 16641 59536 5329 644809 114244 478864 410881 635209 434281 133956 24964 251001 11236 288369 760384 346921 446224 39601 765625 62500 32761 35344 693889 271441 1156 104329 685584 309136 14400 250000 172225 128881 39601 117649 295936 129600 115600 349281 559504 950625 488601 77841 16129 241081 508369 234256 894916 14400 57600 61009 117649 78400 19044 54289 937024 291600 498436 40401 715716 235225 29241 19044 37636 57121 207936 705600 651249 103041 417316 283024 638401 450241 145924 129600 458329 28224 102400 133956 256 576081 199809 544644 826281 509796 719104 413449 18496 45369 425104 37636 106276 574564 1849 915849 245025 342225 360000 313600 318096 232324 19600 427716 14161
48400 364816 264196 793881 186624 772641 705600 925444 63001 810000 14161 484 281961 820836 724201 597529 81 170569 16641 600625 184041 303601 458329 876096 315844 236196 628849 96721 125316 719104 48400 492804 962361 106929 529984 466489 263169 248004 44100 848241 912025 559504 59049 395641 43264 3364 648025 351649 7225 361 887364 521284 171396 929296 477481 53824 22201 172225 255025 26896 120409 39204 245025 430336 643204 417316 40401 318096 893025 835396 271441 335241 627264 948676 4489 958441 960400 535824 152100 53824 67081 16641 980100 206116 980100 910116 39204 256 393129 104329 221841 746496 70756 389376 547600 54289 341056 264196 483025 35344 343396 15876 139129 758641 81225 609961 874225 231361 446224 94249 8281 763876 93636 36864 609961 388129 605284 49729 114244 348100 108241 99225 174724 652864 121801 538756 323761 504100 249001 990025 284089 250000 301401 211600 36864 435600 302500 140625 680625 624100 906304 381924 305809 908209 295936 915849 109561 184041 73441 9604 887364 458329 984064 185761 78961 36100 235225 553536 127449 297025 290521
7056 93025 258064 5625 32400 301401 162409 16384 56169 553536 32041 45369 62001 21316 207936 97344 15876 4489 786769 136900 219961 73441 531441 956484 632025 712336 109561 6561 52441 25921 55696 336400 28224 229441 669124 806404 117649 529 547600 390625 439569 707281 49 86436 53361 788544 586756 106276 25921 313600 224676 576 14400 41209 77841 329476 992016 929296 41616 320356 473344 874225 484 16384 644809 41209 23409 485809 198916 157609 913936 188356 7056 190096 748225 708964 352836 115600 39601 837225 173056 33489 456976 499849 279841 695556 417316 405769 330625 944784 603729 139129 238144 306916 495616 487204 772641 238144 72900 44521 25 992016 567009 889249 30625 315844 414736 237169 9409 187489 249001 12769 602176 369664 141376 7056 107584 466489 36481 113569 54756 178084 494209 144400 432964 913936 617796 749956 25 850084 44521 719104 59536 891136 28224 150544 968256 451584 2116 35344 674041 13456 555025 9604 799236 675684 342225 833569 594441 81 199809 12321 438244 1369 635209 746496 89401 366025 535824 620944 18496 828100
438244 837225 160801 23409 505521 521284 10201 34969 487204 680625 192721 519841 511225 205209 632025 286225 192721 253009 831744 14884 938961 114244 4096 512656 304704 543169 729 988036 116964 683929 38416 178084 837225 316969 129600 784 501264 898704 6241 63001 635209 330625 40000 189225 63504 447561 793881 485809 799236 36864 195364 777924 419904 114244 207025 51984 113569 57121 91809 662596 608400 239121 292681 186624 863041 233289 954529 103684 662596 335241 156816 8464 15625 802816 438244 430336 160801 643204 375769 687241 85264 128881 431649 940900 394384 404496 199809 9801 534361 219961 48400 942841 47524 619369 219961 314721 105625 3600 336400 378225 921600 657721 585225 75625 729316 11664 571536 817216 349281 434281 18496 461041 1600 226576 678976 439569 34596 138384 9216 409600 842724 956484 656100 528529 137641 407044 859329 976144 128881 51529 71289 6241 990025 889249 734449 27556 54756 10404 189225 396900 219024 78400 864900 11236 152100 458329 42436 652864 185761 47524 1 119025 249001 292681 670761 266256 574564 562500 168100 202500 690561 499849 342225
137641 209764 550564 580644 925444 217156 877969 6084 900601 198025 669124 749956 122500 78400 56644 173889 792100 16129 685584 739600 281961 173889 522729 937024 927369 300304 308025 103684 633616 131769 75076 591361 16129 435600 454276 94249 708964 8836 3025 891136 348100 81 60025 198025 708964 683929 595984 43264 107584 157609 558009 300304 3481 561001 632025 34969 90601 69696 258064 418609 837225 70225 491401 749956 301401 14884 465124 89401 100 246016 10816 235225 311364 633616 133956 451584 850084 697225 393129 320356 87616 159201 142129 173889 729316 54756 978121 142884 866761 616225 543169 546121 99856 169 78400 191844 988036 404496 26569 345744 191844 961 769129 43681 998001 466489 6084 205209 522729 808201 564001 25 927369 76729 994009 57121 667489 990025 484416 153664 101124 162409 12321 872356 135424 115600 122500 962361 394384 192721 187489 8649 549081 334084 77284 465124 751689 226576 813604 208849 59536 9604 998001 802816 217156 944784 8281 249001 242064 685584 925444 21025 165649 540225 222784 4489 837225 41616 820836 343396 361201 364816 95481 906304
184041 200704 134689 214369 166464 553536 891136 302500 129600 4 82944 28900 705600 44100 236196 90601 925444 26569 3844 71824 917764 484 204304 196249 756900 917764 63001 485809 11236 348100 808201 28224 664225 707281 63504 528529 417316 119025 138384 28900 628849 254016 636804 756900 783225 2025 22201 148225 1681 1225 913936 240100 373321 919681 9025 937024 11881 114244 259081 410881 400689 284089 4356 904401 2116 301401 815409 451584 729 4624 61504 156816 622521 343396 724201 810000 271441 781456 196249 354025 203401 6241 931225 937024 477481 106929 917764 318096 400 15376 337561 19044 73984 722500 168100 108900 10201 772641 490000 171396 879844 374544 853776 844561 7744 160801 2304 452929 866761 4761 7744 1681 117649 15376 734449 799236 695556 59536 351649 456976 889249 481636 434281 682276 16129 447561 456976 636804 414736 97969 751689 491401 367236 12321 279841 597529 234256 444889 42849 972196 448900 321489 664225 608400 355216 198916 390625 285156 1369 291600 322624 164836 27889 34596 565504 912025 434281 68644 512656 813604 717409 193600 59536 103684 219024
719104 358801 779689 262144 797449 341056 447561 5184 313600 724201 7744 3136 580644 682276 5184 184041 217156 624100 164836 609961 633616 760384 171396 189225 370881 17161 176400 915849 792100 379456 390625 24025 571536 254016 946729 103041 206116 45369 82369 202500 106929 896809 148996 361 22801 326041 91809 145924 547600 484 693889 505521 561001 762129 879844 459684 292681 131044 16641 656100 565504 20736 187489 51529 149769 889249 108900 195364 8281 552049 599076 933156 234256 8100 25600 512656 250000 630436 54756 4356 4096 806404 564001 363609 83521 550564 338724 290521 927369 938961 519841 173889 19881 597529 33489 543169 28224 960400 168921 267289 16900 68644 4 53824 592900 599076 240100 908209 638401 286225 7396 310249 32400 61009 682276 952576 813604 839056 97969 4761 904401 388129 447561 54289 846400 8649 504100 894916 67081 454276 339889 444889 207025 281961 184041 79524 885481 16384 617796 582169 498436 105625 3600 1600 201601 24964 850084 221841 100489 693889 1089 52441 310249 13225 266256 488601 272484 961 583696 627264 788544 16129 121 419904 286225 935089
91204 210681 804609 199809 56169 203401 35344 244036 90000 20736 756900 5476 298116 695556 864900 628849 7396 155236 2601 3136 248004 84100 154449 556516 152881 624100 931225 614656 49 35344 139876 767376 306916 375769 11881 100 308025 72900 7396 46656 470596 624100 230400 864900 231361 151321 512656 18496 269361 16384 877969 82369 73441 490000 5476 136900 712336 101124 3481 386884 994009 51076 674041 200704 5184 961 469225 181476 863041 156025 17424 173056 124609 1089 268324 132496 665856 61009 300304 980100 682276 488601 597529 10404 12996 6241 659344 674041 8100 504100 158404 312481 964324 133225 256036 942841 380689 462400 16129 142129 133225 319225 577600 348100 73984 72900 297025 490000 53361 48841 3481 707281 151321 657721 394384 25 976144 313600 811801 13924 247009 73984 274576 879844 42025 625681 243049 250000 4 197136 8464 98596 400689 17956 956484 682276 384400 229441 509796 6889 24649 240100 152881 140625 264196 31684 81796 219024 976144 21904 638401 643204 495616 60025 527076 3969 18225 60516 321489 45796 729 20164 793881 287296 478864 474721 106276
515524 52900 561001 105625 5929 614656 851929 430336 345744 218089 231361 40401 391876 121104 391876 78961 5329 234256 898704 14884 822649 380689 149769 19881 5929 767376 88804 112225 26244 256 209764 28900 369664 41209 632025 423801 308025 31329 1089 732736 700569 690561 434281 432964 297025 153664 651249 956484 302500 459684 361 717409 635209 430336 16129 588289 933156 841 9409 158404 776161 71289 150544 938961 781456 156025 221841 400 644809 293764 284089 767376 356409 52441 202500 166464 498436 5929 182329 423801 199809 191844 294849 179776 98596 405769 103684 22801 779689 452929 294849 157609 790321 232324 887364 201601 4 320356 362404 80089 837225 147456 16129 47961 17161 135424 247009 363609 44521 693889 240100 541696 106929 156025 1089 501264 998001 261121 292681 251001 635209 50625 662596 419904 419904 49 244036 223729 841 14400 348100 256 11449 94249 576081 9216 5929 181476 92416 5476 20449 611524 4624 835396 107584 48400 11449 24336 861184 323761 394384 152881 17956 274576 806404 66049 43681 2500 608400 278784 87025 155236 966289 56644 986049 247009 729316 594441
202500 233289 731025 450241 175561 447561 1 112896 632025 358801 311364 64516 227529 7569 36100 346921 60025 450241 877969 484 413449 164836 611524 708964 283024 961 12996 467856 375769 490000 893025 327184 51984 1156 78400 964324 390625 1600 2601 898704 571536 315844 461041 912025 116281 874225 762129 51529 2500 149769 620944 322624 328329 283024 851929 431649 672400 155236 804609 27556 126736 962361 152100 477481 144400 318096 18496 94864 119716 118336 1849 864900 64 179776 106929 1600 906304 57121 540225 114921 731025 59049 247009 54289 6561 314721 91809 79524 692224 896809 83521 360000 518400 374544 21316 874225 189225 172225 652864 225 85264 970225 34596 442225 110889 65536 418609 9409 128164 597529 383161 54756 186624 672400 996004 173889 434281 984064 67081 625 935089 178929 126736 32400 5329 831744 257049 388129 177241 23409 117649 3844 205209 571536 209764 471969 974169 192721 783225 111556 46225 349281 944784 434281 135424 810000 885481 844561 60516 373321 568516 648025 248004 321489 337561 248004 112225 2209 26569 388129 908209 106276 224676 302500 216225 1681 214369 474721 624100
459684 49 458329 30276 198916 501264 242064 14641 149769 556516 848241 169 467856 702244 348100 13689 126736 49 109561 744769 146689 310249 106276 144 1444 15625 85849 505521 404496 339889 442225 441 65536 665856 491401 144 462400 95481 126025 746496 919681 17161 221841 184041 40000 851929 64516 30276 8100 942841 487204 956484 14161 22500 705600 400689 66564 315844 357604 22801 101124 5184 219961 850084 164025 32761 927369 209764 75076 112225 250000 896809 71289 546121 114921 70225 7744 186624 974169 11664 633616 727609 652864 841 256036 459684 487204 986049 7744 776161 139129 43681 26896 378225 152100 660969 34969 505521 32761 720801 66564 570025 46225 93636 103684 966289 71824 290521 657721 646416 9216 760384 2916 490000 6561 26569 719104 341056 43264 110889 136161 208849 665856 434281 115600 326041 98596 6889 141376 46656 214369 994009 30976 160000 758641 819025 1296 239121 93025 103684 345744 120409 5476 866761 11025 11025 190096 712336 324900 346921 412164 154449 70756 210681 894916 2401 521284 138384 574564 80089 47961 774400 388129 16129 129600 864900 30625 106929 386884 119716
4761 430336 47524 26896 54289 492804 24025 72900 432964 311364 21025 151321 481636 36864 944784 7225 84100 917764 121 42025 246016 2916 259081 570025 297025 30625 64009 19044 33489 810000 251001 257049 407044 320356 152881 89401 441 676 345744 207025 100 819025 14641 538756 4 474721 50625 158404 260100 432964 186624 103041 34225 393129 404496 41616 311364 305809 471969 889249 864900 127449 10404 103684 659344 488601 883600 164025 187489 305809 93025 53361 69696 908209 311364 60516 97969 896809 777924 36100 407044 262144 194481 1681 154449 114921 79524 10816 9 33489 820836 92416 219024 562500 25281 143641 162409 710649 599076 167281 467856 824464 179776 10816 207936 361 338724 567009 76729 833569 207936 250000 802816 707281 60516 33124 91204 484416 175561 136161 446224 141376 355216 998001 7056 732736 41209 848241 337561 135424 938961 240100 119716 234256 646416 672400 155236 455625 160000 499849 39204 588289 28224 4761 549081 894916 168100 597529 717409 21316 122500 247009 425104 216225 264196 61009 25281 192721 67600 17161 23716 846400 4096 804609 793881 7921 725904 855625 148225 385641 245025
29241 724201 14400 484416 41209 950625 459684 595984 31329 511225 24649 45369 504100 484416 813604 682276 440896 863041 519841 319225 952576 831744 271441 727609 806404 308025 8100 994009 1000000 53361 412164 18496 806404 690561 50625 70756 142129 964324 620944 112225 330625 6241 36 71824 286225 354025 174724 556516 383161 157609 488601 465124 90601 197136 667489 281961 960400 5625 444889 396900 432964 682276 848241 243049 8836 232324 30976 4624 169744 952576 802816 553536 301401 790321 350464 504100 234256 929296 656100 944784 811801 529984 94249 66049 124609 8836 5776 99856 654481 82944 484 724201 32400 6241 200704 902500 783225 88804 192721 205209 345744 301401 47089 749956 893025 81 774400 910116 367236 55225 40401 364816 597529 841 6889 22201 298116 388129 215296 199809 29241 44944 27225 570025 123904 558009 48400 260100 173056 66049 687241 26569 346921 654481 652864 463761 51529 769129 111556 254016 46656 622521 622521 302500 431649 795664 3969 36 22500 173056 693889 128881 83521 77841 835396 195364 332929 178084 13456 801025 408321 810000 326041 976144 119025 956484 5776 883600 301401 326041 688900 216225
96721 2025 203401 410881 44100 829921 187489 52441 395641 602176 302500 107584 30276 160000 512656 8281 375769 383161 23409 98596 171396 495616 345744 439569 104329 6889 8464 309136 21025 175561 573049 362404 444889 97344 2025 216225 58081 7396 196249 174724 355216 346921 259081 499849 412164 571536 93636 96721 346921 660969 128881 923521 515524 769129 423801 45796 469225 423801 121104 59536 729 535824 32400 912025 100 804609 136900 676 480249 948676 984064 69169 338724 136900 361 37249 220900 114244 463761 2601 265225 3249 586756 950625 260100 187489 2401 1849 369664 17161 42436 720801 77841 870489 675684 395641 446224 145161 19044 564001 366025 783225 91809 239121 188356 114244 7744 3600 399424 274576 376996 950625 196249 45369 291600 247009 405769 138384 835396 184900 790321 546121 463761 14884 763876 966289 169744 841 1024 272484 256036 624100 169 81225 421201 776161 189225 283024 277729 121801 505521 693889 225 118336 508369 68121 39601 303601 484 91809 273529 613089 12544 602176 52441 305809 617796 964324 174724 369664 136900 715716 25281 186624 6561 948676 891136 154449 130321 788544 98596 121801 698896
303601 531441 654481 719104 463761 11449 71289 431649 960400 321489 93025 966289 135424 297025 40000 64009 370881 527076 195364 6084 474721 61009 277729 714025 580644 172225 153664 674041 4356 52900 370881 51529 14884 262144 358801 130321 885481 8100 710649 145161 158404 179776 861184 145924 388129 35721 372100 462400 135424 111556 42025 396900 543169 346921 913936 312481 504100 850084 574564 527076 1000000 877969 278784 106276 582169 355216 335241 910116 762129 470596 75076 205209 235225 27556 717409 97969 505521 447561 432964 958441 189225 454276 527076 564001 746496 562500 77841 793881 783225 616225 232324 741321 620944 2025 145161 649636 961 49 414736 732736 170569 431649 4624 746496 96100 802816 21904 715716 850084 2809 900 2116 115600 241081 35344 446224 921600 619369 38809 310249 280900 34225 770884 866761 558009 1521 208849 670761 998001 891136 83521 104329 22201 61009 17956 133956 828100 211600 481636 753424 717409 251001 154449 801025 751689 58564 678976 131044 10000 923521 14400 364816 799236 42025 324900 580644 9025 872356 67081 567009 67081 662596 285156 90601 13924 395641 477481 62500 250000 108900 49 373321 680625 47961
374544 915849 250000 114921 142884 422500 69169 644809 946729 90000 7569 490000 12100 480249 900601 717409 64009 356409 980100 534361 263169 853776 293764 308025 28561 72900 541696 436921 603729 70756 964324 92416 55225 59536 10609 380689 17161 784 323761 61504 4761 1296 540225 446224 4096 18496 25281 213444 592900 106929 217156 4356 3364 544644 450241 144400 7056 421201 93636 240100 329476 643204 286225 396900 21609 641601 725904 822649 400689 349281 95481 143641 303601 635209 373321 898704 883600 82369 113569 454276 229441 73441 66049 641601 2500 30625 573049 432964 228484 16129 1 487204 640000 944784 396900 571536 366025 27225 562500 242064 85264 712336 99225 1764 777924 756900 524176 12544 904401 946729 784 284089 394384 537289 469225 81796 982081 9409 421201 944784 103684 185761 646416 145161 777924 458329 561001 148225 558009 10000 430336 262144 767376 1024 413449 247009 1156 336400 142884 988036 280900 176400 19321 729316 640000 165649 574564 712336 722500 24336 660969 868624 122500 577600 101124 20164 2025 898704 484416 579121 65025 588289 86436 19881 582169 201601 1089 20449 401956 12321 156816 588289 203401 56644 33856
20164 91204 199809 33489 262144 898704 660969 272484 28561 357604 624100 492804 494209 77284 38809 594441 808201 408321 6889 67081 195364 562500 251001 90000 725904 13689 652864 85849 734449 425104 4096 91204 35721 173056 697225 451584 34596 828100 40000 630436 1681 344569 236196 105625 156025 54289 107584 490000 9801 28900 267289 121801 732736 409600 921600 720801 173889 617796 57600 316969 79524 972196 94249 31684 133225 900 3969 10000 324 576 935089 322624 196 253009 5929 106276 9216 481636 436921 327184 33856 14161 127449 20736 529 184900 130321 613089 16641 36100 31329 1156 217156 113569 707281 687241 188356 14400 286225 85264 760384 103684 13689 446224 790321 815409 259081 630436 688900 76729 57121 284089 758641 87616 611524 65025 81 194481 168100 853776 97344 644809 3249 737881 108900 144 842724 328329 278784 7921 44944 64009 146689 38025 80656 60025 499849 552049 131044 982081 727609 367236 839056 783225 795664 56169 562500 13689 56644 502681 312481 33124 39204 219024 776161 935089 577600 156816 164025 385641 5041 762129 4225 210681 876096 358801 676 4624 912025 749956 249001 364816 10000 628849 187489 585225
304704 674041 5476 2704 242064 73441 885481 129600 770884 1000000 751689 527076 121801 219024 456976 102400 3844 32041 622521 118336 855625 56169 41209 968256 946729 508369 3249 36 531441 13689 409600 840889 104976 944784 44100 784996 119716 580644 30976 178084 277729 824464 252004 199809 85264 972196 9604 14400 144400 609961 21609 646416 13225 57121 209764 192721 585225 11449 19881 315844 352836 48841 324 158404 707281 925444 38416 161604 625681 15876 174724 844561 972196 401956 625681 32400 316969 17689 678976 55696 121104 627264 42025 748225 49284 363609 11025 21316 635209 4225 16384 649636 1000000 619369 97344 743044 62500 346921 137641 570025 355216 687241 893025 559504 524176 116964 115600 87616 105625 10816 667489 737881 77284 458329 253009 819025 253009 16900 57121 908209 89401 388129 8281 504100 81796 261121 303601 261121 380689 765625 27889 130321 358801 896809 2809 770884 9216 38809 362404 330625 1024 547600 485809 848241 384400 16641 29929 26244 516961 418609 14400 173056 6400 202500 171396 769129 338724 546121 605284 902500 576081 444889 776161 474721 71289 80656 149769 389376 106929 802816 114921 11025 435600 913936 22201 692224 962361
248004 303601 168100 346921 37636 75076 707281 737881 605284 2916 9409 324 97344 143641 431649 322624 984064 1444 130321 139129 318096 538756 103684 227529 25921 216225 690561 78400 233289 921600 195364 540225 65025 223729 24964 284089 887364 504100 123904 133956 574564 29584 497025 2601 112225 438244 952576 62001 76729 299209 274576 256036 790321 617796 62001 135424 157609 443556 247009 11881 35721 894916 414736 157609 23104 2601 2304 38025 6084 7396 592900 10000 65025 34969 772641 184900 391876 891136 235225 659344 547600 168100 65025 627264 10816 94864 940900 912025 15129 887364 106276 335241 398161 366025 498436 409600 76176 76176 923521 202500 21609 160801 476100 404496 380689 120409 67600 398161 28900 435600 97969 160801 430336 636804 61504 76729 430336 476100 26569 129600 61504 613089 183184 698896 135424 690561 518400 906304 130321 352836 81225 731025 388129 687241 866761 933156 16641 625681 617796 636804 690561 418609 990025 426409 82369 225 772641 370881 146689 491401 76176 255025 648025 808201 900 722500 216225 586756 833569 151321 80656 114921 193600 308025 326041 15625 121 354025 633616 2116 404496 68644 494209 409600 724201 168100 407044 643204
23409 302500 98596 183184 712336 881721 974169 210681 870489 21025 238144 937024 108900 394384 16900 425104 342225 6561 305809 784996 394384 13924 10404 811801 737881 263169 209764 576 132496 224676 5184 250000 334084 683929 552049 17161 75076 232324 708964 734449 186624 398161 583696 231361 326041 435600 540225 139876 300304 168921 390625 134689 2209 17161 571536 109561 300304 879844 39204 707281 732736 156025 360000 844561 94864 66049 131769 471969 90601 88804 972196 894916 385641 159201 15376 72900 15376 203401 1521 320356 6400 92416 24964 141376 5184 127449 678976 189225 487204 994009 334084 254016 321489 1849 69696 386884 36 77841 85849 432964 188356 3249 12100 323761 332929 77284 226576 810000 461041 960400 310249 376996 630436 727609 413449 421201 896809 3136 511225 129600 54756 529984 36 508369 889249 48400 302500 935089 693889 912025 219024 62001 1 310249 200704 226576 480249 378225 10201 490000 367236 527076 682276 277729 137641 378225 171396 839056 35344 80089 970225 182329 562500 5625 1296 140625 986049 763876 976144 946729 200704 556516 187489 75625 152881 221841 360000 132496 501264 940900 21025 321489 60516 3364 126736 192721 739600 474721 295936
319225 37636 840889 28224 52441 149769 889249 461041 191844 319225 68121 103041 29241 442225 509796 74529 1936 625 29584 902500 146689 360000 8464 164836 1369 209764 859329 16 81225 883600 620944 292681 512656 498436 8281 7056 164025 418609 473344 720801 547600 349281 996004 220900 59049 34596 568516 7744 250000 177241 553536 528529 46656 499849 894916 111556 603729 291600 580644 662596 976144 263169 594441 390625 53824 31684 66049 368449 488601 182329 576 123201 410881 394384 938961 519841 77841 68121 9216 804609 47524 14884 300304 831744 293764 465124 239121 958441 755161 866761 82944 15129 562500 306916 68121 232324 156025 51984 228484 13689 913936 651249 103684 264196 942841 196249 134689 46656 42025 80089 21316 62500 105625 844561 900601 73441 130321 140625 831744 26896 675684 494209 131044 753424 799236 235225 94864 116964 2916 515524 132496 620944 562500 34225 110224 400689 931225 952576 753424 32761 31684 620944 96721 841 456976 861184 123904 559504 7225 504100 169 441 497025 220900 74529 65025 131769 286225 132496 582169 177241 6889 643204 927369 1600 285156 50625 98596 12996 54756 21609 10000 591361 894916 222784 52900 56644 226576 44521 808201
435600 820836 42025 944784 153664 44100 910116 703921 660969 342225 737881 285156 15625 11664 350464 198916 15876 335241 246016 885481 16900 698896 687241 488601 85849 595984 891136 431649 674041 239121 1089 133956 436921 324900 906304 707281 410881 471969 318096 724201 19044 784996 380689 937024 917764 714025 191844 804609 324900 774400 576 469225 149769 538756 912025 89401 114921 712336 790321 251001 81 147456 724201 29584 284089 589824 2209 15376 179776 181476 121104 511225 5041 191844 211600 171396 549081 56169 25921 561001 64 541696 386884 1369 877969 462400 315844 588289 225625 278784 6084 324 744769 504100 646416 933156 51529 4761 87616 524176 90000 490000 289 343396 228484 857476 702244 367236 739600 837225 8836 144400 772641 438244 98596 4624 866761 42025 30976 644809 65025 829921 104976 549081 617796 181476 27225 565504 319225 15876 350464 419904 595984 518400 586756 361 964324 910116 837225 213444 940900 228484 41209 620944 39204 76176 289444 37636 861184 144 49284 574564 529984 412164 314721 142884 462400 988036 156816 980100 850084 147456 238144 776161 69696 112896 100 229441 5041 693889 3025 191844 21904 446224 946729 6241 144400 2116 15376 52441 93025
55225 191844 820836 561001 104329 116964 105625 309136 1681 896809 23104 984064 372100 776161 910116 540225 373321 984064 280900 213444 412164 34225 376996 266256 450241 123201 651249 139876 792100 624100 35721 289 553536 664225 628849 898704 831744 125316 4 672400 748225 19600 8281 10816 494209 534361 3249 25281 176400 690561 53824 26896 2025 109561 280900 736164 404496 167281 354025 362404 81 902500 3025 185761 477481 73441 423801 801025 279841 491401 770884 9025 104976 893025 14161 3249 477481 633616 238144 990025 136161 34596 74529 404496 630436 802816 591361 841 161604 112225 118336 619369 558009 22801 332929 7225 492804 657721 6400 660969 7921 91204 21316 495616 73984 516961 285156 16 540225 652864 213444 877969 104329 102400 40401 381924 70756 108900 603729 24025 2116 648025 276676 693889 285156 436921 164836 114921 116964 13924 1936 226576 72900 139129 244036 619369 13225 303601 1681 39601 49284 52441 866761 11664 60025 51984 649636 171396 278784 876096 431649 495616 252004 56169 129600 57121 717409 547600 311364 976144 47089 82369 528529 19044 16900 168921 964324 183184 21609 906304 245025 9 303601 481636 664225 772641 565504 10000 488601 178929 543169 5184
744769 311364 363609 35721 107584 573049 183184 85264 28224 186624 229441 334084 848241 762129 842724 891136 196 1936 641601 564001 605284 155236 173889 495616 9 887364 206116 17161 262144 9801 826281 891136 1600 199809 614656 66049 35721 826281 421201 264196 33489 93025 79524 682276 50176 142884 797449 56644 746496 301401 89401 116281 485809 555025 438244 24336 544644 99856 438244 16129 171396 96100 177241 674041 697225 870489 13456 767376 667489 396900 710649 781456 55225 265225 144400 121 94249 23104 741321 970225 467856 9409 42849 59536 12100 56644 112225 603729 632025 864900 182329 498436 729 217156 95481 81 692224 60025 540225 364816 940900 302500 81796 808201 91809 111556 870489 386884 769129 323761 591361 140625 516961 257049 386884 488601 287296 25281 532900 651249 12544 23104 14400 682276 801025 861184 21609 189225 100489 109561 33124 6889 133225 904401 970225 110889 806404 817216 46656 555025 54756 30976 151321 519841 312481 395641 210681 336400 78400 97969 278784 23716 516961 34969 731025 379456 40804 597529 363609 55225 76729 139876 801025 625 32761 465124 305809 24649 20164 160000 193600 154449 106929 11881 54756 143641 646416 55225 848241 321489 373321 570025 227529
5184 804609 337561 649636 795664 20736 522729 15376 915849 102400 121104 19044 994009 67081 75076 31684 221841 906304 84681 784 848241 73984 245025 131044 341056 212521 935089 643204 1681 944784 487204 181476 11025 207025 390625 151321 12996 312481 4624 114921 2401 561001 129600 643204 297025 638401 448900 883600 168921 129600 119025 558009 253009 42436 579121 970225 1 47089 24649 65025 829921 59536 299209 707281 195364 60025 81 200704 573049 38809 42436 444889 44944 56644 1521 872356 549081 767376 537289 342225 187489 485809 385641 75076 829921 11236 266256 378225 799236 131769 187489 44100 515524 304704 150544 272484 128881 114244 163216 18496 665856 547600 795664 55696 820836 8100 352836 409600 410881 61504 395641 633616 729316 121801 528529 565504 638401 541696 30625 97344 223729 746496 505521 84681 11025 75625 958441 2304 99225 770884 244036 16900 600625 207936 925444 388129 145924 177241 473344 538756 318096 270400 580644 240100 20449 409600 26896 430336 404496 319225 944784 147456 45369 454276 82944 819025 280900 63001 8464 462400 635209 15625 2601 90601 276676 103041 896809 345744 96721 62500 692224 2500 302500 872356 24025 591361 385641 425104 112225 114244 219024 708964 608400 29929
213444 212521 522729 137641 208849 432964 944784 398161 114921 6400 443556 28561 302500 758641 301401 595984 868624 290521 808201 195364 2809 179776 261121 797449 388129 351649 388129 28900 87025 257049 104976 115600 125316 12544 335241 611524 664225 2025 49 708964 21025 40401 690561 232324 165649 927369 556516 245025 230400 839056 11881 408321 219024 703921 672400 121 2116 126025 395641 76176 702244 565504 202500 274576 13689 968256 361 248004 337561 446224 131044 33489 703921 298116 22201 175561 68644 815409 70756 67600 70225 63001 363609 35344 274576 734449 27889 462400 968256 665856 799236 146689 195364 2025 190969 736164 2704 51529 297025 394384 755161 961 66049 383161 481636 362404 64 99225 571536 250000 89401 544644 30276 898704 669124 978121 85264 203401 95481 53361 32041 4489 136161 894916 215296 8464 114244 12100 819025 243049 71824 262144 741321 198916 1024 664225 4624 26896 199809 912025 19044 109561 93636 463761 269361 544644 64009 698896 306916 887364 938961 988036 248004 5184 2916 37249 400689 228484 254016 3481 470596 961 399424 22801 256 112225 729 876096 121 540225 171396 17424 527076 142884 133225 8281 354025 95481 938961 18496 7921 324 736164 345744 140625
33856 191844 376996 219024 952576 896809 71824 962361 788544 140625 772641 687241 185761 772641 356409 432964 194481 373321 556516 327184 819025 71289 720801 16 458329 386884 17956 53824 7056 822649 327184 430336 630436 24649 820836 485809 23409 974169 348100 3481 889249 767376 47961 724201 9216 369664 89401 14884 84681 10000 966289 236196 113569 197136 6724 108900 565504 126025 213444 770884 902500 64516 577600 674041 312481 2500 119716 425104 403225 163216 473344 562500 14161 62001 54756 319225 635209 946729 50625 577600 160000 894916 635209 140625 69169 125316 940900 64 133225 614656 145161 59536 426409 555025 350464 528529 633616 345744 57600 173056 151321 286225 211600 148996 518400 15876 311364 2704 398161 210681 166464 99856 2116 133956 619369 519841 617796 505521 321489 68644 182329 4096 763876 8464 166464 163216 717409 55696 145161 857476 64516 708964 204304 693889 363609 169744 576081 121801 6889 39601 379456 181476 311364 412164 70225 640000 6084 92416 675684 168100 7225 573049 312481 5184 38416 160801 998001 149769 272484 362404 887364 156816 18225 11881 288369 161604 354025 59049 1936 116281 139129 664225 298116 409600 887364 616225 654481 88209 732736 685584 129600 624100 625 810000 881721 100489
7396 126025 204304 755161 774400 28224 82944 38416 84681 97969 652864 79524 17424 245025 119025 59049 456976 176400 299209 447561 700569 46656 385641 367236 734449 559504 195364 28561 290521 102400 362404 80089 1 16129 861184 144 28224 1369 90601 403225 51076 729316 644809 104329 657721 762129 138384 14161 894916 379456 61009 230400 429025 746496 51984 620944 66564 355216 25281 423801 25921 190096 861184 234256 712336 207936 592900 6241 632025 342225 368449 982081 219961 16641 21025 214369 729316 627264 88209 779689 226576 512656 329476 163216 625681 367236 318096 933156 393129 535824 690561 772641 114921 11881 61504 162409 896809 942841 231361 515524 931225 739600 828100 405769 861184 4225 938961 725904 556516 150544 988036 3600 23409 2025 7056 570025 162409 152100 739600 511225 38809 643204 11449 344569 792100 117649 439569 436921 683929 205209 5184 154449 824464 51529 18225 485809 48841 226576 223729 56644 56644 208849 14641 96721 155236 255025 447561 797449 328329 26569 9409 84100 898704 128881 602176 395641 52900 51076 59049 258064 240100 432964 220900 49 199809 63001 362404 19600 112225 16129 2401 360000 678976 165649 209764 281961 1089 743044 9 561001 218089 714025 380689 2025 364816 675684 173056
708964 62001 729316 193600 221841 86436 627264 931225 970225 89401 105625 541696 902500 11881 66564 263169 24964 237169 361 622521 524176 13225 43681 476100 129600 162409 797449 225625 164025 14641 8464 688900 8464 889249 833569 45796 613089 341056 795664 283024 33856 346921 29241 760384 488601 106276 944784 232324 173889 77841 887364 151321 56169 687241 620944 162409 529 128881 73984 5041 927369 912025 555025 185761 268324 466489 95481 142884 448900 93636 7744 565504 297025 592900 245025 324 801025 430336 41616 272484 361 952576 89401 840889 374544 139129 17689 191844 630436 630436 819025 128881 108241 35344 465124 597529 625 465124 633616 996004 251001 270400 279841 203401 619369 848241 614656 617796 697225 625 912025 128881 806404 417316 89401 207025 608400 676 649636 982081 139876 102400 107584 283024 247009 439569 793881 67081 724201 82369 158404 829921 335241 108241 230400 31329 105625 876096 996004 132496 556516 546121 273529 966289 687241 974169 257049 310249 44521 182329 419904 206116 96100 209764 38809 4761 299209 164836 617796 801025 121104 135424 790321 391876 76176 622521 349281 51529 291600 93636 144 112225 748225 52900 173889 518400 112896 432964 48400 372100 23409 94864 36 7569 303601 45796 665856 840889
99856 784996 414736 306916 336400 324 44944 94864 795664 755161 82369 52900 80089 181476 228484 672400 582169 956484 29929 404496 423801 73441 394384 760384 142129 216225 207025 570025 915849 874225 127449 379456 234256 505521 477481 602176 844561 230400 624100 833569 580644 5184 216225 222784 12769 938961 980100 815409 302500 896809 24649 4225 191844 88804 64009 2209 737881 966289 147456 23716 393129 441 4489 26569 558009 502681 40401 227529 326041 2304 84100 710649 760384 568516 455625 42436 240100 929296 78400 92416 826281 119716 611524 166464 27556 108241 462400 361201 381924 284089 285156 435600 600625 15625 9216 354025 994009 376996 652864 293764 315844 6724 76176 443556 403225 137641 220900 326041 49284 136900 657721 23409 925444 1444 99225 1000000 602176 66049 339889 732736 378225 432964 919681 986049 931225 108900 657721 124609 12544 71289 672400 128881 138384 426409 2116 896809 688900 978121 300304 702244 169744 284089 168921 346921 232324 373321 132496 998001 225625 739600 116964 929296 280900 111556 799236 556516 318096 26244 662596 263169 305809 10404 2916 797449 337561 341056 14161 665856 817216 168100 3844 221841 753424 4900 982081 114244 85849 210681 469225 62500 3364 576081 136161 848241 329476 273529 9604 266256 635209
274576 77841 732736 269361 329476 591361 64009 455625 670761 595984 552049 104976 4096 185761 268324 3481 51076 273529 351649 391876 976144 26896 541696 946729 216225 826281 552049 291600 540225 515524 12996 203401 491401 112225 9604 811801 148996 47524 476100 398161 364816 50176 82944 432964 235225 933156 368449 11449 31684 2025 169 7225 697225 32041 585225 104329 685584 565504 196 116281 252004 104329 837225 15625 461041 11664 62001 373321 71824 879844 20736 842724 454276 115600 271441 547600 2916 9216 293764 190969 440896 120409 81 15876 283024 366025 162409 17689 250000 90601 492804 93025 786769 55696 292681 40000 64 138384 276676 461041 210681 231361 119716 38809 994009 772641 121104 310249 795664 434281 900601 229441 199809 321489 77284 938961 284089 22500 469225 802816 25281 495616 101761 10609 25600 516961 436921 417316 450241 643204 421201 54756 567009 190096 168100 998001 443556 294849 14400 829921 558009 72361 145161 77284 2916 540225 18769 725904 101761 208849 534361 3481 229441 62500 425104 815409 30276 11664 685584 164836 739600 585225 58564 877969 367236 961 589824 112896 2601 68644 687241 559504 121801 189225 978121 2116 68644 868624 89401 139876 868624 630436 15129 328329 28561 69696 52441 68644 366025 484416
179776 231361 195364 259081 44521 906304 84681 817216 833569 21904 32761 234256 624100 309136 49 885481 625681 247009 504100 14400 334084 75625 950625 23104 524176 207936 248004 589824 34225 238144 16641 399424 91809 341056 299209 705600 306916 149769 695556 269361 90601 40804 46656 657721 462400 96721 398161 57121 556516 60025 64009 222784 133956 693889 405769 4225 292681 339889 515524 82369 40804 3600 24964 212521 219961 22201 155236 140625 476100 82369 2916 409600 24649 594441 710649 879844 283024 50625 76176 103684 751689 946729 42849 337561 743044 111556 238144 3600 237169 81796 32041 6084 150544 70225 883600 463761 724201 635209 2025 174724 60516 62001 72361 488601 148225 207936 469225 3969 573049 107584 267289 97969 20164 758641 516961 797449 912025 389376 14161 267289 393129 562500 929296 603729 229441 95481 166464 477481 21316 280900 58564 351649 1936 1024 156816 705600 375769 308025 43681 1521 50625 13689 57121 200704 400 799236 842724 219961 600625 18769 87616 22500 401956 96100 267289 698896 160801 641601 484 833569 994009 446224 562500 254016 505521 335241 12769 19600 172225 491401 591361 915849 161604 537289 687241 5625 582169 24649 34596 299209 99225 14161 14400 77284 49729 33124 35344 430336 81796 6241 416025
288369 586756 78961 603729 831744 228484 203401 162409 576 929296 63504 22500 410881 769129 850084 339889 808201 229441 3481 855625 490000 1000000 466489 139129 55696 115600 33489 108900 19881 173056 177241 42849 47524 188356 190969 84681 179776 19881 829921 725904 842724 168921 887364 553536 774400 115600 422500 427716 763876 274576 225625 226576 125316 27225 117649 332929 86436 129600 465124 34225 199809 8281 15625 11449 491401 674041 159201 506944 65025 824464 103041 346921 421201 352836 261121 263169 819025 923521 57600 295936 940900 212521 253009 64009 316969 144400 654481 774400 465124 132496 178929 434281 8649 301401 422500 7569 538756 509796 8100 24336 180625 946729 820836 7569 85264 207936 108241 837225 564001 891136 7396 688900 646416 96721 172225 251001 3481 770884 59536 992016 685584 167281 108900 571536 657721 806404 799236 784996 186624 4624 263169 210681 614656 207025 646416 80089 906304 625681 835396 7225 246016 49729 702244 277729 797449 44100 53824 188356 980100 163216 15376 136161 121801 388129 76176 3844 90601 763876 170569 142129 6400 76176 412164 707281 110889 492804 502681 40804 11236 872356 168100 1369 857476 178929 948676 48841 59536 443556 674041 110889 962361 931225 394384 978121 187489 248004 246016 974169 635209 819025 103041 358801
135424 574564 660969 250000 2916 870489 624100 178929 92416 55696 252004 770884 36481 512656 471969 113569 620944 193600 515524 207025 439569 568516 135424 883600 313600 714025 102400 923521 23104 606841 288369 763876 121104 61504 446224 49284 208849 364816 609961 302500 374544 335241 521284 31684 8281 23104 124609 11881 30625 326041 93636 14641 45369 855625 494209 10816 48400 166464 4225 186624 91204 868624 788544 444889 66049 16384 300304 562500 3249 442225 115600 399424 829921 144400 746496 400 456976 438244 160000 801025 712336 850084 262144 393129 480249 743044 81796 44944 521284 360000 751689 27556 329476 302500 570025 67600 534361 50176 250000 664225 26244 389376 580644 289444 374544 364816 304704 529 12321 3249 762129 1024 3364 36481 483025 142129 703921 36481 198916 676 550564 484416 80089 343396 8836 434281 5625 940900 198025 246016 630436 83521 70225 158404 123201 786769 700569 156816 617796 806404 547600 252004 574564 3364 136900 136161 605284 398161 81 276676 288369 937024 837225 685584 725904 758641 21316 97344 287296 283024 62500 201601 254016 49284 919681 7056 57600 844561 7056 79524 403225 196249 161604 351649 986049 511225 459684 163216 600625 207936 455625 22201 1936 514089 394384 214369 430336 156816 297025 233289 223729 412164 1600
336400 5041 263169 279841 683929 229441 813604 232324 113569 45796 91204 571536 36100 619369 3481 33124 100489 26896 758641 124609 403225 369664 182329 956484 111556 950625 729316 966289 470596 173889 576081 51076 67600 481636 345744 328329 14884 75076 434281 636804 346921 129600 508369 170569 974169 744769 2500 110224 670761 57600 163216 864900 5041 81796 1600 19044 131044 222784 128164 100 648025 940900 734449 266256 56644 158404 583696 861184 499849 58564 797449 88804 145161 64009 226576 11664 9604 538756 877969 16641 529984 702244 68121 132496 1156 1600 746496 301401 100 555025 5476 756900 381924 915849 157609 324 1089 243049 7225 94249 695556 972196 531441 87616 297025 840889 361201 529984 313600 376996 53361 126736 216225 29584 831744 622521 594441 394384 78961 484 913936 592900 779689 44521 204304 541696 386884 12321 119025 484416 310249 476100 7056 16 44944 225 588289 552049 116964 682276 17689 6561 885481 35344 253009 33856 318096 139876 1156 152100 122500 577600 355216 314721 583696 179776 422500 772641 186624 632025 719104 620944 217156 664225 47961 543169 900 126025 421201 321489 549081 29241 164025 75076 777924 119025 954529 183184 309136 17424 404496 393129 348100 461041 3364 220900 70225 25600 801025 385641 466489 881721 21904 225625
192721 1681 324 64 889249 254016 22801 32400 103684 206116 187489 405769 77284 88209 456976 202500 774400 29241 93025 508369 665856 480249 226576 68121 330625 203401 595984 73984 491401 874225 20164 465124 37636 210681 762129 765625 11449 26569 280900 338724 339889 5184 443556 935089 819025 373321 36864 163216 67600 929296 940900 546121 284089 561001 1521 427716 85264 846400 921600 52441 224676 229441 441 7396 697225 632025 368449 4096 386884 435600 343396 902500 254016 36 423801 463761 894916 986049 630436 488601 314721 142129 3969 383161 954529 904401 3481 960400 378225 558009 199809 332929 407044 198025 111556 562500 98596 121104 321489 56169 388129 422500 3969 528529 239121 47524 368449 319225 179776 2916 47524 407044 1764 246016 319225 474721 1936 872356 919681 51984 982081 287296 698896 935089 287296 246016 169 10201 776161 656100 695556 502681 106276 844561 3481 872356 85264 288369 632025 21904 3481 139129 438244 88804 75076 134689 407044 128164 524176 19600 531441 3136 54756 912025 82369 900601 815409 829921 16384 744769 1444 124609 69696 1681 555025 343396 323761 853776 320356 484 144400 198025 202500 22500 119716 172225 2809 5929 308025 5776 374544 100 58081 6561 58564 627264 529 117649 683929 443556 421201 729316 531441 9409 622521
44944 120409 455625 622521 425104 573049 868624 640000 727609 625681 840889 13456 881721 4356 622521 350464 36481 131044 349281 327184 954529 388129 491401 57121 58081 33489 935089 450241 289444 889249 675684 667489 172225 205209 978121 101124 518400 576081 528529 208849 318096 137641 5329 15876 91809 254016 580644 824464 555025 863041 196249 264196 30976 617796 288369 185761 9 535824 695556 293764 2916 17956 625681 189225 69696 409600 168921 636804 316969 5329 430336 243049 236196 27225 543169 348100 417316 283024 383161 190969 25281 311364 874225 921600 422500 904401 91809 485809 741321 368449 84100 138384 729316 41616 238144 98596 337561 367236 439569 378225 525625 2916 824464 133956 497025 86436 19881 931225 82369 190969 388129 13689 342225 982081 3364 753424 815409 124609 71824 135424 12544 746496 524176 43264 54289 350464 688900 17689 395641 285156 72900 59049 290521 254016 580644 556516 64516 13225 5476 980100 163216 3844 222784 11664 527076 118336 133956 426409 250000 824464 2025 515524 15625 148996 121801 82369 990025 160000 101761 136900 163216 659344 236196 440896 250000 324 136900 265225 114921 672400 702244 69696 197136 372100 369664 47524 139876 1 952576 344569 231361 14400 961 90000 707281 393129 53824 589824 643204 131769 17424 33489 167281 97344 393129 605284
855625 41209 112225 383161 755161 5929 28561 18225 568516 52900 441 268324 1225 535824 147456 335241 28900 690561 4624 585225 247009 51076 61009 116964 529 444889 676 175561 788544 396900 885481 665856 502681 16384 164836 121801 121801 145161 8281 763876 758641 361201 244036 335241 178084 994009 458329 328329 894916 416025 68121 66049 729 451584 247009 38416 168921 820836 799236 96721 13225 734449 690561 519841 894916 225 447561 408321 246016 144 835396 76176 327184 514089 290521 352836 219024 24649 305809 7056 5329 76729 413449 470596 62001 494209 644809 53361 910116 37249 301401 89401 777924 553536 283024 201601 283024 108241 25 288369 186624 345744 20736 265225 101761 850084 8649 12544 34969 442225 184041 1444 302500 625681 284089 627264 746496 48400 345744 114244 870489 265225 269361 537289 620944 318096 580644 196249 436921 17956 608400 200704 483025 339889 674041 136900 76176 70225 1521 21316 386884 1521 5476 432964 174724 93025 97969 527076 165649 749956 190969 606841 362404 1521 363609 269361 442225 970225 541696 34969 641601 164836 400 988036 756900 344569 725904 665856 6241 9801 131044 651249 171396 306916 693889 946729 70756 13924 102400 247009 628849 10000 329476 174724 66049 144400 3600 354025 121 193600 630436 352836 84681 755161 31684 13225 169744
321489 3969 11881 209764 338724 826281 667489 501264 514089 252004 233289 342225 283024 597529 27556 165649 225 422500 248004 432964 441 613089 1089 17161 36864 876096 515524 106276 144400 288369 298116 518400 360000 346921 553536 41209 158404 925444 267289 685584 889249 3600 917764 543169 434281 708964 565504 817216 379456 313600 3969 123201 454276 196 245025 731025 600625 725904 36481 334084 180625 20736 106929 783225 367236 436921 278784 339889 872356 481636 320356 374544 121104 96100 90000 184900 15876 6889 2916 92416 40804 824464 638401 32041 210681 364816 36100 73984 51529 112896 69169 727609 822649 358801 1156 305809 51076 345744 176400 946729 925444 274576 194481 10000 841 567009 690561 160801 643204 477481 806404 364816 474721 400 24025 2025 831744 18769 38025 5476 793881 222784 788544 338724 294849 401956 519841 100 1 498436 149769 64 324 373321 94864 235225 53361 813604 189225 211600 841 71824 990025 579121 495616 277729 442225 887364 24336 36 8100 570025 3136 174724 644809 788544 446224 10404 15129 137641 192721 478864 346921 372100 16 23716 247009 24336 438244 915849 305809 58564 912025 915849 744769 1444 96100 3481 986049 495616 6889 746496 906304 853776 627264 685584 786769 358801 19044 3364 401956 435600 447561 4900 71289 102400 208849 788544
242064 30625 106929 329476 883600 824464 597529 525625 141376 147456 58081 958441 278784 889249 680625 746496 670761 960400 579121 82944 4761 63001 379456 770884 267289 63504 34596 56644 518400 549081 393129 269361 341056 874225 792100 665856 363609 407044 553536 3481 412164 80656 28561 73984 11881 625 3844 1156 21025 38025 23409 576081 175561 485809 11236 469225 492804 1024 253009 90000 245025 78400 50625 917764 34969 1521 52900 320356 31329 45796 1225 431649 99856 189225 132496 363609 54756 101124 485809 240100 301401 284089 319225 181476 672400 262144 537289 142884 127449 61504 116964 82369 88209 62001 226576 529 18225 667489 13689 454276 120409 736164 970225 954529 462400 361 616225 651249 123904 142129 85264 110889 139876 158404 230400 32041 14400 336400 230400 16641 727609 260100 942841 159201 262144 156816 399424 89401 7744 440896 458329 900601 168921 283024 99856 239121 351649 99856 249001 846400 87616 173056 529 781456 204304 124609 32761 802816 229441 15876 898704 817216 447561 746496 335241 405769 535824 527076 755161 184900 301401 5041 328329 242064 54756 117649 118336 933156 6241 305809 33856 9025 898704 18496 108241 232324 384400 635209 13456 452929 1000000 28561 412164 250000 9216 788544 351649 483025 22500 822649 919681 848241 330625 82944 48841 844561 395641 514089 88209
62500 360000 316969 91204 45369 81796 15129 968256 7225 380689 60025 356409 804609 104976 316969 35344 102400 58564 115600 725904 168921 646416 404496 864900 52441 313600 8836 929296 870489 881721 36100 619369 48400 861184 345744 130321 859329 763876 18769 112896 853776 485809 352836 33856 608400 458329 130321 16129 39601 583696 89401 887364 68121 1089 143641 683929 541696 136900 8100 2025 93636 429025 6561 619369 286225 450241 577600 776161 57600 25281 96100 219024 53361 70756 620944 463761 744769 964324 760384 535824 1681 12769 438244 810000 741321 393129 18769 123904 262144 71289 8281 366025 229441 765625 390625 40804 276676 682276 52441 176400 616225 525625 190969 425104 81796 39601 234256 264196 394384 609961 948676 82944 369664 476100 6561 268324 4624 44521 29241 490000 502681 201601 833569 476100 515524 883600 33124 31684 102400 700569 605284 115600 108900 784996 837225 532900 157609 140625 5929 256036 68644 15129 2401 688900 748225 395641 972196 34596 912025 176400 456976 863041 28224 605284 305809 30625 535824 611524 481636 41616 948676 39204 185761 1521 194481 66564 900601 27889 9216 4225 14161 484416 82944 361 133956 841 251001 654481 47961 15876 826281 636804 722500 452929 206116 638401 12100 603729 23409 488601 846400 294849 242064 525625 67081 44100 937024 240100 619369 676
169 640000 91809 893025 283024 455625 508369 68121 17161 857476 15129 117649 439569 547600 413449 226576 291600 707281 86436 9801 25921 122500 857476 504100 102400 714025 151321 86436 942841 853776 582169 96100 28900 206116 136161 324900 57600 109561 54289 741321 483025 793881 233289 511225 762129 592900 900601 34969 583696 736164 651249 846400 207936 291600 132496 363609 385641 80656 758641 324 474721 140625 56169 509796 131769 857476 467856 169 434281 98596 23716 9604 516961 231361 15129 165649 8649 99856 344569 688900 8464 321489 440896 168921 504100 952576 927369 189225 8836 6084 226576 579121 27556 78400 88804 452929 576 57600 435600 998001 123904 693889 256036 237169 462400 14884 784 432964 306916 900601 376996 640000 19600 654481 624100 990025 225625 737881 400 374544 27556 841 193600 7396 736164 235225 518400 288369 636804 980100 39204 940900 20449 29584 902500 458329 748225 20449 65025 131044 15129 956484 104329 295936 40804 562500 59536 940900 403225 287296 1444 667489 46656 25281 118336 34596 20164 396900 919681 808201 685584 54289 508369 921600 958441 48400 695556 15625 113569 103684 176400 515524 194481 938961 191844 111556 976144 275625 73441 222784 715716 908209 881721 518400 390625 582169 150544 289444 177241 297025 646416 117649 774400 93636 982081 984064 416025 64009 128881 48400 644809
980100 935089 304704 20449 134689 112896 41209 361201 485809 73441 1156 151321 476100 962361 1156 43264 148225 239121 3721 452929 790321 4 583696 110889 52900 112225 162409 602176 10609 152881 228484 5476 561001 861184 117649 36100 418609 111556 505521 602176 104976 613089 38809 225625 68121 293764 264196 117649 31329 103684 68644 197136 986049 30976 529984 140625 1156 3721 69696 20164 51529 608400 762129 225 22801 230400 443556 164025 714025 99225 469225 228484 628849 605284 13924 289 405769 622521 654481 714025 14641 380689 765625 283024 956484 952576 208849 168100 84100 522729 209764 328329 77841 182329 400 222784 106929 202500 731025 883600 145161 81225 146689 341056 579121 641601 18496 11236 640000 806404 613089 960400 693889 95481 25 609961 112225 103041 956484 531441 204304 680625 30976 55225 123904 868624 367236 47089 801025 22201 343396 96721 168100 287296 38416 50176 950625 370881 150544 62001 269361 339889 4096 342225 714025 2500 992016 826281 7569 927369 469225 44944 22500 242064 335241 183184 534361 70756 868624 107584 180625 670761 214369 490000 97969 220900 235225 678976 122500 23409 160801 80656 204304 93025 46225 157609 7744 855625 88209 99225 498436 380689 184900 250000 516961 7744 986049 273529 198025 132496 401956 407044 815409 17424 226576 712336 9216 698896 839056 47524 885481 142129
309136 570025 2304 970225 277729 667489 132496 262144 408321 409600 2916 350464 788544 57600 49729 6241 152100 627264 413449 97969 46225 874225 641601 34969 28900 32400 640000 276676 978121 227529 256036 564001 516961 802816 10000 484 599076 829921 1600 106929 129600 576 52441 2209 405769 810000 210681 211600 597529 356409 34596 55225 122500 758641 990025 534361 455625 465124 131044 350464 491401 375769 72900 409600 990025 301401 319225 104329 116964 748225 393129 59536 95481 431649 363609 254016 112225 627264 414736 889249 781456 831744 305809 2025 71289 164836 196 258064 982081 822649 715716 10404 303601 65025 111556 10201 749956 74529 4900 190969 5929 193600 115600 26244 104329 1369 278784 670761 303601 614656 133225 38809 214369 633616 4489 619369 312481 605284 514089 831744 559504 141376 529984 505521 874225 779689 152881 9025 443556 358801 2500 8281 225625 238144 929296 362404 594441 151321 151321 287296 15625 350464 85264 964324 11025 292681 271441 30625 273529 851929 436921 850084 855625 710649 529 630436 421201 14884 69696 45796 831744 418609 211600 46656 237169 36864 504100 656100 123904 59049 8464 225625 252004 643204 5476 529984 121801 259081 164836 127449 77284 1369 952576 10404 35721 616225 651249 839056 342225 131044 142884 819025 390625 120409 123201 23409 23716 247009 235225 465124 835396 954529 140625
799236 185761 159201 62500 748225 36100 654481 106276 811801 112225 22500 944784 196 528529 27889 188356 508369 30976 395641 2916 21316 403225 51529 320356 617796 9025 139876 85264 220900 165649 184041 958441 760384 931225 255025 762129 356409 315844 25 302500 528529 417316 736164 463761 680625 978121 595984 251001 156025 762129 92416 220900 1764 1849 138384 599076 16129 692224 237169 10000 61504 636804 529984 56644 972196 109561 327184 121104 301401 144400 1000000 589824 515524 23104 208849 813604 765625 22500 337561 396900 887364 399424 218089 680625 678976 455625 74529 234256 38416 372100 850084 10201 908209 7396 531441 14400 380689 51529 853776 443556 275625 592900 160000 698896 461041 826281 94864 174724 3136 21904 201601 962361 3249 57600 7225 736164 261121 851929 196249 263169 2809 81 274576 868624 221841 390625 185761 289 22500 196 17689 919681 362404 283024 185761 657721 695556 71289 150544 84681 962361 23716 368449 853776 902500 47524 51984 912025 893025 958441 508369 409600 687241 158404 461041 10201 729316 104329 831744 314721 829921 956484 19600 108900 231361 12544 652864 156816 992016 179776 332929 299209 48400 110889 177241 23104 79524 528529 894916 217156 558009 815409 242064 43264 68121 25281 11449 427716 734449 140625 815409 980100 18496 988036 24649 894916 570025 221841 5929 2304 477481 705600 190969 94864
3249 184900 190969 67081 361 2209 123904 268324 872356 4356 410881 622521 147456 259081 454276 361201 802816 605284 980100 550564 241081 161604 174724 203401 389376 986049 687241 605284 281961 455625 13689 574564 78400 50625 59049 912025 383161 292681 149769 218089 47089 191844 51076 622521 73441 1000000 799236 279841 501264 321489 439569 952576 470596 262144 123904 837225 205209 850084 64516 1089 271441 522729 35721 144400 182329 3364 27889 491401 643204 362404 426409 73984 646416 1296 597529 992016 77284 580644 209764 3136 104329 954529 103041 302500 540225 524176 644809 72900 351649 667489 842724 23104 87025 301401 683929 12321 70225 923521 501264 173056 109561 249001 55696 458329 126736 42849 833569 86436 128164 73441 285156 349281 620944 646416 749956 21904 614656 781456 784 48400 599076 82369 29241 731025 917764 18769 34596 710649 413449 561001 409600 173889 265225 553536 26244 289444 636804 192721 887364 184900 770884 23104 41209 952576 672400 15129 674041 20164 822649 136161 216225 119025 564001 82944 72900 190096 87025 256036 562500 30276 68121 753424 93025 405769 13456 260100 810000 249001 516961 103041 58564 3969 877969 448900 299209 477481 197136 729316 187489 264196 51529 579121 169 316969 677329 319225 30276 116281 2209 113569 12100 850084 844561 276676 822649 511225 36481 356409 143641 729316 174724 145924 272484 739600 145924
660969 400 992016 114244 4356 323761 1024 197136 225 230400 678976 756900 87025 583696 528529 850084 889249 755161 547600 55696 4356 608400 372100 4624 504100 894916 315844 25281 305809 436921 509796 143641 944784 69169 859329 320356 93636 819025 84681 351649 7569 553536 283024 305809 306916 31684 245025 82369 93636 103041 76176 986049 737881 431649 232324 863041 22201 27889 695556 908209 417316 848241 61504 996004 458329 583696 10404 155236 760384 160000 589824 332929 6241 148225 591361 430336 398161 81225 635209 870489 38025 97344 877969 46225 430336 822649 47961 36481 401956 651249 11664 124609 504100 160000 2116 82944 418609 14884 197136 47961 126025 485809 70756 189225 240100 537289 273529 202500 643204 603729 10201 5776 182329 763876 801025 784 465124 908209 524176 1764 534361 861184 331776 810000 801025 675684 10201 473344 1089 476100 328329 497025 52441 10000 311364 279841 220900 900 599076 286225 85264 477481 354025 136161 988036 810000 8836 770884 269361 1 692224 275625 386884 133225 169 223729 15625 69169 140625 104976 126025 64009 122500 515524 565504 164025 430336 267289 169 459684 83521 748225 168921 447561 205209 705600 602176 62500 148996 662596 784 277729 1681 980100 401956 42436 418609 419904 180625 11236 853776 69696 883600 18769 840889 315844 309136 362404 278784 198916 887364 416025 16900 124609 614656 126025
78400 277729 8100 57121 85264 248004 487204 297025 795664 101124 567009 312481 404496 117649 196 9604 212521 4489 164025 620944 589824 42436 902500 1681 11881 844561 192721 470596 802816 919681 667489 59536 133225 320356 246016 484416 5184 8836 511225 12996 421201 925444 677329 101761 547600 6889 471969 7225 11236 370881 219024 442225 643204 125316 21025 935089 184900 582169 3844 859329 743044 5476 950625 441 291600 15129 850084 824464 594441 326041 303601 273529 265225 568516 535824 11881 315844 471969 73984 641601 1089 27225 320356 5929 801025 220900 4096 98596 695556 25600 280900 561001 374544 450241 720801 619369 19044 386884 2209 627264 19044 355216 134689 36 168100 950625 883600 60516 99225 850084 96100 558009 289 96721 697225 462400 232324 223729 274576 978121 121801 60516 51076 1444 310249 813604 443556 491401 556516 436921 944784 458329 9409 463761 205209 511225 43264 1681 454276 104976 797449 342225 7396 290521 480249 49 329476 367236 175561 753424 21316 938961 570025 546121 667489 198025 448900 131044 167281 249001 379456 980100 96100 950625 262144 492804 840889 1521 863041 938961 900 222784 12100 18496 350464 23409 318096 561001 109561 352836 158404 467856 980100 86436 19044 73441 412164 808201 94864 646416 521284 125316 4096 321489 580644 7744 567009 5184 956484 96100 485809 418609 78961 10816 142884 712336 937024
99856 1156 122500 153664 938961 38416 511225 192721 200704 82369 272484 984064 39204 49284 824464 136161 173889 127449 252004 532900 316969 119025 188356 33124 393129 33856 806404 627264 308025 108900 743044 855625 230400 164025 441 242064 36864 194481 641601 429025 263169 228484 421201 85849 142129 459684 145161 556516 488601 980100 298116 921600 712336 212521 495616 840889 9216 567009 804609 45796 152100 1000000 13225 400689 462400 99225 304704 904401 101761 589824 133225 81796 316969 588289 376996 954529 47961 134689 321489 174724 896809 988036 183184 156025 829921 362404 22801 357604 6084 680625 85264 391876 205209 85264 784 4 555025 170569 264196 451584 283024 68644 80656 88804 1849 574564 541696 193600 16900 603729 938961 11449 891136 312481 693889 22201 535824 10404 690561 94249 760384 73441 3600 491401 12544 786769 112896 100489 322624 630436 284089 45369 94249 876096 495616 501264 17956 659344 509796 389376 519841 15376 12544 769129 544644 71824 829921 229441 4225 720801 316969 45369 369664 755161 344569 970225 390625 214369 824464 606841 388129 925444 564001 1849 8464 36 70225 715716 632025 25281 17161 44944 438244 52441 487204 483025 182329 515524 306916 960400 980100 214369 128881 446224 178084 265225 11881 553536 55696 837225 961 305809 784996 90601 6241 152100 260100 476100 299209 199809 210681 362404 30976 795664 151321 638401 84100 223729
19600 427716 28900 790321 824464 416025 11881 272484 980100 272484 855625 16641 446224 101761 24336 19044 815409 133956 950625 191844 17689 357604 214369 73441 345744 434281 831744 966289 18496 375769 540225 4761 292681 7396 212521 385641 697225 2304 5184 87025 85849 21609 91204 820836 99856 230400 348100 677329 10609 56169 1156 912025 430336 179776 236196 531441 648025 619369 156816 49 261121 4624 835396 672400 876096 19881 591361 287296 514089 662596 380689 38416 10000 407044 731025 400 118336 316969 948676 822649 474721 2809 980100 732736 351649 28561 67081 145924 984064 605284 741321 813604 808201 7744 18496 94249 18769 294849 226576 935089 55225 256 376996 416025 669124 915849 22500 921600 234256 163216 114921 444889 327184 16129 5476 403225 372100 77284 46656 227529 765625 398161 743044 28561 697225 16 933156 887364 910116 233289 106929 994009 15876 350464 69696 180625 625 32761 97344 990025 25 729316 9409 70225 532900 384400 984064 646416 1681 3025 509796 298116 115600 687241 174724 143641 74529 45796 948676 143641 492804 635209 305809 8281 39601 605284 360000 417316 797449 8649 43681 375769 205209 2916 335241 199809 47089 876096 116281 14161 28900 946729 358801 624100 872356 483025 859329 3481 34596 525625 829921 21609 278784 190969 1764 925444 161604 225 57121 181476 84681 958441 66049 37249 53361 40401 605284 660969 240100
271441 863041 6084 532900 375769 286225 722500 423801 863041 41209 361201 529 6084 720801 370881 441 7056 211600 25600 149769 940900 148996 21316 516961 233289 512656 43681 57121 66564 207025 82369 743044 56644 1764 47524 149769 349281 2025 2209 66049 137641 121 386884 268324 635209 247009 87025 45369 992016 211600 525625 7744 441 23409 367236 60025 32041 4900 861184 62500 90000 835396 980100 529984 783225 20164 693889 50625 576081 192721 910116 659344 625681 442225 14641 100489 83521 588289 139876 33124 378225 38809 672400 245025 714025 345744 108900 656100 743044 104976 561001 11664 518400 211600 184900 82944 42436 3136 769129 964324 338724 833569 944784 877969 950625 558009 1024 929296 206116 760384 238144 443556 51076 277729 423801 1936 677329 84681 148225 34969 927369 692224 446224 891136 331776 1156 693889 212521 110224 40804 685584 946729 440896 841 401956 23409 499849 874225 110224 11664 125316 380689 70225 857476 915849 343396 676 115600 122500 378225 952576 589824 15876 10609 810000 695556 119716 509796 990025 532900 113569 13225 919681 302500 168100 93636 385641 238144 904401 42849 2500 765625 440896 112225 142129 481636 8281 100 300304 1521 996004 19881 908209 99856 6241 931225 10000 459684 203401 174724 900601 69169 724201 978121 128164 790321 480249 525625 61009 33856 356409 117649 564001 3364 942841 302500 440896 237169 173056 77841
185761 154449 813604 2809 440896 156816 549081 795664 295936 669124 1 118336 126736 958441 435600 82944 410881 70756 15625 12100 760384 6084 47089 39204 640000 176400 82944 44100 274576 1849 242064 582169 48400 497025 514089 163216 488601 121 966289 627264 55225 906304 73984 893025 14161 26569 87025 440896 373321 682276 16641 664225 76729 556516 921600 381924 391876 34225 25600 25600 27225 178084 219961 208849 328329 379456 978121 11025 630436 799236 295936 136900 27889 42025 956484 37636 105625 656100 264196 30976 795664 334084 680625 83521 369664 863041 78961 6241 217156 144 254016 60025 254016 240100 982081 585225 16 915849 9604 323761 139129 94249 172225 393129 160000 30276 399424 64 808201 502681 344569 399424 961 157609 996004 92416 831744 52900 32761 231361 211600 734449 22801 363609 20449 126736 722500 11236 4096 61009 128164 515524 34596 514089 18496 748225 360000 801025 228484 153664 702244 11236 147456 656100 283024 879844 705600 996004 435600 179776 271441 293764 8649 396900 14400 243049 439569 72361 54289 784 140625 458329 853776 81225 98596 855625 434281 703921 117649 319225 636804 232324 182329 695556 466489 877969 25 384400 259081 476100 216225 42025 335241 538756 779689 110889 217156 518400 28561 427716 386884 172225 39601 106276 968256 10404 518400 490000 8281 935089 279841 717409 1681 174724 228484 119716 550564 300304 480249 7921 906304
748225 10609 321489 76729 443556 145924 9604 446224 12100 448900 643204 193600 97969 342225 10816 328329 925444 514089 78400 186624 10404 99225 141376 476100 422500 769129 736164 660969 20164 755161 17161 595984 692224 135424 186624 772641 400689 841 677329 398161 783225 617796 246016 751689 59049 675684 149769 501264 435600 108241 247009 425104 173056 502681 12769 151321 51529 1369 1600 62500 797449 147456 373321 605284 244036 685584 87616 394384 850084 291600 113569 700569 611524 36864 737881 944784 380689 585225 249001 179776 380689 144400 41616 336400 1849 346921 537289 456976 46656 260100 49729 114921 398161 512656 410881 346921 534361 42436 13689 352836 1156 497025 26244 225625 160000 429025 628849 74529 652864 471969 237169 103684 902500 330625 906304 54756 942841 108241 136900 21609 23104 57121 34596 719104 16641 183184 3600 400689 400689 41209 339889 902500 372100 128881 1849 38025 112225 408321 53824 646416 1369 678976 478864 65025 199809 469225 400 665856 99225 75625 241081 35344 174724 312481 235225 223729 272484 589824 3721 837225 792100 233289 64516 372100 586756 330625 84100 36481 54289 108900 853776 39601 13456 568516 28224 881721 760384 2704 586756 162409 422500 828100 966289 318096 883600 876096 417316 289 624100 41616 143641 324 42025 35344 125316 8649 259081 76176 616225 571536 273529 676 233289 49284 525625 210681 78961 522729 110889 121104 303601 417316
112896 320356 25600 495616 784 576081 53824 123201 88804 349281 898704 454276 184900 476100 498436 1 229441 7056 904401 116964 784996 194481 1600 19600 632025 835396 65025 23104 40401 94864 17689 14641 37249 343396 27225 1849 2116 444889 216225 263169 1089 239121 14161 793881 1024 938961 12544 194481 285156 432964 105625 293764 697225 972196 112896 305809 393129 802816 9801 188356 855625 135424 380689 210681 948676 690561 13924 48400 790321 447561 2704 853776 134689 648025 94864 70756 185761 90601 518400 36481 354025 59049 938961 171396 868624 527076 894916 52900 8100 256 656100 835396 452929 633616 78961 2401 898704 204304 476100 561001 799236 175561 123904 183184 422500 237169 540225 271441 322624 683929 158404 184900 573049 9604 942841 116281 67081 960400 384400 142129 386884 579121 19881 573049 467856 589824 257049 10000 50625 247009 839056 106276 33856 391876 12100 8281 175561 85264 813604 225625 692224 4 133225 3025 108900 160801 167281 904401 49 390625 305809 66564 628849 662596 913936 853776 1089 133225 4 693889 330625 7396 1764 443556 672400 6241 46656 206116 226576 877969 156816 62500 6889 853776 833569 310249 446224 200704 164025 851929 33856 573049 528529 10816 287296 36864 540225 17161 169744 806404 620944 258064 585225 6241 9801 837225 624100 145924 207025 597529 240100 379456 24964 23409 283024 146689 264196 649636 848241 127449 808201 42025 103041
6724 529 553536 744769 16129 226576 562500 784996 103041 724201 323761 788544 17689 152881 103684 170569 90000 531441 3844 179776 641601 829921 114921 233289 348100 850084 157609 522729 430336 466489 77841 76729 467856 797449 874225 187489 73441 233289 4 61504 22201 881721 106276 797449 145161 599076 80656 57121 5184 61504 660969 72900 5625 36100 114244 62500 121 514089 1089 173056 32400 811801 690561 4761 20164 756900 405769 12769 883600 151321 19600 249001 576 207025 633616 17161 15876 366025 458329 729 407044 28900 131769 1444 461041 558009 70756 80656 348100 758641 998001 931225 220900 381924 840889 442225 104329 859329 349281 154449 74529 97344 330625 48400 5476 92416 35721 400689 38025 609961 499849 303601 255025 361 223729 525625 373321 16900 992016 762129 173889 648025 404496 820836 7744 976144 588289 712336 394384 77284 175561 868624 547600 541696 474721 34225 438244 630436 44100 698896 3481 896809 303601 126736 755161 547600 286225 537289 190969 913936 19044 49284 164025 19600 541696 327184 972196 73984 505521 547600 179776 574564 86436 837225 287296 509796 499849 52441 579121 22801 697225 579121 73441 21904 7569 34596 44944 484416 788544 690561 753424 362404 792100 2209 94864 893025 205209 183184 272484 306916 54289 213444 561001 682276 26244 859329 72900 14641 950625 183184 393129 25 609961 592900 57600 729316 469225 17689 114921 273529 908209 260100 98596 13689
176400 260100 549081 26896 184041 97344 148225 131769 14641 22500 229441 181476 562500 270400 927369 149769 298116 149769 309136 660969 101761 32041 275625 144 792100 85264 20736 565504 519841 180625 471969 136900 10816 208849 335241 819025 177241 316969 210681 863041 234256 776161 34225 323761 996004 44521 130321 837225 253009 266256 409600 53361 108900 734449 408321 14161 3969 790321 9801 1444 444889 40401 2304 284089 436921 156025 245025 40000 19881 13924 301401 16641 676 600625 491401 450241 870489 835396 579121 17161 9604 833569 152881 268324 434281 356409 13456 151321 23409 17689 181476 269361 93025 915849 954529 57600 574564 16384 25 417316 195364 184041 253009 22500 139876 245025 269361 3025 698896 77841 38025 765625 921600 799236 17161 467856 28561 972196 896809 58564 368449 121104 657721 208849 279841 65536 654481 729 189225 20449 900601 13689 338724 49729 784 222784 549081 270400 85264 267289 59049 881721 264196 727609 562500 358801 147456 34596 34969 362404 835396 50176 159201 51076 367236 106929 504100 3721 473344 25921 12321 342225 155236 11881 310249 516961 221841 133956 226576 275625 256 69169 565504 736164 473344 589824 34969 992016 53361 850084 375769 912025 177241 998001 441 47089 43681 235225 68121 488601 259081 81796 483025 477481 33856 26896 47524 690561 126736 148996 96721 330625 16129 255025 80656 158404 894916 76176 301401 848241 390625 77841 471969 970225 644809
630436 246016 619369 104976 153664 102400 583696 565504 87616 837225 24649 33124 667489 27889 5041 96100 36864 265225 2116 840889 216225 49729 443556 483025 272484 672400 19321 430336 996004 322624 614656 50176 37249 565504 106276 625681 256036 537289 43264 756900 38809 556516 8100 338724 670761 576 583696 998001 10000 160000 249001 12100 412164 76729 98596 808201 810000 60025 675684 649636 21025 753424 164025 205209 582169 933156 960400 89401 797449 480249 78961 26244 225 272484 386884 106276 9604 30625 264196 239121 269361 33856 667489 348100 608400 15876 388129 1600 390625 471969 56169 416025 175561 9 349281 268324 221841 142884 232324 33856 799236 194481 476100 210681 3600 42436 447561 535824 462400 294849 534361 379456 150544 36481 546121 659344 267289 194481 431649 870489 525625 308025 609961 24336 192721 664225 64516 423801 96721 408321 624100 30976 106276 38809 1936 448900 40804 36864 617796 518400 157609 237169 48400 841 116964 50625 70756 64516 571536 121801 8281 268324 188356 11449 20449 256 114921 627264 82944 108241 112896 19321 841 670761 687241 4900 220900 712336 115600 36481 853776 42436 6400 274576 848241 744769 249001 294849 224676 153664 774400 313600 126025 55696 172225 13924 301401 192721 91204 685584 555025 64516 139129 5776 328329 514089 44944 108241 439569 546121 39204 112225 268324 466489 332929 25600 67081 521284 147456 547600 487204 12769 9 80656 61009 11881
502681 622521 267289 31329 84681 107584 986049 61009 268324 912025 56169 283024 120409 324900 129600 55696 992016 488601 58081 89401 408321 195364 9 776161 144400 380689 6241 14884 898704 144400 36864 942841 465124 180625 306916 309136 881721 732736 998001 46225 58564 772641 19321 222784 297025 929296 393129 399424 3249 185761 494209 13456 900 107584 822649 21025 1764 121801 66049 792100 632025 169 58564 529984 328329 337561 58564 842724 544644 444889 227529 413449 793881 151321 2025 195364 625 139876 312481 345744 866761 710649 224676 558009 491401 874225 286225 547600 142884 94249 272484 22201 358801 75076 1369 234256 223729 101761 49 579121 148225 535824 178929 622521 32041 528529 442225 106276 509796 367236 446224 866761 131044 751689 160000 900601 29929 125316 3481 603729 784 69169 147456 309136 131044 29929 42025 676 851929 423801 480249 9409 63001 232324 60025 206116 80656 848241 21316 43681 121104 966289 36481 501264 808201 625681 167281 8281 1849 676 558009 164836 90000 349281 69169 7744 146689 38025 498436 826281 156816 583696 211600 851929 44944 423801 613089 744769 360000 822649 288369 234256 483025 644809 123904 10000 292681 26569 984064 813604 253009 677329 378225 370881 30625 527076 11664 119025 184900 235225 68644 177241 61504 118336 85849 258064 535824 651249 11236 459684 4624 529 8649 808201 38416 196 3481 974169 467856 624100 266256 131769 293764 166464 106929 66049 109561
705600 643204 627264 398161 36481 31329 408321 234256 182329 938961 98596 215296 129600 388129 21609 881721 256036 72361 900 2025 857476 273529 46225 594441 528529 106929 1936 17956 499849 743044 441 173056 988036 21609 263169 80656 866761 119025 565504 605284 291600 893025 77284 793881 358801 413449 173056 110889 385641 202500 7225 361 651249 193600 61504 715716 4096 37249 972196 28561 160000 546121 741321 8649 866761 104329 819025 207025 896809 301401 30976 9 434281 499849 194481 1764 151321 839056 811801 30625 130321 940900 168921 16129 339889 164025 59536 69169 165649 375769 698896 485809 9801 62001 810000 51076 224676 648025 26896 576 356409 410881 714025 53361 89401 245025 283024 83521 189225 362404 77284 374544 28900 172225 36100 1444 564001 314721 151321 360000 225 162409 230400 473344 652864 567009 167281 28561 462400 416025 341056 633616 410881 403225 112225 361201 902500 219024 760384 248004 314721 443556 515524 613089 440896 117649 284089 643204 682276 28224 760384 310249 4489 72361 521284 919681 617796 242064 58081 139876 984064 119716 727609 88209 940900 320356 476100 431649 89401 123201 4624 10201 165649 725904 236196 7225 613089 672400 521284 289 191844 774400 97969 14641 290521 444889 363609 644809 90000 670761 139129 324900 190969 266256 177241 824464 622521 42025 4624 76729 998001 436921 343396 58081 772641 532900 1369 88209 17689 374544 240100 243049 31684 35721 654481 602176 36 188356
687241 28224 815409 927369 351649 88804 58081 374544 66049 256 69696 13456 131044 398161 93636 630436 962361 63001 422500 705600 10816 223729 495616 70225 1521 942841 246016 633616 10404 837225 913936 66049 401956 334084 753424 976144 3025 68644 158404 451584 129600 516961 21316 136900 760384 435600 112896 974169 659344 225 891136 174724 297025 13225 748225 808201 12100 779689 693889 491401 131044 178929 808201 2809 14641 846400 669124 793881 643204 744769 13924 946729 855625 70756 751689 719104 440896 552049 45796 793881 36864 194481 840889 485809 263169 51076 248004 923521 910116 22801 156816 978121 221841 180625 106929 47961 405769 732736 49284 295936 687241 698896 698896 288369 574564 252004 90601 157609 427716 52441 743044 72900 199809 10404 26569 217156 80089 889249 44521 42436 743044 393129 83521 613089 582169 173889 190096 210681 216225 36 474721 46656 215296 339889 772641 312481 145924 646416 207936 148225 372100 958441 544644 242064 632025 4225 2025 927369 133956 574564 164025 850084 327184 56169 487204 841 55225 829921 509796 948676 784996 488601 56644 164025 8836 123201 504100 81796 300304 4 267289 34596 984064 465124 416025 444889 7569 628849 103041 157609 159201 811801 447561 484416 288369 62001 299209 386884 253009 976144 125316 310249 471969 477481 915849 544644 32041 7744 152881 776161 948676 644809 594441 746496 36481 478864 189225 541696 927369 540225 7056 27889 446224 38025 227529 21025 550564 36100 400
247009 697225 810000 543169 466489 224676 9801 157609 831744 398161 12996 674041 42025 935089 67600 817216 21316 784 529 12544 355216 693889 491401 8100 20449 131769 898704 731025 10201 432964 715716 202500 223729 243049 255025 266256 243049 121 10201 438244 243049 146689 267289 828100 1764 583696 315844 705600 338724 60516 22500 505521 315844 547600 237169 538756 509796 458329 1600 45796 135424 42436 161604 91809 657721 25 697225 76176 399424 304704 758641 52900 495616 636804 461041 625 753424 840889 28561 606841 848241 29584 62500 213444 227529 1764 43681 405769 48841 868624 57121 142129 210681 13225 58564 45796 123201 100489 352836 660969 97344 381924 170569 576081 37249 115600 198025 829921 4096 308025 147456 53361 222784 5329 260100 646416 9025 902500 13225 356409 54756 50176 958441 877969 12321 21904 65536 12544 660969 24649 879844 1936 817216 169 910116 11664 257049 185761 705600 16 233289 112896 960400 29929 877969 502681 162409 196 988036 695556 106276 339889 446224 576 208849 169744 217156 42436 305809 455625 153664 40000 26569 828100 731025 243049 898704 191844 100 1089 409600 399424 720801 444889 201601 270400 491401 646416 348100 368449 335241 2025 487204 85849 817216 819025 651249 294849 760384 30976 170569 399424 509796 620944 720801 478864 7396 40804 9409 258064 156816 640000 419904 446224 324900 104976 431649 243049 93636 804609 291600 61009 101761 5776 861184 73984 85264 944784 295936 436921
128164 603729 6561 715716 226576 921600 100489 25 627264 96100 267289 139129 286225 110889 196249 27225 42025 640000 230400 127449 5929 817216 579121 683929 495616 4 50176 910116 160801 815409 494209 34225 743044 619369 260100 444889 170569 654481 494209 204304 181476 148996 646416 762129 277729 229441 927369 429025 13225 974169 30625 14884 26244 4 300304 147456 883600 118336 16900 112225 54756 33856 707281 258064 419904 42025 354025 33489 580644 29929 600625 25921 423801 438244 674041 839056 654481 97344 106276 244036 327184 252004 75625 724201 439569 40000 33124 970225 362404 214369 534361 169 855625 318096 619369 22801 47524 318096 463761 670761 870489 893025 10816 51529 47524 34596 1681 488601 152881 556516 327184 63504 180625 736164 346921 27225 36 173056 760384 481636 5625 416025 654481 319225 27225 97344 301401 369664 813604 81225 286225 625 182329 54756 298116 450241 187489 42436 970225 978121 990025 477481 191844 908209 863041 316969 49729 9801 349281 35344 456976 22801 451584 491401 337561 3364 101761 320356 10609 362404 594441 600625 264196 611524 126736 56169 13689 66564 685584 53824 499849 6241 625 562500 110889 423801 495616 894916 344569 48400 456976 617796 853776 165649 12100 403225 857476 75076 763876 559504 314721 889249 824464 9801 61009 902500 459684 36100 119025 215296 227529 772641 896809 466489 432964 263169 44944 87616 279841 755161 215296 164025 6400 942841 625681 125316 367236 594441 88209 357604 400
6241 99856 606841 846400 743044 418609 67081 31329 248004 12100 829921 859329 646416 940900 591361 8649 172225 52900 603729 27889 23716 62500 729 245025 375769 234256 976144 238144 126025 158404 112896 450241 16641 49 81225 50176 935089 14884 155236 69696 201601 3844 52900 67600 129600 330625 141376 75076 674041 82944 197136 80089 525625 465124 120409 466489 201601 749956 396900 992016 732736 938961 6889 732736 24964 561001 5776 23716 4 390625 8464 646416 413449 674041 1156 177241 736164 4 940900 20449 302500 620944 609961 434281 1089 925444 144400 245025 636804 688900 257049 434281 41209 239121 401956 483025 430336 38025 246016 21609 729316 441 8464 26569 724201 6084 44100 290521 651249 8464 7569 167281 87025 346921 762129 21904 46656 215296 960400 140625 688900 619369 50625 564001 710649 93636 887364 748225 63001 141376 458329 315844 300304 606841 801025 78400 416025 378225 314721 71289 99856 97344 885481 19044 792100 66049 54289 683929 219961 290521 42436 767376 793881 606841 54289 321489 912025 55696 24964 495616 751689 96721 121 56644 290521 319225 199809 700569 480249 109561 87616 358801 4 571536 22500 10201 844561 760384 98596 13456 52900 336400 465124 185761 50176 190969 404496 504100 74529 13225 251001 948676 352836 4096 132496 244036 427716 592900 45796 156025 620944 786769 822649 408321 123201 286225 466489 207025 179776 313600 982081 108241 200704 328329 3025 68644 112225 739600 678976 579121 202500 155236
24025 33856 157609 19881 211600 53824 185761 178084 8100 18769 326041 332929 630436 180625 4 994009 71824 455625 52900 767376 75625 356409 124609 331776 14161 99225 89401 291600 994009 289 3969 314721 614656 808201 381924 12769 120409 879844 329476 660969 304704 124609 337561 207936 440896 65025 4225 893025 925444 1 931225 432964 42025 744769 129600 103684 889249 565504 32761 1936 5625 465124 16129 310249 29929 51984 78400 20449 473344 488601 421201 921600 765625 644809 1936 474721 710649 418609 44521 52900 976144 286225 872356 368449 69169 26569 712336 656100 378225 937024 173056 244036 18769 674041 36864 405769 271441 576 430336 844561 189225 298116 889249 540225 613089 2601 41209 859329 315844 3364 6561 13456 36481 765625 121 497025 64009 69169 817216 4096 662596 91809 59536 4096 311364 844561 46656 51529 40804 3844 41209 49284 351649 144400 19321 23716 1444 117649 309136 136161 83521 403225 110889 281961 51076 795664 685584 76176 154449 112225 940900 175561 695556 23409 946729 16 529 480249 576 2601 269361 125316 178929 71289 3136 225625 857476 2304 343396 13225 810000 395641 591361 161604 841 268324 219961 722500 299209 189225 777924 527076 11025 970225 921600 448900 2916 1849 844561 720801 401956 121104 318096 39601 247009 90000 50625 190096 146689 799236 698896 855625 431649 19881 1225 30276 749956 4900 906304 343396 198025 362404 603729 508369 23409 189225 356409 5776 501264 31684 859329 541696 966289
859329 27225 343396 54756 937024 85264 562500 206116 729 43264 417316 564001 670761 11664 528529 7569 597529 583696 925444 203401 194481 225 879844 11449 184041 332929 352836 400 422500 186624 461041 60516 974169 82944 204304 1681 270400 11664 12769 954529 765625 108241 425104 1089 515524 59536 383161 254016 152100 87616 239121 19321 772641 418609 47524 36864 25281 625 583696 62001 801025 990025 77284 929296 765625 662596 25281 837225 784 116281 214369 108900 33489 219961 659344 885481 447561 23716 201601 144 734449 36864 401956 80089 7744 352836 538756 840889 998001 281961 495616 35344 14884 27225 432964 672400 676 138384 25 16900 65025 988036 403225 2601 244036 515524 349281 270400 264196 990025 202500 40000 94249 2116 495616 996004 390625 270400 6084 164836 863041 558009 405769 1369 182329 16129 656100 659344 1156 70756 407044 47089 42849 178929 19321 851929 656100 458329 870489 961 846400 40401 224676 269361 133956 168100 630436 246016 115600 52900 682276 501264 625681 491401 968256 12769 246016 72900 6241 184041 864900 116964 896809 298116 63504 441 804609 361201 76176 291600 271441 514089 887364 519841 497025 5929 39601 77284 603729 840889 8464 998001 512656 36 375769 368449 42025 157609 108241 656100 330625 772641 400689 298116 868624 811801 9 15376 130321 592900 564001 56644 774400 256 861184 555025 321489 616225 311364 529984 259081 841 515524 384400 7225 422500 720801 55225 311364 306916 887364 354025 15129 23104
361 300304 931225 117649 40401 219961 820836 628849 227529 2025 824464 106929 439569 646416 129600 201601 81225 40000 815409 586756 318096 112896 272484 822649 328329 495616 1225 815409 26896 602176 36100 92416 990025 910116 562500 900 28224 12769 61504 270400 269361 512656 553536 3136 41616 484 209764 133956 51984 207025 990025 230400 1156 93025 552049 132496 64516 15376 476100 635209 619369 731025 216225 196249 929296 21025 678976 1936 306916 36100 837225 972196 39204 609961 302500 140625 107584 40401 506944 332929 715716 2209 33489 490000 680625 112896 470596 710649 331776 67081 725904 896809 351649 741321 961 5476 879844 958441 180625 1156 525625 200704 278784 300304 54756 331776 887364 573049 435600 76729 531441 225625 78400 693889 37249 198025 273529 564001 667489 5184 725904 42849 535824 913936 170569 476100 267289 651249 398161 28900 11881 73441 6400 154449 127449 74529 36 1849 5625 201601 461041 383161 145161 606841 265225 962361 360000 230400 6724 224676 48841 524176 662596 198916 964324 535824 649636 498436 67600 125316 94249 889249 64 705600 118336 940900 710649 571536 446224 632025 275625 104329 216225 443556 393129 27225 57121 312481 279841 430336 552049 429025 364816 720801 50625 255025 85849 613089 88209 388129 881721 33489 952576 231361 432964 770884 310249 2809 385641 633616 25 154449 389376 921600 6889 354025 550564 56644 81 700569 3600 603729 712336 540225 614656 861184 904401 30276 404496 297025 784 638401 3025 921600 6561
19044 5776 271441 264196 38025 425104 8836 933156 50625 126736 156816 459684 917764 136161 205209 374544 73441 729316 145924 40401 73984 362404 620944 27889 452929 561001 104329 461041 861184 9409 190096 219024 731025 8464 11664 111556 222784 258064 793881 583696 278784 169 401956 515524 783225 372100 75076 133225 9025 5476 833569 62500 5476 703921 169744 75625 32041 16 14161 10201 624100 599076 232324 525625 603729 42436 306916 51529 4624 929296 813604 227529 75625 870489 45369 177241 187489 47089 344569 893025 9604 332929 155236 364816 872356 385641 8100 312481 1000000 383161 866761 797449 487204 435600 64009 101124 9604 252004 654481 868624 383161 35721 260100 45796 483025 840889 874225 233289 8100 790321 275625 144400 102400 550564 313600 73441 18225 576 722500 194481 47524 3844 172225 407044 459684 64 702244 430336 756900 327184 32400 444889 1 5184 204304 40000 417316 198916 702244 982081 756900 206116 506944 1089 527076 692224 274576 133956 156025 447561 763876 549081 28900 682276 714025 152881 6561 571536 393129 216225 290521 11449 13689 643204 56169 336400 383161 363609 399424 294849 79524 16129 889249 915849 266256 14641 1369 123201 20164 714025 850084 187489 98596 697225 17424 22201 14641 77284 149769 58081 35344 1681 363609 831744 1521 925444 3969 594441 487204 192721 674041 714025 1296 565504 26244 133225 441 379456 115600 1 784996 824464 232324 173056 400 643204 755161 755161 96100 10201 228484 961 148996 972196 95481 652864
1681 576081 19321 970225 197136 923521 311364 75076 40401 139129 77284 887364 788544 42025 66564 64516 350464 62001 271441 810000 64 302500 16 64 877969 826281 690561 277729 473344 225625 592900 19881 193600 556516 6561 96721 330625 145924 12321 57600 710649 227529 518400 263169 88209 842724 470596 576081 633616 350464 931225 21025 438244 374544 328329 20736 311364 108241 75625 306916 373321 644809 16641 538756 14884 11881 13689 4096 71289 477481 89401 697225 408321 894916 4096 30276 268324 141376 664225 1000000 5625 94249 484416 594441 739600 815409 538756 968256 564001 82369 635209 672400 1444 758641 145161 261121 24964 166464 567009 37249 913936 870489 157609 53824 168921 128881 70756 252004 434281 236196 208849 915849 676 885481 3600 31329 341056 169 970225 183184 478864 71824 44944 34969 11664 958441 313600 801025 243049 14884 853776 40000 741321 16900 870489 65025 1521 351649 988036 846400 213444 191844 688900 106276 207936 813604 165649 976144 5329 962361 69696 166464 189225 256 817216 952576 495616 143641 179776 900 239121 902500 12996 299209 349281 126736 511225 145924 891136 164025 4356 408321 620944 894916 835396 67081 80089 608400 448900 797449 77284 5041 519841 250000 458329 167281 15129 6561 208849 28900 802816 3481 152881 59536 980100 99856 1156 5776 207936 204304 232324 894916 121 2401 447561 129600 14400 67081 78961 432964 27889 525625 127449 636804 431649 448900 40804 5776 751689 62500 898704 297025 900 609961 59049 202500 912025
305809 63001 315844 842724 98596 760384 550564 83521 51076 549081 608400 254016 361201 289 32041 417316 187489 175561 69696 435600 156816 376996 376996 201601 34596 327184 546121 289 664225 2116 164025 152881 95481 405769 354025 609961 225625 855625 501264 103684 850084 41616 813604 848241 265225 173056 8836 267289 564001 5776 5776 398161 398161 100 784 20164 276676 940900 765625 400689 7744 186624 660969 29929 1296 116964 998001 379456 1444 654481 707281 432964 90000 9 15625 624100 52900 156025 1369 10816 931225 241081 763876 401956 286225 777924 315844 337561 118336 462400 100489 85849 10201 24964 839056 438244 25600 594441 268324 258064 758641 10000 283024 22801 196 116964 950625 443556 33124 769129 246016 908209 692224 262144 38416 10404 108241 49284 247009 19044 128164 245025 837225 16641 112225 14884 349281 467856 186624 522729 22801 822649 106276 70225 594441 78400 43264 746496 196249 715716 487204 194481 434281 254016 11664 93636 281961 31329 1225 289444 78400 931225 374544 748225 302500 5776 556516 22500 31684 238144 342225 25281 683929 122500 303601 63001 777924 556516 148225 360000 306916 172225 3600 481636 227529 60025 390625 99856 316969 161604 97344 68121 352836 743044 65025 929296 429025 582169 485809 48400 201601 29929 556516 1444 40000 552049 876096 425104 198025 238144 585225 289 5776 662596 162409 158404 220900 290521 130321 168921 276676 842724 356409 576 90000 263169 54756 641601 34225 138384 37249 5929 177241 436921 541696 8649 238144 26244
55696 72361 298116 47089 281961 162409 480249 157609 456976 61504 781456 456976 767376 225625 352836 56644 595984 88804 284089 81225 725904 577600 203401 851929 793881 36481 306916 438244 6724 264196 44944 302500 66049 410881 4356 877969 285156 7225 390625 106276 190969 3249 571536 541696 42849 677329 133956 954529 829921 161604 883600 452929 435600 230400 580644 483025 225 239121 81225 683929 589824 511225 929296 410881 15876 26569 2500 16384 802816 355216 376996 197136 74529 238144 261121 395641 3136 17424 211600 320356 119716 996004 3600 495616 68644 703921 27225 32761 430336 60516 145161 470596 804609 756900 395641 1156 670761 656100 960400 762129 134689 552049 501264 72361 200704 685584 885481 476100 119716 848241 743044 588289 43264 889249 756900 588289 222784 216225 935089 5184 125316 524176 516961 1089 599076 260100 164025 1681 4761 874225 319225 879844 197136 976144 14400 6400 831744 47524 29929 467856 71289 156025 729 417316 171396 20164 15625 204304 56169 559504 37636 42025 737881 360000 21316 480249 278784 245025 2025 126736 343396 535824 218089 619369 558009 49 123201 15376 417316 370881 383161 128881 156025 117649 546121 52900 264196 509796 16900 7225 133225 534361 64 608400 32041 466489 239121 194481 2304 184041 24649 643204 116281 690561 290521 25600 289 45369 511225 326041 162409 996004 165649 297025 24336 15376 440896 509796 133956 707281 18496 101761 26569 567009 201601 912025 48841 237169 164836 988036 39601 660969 152881 286225 67600 383161 573049 297025 651249
588289 133956 217156 76729 432964 23716 842724 306916 577600 50176 30976 155236 458329 531441 37249 207936 306916 56169 266256 165649 96721 101124 393129 648025 15876 677329 227529 258064 763876 568516 389376 2500 3249 770884 7225 280900 207936 40804 935089 98596 164836 118336 222784 998001 441 336400 859329 499849 3721 756900 24336 717409 643204 264196 756900 264196 100 1849 9409 670761 148225 443556 492804 532900 407044 440896 137641 328329 246016 508369 42436 538756 45796 244036 870489 628849 229441 289 978121 946729 720801 925444 28224 133956 628849 225625 760384 579121 708964 577600 863041 466489 902500 7569 168921 369664 562500 900601 101124 93636 167281 400 250000 525625 35721 6889 1681 412164 106276 26569 602176 32400 976144 88209 521284 917764 467856 896809 675684 398161 62001 776161 431649 164836 54756 318096 305809 223729 767376 996004 795664 36864 712336 70756 743044 467856 385641 247009 6724 321489 419904 30976 514089 215296 199809 66049 133956 837225 724201 46225 874225 28900 720801 104976 11025 315844 672400 322624 925444 93025 571536 996004 146689 737881 804609 24025 195364 996004 592900 82944 90601 944784 73984 152881 33124 378225 20164 106929 917764 89401 171396 34969 842724 7396 57600 422500 291600 1225 219024 859329 7396 848241 273529 515524 705600 7569 2601 5184 198025 14884 266256 351649 591361 984064 345744 51984 271441 695556 7744 357604 129600 786769 16 443556 39601 327184 196249 35344 41209 394384 3721 543169 150544 8464 160000 80089 18496 36 744769 93025
119716 58081 8281 173056 4624 276676 125316 200704 937024 23716 3249 938961 923521 40401 160801 737881 521284 85264 288369 376996 1156 664225 788544 470596 724201 617796 5041 625 400689 82944 4 407044 17161 806404 627264 600625 354025 315844 136161 71289 276676 95481 592900 1369 762129 11664 136161 65536 43681 693889 140625 289444 179776 117649 16 988036 2601 18496 1936 223729 90601 283024 829921 512656 391876 465124 471969 271441 562500 181476 65025 13225 436921 345744 72900 245025 7225 375769 162409 705600 203401 585225 582169 456976 423801 93025 452929 76729 758641 23409 515524 190096 321489 58564 755161 448900 702244 885481 284089 3600 859329 23716 123904 6561 324900 76729 717409 11236 201601 8100 345744 154449 667489 848241 616225 297025 198025 214369 291600 96100 795664 251001 640000 480249 574564 603729 313600 233289 241081 45796 414736 931225 220900 748225 11025 912025 648025 656100 426409 391876 961 1 323761 10404 990025 788544 891136 44100 314721 772641 70225 622521 656100 70225 514089 2809 46656 81796 184900 925444 324900 73441 295936 938961 173056 40401 89401 294849 874225 195364 240100 322624 703921 549081 528529 893025 372100 669124 516961 436921 36 255025 170569 438244 46656 576 99225 36481 476100 270400 244036 280900 79524 544644 606841 431649 643204 335241 378225 239121 795664 16641 258064 20449 330625 576 237169 236196 910116 132496 3969 11881 71289 151321 88209 799236 22801 494209 324900 12100 654481 828100 407044 323761 829921 339889 906304 66564 442225 37249 824464
488601 853776 3025 324 41209 416025 84681 112896 529 283024 712336 22801 189225 622521 101124 5476 722500 56169 982081 16384 186624 505521 139876 169 75625 470596 550564 3249 375769 635209 784 254016 756900 609961 470596 512656 308025 85264 474721 30625 465124 41209 1600 731025 595984 579121 5929 207936 712336 231361 91204 66049 1225 729316 241081 238144 29929 42849 889249 20449 597529 266256 381924 690561 2025 822649 10609 328329 291600 3844 27889 75076 248004 91204 876096 929296 550564 595984 378225 14884 93636 11664 129600 281961 77284 46225 978121 695556 196 348100 159201 51984 465124 531441 532900 881721 228484 283024 485809 454276 819025 99225 972196 725904 145161 498436 48841 91809 675684 2209 4900 31329 588289 341056 409600 6724 309136 632025 978121 876096 870489 13225 149769 126736 16900 224676 710649 625 131769 383161 41209 3025 262144 877969 91204 434281 499849 244036 478864 831744 11664 240100 81796 193600 1156 88804 61009 863041 106276 485809 937024 986049 504100 133225 692224 179776 45369 44521 75625 196249 462400 425104 680625 767376 302500 16 1681 239121 33124 2116 29241 297025 571536 237169 129600 166464 619369 811801 444889 786769 322624 978121 42849 480249 430336 193600 848241 14400 705600 294849 546121 301401 76176 654481 64516 571536 136161 617796 103684 3600 195364 170569 3249 2916 85264 197136 891136 134689 43264 20164 54289 543169 988036 26244 324 281961 484 1764 72900 302500 85264 896809 112225 712336 550564 927369 199809 3136 269361 793881 512656 239121
308025 1 191844 859329 13225 216225 498436 334084 204304 484416 3025 28224 381924 670761 403225 703921 358801 756900 3136 857476 250000 42025 3600 524176 518400 2704 801025 582169 422500 320356 891136 670761 505521 958441 454276 654481 96100 944784 244036 64516 876096 378225 635209 579121 58564 484 877969 948676 660969 207936 632025 964324 160000 64516 66564 1681 121104 21025 64 27556 620944 56644 857476 30625 952576 84100 611524 137641 46225 17956 603729 996004 90000 687241 570025 329476 34596 546121 287296 96100 127449 531441 24336 667489 5625 705600 624100 831744 784996 67600 797449 110889 153664 762129 81225 47524 281961 466489 81 172225 27225 44100 783225 613089 22500 6724 21904 988036 594441 321489 69169 427716 129600 2809 779689 970225 222784 659344 998001 919681 913936 1369 231361 8836 797449 620944 937024 131044 636804 222784 640000 974169 462400 1521 316969 408321 126025 248004 164836 400 153664 144400 863041 20736 729316 641601 311364 293764 183184 378225 144400 117649 33856 312481 851929 54756 725904 103041 78400 550564 62001 324 662596 292681 504100 440896 7225 243049 929296 91204 260100 90601 193600 100489 881721 120409 115600 33489 646416 550564 319225 119025 212521 522729 853776 427716 193600 822649 461041 501264 15129 122500 256 549081 430336 1600 432964 6400 23716 573049 15129 298116 633616 690561 894916 69169 17956 342225 4761 9216 27225 835396 505521 2401 65025 66564 1225 257049 152100 224676 172225 249001 308025 68121 737881 574564 436921 23716 192721 94864 707281 189225 746496
736164 43681 403225 4096 469225 923521 51529 287296 573049 746496 37636 474721 923521 145161 1521 363609 84681 114244 152881 245025 887364 996004 276676 958441 484416 724201 34596 674041 191844 519841 69169 356409 305809 654481 3600 44521 63001 720801 506944 339889 13689 58564 262144 38025 73984 734449 203401 793881 491401 289 859329 861184 423801 9801 194481 168100 633616 358801 4225 300304 33856 51529 435600 552049 900 471969 293764 111556 582169 998001 14641 79524 258064 96100 254016 900 357604 32041 8281 189225 664225 144400 253009 47961 24025 585225 342225 83521 124609 790321 736164 2304 399424 259081 14884 15376 48841 1 53824 158404 710649 819025 52441 186624 495616 343396 208849 160000 964324 275625 476100 329476 7744 169 380689 687241 196 998001 537289 776161 27889 938961 156025 164836 416025 161604 227529 38025 4489 184900 670761 153664 430336 511225 95481 8100 40000 986049 968256 352836 904401 98596 184900 274576 792100 714025 868624 413449 213444 9409 565504 656100 152100 95481 14161 389376 142884 853776 276676 10816 68644 813604 267289 857476 444889 725904 853776 94249 271441 28900 633616 39204 509796 552049 48841 310249 217156 51076 2500 399424 3600 6724 294849 243049 393129 191844 876096 212521 103684 399424 799236 455625 712336 238144 23409 93025 739600 273529 171396 724201 300304 722500 440896 293764 49284 484 702244 484 599076 12100 765625 519841 492804 131769 209764 78961 605284 5776 298116 38416 100 644809 828100 166464 24649 385641 848241 109561 250000 660969 184041 316969 2704 448900
758641 36864 580644 174724 588289 8100 829921 30625 47524 313600 156025 239121 1764 574564 16641 172225 355216 779689 107584 324 889249 1681 611524 29929 749956 946729 184900 52441 702244 112896 55225 185761 741321 209764 21316 126736 537289 210681 65025 225 168100 97969 746496 891136 111556 163216 10404 62500 319225 921600 948676 35721 1225 976144 478864 440896 152881 970225 381924 74529 416025 786769 384400 7921 17689 641601 855625 348100 3600 929296 7056 992016 219024 1369 112896 786769 358801 225 136900 233289 705600 866761 1225 288369 2401 531441 435600 108241 687241 50176 76729 90000 106276 1156 982081 148225 4489 170569 608400 674041 558009 429025 241081 851929 4489 144400 49729 289 784996 553536 857476 614656 561001 58081 168921 306916 57121 19321 51076 67600 931225 344569 13689 349281 112896 44521 20736 47524 585225 866761 25281 119716 833569 921600 152881 4489 41209 700569 28561 630436 252004 454276 946729 148996 540225 338724 261121 238144 88804 97969 145161 34225 169 176400 129600 837225 770884 70225 106276 246016 253009 120409 295936 866761 866761 913936 452929 23104 799236 401956 948676 573049 189225 511225 980100 49284 887364 762129 199809 484 680625 719104 28900 275625 87616 5041 9604 329476 54289 237169 614656 923521 88209 23409 329476 192721 55696 680625 322624 153664 717409 783225 972196 206116 281961 318096 96721 101761 908209 131044 123904 11236 33489 14884 28224 40000 374544 3721 268324 369664 80089 400689 36100 115600 27889 731025 91204 52900 214369 81225 154449 10201 212521 76729 58564
16641 374544 441 37636 33856 95481 982081 111556 70225 565504 12100 236196 119716 518400 73441 269361 579121 280900 47089 52900 912025 562500 16 75076 938961 644809 196249 896809 331776 410881 68644 483025 256 226576 620944 99856 844561 27225 883600 289 267289 986049 227529 851929 739600 1156 99225 127449 627264 1156 674041 665856 301401 1936 118336 136900 35344 630436 749956 703921 61009 255025 753424 113569 303601 605284 801025 8649 921600 700569 54289 432964 837225 781456 209764 248004 700569 917764 79524 481636 22801 555025 541696 808201 643204 2304 29929 148996 459684 379456 183184 970225 693889 32041 64 14641 17424 86436 189225 208849 6561 327184 18769 348100 900 672400 487204 4900 205209 769129 50176 2809 13225 284089 16900 97344 349281 5184 633616 739600 887364 184041 12996 82944 980100 46656 448900 345744 299209 9409 28224 33124 97969 552049 338724 665856 123904 297025 978121 254016 737881 6400 283024 26244 302500 819025 30976 622521 573049 42436 927369 119025 540225 100 537289 351649 53361 211600 52441 688900 294849 504100 144400 40804 758641 34596 1444 760384 790321 902500 237169 30976 45369 395641 720801 190969 974169 200704 879844 707281 603729 192721 11449 145161 328329 147456 258064 207025 494209 160000 60025 104976 373321 144 250000 751689 497025 556516 98596 444889 12321 6889 732736 682276 195364 549081 972196 153664 1000000 278784 161604 538756 528529 8281 297025 454276 1225 124609 369664 152100 456976 101761 492804 625 586756 29584 9409 313600 413449 839056 617796 966289 56169 756900 35721 599076
469225 79524 463761 19600 544644 232324 65536 410881 2209 579121 62001 485809 27225 32400 570025 54289 69696 375769 9 42436 1444 14641 620944 162409 427716 729316 49 106276 29241 262144 294849 59536 13924 654481 249001 226576 935089 306916 253009 14641 178084 855625 606841 522729 976144 107584 260100 22500 950625 258064 264196 24964 540225 20736 841 227529 60025 4356 525625 574564 19044 190969 306916 37636 665856 992016 591361 25 426409 55696 952576 41209 640000 10404 135424 94864 879844 4356 772641 65025 165649 27556 150544 8281 370881 408321 801025 643204 123201 82944 662596 204304 844561 904401 927369 687241 78400 306916 389376 1600 336400 345744 846400 528529 117649 100 1936 380689 511225 38025 362404 60025 21316 741321 18769 101124 331776 311364 446224 5476 218089 210681 436921 275625 7569 72361 471969 67600 230400 142884 173889 170569 88804 128164 235225 96100 49 64009 88209 3721 302500 662596 75625 722500 73441 952576 492804 690561 576081 38025 5329 465124 12769 519841 822649 292681 180625 287296 341056 284089 574564 213444 8100 657721 144 597529 324 958441 459684 611524 19600 889249 205209 88804 495616 318096 811801 394384 48400 802816 998001 4096 964324 103041 69696 784 2601 454276 774400 155236 438244 824464 284089 55696 405769 16641 659344 174724 71289 906304 543169 140625 47961 7744 367236 101761 36100 146689 280900 34225 828100 408321 106276 440896 649636 6889 163216 720801 532900 103684 680625 120409 30976 5329 28224 334084 21025 67081 605284 19881 32400 734449 50625 321489 4624 444889 891136
380689 338724 784996 147456 240100 824464 841 964324 34969 405769 274576 356409 866761 664225 648025 628849 302500 200704 413449 14161 25921 221841 356409 133956 403225 19044 859329 990025 343396 26896 6084 534361 73984 332929 24336 61009 18496 71289 117649 23104 60025 137641 112896 839056 314721 1764 15625 462400 515524 1369 355216 952576 839056 15625 4 30976 883600 866761 410881 26569 616225 194481 48400 14884 154449 363609 521284 24649 419904 90601 27225 675684 962361 857476 434281 592900 801025 984064 881721 144 344569 436921 87025 170569 247009 524176 316969 145924 636804 37636 28224 414736 33856 40000 309136 811801 737881 6561 287296 61504 518400 321489 221841 147456 184041 568516 576 529 784996 142884 714025 32761 2116 4225 232324 585225 289 36864 435600 289444 804609 349281 3721 444889 38809 8464 86436 123201 9025 1 391876 680625 183184 244036 120409 51529 630436 608400 540225 256036 480249 933156 514089 168921 576 6889 133225 17956 883600 431649 937024 36481 910116 79524 298116 887364 255025 386884 206116 772641 467856 69696 2704 113569 337561 174724 40401 25921 57600 363609 844561 196249 900 534361 810000 762129 944784 242064 222784 988036 20164 222784 974169 2401 982081 992016 289444 439569 52441 4761 579121 11025 82944 923521 465124 732736 338724 189225 140625 654481 280900 57600 984064 61504 36 178084 345744 251001 93636 81796 269361 831744 574564 10404 982081 921600 885481 160000 54756 976144 559504 176400 211600 81796 4356 988036 502681 41616 71824 73984 762129 964324 298116 583696 53824 186624 13456 47961
98596 43264 662596 76729 66564 321489 55696 881721 976144 395641 980100 49729 16129 184041 60025 64009 452929 662596 44521 35344 667489 144400 534361 11881 185761 96721 52900 173056 10201 65536 956484 986049 39601 114921 982081 4761 2809 96721 3025 863041 123904 26896 29241 97344 226576 744769 425104 121801 13456 976144 232324 223729 891136 36481 11025 492804 443556 65025 173889 998001 509796 9216 370881 28561 32400 968256 824464 401956 19044 3364 853776 23409 379456 174724 532900 857476 683929 1296 35721 419904 71289 63001 210681 90000 817216 251001 846400 889249 198916 56644 113569 304704 198916 659344 313600 42436 956484 439569 734449 352836 66049 156025 960400 9 71824 797449 48400 855625 280900 10816 101761 110889 828100 37249 56644 494209 651249 29241 36481 240100 574564 390625 502681 3481 480249 57600 108241 893025 705600 459684 471969 44100 178084 93636 961 567009 788544 682276 18225 540225 222784 413449 186624 10201 112896 176400 238144 368449 219024 278784 312481 173056 268324 21316 958441 118336 189225 78961 85849 722500 724201 91204 729316 912025 381924 59536 186624 670761 324 150544 44100 40000 88804 562500 215296 26896 121 84100 272484 64 915849 978121 105625 600625 29241 196 571536 55225 281961 887364 455625 674041 602176 808201 14641 724201 707281 200704 660969 305809 770884 619369 369664 12100 3721 942841 123201 872356 902500 998001 119716 643204 292681 92416 3844 477481 772641 182329 26244 13225 620944 657721 17161 330625 994009 697225 622521 153664 29929 230400 19881 913936 591361 896809 915849 119716 1 68121 708964
248004 276676 912025 877969 42849 793881 929296 538756 923521 28224 348100 25600 24964 108241 67600 330625 267289 278784 550564 66049 591361 259081 164025 9025 198916 47524 352836 150544 8100 327184 37249 195364 101761 715716 281961 562500 762129 263169 804609 786769 338724 7569 302500 185761 225 62500 559504 77841 160000 8281 216225 48841 729 822649 268324 54289 714025 63504 810000 158404 417316 302500 3844 1156 142884 380689 463761 31684 151321 705600 116964 179776 25281 12544 66049 184900 249001 45796 879844 576081 962361 592900 466489 208849 263169 543169 2209 896809 705600 705600 729316 413449 632025 58081 34225 239121 111556 1024 71824 319225 30276 361 172225 178084 336400 491401 59049 46225 214369 755161 748225 294849 16384 810000 221841 44521 153664 34969 855625 100489 89401 462400 34969 643204 338724 961 485809 518400 255025 527076 840889 386884 349281 40804 71289 301401 295936 3136 589824 216225 576081 5476 473344 617796 19321 619369 409600 73441 600625 591361 157609 2209 695556 106929 535824 59049 64 40401 191844 58081 241081 177241 253009 887364 188356 6084 741321 339889 3600 692224 950625 2500 982081 582169 1936 929296 101124 435600 736164 829921 229441 39204 360000 81796 125316 687241 315844 774400 71824 889249 50625 739600 833569 345744 565504 908209 693889 580644 357604 900601 289444 84681 703921 4356 28561 4356 32761 976144 906304 665856 172225 258064 209764 552049 362404 180625 253009 249001 13225 412164 313600 338724 662596 30976 367236 861184 418609 100 403225 284089 695556 624100 45369 164836 906304 7569 792100 900 49284 210681
11881 6241 112896 956484 40804 286225 857476 702244 30625 23716 316969 381924 16129 88209 9604 534361 772641 173056 306916 27889 17956 36481 564001 722500 48841 705600 831744 166464 35721 306916 46656 20449 446224 139876 553536 474721 115600 30625 149769 215296 552049 314721 25600 330625 504100 599076 80089 289444 1681 30625 8836 3844 456976 299209 136900 34225 427716 30625 37249 82369 316969 212521 574564 900601 576081 154449 25600 101761 13924 267289 777924 40804 183184 390625 50176 82369 238144 648025 2401 611524 806404 12769 334084 141376 683929 396900 628849 28900 246016 940900 285156 11881 4225 212521 261121 758641 879844 226576 788544 403225 565504 312481 384400 1024 58081 145924 148996 100 194481 290521 710649 1 330625 44100 998001 113569 213444 25 41616 66564 41616 7569 640000 186624 91809 54756 614656 700569 44944 50176 199809 257049 729 111556 518400 432964 376996 67081 558009 667489 908209 616225 417316 697225 289 12321 169744 75625 298116 139876 579121 777924 93636 172225 859329 839056 438244 173056 242064 285156 52900 400 915849 58081 378225 591361 25281 732736 40401 71289 617796 194481 425104 368449 4356 893025 698896 346921 670761 194481 556516 942841 28561 269361 687241 760384 986049 443556 687241 695556 42849 4096 24964 208849 211600 715716 108241 36 588289 225 617796 1225 543169 444889 150544 577600 438244 595984 534361 25 866761 1296 582169 13924 232324 209764 617796 101124 801025 70225 254016 16384 544644 321489 164025 279841 55696 5776 395641 515524 256036 85849 99225 664225 400689 720801 968256 66564 643204 132496 110889
102400 374544 724201 46656 976144 462400 801025 30276 294849 179776 2304 270400 643204 473344 405769 714025 702244 72900 129600 222784 399424 152100 326041 108241 337561 651249 180625 55696 78400 857476 616225 656100 633616 54289 234256 227529 850084 720801 67600 45369 191844 391876 456976 68121 186624 145161 831744 591361 876096 627264 121 184041 763876 758641 84100 198025 383161 817216 168100 175561 636804 110889 16641 77841 71289 322624 152100 126736 492804 216225 628849 592900 126736 140625 160801 25921 779689 206116 700569 91809 3969 853776 784 669124 948676 149769 240100 458329 956484 597529 964324 638401 131044 22801 259081 181476 576 749956 636804 490000 543169 929296 181476 956484 769129 885481 147456 182329 43681 606841 456976 292681 393129 49 432964 543169 336400 640000 113569 20449 391876 313600 994009 169 65025 267289 73441 15129 964324 243049 611524 94249 1024 355216 608400 3136 820836 179776 6889 412164 40804 600625 2500 531441 193600 81225 521284 327184 649636 54289 10404 648025 2500 279841 355216 291600 817216 549081 367236 477481 172225 597529 600625 152881 17161 477481 958441 484416 665856 216225 30976 4096 474721 104329 64 998001 32041 1024 589824 393129 7056 32400 107584 705600 165649 470596 586756 670761 28900 271441 273529 15129 367236 128164 502681 66049 586756 954529 32041 236196 549081 211600 57121 8649 123904 22201 4900 216225 597529 115600 45796 389376 383161 715716 471969 641601 49 961 441 96100 511225 1369 950625 2704 736164 92416 23104 712336 190096 204304 725904 894916 588289 678976 702244 5184 96721 276676 123904 140625 5929 198916
267289 454276 819025 55225 451584 394384 91204 576081 14161 547600 13225 490000 17161 463761 222784 900 636804 5329 380689 480249 687241 676 649636 18225 37249 253009 145924 111556 262144 444889 589824 853776 396900 893025 71824 469225 478864 876096 435600 128164 23409 53361 492804 278784 65536 3721 153664 992016 285156 5625 137641 970225 77284 53824 988036 23409 225 271441 532900 76176 56644 160801 170569 35344 864900 198916 278784 173889 678976 160000 824464 19321 400 295936 323761 158404 85849 152100 527076 95481 1600 98596 47961 301401 613089 980100 186624 628849 470596 152881 52441 247009 273529 3721 708964 22801 17956 968256 917764 294849 864900 213444 223729 644809 17424 5476 26896 36864 209764 4096 185761 25921 17956 12769 68644 404496 242064 389376 100 765625 173889 400689 609961 614656 201601 337561 9025 616225 384400 256 88804 52441 1225 278784 81 185761 1444 490000 306916 265225 171396 682276 265225 978121 401956 521284 471969 756900 133956 112225 139876 231361 667489 208849 614656 23716 390625 7569 724201 34969 848241 69169 737881 36864 729 244036 480249 640000 36 813604 119716 952576 48841 398161 606841 19600 625681 98596 492804 40000 234256 408321 343396 339889 43681 310249 793881 30976 255025 261121 77284 195364 2916 100489 6084 46656 329476 944784 660969 184041 50176 861184 76176 305809 29584 395641 246016 662596 47524 225 403225 883600 62500 152100 98596 519841 933156 665856 958441 840889 87616 23104 256 87616 996004 881721 477481 398161 857476 538756 255025 49284 14161 29241 30625 346921 677329 293764 201601 149769 187489 906304 349281
15876 114244 82944 5929 525625 93025 205209 891136 624100 33124 119716 186624 887364 864900 688900 229441 283024 37636 648025 808201 37636 112225 17161 103684 271441 47961 8649 358801 12769 514089 3600 697225 208849 57121 2916 808201 214369 454276 337561 16641 351649 438244 416025 25921 724201 632025 55696 16641 944784 42025 92416 19600 15876 22801 898704 156025 373321 354025 831744 401956 111556 70225 753424 249001 1600 942841 613089 3364 395641 660969 595984 407044 1000000 576 7744 756900 83521 244036 961 21904 214369 515524 609961 231361 154449 272484 20164 585225 118336 238144 336400 104976 159201 4096 147456 301401 877969 396900 410881 16900 52441 724201 256036 119716 815409 15876 36864 577600 632025 376996 74529 29584 5929 233289 484416 837225 4 687241 368449 599076 174724 946729 687241 263169 900 857476 97969 234256 156816 448900 138384 12769 659344 465124 549081 26569 219024 316969 224676 992016 670761 7569 398161 38025 608400 1369 408321 290521 477481 337561 225625 431649 577600 881721 692224 624100 55696 1681 12100 674041 44521 855625 103041 139129 408321 579121 183184 2116 225 46225 286225 923521 66049 78961 349281 228484 868624 379456 22201 964324 158404 289444 78400 535824 441 223729 244036 12321 58564 946729 156816 291600 720801 32761 18496 16129 171396 659344 413449 4225 509796 101124 4624 12321 506944 919681 384400 318096 345744 91809 786769 184041 403225 51076 470596 401956 297025 881721 620944 674041 589824 203401 92416 801025 50625 170569 804609 783225 589824 769129 128164 731025 67600 474721 613089 484416 334084 504100 680625 605284 320356 139129 797449 688900
467856 522729 77841 483025 166464 345744 53361 42849 156816 980100 268324 471969 322624 11025 1764 298116 240100 439569 379456 1296 399424 360000 676 451584 724201 708964 81225 996004 3364 451584 492804 784996 258064 239121 36481 293764 225 481636 205209 184900 2116 39601 432964 174724 75076 339889 3844 232324 58564 133956 28224 58081 52900 214369 23104 233289 356409 669124 894916 11449 90601 279841 986049 233289 906304 591361 508369 3721 508369 828100 900601 758641 72361 561001 429025 142884 14641 583696 992016 426409 454276 866761 19600 817216 84100 760384 410881 801025 212521 327184 31684 480249 354025 105625 4 154449 654481 85264 13456 128881 361201 38809 230400 366025 59049 625681 68121 532900 313600 55225 92416 291600 874225 613089 910116 712336 643204 497025 38416 45369 42025 137641 272484 272484 89401 166464 147456 810000 20164 20164 244036 1521 378225 682276 66564 7921 219024 715716 164025 2304 804609 194481 321489 366025 85264 815409 350464 538756 570025 524176 133225 42025 23104 487204 436921 251001 129600 466489 375769 116964 199809 336400 769129 734449 74529 246016 715716 65025 438244 381924 16900 697225 7396 835396 7396 389376 63001 485809 90000 334084 608400 842724 683929 70756 107584 996004 10404 597529 166464 211600 573049 853776 5776 407044 403225 846400 222784 76176 318096 11449 688900 697225 55696 164836 280900 72361 4225 443556 35721 3249 49284 158404 729 729 235225 336400 521284 75625 767376 119716 784996 36100 915849 793881 804609 9216 60025 19881 29241 289 602176 591361 14884 2025 219961 159201 547600 25921 145161 1 226576 986049 418609 87025 227529
190096 243049 461041 128881 289444 190096 55696 93025 790321 56644 376996 109561 12996 480249 146689 923521 756900 249001 16641 40401 529 136900 51076 148996 5184 7921 481636 166464 573049 641601 24025 276676 349281 893025 354025 659344 390625 804609 35721 199809 896809 724201 13225 788544 27889 81225 295936 285156 162409 13225 113569 2304 451584 528529 108241 410881 158404 61009 831744 272484 39204 961 309136 837225 298116 33856 10201 330625 76729 635209 498436 541696 950625 527076 104976 815409 844561 698896 712336 328329 835396 737881 580644 41209 56644 613089 329476 592900 5184 915849 2601 630436 269361 558009 22201 169 73984 729316 998001 848241 61504 321489 1521 81225 417316 767376 27556 66564 160000 727609 271441 432964 698896 44944 207936 15129 857476 160000 640000 996004 208849 27225 66049 434281 582169 8281 53824 698896 715716 1369 126736 338724 73984 143641 71289 954529 210681 135424 5929 5776 49284 284089 388129 49729 672400 322624 700569 23409 3969 40000 11664 276676 835396 24964 289 172225 824464 235225 257049 72900 619369 95481 484416 559504 756900 14884 257049 58081 285156 339889 984064 1600 374544 660969 712336 161604 27889 44521 820836 30976 488601 458329 900601 55225 550564 13924 501264 783225 148225 148996 633616 105625 937024 306916 43681 942841 688900 729316 322624 822649 198916 815409 248004 547600 370881 88209 40401 703921 233289 746496 19044 806404 622521 524176 591361 80089 131769 788544 14884 599076 228484 24025 25 484416 3249 617796 8281 189225 221841 712336 306916 448900 751689 81796 506944 280900 970225 741321 14161 379456 595984 471969 255025 319225 173056 351649
435600 462400 719104 61009 797449 731025 233289 617796 857476 91204 452929 302500 477481 94864 425104 614656 405769 697225 380689 168921 488601 913936 933156 866761 372100 11236 23104 106929 33489 966289 251001 12769 53824 322624 652864 75076 501264 253009 178084 751689 290521 285156 378225 537289 159201 804609 152100 556516 67600 628849 35721 950625 719104 842724 391876 297025 447561 687241 7056 173056 4225 7056 565504 36481 90601 74529 241081 283024 169 898704 34225 265225 6724 58081 300304 625681 328329 585225 461041 39601 576081 477481 630436 622521 227529 4225 657721 196249 815409 962361 829921 537289 29584 393129 384400 729 509796 386884 38025 519841 201601 110889 78961 106276 67081 217156 39204 646416 76729 786769 81225 189225 776161 448900 755161 919681 337561 108241 760384 579121 913936 9409 106929 49284 944784 36100 13456 24336 97969 487204 160000 366025 143641 974169 99856 144 413449 4624 374544 763876 103684 529984 976144 170569 891136 39204 177241 259081 331776 234256 736164 13689 219961 744769 876096 41209 47961 370881 657721 544644 504100 253009 221841 531441 729 484416 693889 10816 3136 152100 34225 408321 50176 81796 894916 275625 994009 839056 173056 9409 565504 35721 133225 540225 364816 302500 559504 343396 398161 53361 376996 133956 935089 275625 4356 197136 776161 251001 132496 198916 129600 889249 35344 55225 49729 2116 652864 4096 74529 156816 641601 879844 239121 290521 190969 968256 751689 44100 372100 5184 232324 405769 409600 15625 51076 527076 73984 183184 160801 330625 408321 414736 164025 835396 133225 675684 239121 505521 833569 170569 1156 6241 311364 216225 792100 80089 112225
938961 289444 328329 321489 230400 3249 893025 476100 18769 362404 7396 323761 556516 863041 558009 198025 14161 86436 101761 404496 872356 178929 37249 269361 36481 833569 772641 944784 400689 556516 314721 436921 121104 52441 321489 305809 345744 770884 749956 121801 154449 896809 577600 139129 23716 100 124609 443556 115600 514089 49284 60025 484416 150544 579121 233289 19044 700569 101761 261121 96721 269361 60516 779689 833569 100489 39204 20449 184041 208849 183184 538756 381924 26569 544644 71289 11449 792100 212521 42436 66564 117649 675684 108900 78400 152100 152881 12996 956484 810000 110889 996004 902500 744769 39204 163216 26896 220900 64516 372100 755161 3364 461041 416025 298116 289444 121104 236196 480249 958441 27889 400 43264 527076 63001 50176 842724 174724 772641 755161 58564 178929 436921 266256 80656 1369 13924 556516 42436 638401 887364 328329 85849 573049 100 154449 194481 217156 361201 172225 476100 175561 351649 244036 35721 498436 743044 172225 76176 47089 861184 476100 58081 99225 56644 835396 695556 9604 350464 455625 990025 169744 303601 670761 2401 55696 820836 592900 544644 226576 97969 972196 693889 58564 138384 822649 498436 839056 336400 18225 5776 484416 51529 223729 628849 567009 288369 95481 218089 562500 685584 45796 720801 69169 201601 16129 839056 63504 529984 90601 537289 3136 853776 1936 423801 662596 362404 216225 725904 38416 529984 31684 44521 186624 145161 272484 85849 350464 271441 89401 329476 514089 431649 868624 613089 69696 9801 868624 222784 219961 974169 18769 252004 43264 6241 375769 893025 822649 318096 49729 1600 118336 114921 15376 413449 5184 883600 476100
14400 652864 700569 193600 3136 173889 413449 919681 49284 844561 182329 71824 17689 181476 25921 186624 660969 429025 395641 72361 37249 134689 630436 51984 292681 252004 522729 802816 20449 303601 375769 597529 49729 337561 396900 23716 326041 559504 119025 43264 145161 813604 725904 624100 355216 30976 465124 547600 664225 290521 452929 931225 38025 270400 504100 9 372100 324900 804609 829921 8836 885481 938961 729 534361 790321 224676 27225 237169 305809 277729 783225 902500 161604 16384 175561 117649 97969 2704 982081 360000 966289 588289 824464 824464 6561 915849 156025 474721 46656 292681 137641 203401 762129 4761 160801 100 592900 82944 535824 603729 17161 164025 24025 56644 784996 76729 950625 980100 657721 91204 850084 275625 194481 436921 831744 697225 217156 78400 35344 7569 447561 40804 241081 108241 923521 705600 724201 636804 94249 763876 16641 310249 842724 483025 30976 78400 72361 145924 96100 866761 53361 470596 25921 574564 640000 784996 338724 36481 3136 608400 284089 154449 29584 24025 889249 680625 762129 122500 961 894916 688900 484416 191844 63001 161604 570025 77841 2500 247009 38025 879844 102400 116281 2704 417316 308025 441 44944 334084 385641 594441 145924 841 595984 178929 46656 980100 4900 494209 2916 404496 729316 101761 19881 326041 497025 184041 544644 55225 374544 850084 21904 423801 336400 683929 85264 835396 274576 21316 429025 950625 978121 444889 900 700569 385641 254016 412164 544644 722500 203401 343396 942841 136900 226576 10816 45796 972196 380689 2401 63001 61504 16384 29584 426409 271441 256036 804609 8100 25600 193600 136900 872356 565504 846400 409600 184900 5329
467856 289444 324900 318096 231361 923521 88209 781456 455625 380689 8100 562500 826281 202500 519841 935089 781456 12996 18496 567009 478864 515524 409600 919681 328329 477481 139876 178929 185761 883600 549081 349281 19881 32761 186624 968256 25600 55696 799236 212521 316969 351649 10816 275625 529 384400 31329 124609 940900 788544 20164 238144 606841 286225 799236 842724 556516 145161 864900 801025 331776 71289 822649 236196 687241 179776 921600 61009 521284 121801 149769 3600 146689 96721 702244 25 20736 321489 471969 1936 27556 494209 88804 717409 280900 446224 795664 256036 447561 19044 243049 199809 14641 435600 885481 467856 101124 76729 9801 609961 1600 38416 422500 361 195364 511225 170569 154449 160801 68121 555025 273529 280900 491401 16 104329 891136 579121 540225 36864 964324 950625 417316 17956 3844 611524 13456 145924 11664 485809 29584 21904 372100 497025 12769 237169 64009 589824 921600 792100 921600 21025 328329 14400 47524 106929 92416 594441 4 508369 158404 338724 78400 72900 98596 700569 617796 25600 677329 463761 501264 55225 648025 573049 69169 2116 17161 84681 841 366025 234256 883600 6241 203401 144 93025 556516 528529 31684 490000 765625 165649 1521 452929 765625 751689 39204 480249 121 4624 354025 44100 574564 255025 121801 844561 310249 29584 931225 455625 34225 630436 483025 746496 168100 719104 646416 219024 846400 654481 349281 115600 190969 670761 143641 174724 398161 714025 762129 558009 337561 872356 625681 147456 17956 263169 403225 654481 255025 665856 85849 153664 781456 266256 448900 925444 376996 341056 63001 276676 209764 25600 576 5776 45796 416025 567009 974169 193600 99856
112896 37249 131044 665856 246016 52900 118336 104976 78961 217156 659344 46656 4225 931225 416025 384400 26896 75076 197136 619369 906304 12321 167281 250000 119025 824464 925444 404496 667489 173889 207936 421201 171396 329476 251001 509796 128881 23409 657721 26244 509796 476100 396900 75076 474721 323761 164025 118336 198916 80656 422500 651249 58564 24025 891136 499849 710649 263169 396900 779689 243049 770884 501264 245025 88209 271441 7225 368449 541696 970225 245025 338724 156025 874225 31684 879844 194481 35344 13456 103684 707281 266256 94249 41616 652864 4624 299209 739600 708964 299209 277729 28900 528529 657721 779689 741321 166464 14641 331776 815409 46225 142884 293764 568516 28561 389376 343396 815409 61009 462400 119025 531441 436921 763876 877969 16129 214369 27889 48841 154449 739600 400689 1936 1444 476100 879844 14400 16129 47089 131769 2209 720801 299209 394384 676 139129 261121 646416 45796 488601 478864 84100 535824 4 751689 470596 56644 126025 894916 93636 5184 39601 5476 824464 940900 400 461041 549081 182329 544644 169744 473344 258064 117649 131044 280900 343396 99856 169744 231361 2025 108900 396900 16129 248004 432964 401956 917764 458329 103041 256036 94249 144400 186624 403225 476100 185761 70225 808201 887364 342225 861184 166464 168921 75625 95481 93636 27225 921600 292681 101124 15376 960400 37636 3025 688900 151321 431649 180625 729 156816 458329 22801 196 64 362404 982081 141376 250000 4356 156816 992016 643204 19044 799236 297025 467856 540225 8836 605284 779689 454276 60025 26244 30276 174724 139129 169744 7569 760384 48841 329476 632025 451584 46225 27556 3844 30976 651249 156816 291600
403225 84100 654481 799236 122500 69169 408321 269361 335241 222784 822649 156025 85849 22500 295936 576081 239121 50625 348100 267289 430336 40804 91204 10000 570025 14400 85264 44521 264196 806404 158404 476100 15129 605284 3025 121 396900 5329 142129 289 795664 946729 265225 167281 743044 11236 37249 324900 927369 946729 799236 226576 576081 199809 309136 670761 33489 14884 958441 988036 8464 688900 38025 573049 33856 863041 6084 305809 632025 851929 511225 937024 373321 101761 749956 388129 90601 678976 341056 338724 75625 291600 603729 3969 380689 17956 491401 59049 1000000 300304 467856 927369 155236 915849 467856 643204 154449 357604 56644 948676 431649 1936 342225 78400 465124 456976 366025 12321 313600 25281 373321 287296 342225 731025 762129 181476 80089 96100 311364 266256 37249 280900 481636 310249 21316 254016 962361 30976 635209 877969 230400 324 970225 591361 5929 528529 139876 110889 511225 372100 11881 202500 6084 94864 117649 178084 758641 169744 438244 9409 927369 364816 64 210681 1849 211600 426409 859329 15625 50625 422500 350464 898704 9801 249001 654481 35721 197136 21316 29584 597529 622521 314721 44521 707281 24649 250000 261121 104329 203401 394384 4225 400 797449 85264 14161 145924 109561 47961 769129 136161 63001 416025 529 652864 13456 118336 178929 23409 1000000 144 32761 292681 233289 774400 49284 108900 779689 210681 190969 3481 942841 396900 588289 529984 597529 19321 40401 146689 59049 426409 6241 239121 835396 580644 923521 5929 223729 17161 54289 156816 582169 167281 833569 259081 473344 4761 143641 69169 252004 417316 155236 400689 756900 192721 144400 81 541696 103684 61009 57600 270400
156816 7744 998001 698896 7569 792100 624100 82944 4096 363609 56644 467856 470596 73984 667489 215296 695556 248004 37249 408321 41209 32761 66564 511225 24025 5625 91204 609961 118336 230400 54756 171396 242064 178929 672400 186624 213444 683929 170569 69696 868624 287296 36481 792100 107584 559504 320356 454276 622521 447561 180625 874225 524176 736164 868624 33489 579121 866761 223729 906304 729316 128164 27889 22500 710649 109561 708964 61009 243049 516961 255025 78961 152881 919681 198025 769129 391876 400689 609961 226576 514089 129600 91204 693889 765625 52900 839056 4225 574564 64 14884 121104 32400 815409 8281 155236 53824 110889 54756 562500 394384 3969 79524 216225 842724 289 56169 273529 688900 303601 379456 549081 883600 3249 89401 299209 5184 174724 202500 202500 391876 80089 105625 565504 418609 585225 933156 636804 114244 87025 110224 657721 237169 124609 502681 326041 297025 368449 66564 77284 651249 219024 284089 80656 78400 734449 7056 196249 447561 546121 380689 18225 25921 25921 613089 804609 80089 561001 311364 419904 76176 879844 900 194481 512656 123201 184900 205209 95481 376996 177241 232324 19600 17689 246016 171396 304704 61504 74529 53361 1764 50625 309136 116964 72361 168921 278784 132496 495616 94249 385641 859329 14884 186624 3249 948676 576081 370881 946729 168100 435600 100489 81 65536 839056 257049 763876 648025 502681 306916 748225 964324 327184 416025 221841 128164 210681 118336 330625 495616 935089 483025 97969 547600 279841 421201 700569 67081 42025 24649 12769 305809 685584 13924 142129 27556 28224 398161 58564 624100 191844 3844 21025 289 185761 471969 781456 608400 592900 124609 410881 656100 15376
481636 337561 518400 2116 121801 722500 123201 207936 744769 741321 135424 552049 126736 91809 5625 186624 72361 357604 289444 960400 176400 652864 68121 232324 425104 961 293764 388129 257049 139129 88209 375769 5184 772641 577600 659344 7225 23104 9025 34596 660969 120409 257049 18496 499849 38809 1296 504100 813604 226576 474721 214369 18496 57600 75625 262144 379456 17161 763876 820836 651249 133956 599076 86436 350464 687241 8649 931225 412164 908209 948676 984064 5625 954529 425104 24649 900601 93636 931225 781456 25 443556 599076 91204 3481 756900 206116 236196 110224 156816 217156 441 279841 38025 784996 687241 628849 221841 690561 373321 75076 786769 207025 954529 46225 37636 284089 197136 39204 23716 152881 310249 990025 561001 239121 763876 373321 199809 925444 405769 42436 292681 12769 84100 13225 264196 531441 73441 1936 219024 504100 193600 588289 71824 27225 243049 946729 2116 937024 202500 724201 2809 2304 917764 86436 685584 47524 824464 904401 110224 76176 379456 635209 205209 216225 16384 330625 6724 309136 130321 119716 262144 870489 69169 25281 112225 438244 636804 13689 558009 693889 431649 299209 309136 24336 50625 734449 8836 705600 295936 232324 675684 346921 323761 289444 43681 693889 323761 1936 207025 868624 819025 885481 640000 378225 23716 933156 443556 498436 126736 512656 687241 207025 851929 235225 35344 528529 469225 104976 162409 641601 680625 330625 31329 17161 556516 126025 641601 100489 597529 29584 14400 158404 436921 921600 18769 769129 82369 81225 60516 162409 375769 293764 373321 215296 200704 373321 518400 556516 781456 904401 76729 522729 19321 558009 544644 241081 117649 398161 211600 65025 149769 291600 400
76176 1089 6400 835396 444889 628849 11664 57600 14884 573049 38025 36481 18225 99856 206116 419904 374544 700569 86436 10404 698896 467856 722500 22201 504100 164025 372100 115600 2500 418609 75076 783225 151321 906304 326041 588289 7396 219961 8836 435600 322624 319225 261121 253009 473344 8281 677329 331776 9801 765625 366025 887364 386884 154449 806404 707281 33489 893025 933156 110889 222784 531441 342225 161604 442225 129600 724201 27889 431649 360000 97344 976144 50625 802816 19600 772641 116281 582169 4 267289 92416 381924 676 147456 248004 326041 103684 249001 172225 467856 360000 142129 2116 795664 478864 41616 331776 152881 8836 131044 37249 463761 690561 505521 912025 65536 62500 692224 288369 115600 19321 175561 85849 777924 38416 444889 630436 152100 662596 525625 705600 434281 18496 248004 355216 727609 363609 350464 117649 48841 383161 31329 678976 688900 362404 335241 737881 516961 52441 900 26896 722500 50625 364816 11881 1 929296 385641 14641 181476 687241 401956 342225 20164 90601 313600 97344 24025 73984 217156 811801 1296 3249 697225 417316 828100 94864 235225 152100 190969 230400 649636 34225 251001 802816 795664 458329 316969 567009 331776 21025 212521 373321 900 275625 410881 946729 316969 915849 235225 541696 160000 4356 310249 519841 182329 22201 4225 276676 6084 321489 338724 274576 251001 692224 239121 147456 669124 372100 848241 546121 534361 103684 78400 473344 577600 30276 495616 490000 58564 638401 138384 900 306916 15625 12544 144 870489 24649 184900 72361 407044 40804 188356 553536 619369 491401 164025 8836 1600 18496 620944 19881 641601 142884 135424 643204 56644 10000 65025 436921 470596 509796 900601 929296
925444 630436 284089 72900 522729 153664 156025 390625 227529 122500 426409 99856 109561 316969 624100 700569 516961 168100 17956 302500 348100 283024 432964 13924 106929 313600 912025 446224 124609 961 416025 994009 31684 355216 844561 515524 235225 417316 277729 175561 887364 1849 278784 652864 172225 94864 394384 739600 518400 153664 310249 344569 298116 24649 715716 237169 251001 375769 198916 1296 240100 125316 257049 474721 56169 197136 71289 103684 130321 966289 675684 99856 225625 996004 126736 283024 85849 39204 241081 555025 101761 877969 83521 44100 198025 31329 974169 159201 505521 638401 748225 767376 75076 418609 76729 45369 769129 737881 474721 45796 1024 467856 725904 436921 532900 480249 11449 5929 180625 741321 13924 136900 67600 687241 78961 652864 577600 115600 565504 461041 368449 4 342225 125316 10816 874225 946729 190096 346921 765625 271441 256 614656 833569 160801 57121 665856 552049 443556 97344 739600 302500 35344 974169 7569 79524 99225 13924 408321 1521 98596 463761 543169 302500 2209 751689 338724 14161 167281 119716 99225 422500 208849 116964 831744 170569 110224 556516 73984 378225 707281 988036 351649 492804 10609 744769 7569 269361 328329 494209 744769 925444 389376 148225 693889 25 561001 840889 736164 309136 6400 273529 38416 3969 487204 41209 355216 712336 703921 779689 12100 70225 133225 256 17161 106929 1296 863041 409600 1521 252004 576 21025 935089 55696 592900 842724 900601 509796 2209 440896 565504 25921 101124 501264 6084 262144 29584 438244 219961 817216 6561 228484 225 15876 99225 5625 599076 357604 48400 5329 67081 853776 256 765625 49 783225 236196 58081 103684 349281 7056 316969 243049 11025 262144
25921 931225 541696 248004 311364 48400 1936 168921 88209 301401 316969 78400 131769 51529 635209 853776 786769 52900 11025 620944 506944 76729 15625 363609 18769 678976 724201 109561 454276 961 976144 51076 509796 320356 14641 625 532900 828100 249001 113569 11025 17689 26244 531441 140625 504100 57600 2304 259081 19044 831744 456976 643204 5476 781456 160000 355216 293764 134689 261121 864900 662596 690561 743044 697225 267289 720801 393129 553536 11236 187489 736164 90000 690561 26896 746496 948676 19881 357604 376996 44521 24336 815409 87616 79524 3721 163216 318096 238144 12996 58564 24649 352836 531441 652864 270400 181476 1521 202500 21025 367236 316969 44521 883600 813604 831744 504100 480249 627264 720801 522729 311364 329476 78400 77284 898704 423801 274576 841 360000 45796 376996 212521 74529 249001 443556 36100 580644 316969 741321 327184 137641 998001 16 270400 127449 430336 659344 361201 1849 362404 407044 614656 160801 368449 18769 14400 117649 432964 524176 465124 946729 964324 974169 191844 181476 674041 851929 8281 439569 336400 83521 30625 7921 534361 10201 49729 26244 426409 351649 620944 57121 9604 144400 683929 380689 55696 299209 1024 335241 776161 741321 93636 10000 463761 176400 465124 6724 246016 156025 169744 2809 710649 2304 174724 418609 516961 2116 688900 144 10201 36864 438244 966289 529984 32761 430336 2601 494209 69696 273529 608400 238144 172225 102400 125316 258064 649636 724201 63504 463761 346921 4489 249001 2116 638401 638401 685584 215296 27889 69169 112225 487204 609961 640000 20449 186624 62500 16129 12321 44521 127449 770884 974169 912025 1521 617796 180625 521284 680625 889249 24336 73984 1 10404 407044 900
251001 228484 117649 519841 592900 487204 64009 824464 391876 76729 24964 4489 126736 409600 87025 393129 597529 232324 741321 401956 324 73441 732736 739600 137641 36 835396 339889 708964 879844 38809 112225 421201 857476 828100 116281 562500 885481 70756 117649 129600 781456 944784 485809 119716 877969 198025 177241 3249 152100 1681 58564 992016 21025 529 171396 667489 792100 326041 1000000 990025 490000 473344 23716 100 813604 380689 398161 811801 122500 252004 518400 541696 23716 9 90000 76729 14884 80089 644809 605284 2116 608400 741321 465124 44944 10816 712336 608400 2304 85264 2304 940900 82369 976144 187489 160801 784 13689 7744 946729 11881 294849 11025 254016 75076 99856 652864 170569 188356 553536 422500 52900 693889 948676 24964 356409 207936 156816 291600 89401 16384 582169 456976 20736 13689 55225 13924 599076 55225 173889 145924 321489 662596 252004 8281 6561 961 1849 204304 522729 811801 396900 87616 9216 625 292681 50625 248004 208849 17161 43681 32041 670761 910116 243049 580644 184041 2025 915849 833569 123904 33856 24336 22801 576081 56644 289 250000 184900 186624 114921 495616 602176 56644 396900 986049 451584 89401 511225 3481 103041 12544 71824 3721 227529 624100 459684 659344 199809 534361 646416 474721 175561 20164 41209 14400 625681 885481 157609 214369 3025 682276 7225 806404 970225 480249 53361 104976 636804 68644 92416 553536 877969 625 171396 223729 52900 265225 6724 703921 490000 30276 66049 203401 826281 439569 235225 2809 422500 46225 126736 514089 622521 171396 122500 248004 80656 829921 330625 256 120409 99856 105625 499849 93636 672400 762129 180625 35344 683929 183184 85849 44521 158404 231361 748225 112225
11664 3364 137641 819025 462400 5776 5776 970225 108241 620944 1024 702244 2025 950625 22801 21609 4096 40401 43264 624100 16900 660969 412164 720801 3025 231361 326041 12769 26896 287296 446224 940900 984064 67600 80656 279841 108241 755161 7225 198916 344569 988036 656100 527076 77284 398161 23716 788544 630436 101761 2304 22801 58564 100489 33489 100 737881 225 602176 72900 6889 927369 211600 133225 45369 1 693889 676 135424 252004 944784 80089 403225 96721 94249 82944 271441 369664 649636 524176 113569 30276 1000000 582169 136900 51529 267289 739600 80089 93636 817216 16900 6400 746496 106929 275625 514089 160801 283024 212521 570025 446224 5625 556516 605284 1764 900601 68644 30625 565504 646416 1764 361201 13689 230400 199809 123201 435600 8100 130321 271441 225 544644 772641 743044 190969 160801 919681 499849 34969 79524 2304 521284 640000 866761 772641 494209 47961 142884 38416 160000 762129 808201 43681 998001 77841 84100 1 216225 94249 876096 10201 848241 64 258064 541696 715716 447561 105625 68121 839056 14400 617796 4 2304 54289 519841 670761 320356 556516 34969 605284 727609 59049 34225 514089 247009 558009 15876 417316 622521 908209 817216 328329 196 26896 893025 125316 797449 708964 165649 112896 383161 215296 758641 59536 44521 729 627264 760384 767376 824464 14884 238144 28224 394384 454276 727609 1521 6241 588289 15625 1089 112225 683929 734449 559504 141376 20449 220900 707281 531441 839056 777924 99856 62001 797449 32761 361201 35721 228484 74529 952576 919681 562500 913936 455625 724201 121 7569 719104 26569 326041 3136 7921 592900 324 145161 16 279841 314721 13924 29241 75625 208849 53361 368449 978121 281961
625 281961 833569 187489 73441 32041 148996 938961 76176 962361 32041 477481 145924 731025 44521 103041 189225 150544 155236 868624 1089 100 140625 236196 18225 588289 1936 576 866761 879844 268324 643204 108241 76176 120409 82944 744769 727609 473344 656100 157609 749956 219024 13924 52441 212521 190096 156025 190969 24964 71289 54289 599076 81 614656 408321 608400 62001 881721 994009 41616 196249 284089 403225 12100 201601 600625 101124 398161 20736 458329 412164 674041 124609 4225 784 135424 5329 2704 9 292681 16900 255025 409600 5625 58081 142129 471969 73441 178084 925444 116964 237169 14641 815409 840889 669124 680625 367236 946729 292681 70225 734449 284089 119716 635209 927369 26244 197136 398161 12100 5476 5041 380689 19044 519841 189225 891136 248004 198916 585225 811801 431649 36864 303601 214369 961 877969 925444 346921 24025 2916 316969 11881 179776 101124 982081 13924 861184 323761 324900 690561 3969 204304 944784 16384 116281 19600 193600 12996 57600 685584 295936 625 992016 143641 251001 238144 181476 732736 102400 990025 326041 515524 285156 215296 532900 917764 28224 97344 608400 41209 123201 990025 116964 535824 441 550564 619369 44944 831744 450241 465124 60516 398161 401956 62500 184900 1369 49284 408321 7921 2916 514089 502681 32041 465124 784 32761 422500 47961 543169 529 173056 292681 13456 678976 2209 613089 85264 63001 228484 480249 22201 495616 63001 889249 767376 776161 12769 2209 39204 919681 5625 962361 234256 78400 283024 257049 81225 881721 529 870489 18225 54289 68644 225625 2500 40804 779689 106929 678976 549081 164836 824464 212521 804609 519841 622521 403225 145924 133956 727609 912025 14400 70225 288369 774400 135424 309136
321489 160801 69696 97344 3364 3364 195364 776161 291600 178929 207936 906304 280900 763876 146689 87616 355216 956484 358801 324 108241 462400 471969 329476 180625 638401 739600 71824 355216 344569 58564 305809 164025 156816 39204 4225 469225 222784 320356 602176 516961 625 38416 594441 529 954529 45369 769129 183184 252004 160801 2601 514089 27889 467856 314721 195364 531441 497025 746496 21904 30276 660969 695556 16384 564001 221841 61009 651249 549081 101761 770884 140625 75625 13689 116281 64009 2401 929296 248004 303601 70756 619369 703921 484416 132496 300304 577600 670761 110224 350464 675684 303601 360000 108241 66049 921600 990025 868624 399424 136900 1296 938961 502681 410881 7056 448900 674041 252004 813604 14641 393129 252004 6724 61504 712336 565504 741321 617796 121801 61504 469225 952576 336400 360000 3844 83521 4 18769 654481 100489 966289 501264 116964 831744 693889 82944 24964 186624 231361 8836 1156 431649 112225 111556 203401 386884 850084 31329 988036 24025 720801 196249 767376 378225 956484 254016 972196 97969 561001 72900 45369 531441 755161 1444 7569 508369 54289 168921 58081 490000 33856 609961 300304 837225 3136 56644 657721 108241 118336 137641 994009 732736 826281 104329 335241 588289 111556 736164 828100 561001 228484 866761 152100 447561 763876 824464 430336 729316 643204 497025 351649 33489 177241 7225 6241 114921 50625 164025 8464 414736 341056 335241 570025 1936 199809 332929 148996 1156 249001 835396 348100 577600 240100 262144 576081 641601 508369 363609 535824 21316 201601 902500 442225 976144 68121 9025 44944 116281 1849 156816 309136 1849 972196 322624 570025 43264 335241 192721 215296 198916 484416 251001 77284 3969 6724 101124 47524 384400 59049 413449
680625 242064 77841 217156 797449 677329 874225 257049 722500 929296 356409 648025 114244 613089 286225 287296 212521 171396 937024 625681 938961 151321 767376 11449 49284 97969 998001 312481 16384 797449 811801 285156 669124 567009 59536 625 767376 635209 540225 61504 443556 281961 273529 840889 69696 250000 203401 208849 57121 394384 112225 38025 874225 3249 678976 143641 962361 749956 833569 134689 2916 145924 60516 213444 8100 859329 978121 85264 466489 244036 40401 1296 294849 136161 937024 348100 294849 33489 16129 330625 81796 11664 316969 129600 53824 1000000 561001 921600 4900 80656 81796 334084 614656 33124 491401 267289 573049 396900 2601 208849 547600 121104 769129 139876 462400 171396 351649 31684 198916 42436 744769 614656 481636 7225 289444 287296 13689 303601 45369 116964 177241 2601 498436 519841 404496 70225 540225 492804 546121 10201 297025 6400 102400 516961 16900 108241 400689 848241 62500 159201 8649 16641 94249 302500 225 9604 12321 59536 99225 324900 990025 108900 17689 580644 521284 438244 994009 254016 144400 1849 341056 88804 535824 78400 632025 68121 177241 746496 339889 656100 161604 649636 1156 324900 184041 12769 324900 586756 697225 707281 228484 964324 157609 656100 50625 592900 868624 413449 161604 535824 19044 310249 638401 760384 1521 37636 24336 334084 758641 25 270400 976144 748225 751689 617796 524176 139876 708964 9604 315844 870489 7056 227529 511225 369664 53824 82369 143641 97969 336400 732736 294849 632025 5184 857476 505521 576 152881 727609 254016 87616 54289 7921 64516 781456 573049 372100 490000 242064 318096 236196 831744 576081 319225 6889 640000 5625 260100 400689 93636 63504 117649 81225 529 116964 54756 305809 275625 1936 400689 628849 602176
688900 100489 34969 349281 116964 68644 585225 16 8836 8649 690561 43681 855625 54756 499849 672400 99225 71824 37249 13456 724201 521284 541696 46225 582169 29584 790321 808201 868624 451584 802816 215296 193600 839056 350464 213444 54756 904401 36 337561 693889 996004 431649 683929 92416 107584 748225 112225 810000 240100 434281 532900 72900 10816 168100 622521 677329 32041 85264 343396 15625 34596 81225 680625 335241 121 898704 63001 243049 342225 806404 64516 184900 137641 1849 237169 394384 61504 430336 368449 946729 16900 91204 297025 2916 620944 90601 6400 376996 749956 34225 135424 2025 108241 132496 64516 135424 494209 216225 17956 9216 786769 534361 568516 776161 180625 104329 594441 97969 125316 25 203401 801025 992016 804609 369664 74529 110889 170569 292681 466489 284089 440896 294849 966289 196 461041 277729 36 508369 21025 57121 698896 1024 505521 57600 835396 815409 597529 35344 690561 30625 246016 142884 599076 419904 16384 91204 164836 16129 4900 703921 423801 24025 253009 11449 879844 512656 105625 521284 7225 55696 345744 576 285156 919681 547600 474721 301401 683929 328329 432964 69169 900 285156 54756 220900 10000 687241 14884 174724 540225 88804 719104 401956 58564 205209 180625 454276 499849 148225 822649 253009 697225 559504 195364 320356 746496 109561 667489 635209 45369 998001 519841 97969 748225 188356 336400 123904 46225 81796 541696 126736 451584 18496 369664 106929 75076 380689 776161 162409 461041 31329 1681 456976 1024 360000 714025 394384 10201 531441 164025 9604 247009 660969 638401 249001 4225 613089 91204 707281 208849 913936 1369 241081 191844 972196 465124 318096 676 36864 354025 815409 446224 419904 633616 71824 570025 829921 619369 152100 609961 42025
429025 288369 74529 537289 950625 171396 30976 898704 685584 547600 885481 16641 103684 404496 25600 40804 244036 401956 112896 635209 948676 323761 356409 110889 9409 7569 17161 103041 190969 319225 364816 322624 442225 34596 201601 24964 522729 9 92416 29241 39601 171396 55696 665856 662596 948676 69169 123201 458329 819025 33856 734449 717409 450241 470596 31684 430336 6889 169 842724 8464 756900 831744 260100 186624 119025 198025 33856 2704 121801 38809 431649 3025 208849 391876 418609 820836 492804 73984 152100 251001 164836 280900 91809 423801 401956 592900 75625 727609 923521 831744 51529 286225 505521 164836 281961 94249 380689 221841 165649 260100 41209 891136 94249 40401 664225 47089 431649 793881 313600 715716 272484 17956 872356 833569 910116 925444 17689 30625 139129 839056 7225 529984 284089 301401 10609 338724 34596 374544 483025 506944 446224 211600 327184 636804 310249 487204 69696 571536 690561 948676 521284 33124 461041 204304 588289 24964 46225 28900 931225 403225 776161 712336 18769 555025 121 693889 788544 423801 497025 235225 906304 535824 36864 23409 753424 614656 57121 351649 28224 213444 863041 2500 237169 4624 902500 622521 323761 64009 273529 243049 358801 490000 788544 84100 261121 292681 361 19600 466489 150544 138384 145161 58081 6084 57600 343396 703921 316969 20449 242064 18769 9604 228484 635209 73984 219024 944784 550564 249001 200704 218089 659344 77284 864900 21904 603729 102400 71824 20164 751689 632025 15625 345744 226576 52441 229441 528529 9409 469225 303601 767376 504100 304704 5625 982081 525625 219961 625 360000 16 400 541696 476100 509796 46656 5776 246016 214369 328329 324900 274576 632025 144 93636 400 697225 933156 256 434281 1000000 332929 223729 505521
51984 51529 286225 1000000 776161 662596 114244 492804 143641 172225 261121 802816 86436 571536 55696 401956 636804 758641 850084 7921 483025 444889 583696 134689 427716 6084 62001 88804 744769 196249 638401 204304 104329 55225 81 842724 466489 310249 72900 235225 59536 722500 692224 41209 1225 102400 799236 290521 99856 567009 674041 85264 272484 136161 354025 5184 724201 6889 322624 43264 674041 10404 67081 220900 471969 100489 174724 391876 528529 438244 318096 304704 180625 487204 904401 508369 400 114921 614656 133956 277729 810000 385641 625 25921 185761 321489 117649 82369 294849 72900 318096 20736 480249 707281 202500 913936 16641 19881 38025 792100 181476 559504 36864 553536 322624 491401 423801 672400 44944 1024 48841 799236 490000 640000 1521 435600 669124 78400 316969 153664 10609 729316 1369 817216 176400 12544 806404 532900 8464 561001 15129 521284 384400 36481 249001 389376 863041 350464 196 77284 874225 17424 155236 88804 22801 219024 27225 28224 737881 495616 470596 1600 720801 958441 117649 547600 550564 79524 354025 891136 71289 137641 320356 229441 250000 75625 729 35721 703921 36864 5625 76729 164025 944784 85264 25600 73984 552049 887364 221841 170569 391876 62001 748225 436921 418609 1296 715716 76729 163216 164025 5329 230400 586756 4 439569 207025 158404 132496 121 92416 570025 700569 21609 515524 279841 455625 546121 5041 736164 41616 450241 169744 184041 817216 887364 813604 123201 336400 354025 13689 525625 278784 69696 543169 613089 810000 594441 25600 174724 116964 256036 218089 81 426409 200704 52441 217156 225 266256 828100 332929 66049 26896 824464 366025 8464 332929 400689 156816 289 85849 576 285156 343396 900 118336 570025 405769 2209 3136 538756 283024 310249
648025 195364 207936 732736 5041 97344 904401 84100 744769 31684 540225 846400 140625 50176 498436 59536 455625 2304 950625 11025 54756 83521 80089 73441 89401 407044 23409 346921 17424 306916 155236 609961 80656 968256 69169 944784 562500 844561 186624 10404 919681 602176 119025 497025 81 173056 75625 577600 177241 506944 290521 842724 118336 160801 990025 772641 76729 279841 429025 627264 211600 316969 30976 419904 3969 90000 276676 144 784 4225 64516 41616 690561 393129 14400 39204 412164 571536 504100 2809 164025 461041 286225 199809 471969 913936 511225 305809 148225 484 378225 455625 144400 952576 254016 72900 70756 18496 245025 315844 261121 502681 874225 611524 358801 262144 751689 388129 89401 107584 13456 736164 4761 179776 13225 141376 136900 724201 78400 235225 14400 99856 92416 61504 541696 490000 112225 1521 76729 640000 335241 379456 195364 573049 238144 439569 425104 131044 177241 75076 491401 17956 63001 81796 60516 25600 421201 51076 64516 961 695556 9604 253009 286225 277729 343396 128164 864900 287296 229441 164025 7396 11025 451584 921600 177241 152881 400689 219024 60025 636804 252004 321489 145161 28900 167281 21025 635209 817216 289 741321 77284 302500 352836 319225 128164 152881 16 680625 900601 864900 104329 197136 729316 9216 1764 958441 375769 688900 137641 393129 346921 235225 986049 215296 261121 225625 755161 289 837225 426409 811801 32761 964324 71824 609961 434281 254016 142129 910116 12100 192721 876096 448900 68121 480249 755161 70225 323761 326041 101124 16641 984064 228484 9604 148225 89401 944784 12996 535824 48400 27889 12321 326041 1225 199809 277729 83521 334084 26896 9801 1444 499849 18225 5776 5929 982081 2809 77284 10000 649636 147456 166464 525625 54756 175561
802816 302500 877969 263169 201601 586756 877969 608400 34225 14161 323761 669124 273529 6400 67081 38416 217156 229441 576081 343396 114921 30276 982081 144 81225 22201 527076 484416 421201 147456 249001 36100 277729 15876 319225 743044 1000000 175561 944784 473344 635209 143641 705600 450241 33124 91204 25921 83521 233289 37249 215296 379456 76729 77841 26569 7569 73984 272484 231361 53361 10000 82944 605284 543169 784 8649 26569 51529 64009 356409 3364 8836 291600 69696 17956 820836 346921 251001 235225 32761 202500 426409 136900 26569 329476 734449 119716 309136 11449 962361 3844 824464 401956 902500 90000 505521 788544 628849 180625 99856 164025 16641 529 71289 16641 494209 811801 384400 11664 515524 516961 233289 162409 264196 184041 20164 177241 345744 638401 3600 212521 427716 588289 466489 820836 2304 195364 502681 25281 736164 91204 481636 515524 288369 1156 455625 249001 558009 772641 783225 162409 608400 96721 705600 438244 196249 6400 50625 17956 529984 6889 518400 927369 22801 933156 352836 656100 27225 2601 481636 89401 114921 49729 346921 894916 124609 167281 383161 4761 267289 49729 43681 36100 46225 477481 60516 3721 38025 163216 233289 123201 63504 299209 239121 38025 606841 731025 154449 11025 183184 3844 175561 35344 11025 599076 524176 21904 76729 29929 11881 992016 42025 23716 128164 207936 33489 49284 75625 33489 527076 23104 948676 927369 143641 238144 790321 294849 982081 4489 600625 349281 544644 299209 97969 753424 577600 309136 990025 616225 99225 419904 63001 992016 660969 168921 996004 450241 417316 13689 212521 2025 321489 374544 29584 135424 783225 885481 178084 627264 106929 23409 265225 3249 8836 753424 619369 113569 571536 107584 127449 762129 212521 512656 20736 218089 434281 183184
127449 522729 98596 667489 984064 267289 85849 394384 242064 646416 608400 308025 660969 121801 555025 403225 36 250000 674041 77841 5329 734449 57600 512656 83521 597529 335241 166464 143641 75076 425104 434281 414736 3249 11664 91204 273529 732736 1764 169 15376 732736 758641 519841 40401 34225 80089 820836 108900 739600 786769 247009 685584 974169 986049 430336 390625 192721 710649 140625 760384 356409 1089 729 693889 483025 123904 198916 5329 265225 233289 700569 18769 988036 964324 93636 429025 466489 444889 633616 996004 497025 121801 229441 811801 786769 137641 12100 357604 263169 1369 421201 1369 603729 14400 14400 362404 48400 10816 887364 776161 225 259081 18496 525625 7225 986049 40000 964324 29929 473344 829921 580644 121 136161 885481 11449 125316 269361 576081 779689 966289 287296 597529 37636 755161 1225 662596 84681 43264 51984 574564 9604 40804 497025 452929 925444 253009 150544 66564 85264 160000 719104 184900 815409 3364 421201 693889 80089 423801 331776 641601 219024 4 1225 609961 509796 23104 249001 746496 801025 765625 467856 736164 253009 326041 230400 465124 258064 483025 88209 988036 389376 163216 579121 262144 349281 255025 476100 917764 430336 172225 70756 12100 473344 119716 44944 580644 306916 25600 213444 79524 864900 70225 122500 184041 320356 184041 55225 432964 111556 26569 21609 662596 100489 6889 748225 293764 512656 243049 20164 133956 73441 219961 656100 516961 15876 828100 47089 454276 628849 135424 3364 11449 434281 760384 883600 95481 855625 990025 968256 103041 12769 6241 394384 910116 786769 749956 600625 71824 546121 940900 242064 80089 277729 95481 107584 638401 630436 956484 190096 4900 58081 178084 676 606841 59049 583696 49284 5929 38025 77284 348100 407044 531441 257049 528529 574564
783225 80656 259081 51984 492804 25600 288369 257049 902500 908209 11236 417316 25921 811801 450241 568516 434281 50625 394384 23409 85849 253009 763876 2809 285156 56644 19044 385641 100489 400 76176 5625 198916 792100 11025 417316 68644 139129 902500 786769 33124 770884 487204 138384 1000000 67081 13689 543169 672400 205209 652864 47089 574564 98596 104329 10816 774400 707281 739600 674041 196 360000 380689 168921 334084 628849 570025 417316 1600 451584 25600 63001 695556 270400 6889 37636 900601 25921 591361 132496 74529 225 116281 289 219961 657721 198916 59536 139129 21025 2500 602176 996004 394384 459684 25921 14161 432964 12321 189225 138384 45796 267289 27225 744769 356409 276676 18496 105625 12544 811801 255025 94249 732736 826281 799236 608400 194481 242064 484416 940900 649636 817216 220900 919681 127449 654481 5329 708964 301401 60516 962361 948676 559504 877969 128881 937024 308025 902500 966289 474721 31684 662596 12996 487204 422500 649636 10816 511225 452929 199809 900601 466489 23104 1296 310249 840889 863041 16129 541696 484 900 212521 835396 380689 4096 70225 77841 466489 29241 133956 4761 167281 687241 662596 232324 93025 9409 744769 88209 687241 923521 467856 889249 600625 273529 153664 205209 10404 23716 942841 512656 804609 90000 910116 207936 48841 994009 820836 573049 259081 408321 444889 534361 12321 323761 135424 919681 290521 722500 213444 14884 57121 97969 788544 39601 7569 501264 100 284089 36100 100489 53824 558009 54289 602176 104976 23409 109561 256036 483025 2304 6561 6889 788544 7569 126025 855625 917764 751689 55696 281961 321489 239121 329476 224676 169 474721 276676 680625 574564 815409 990025 337561 7569 136900 103684 861184 877969 255025 37249 5041 582169 394384 586756 2704 665856 874225 356409
904401 521284 1764 488601 741321 624100 85849 436921 343396 215296 314721 1849 588289 111556 125316 770884 648025 872356 970225 168921 65536 478864 286225 602176 43681 772641 820836 1156 614656 351649 466489 600625 122500 212521 606841 65025 343396 30976 808201 38416 44521 822649 978121 294849 5184 357604 846400 767376 498436 389376 20449 346921 48400 144 1225 769129 30625 813604 571536 62001 525625 47089 635209 289444 925444 128164 685584 91809 159201 1444 319225 9409 652864 527076 982081 518400 102400 556516 32400 363609 175561 753424 219961 149769 322624 98596 1156 356409 135424 3025 6400 98596 7396 25 293764 921600 239121 763876 644809 75625 12100 7569 7921 734449 636804 136161 357604 346921 329476 163216 565504 970225 40401 824464 509796 441 383161 970225 13689 574564 184041 167281 144400 248004 156025 115600 147456 467856 20164 205209 802816 767376 2025 54289 313600 2025 676 147456 32761 842724 676 354025 769129 100 608400 72900 481636 657721 790321 348100 76729 5329 144 815409 254016 304704 266256 384400 990025 217156 130321 968256 459684 79524 559504 261121 156816 731025 199809 990025 304704 1089 91809 850084 328329 195364 3844 115600 103041 221841 23716 48841 129600 207936 693889 116281 667489 24336 87025 249001 62001 24964 729316 630436 902500 132496 561001 62001 315844 118336 760384 859329 217156 419904 19321 693889 2916 576081 64009 831744 654481 354025 304704 400689 88804 527076 525625 660969 67600 2500 156025 802816 442225 58081 136161 6724 833569 440896 281961 141376 112225 320356 88209 29241 245025 341056 318096 258064 45369 622521 247009 199809 698896 996004 138384 426409 79524 600625 341056 891136 461041 956484 116964 625 197136 4489 898704 199809 881721 376996 801025 606841 677329 100 732736 64009 541696 114244 221841 499849
121801 68644 127449 46656 944784 327184 304704 662596 99856 904401 5041 889249 92416 762129 811801 240100 249001 17161 962361 361201 710649 715716 11236 756900 577600 799236 389376 664225 751689 808201 471969 7225 283024 203401 574564 71289 234256 207936 906304 960400 60516 131044 620944 669124 801025 237169 110224 465124 534361 952576 97969 241081 302500 908209 291600 4489 423801 611524 585225 913936 250000 442225 547600 446224 70225 144 2704 456976 972196 205209 592900 237169 302500 692224 289444 31329 108900 625 576 7569 370881 145924 22500 458329 95481 43681 592900 342225 68121 16 6241 76729 142884 5625 50625 184041 55696 537289 717409 65025 47524 2809 96100 405769 131769 258064 96721 80656 488601 269361 648025 160801 887364 582169 935089 64 6084 4096 609961 670761 327184 958441 230400 69696 154449 67081 580644 490000 206116 197136 519841 165649 839056 442225 910116 112225 466489 70756 802816 62001 917764 125316 147456 50176 582169 98596 97344 64009 222784 594441 446224 455625 446224 198025 813604 685584 835396 364816 828100 117649 51529 736164 327184 231361 208849 70756 188356 776161 192721 439569 674041 33124 20164 345744 160801 538756 330625 242064 360000 78400 223729 524176 1296 504100 313600 11449 1156 710649 998001 30976 477481 391876 630436 630436 263169 338724 36864 133956 211600 123201 874225 24964 168921 3600 339889 900 369664 45796 447561 63504 454276 11025 77284 22201 72900 70225 877969 654481 2704 4356 24649 769129 455625 82944 308025 765625 915849 811801 693889 176400 887364 226576 181476 729 65025 370881 75625 255025 136900 512656 400689 160000 748225 327184 874225 351649 162409 654481 676 435600 710649 974169 81796 81225 974169 9216 222784 19321 7396 712336 72900 2116 462400 15876 235225 937024 82944 1849 4356 874225 677329
4624 5929 13456 59536 364816 448900 990025 107584 3721 480249 59536 100489 705600 829921 9801 2809 381924 173889 198025 5625 440896 351649 165649 720801 946729 161604 31684 532900 321489 255025 910116 78400 148225 71289 221841 1681 403225 192721 912025 4761 450241 910116 272484 630436 427716 400 986049 511225 384400 104976 120409 741321 375769 426409 737881 116964 702244 826281 13689 96100 741321 850084 49 25921 394384 63001 89401 45796 481636 541696 357604 184041 241081 4 252004 52441 121104 450241 896809 29241 336400 381924 357604 22500 630436 783225 33124 271441 925444 4761 240100 488601 221841 8836 1936 166464 5476 29584 114921 516961 275625 321489 295936 831744 203401 640000 515524 992016 302500 715716 717409 160000 82944 52900 52441 61504 942841 99856 583696 12100 4624 893025 59049 24336 851929 92416 625 42025 294849 173889 36864 225625 132496 152100 38025 53824 247009 67081 389376 900 94249 583696 802816 439569 10404 12544 121 64009 152100 824464 436921 586756 448900 253009 687241 235225 435600 66049 811801 152881 73984 342225 144400 12769 310249 67081 3136 974169 620944 59049 470596 360000 121801 1089 166464 452929 213444 348100 868624 448900 588289 620944 11881 373321 799236 729316 831744 625 258064 69696 864900 2401 2025 400 779689 167281 78400 744769 703921 263169 226576 173056 606841 950625 355216 512656 142129 143641 14400 662596 866761 42025 79524 40401 110224 39601 429025 100 492804 625681 194481 819025 330625 10000 541696 474721 458329 26896 683929 465124 381924 192721 157609 606841 76176 256036 394384 657721 894916 592900 178084 77841 131044 184900 239121 409600 176400 238144 26569 131769 492804 793881 66564 990025 3249 573049 26569 271441 719104 881721 24336 39601 756900 109561 300304 620944 12996 1936 33124 400689 592900 893025
362404 221841 6241 788544 5776 506944 1681 396900 80089 819025 423801 270400 779689 779689 801025 597529 12544 238144 23409 193600 599076 57600 508369 490000 72900 198916 15876 319225 87025 386884 86436 133956 683929 301401 21609 527076 577600 70225 64516 179776 705600 736164 910116 434281 3364 485809 372100 315844 108241 356409 153664 913936 414736 508369 200704 145161 128881 37636 4624 743044 797449 274576 553536 819025 101124 66564 68121 26569 762129 913936 42436 138384 8836 463761 524176 179776 335241 2116 853776 900 61504 1600 279841 39601 710649 225 30625 171396 641601 921600 300304 380689 30276 772641 198916 435600 552049 196249 813604 107584 5476 403225 559504 174724 937024 232324 439569 238144 760384 9604 632025 564001 93025 913936 561001 5184 54289 643204 839056 535824 328329 4356 256 134689 19881 225625 3721 338724 386884 21025 654481 835396 210681 950625 4761 268324 289444 100489 824464 162409 85849 465124 36481 75076 256036 3025 131769 23104 509796 399424 576 200704 294849 725904 71824 133956 881721 36481 714025 5625 484 56644 304704 372100 318096 51076 431649 204304 861184 12996 56644 524176 87616 81796 576081 96100 58564 410881 9604 126025 41616 36100 614656 1089 447561 423801 4096 4900 405769 303601 881721 18225 19044 236196 165649 22801 276676 839056 161604 398161 683929 861184 23716 284089 369664 628849 286225 729316 39204 299209 961 179776 193600 562500 712336 480249 34225 819025 341056 169 714025 339889 81796 44944 3364 4096 102400 471969 222784 14161 31329 178084 12544 531441 571536 393129 43681 439569 544644 839056 266256 399424 71289 608400 848241 173056 3136 217156 50625 85849 774400 719104 525625 2500 986049 110889 541696 345744 974169 474721 490000 417316 287296 222784 132496 487204 207936 225625 833569 582169 154449 698896 160000
597529 27225 984064 22801 136161 123201 266256 485809 293764 1089 322624 242064 34225 765625 3249 148996 24964 799236 93025 820836 473344 8649 841 357604 512656 2601 624100 65536 72900 99225 659344 217156 337561 436921 3249 10816 956484 10201 179776 171396 527076 627264 624100 229441 256 16900 41209 8649 130321 16129 32761 47089 765625 588289 341056 378225 266256 90601 136161 541696 20449 448900 60516 323761 546121 744769 120409 651249 606841 693889 454276 889249 727609 96721 147456 16641 284089 541696 4761 323761 341056 312481 259081 29584 156816 57600 255025 555025 301401 281961 80656 833569 200704 562500 119716 5929 614656 24336 514089 682276 574564 72361 9216 47524 64009 330625 81796 142884 702244 585225 418609 393129 16 393129 344569 22500 97969 13924 640000 6561 998001 316969 879844 592900 173056 992016 407044 286225 164025 76176 550564 683929 416025 61009 532900 921600 440896 839056 2809 988036 38809 547600 61504 273529 49729 824464 152881 529 756900 535824 5184 1521 77284 42849 467856 35344 76729 355216 232324 330625 9216 1156 71289 71824 180625 175561 444889 399424 274576 275625 606841 399424 817216 221841 582169 331776 656100 16384 34596 516961 927369 616225 13689 101124 319225 1000000 986049 60025 290521 239121 167281 142884 829921 289 649636 75625 303601 106276 46656 857476 53361 49 184900 573049 378225 546121 81 213444 264196 203401 18496 44521 693889 883600 966289 942841 885481 136900 116281 680625 574564 150544 1225 24025 1936 605284 695556 940900 423801 708964 1600 749956 142129 1369 864900 30276 343396 748225 56644 729316 737881 16641 69696 345744 54756 467856 863041 97344 62500 26244 810000 938961 19321 400 602176 77284 698896 702244 3025 1444 725904 236196 200704 463761 309136 345744 546121 285156 665856 2116 284089 220900 25281 137641
6724 289444 28561 143641 25600 879844 783225 674041 857476 562500 6400 636804 421201 34596 703921 547600 346921 68121 529 303601 23104 54289 300304 600625 29241 683929 302500 498436 196 10000 774400 839056 60516 376996 19881 426409 229441 492804 28224 33124 564001 515524 40401 270400 279841 514089 104976 127449 894916 108241 157609 191844 34596 564001 310249 249001 421201 116964 262144 567009 164025 106929 559504 10404 984064 160801 990025 703921 170569 443556 9216 198916 850084 31329 29584 729316 119716 156816 7921 85264 151321 385641 695556 992016 427716 5776 166464 972196 126736 29241 960400 100489 5625 363609 576 43681 171396 31329 806404 550564 423801 398161 270400 300304 56644 268324 134689 289444 465124 8281 788544 859329 44100 207025 440896 152100 45369 783225 544644 553536 13225 982081 683929 332929 373321 844561 87616 638401 894916 511225 687241 330625 819025 588289 393129 43681 835396 835396 48841 217156 88209 902500 864900 60516 408321 473344 474721 667489 447561 4225 29241 804609 570025 69169 145924 940900 292681 6724 230400 33489 49729 576 51529 549081 491401 682276 18225 357604 226576 16 122500 235225 4096 201601 154449 405769 311364 405769 199809 409600 998001 380689 448900 149769 2401 196 2500 710649 556516 243049 109561 192721 931225 212521 667489 894916 71824 150544 982081 619369 305809 602176 793881 129600 196 212521 324 562500 394384 10609 418609 379456 319225 78961 5329 374544 808201 20449 485809 368449 47089 492804 60025 146689 810000 78961 100 14641 93636 874225 330625 407044 527076 795664 43681 519841 298116 29929 30276 447561 136900 31329 391876 819025 831744 670761 379456 15376 1000000 1024 311364 627264 101124 381924 597529 310249 217156 128164 81796 443556 54289 208849 32400 810000 364816 100489 100489 328329 385641 893025 21609 440896 586756 48841 574564
154449 252004 232324 122500 313600 677329 22201 616225 6889 427716 529 912025 344569 4096 398161 190969 21316 259081 270400 893025 438244 134689 173889 7056 633616 81796 24964 362404 11881 879844 657721 1024 24649 450241 853776 209764 33489 82369 872356 3249 923521 97969 126736 585225 110889 65536 760384 28224 853776 142884 1089 2025 346921 624100 224676 25281 429025 32041 355216 221841 154449 130321 861184 442225 954529 360000 302500 588289 966289 646416 674041 6724 44521 24025 595984 262144 78961 53824 168921 248004 173056 413449 152100 777924 217156 609961 40804 160000 38416 71824 35344 281961 331776 94864 18769 824464 585225 702244 656100 80089 373321 82369 677329 11449 262144 160801 63001 708964 64 73984 1369 44100 915849 982081 662596 670761 494209 784 53361 519841 506944 309136 616225 748225 643204 114921 8836 51076 467856 142884 24336 68644 561001 972196 47089 42025 128881 84100 683929 177241 622521 142129 912025 28224 386884 101124 219961 837225 57600 334084 430336 900601 1296 555025 3249 24025 194481 808201 396900 324900 20164 232324 458329 540225 3844 777924 630436 13689 219961 654481 119716 729 17161 788544 2209 577600 356409 898704 418609 35344 197136 853776 318096 60025 455625 613089 18769 682276 7056 324 913936 38809 173056 960400 767376 835396 232324 471969 636804 630436 418609 788544 14641 117649 106929 881721 525625 6724 763876 272484 64009 121104 889249 289 75625 60025 990025 119716 349281 18769 63504 948676 6084 40804 552049 93025 324900 902500 456976 599076 29241 9409 527076 532900 24336 121 118336 25 848241 720801 917764 277729 978121 11236 50176 68121 107584 404496 81 544644 972196 2401 305809 229441 801025 480249 528529 171396 889249 435600 504100 893025 51076 125316 305809 236196 72361 62500 702244 962361 389376 571536 24336 60025 327184 74529
1521 203401 19044 128164 753424 540225 409600 824464 101761 135424 1225 737881 27889 58081 187489 7225 994009 204304 731025 62001 506944 101124 206116 51529 158404 33856 30276 4900 585225 675684 275625 850084 700569 408321 148996 850084 346921 741321 944784 806404 746496 6400 417316 531441 102400 72361 546121 774400 150544 441 680625 162409 39204 863041 454276 790321 499849 980100 549081 13689 234256 53361 9604 588289 2116 811801 883600 367236 2601 586756 3844 289444 184041 565504 28900 23409 330625 11449 2916 9801 844561 66049 749956 400 152881 820836 44944 508369 940900 5184 114921 24336 851929 76176 355216 568516 853776 473344 285156 26896 328329 45369 20736 441 891136 777924 324900 94249 76176 405769 603729 1 978121 703921 908209 357604 749956 27889 900 207936 609961 310249 458329 435600 4225 256036 112225 130321 841 4356 680625 933156 685584 53824 646416 85849 190096 153664 71824 5184 12769 3481 467856 36100 16 313600 103041 381924 9216 376996 910116 772641 478864 61504 96721 394384 13689 844561 7056 129600 29241 326041 108241 667489 2809 21025 614656 208849 685584 426409 739600 633616 894916 864900 181476 295936 866761 258064 573049 53361 94864 12100 65025 518400 2916 173889 207936 47524 695556 844561 33124 13225 211600 8281 665856 423801 373321 157609 781456 644809 636804 34596 619369 186624 376996 480249 697225 74529 705600 36 11449 363609 45369 145161 373321 52441 644809 136161 652864 337561 225 160801 244036 664225 549081 319225 71824 203401 112225 915849 121 471969 59536 5184 326041 6084 893025 157609 546121 451584 413449 164025 670761 147456 207936 268324 16 124609 80089 386884 47524 422500 739600 199809 25 344569 413449 173056 33124 850084 87025 69696 471969 702244 158404 784 841 145161 40401 122500 105625 239121 570025 86436 155236 923521 170569
393129 705600 632025 41209 225625 772641 697225 124609 958441 855625 619369 350464 933156 15625 334084 44944 956484 5184 702244 68121 34596 188356 708964 904401 145924 828100 179776 95481 279841 45369 383161 835396 49729 535824 164836 31684 532900 100 356409 417316 390625 256 209764 344569 226576 39204 421201 697225 352836 602176 197136 940900 42849 19881 18225 9409 32400 776161 813604 2304 123201 121801 900601 417316 11881 737881 558009 61009 8100 213444 558009 142129 316969 201601 15129 984064 225 26896 917764 73441 4761 452929 524176 804609 372100 343396 26569 48841 63001 72900 477481 487204 603729 835396 368449 1521 613089 53824 265225 762129 749956 137641 178084 4489 173889 968256 9216 529984 470596 2116 429025 43264 196 241081 783225 310249 148996 767376 259081 23716 26896 63001 616225 678976 388129 121 285156 136161 112225 62500 259081 129600 421201 197136 30976 245025 788544 327184 522729 82944 403225 229441 1764 123201 270400 399424 448900 495616 3364 104976 448900 66564 698896 915849 982081 466489 51076 71824 432964 6561 824464 984064 136900 851929 207936 379456 137641 29241 692224 758641 7056 484 674041 602176 765625 779689 956484 19321 87025 106929 3249 692224 597529 182329 10816 24025 4900 851929 992016 232324 23409 4900 204304 893025 717409 702244 765625 434281 68644 77284 603729 697225 101761 935089 235225 12544 10404 48841 529984 91204 1444 81796 395641 734449 150544 879844 322624 837225 252004 462400 22500 767376 495616 42025 527076 938961 279841 550564 293764 214369 4900 883600 187489 974169 62001 32041 254016 446224 288369 408321 835396 908209 281961 389376 49 850084 625 576 399424 310249 68121 192721 7744 324900 497025 391876 26896 646416 156025 31684 246016 128164 123904 27225 180625 136900 221841 935089 39204 223729 103041 184900 573049 3249 767376 597529 3721 135424
24964 152881 267289 1024 168921 8100 37636 348100 293764 47961 506944 276676 654481 660969 51984 47524 541696 24336 656100 555025 432964 77841 283024 921600 720801 367236 900 116964 43681 284089 708964 908209 876096 242064 54756 62001 408321 51984 56644 63504 243049 164836 498436 224676 28561 181476 748225 2500 70756 123201 15129 40401 8649 87025 89401 162409 113569 248004 698896 625 202500 160000 403225 175561 695556 2916 456976 770884 152100 487204 51984 336400 541696 974169 579121 16384 203401 394384 75076 15625 900 190096 996004 45796 855625 678976 51529 61009 837225 16129 55225 1849 511225 332929 1156 254016 81796 335241 758641 358801 168921 67081 518400 103684 465124 719104 8100 210681 337561 22201 484 904401 72900 156025 289 731025 758641 95481 712336 708964 659344 540225 944784 336400 815409 579121 369664 446224 529 169 527076 614656 52441 774400 22801 795664 260100 902500 219961 564001 241081 104976 152100 770884 173889 552049 755161 529 188356 154449 14641 53361 76729 355216 63001 462400 432964 163216 570025 5476 24025 121104 337561 980100 162409 357604 483025 277729 896809 156816 22500 339889 727609 674041 278784 627264 79524 71824 47524 25 67600 535824 266256 320356 68644 942841 137641 1764 35344 351649 270400 70225 793881 369664 344569 77841 104976 732736 274576 280900 17424 874225 555025 167281 51529 921600 108241 573049 97969 85849 616225 14400 885481 385641 52441 254016 84100 24336 47961 562500 2809 815409 529984 15129 266256 938961 509796 9216 80089 527076 5625 8100 193600 819025 441 929296 370881 149769 426409 45369 273529 227529 448900 86436 186624 256036 229441 501264 54289 568516 583696 695556 145924 49 7569 483025 454276 676 256036 10816 171396 958441 345744 16384 29929 544644 463761 45369 829921 266256 484416 178929 103684 59049 59536 774400 444889 872356 555025
505521 599076 12769 106276 123904 608400 65025 114921 423801 700569 61504 565504 315844 120409 342225 17424 654481 502681 93025 394384 555025 256036 24964 585225 512656 879844 2304 114244 15876 722500 196 705600 13225 461041 835396 6241 633616 188356 196249 90601 788544 501264 3969 799236 692224 1000000 24025 531441 43681 380689 829921 164836 165649 157609 853776 813604 430336 352836 241081 870489 157609 682276 168100 11449 110224 729316 514089 145161 311364 19600 391876 291600 221841 504100 535824 746496 76729 741321 69696 446224 24336 776161 339889 946729 501264 7225 470596 1849 370881 13456 980100 842724 931225 316969 161604 239121 60516 431649 40804 56644 252004 10201 595984 54756 470596 815409 233289 167281 555025 380689 80656 72900 390625 196 95481 436921 722500 574564 278784 109561 27225 465124 237169 1156 27225 215296 91809 23104 12769 52441 207936 544644 417316 92416 196249 278784 45369 651249 88804 91809 269361 314721 537289 188356 47089 358801 616225 150544 442225 303601 190969 3136 350464 273529 69169 225 516961 444889 797449 42849 103684 102400 248004 83521 562500 568516 841 6724 207025 218089 273529 109561 495616 435600 93636 442225 128164 78400 534361 570025 824464 447561 419904 17689 529984 112896 145161 245025 927369 15625 308025 441 96100 117649 207025 564001 408321 465124 82369 145924 846400 687241 380689 61009 23409 419904 546121 23104 103684 54289 743044 942841 82369 398161 100 5929 976144 912025 385641 407044 707281 4489 232324 27556 466489 393129 394384 235225 477481 244036 408321 925444 20164 497025 173056 3364 90000 203401 343396 850084 369664 605284 509796 885481 54756 622521 57121 516961 763876 78961 156025 5041 401956 6084 30276 430336 399424 7569 204304 164025 193600 81225 469225 257049 960400 19044 200704 567009 286225 772641 12996 600625 788544 516961 99225 338724 43264 93025 808201 3600
5776 11025 568516 866761 698896 112896 853776 33489 128164 289 727609 491401 187489 82369 982081 811801 32400 958441 38025 197136 73984 925444 25921 439569 485809 669124 30276 492804 11449 857476 155236 100 381924 763876 929296 170569 956484 370881 69696 896809 705600 265225 201601 848241 962361 751689 485809 592900 85264 19600 121 105625 643204 42025 426409 710649 7396 403225 11449 990025 200704 786769 531441 116281 247009 692224 81 90601 394384 956484 96721 617796 91204 158404 76729 379456 77284 51529 116964 65025 185761 180625 12100 815409 609961 208849 185761 148225 270400 525625 139876 416025 54289 69696 204304 6724 732736 833569 41616 90601 421201 186624 451584 12544 531441 362404 159201 81225 826281 8836 944784 499849 27556 311364 488601 417316 335241 76176 93636 614656 287296 5329 42436 900601 61504 685584 524176 611524 788544 361201 499849 189225 670761 640000 641601 109561 109561 114921 933156 108241 956484 42436 777924 30276 518400 690561 440896 160000 217156 114921 110889 580644 16384 229441 502681 931225 268324 7744 994009 103041 114244 675684 131769 344569 321489 344569 335241 50176 400 85264 248004 908209 749956 143641 9604 202500 110889 868624 6400 288369 138384 15129 193600 620944 654481 515524 318096 625681 58564 600625 788544 767376 652864 846400 226576 538756 717409 982081 388129 784996 1089 5184 739600 381924 303601 141376 367236 777924 409600 1089 651249 589824 255025 946729 474721 113569 368449 88209 363609 10609 855625 77841 748225 312481 505521 13225 447561 562500 473344 336400 815409 173056 354025 293764 9 692224 84100 736164 101761 36864 11025 139129 544644 676 289444 94864 9 202500 722500 19600 342225 164025 150544 753424 966289 915849 36 841 113569 851929 72361 196249 167281 589824 186624 234256 372100 298116 614656 328329 191844 1296 783225 24649 917764 60516 4356 853776 52900 815409 323761
7569 156816 45369 376996 24336 11025 278784 304704 210681 2601 169744 181476 116964 580644 970225 357604 200704 962361 538756 71824 525625 44521 15129 40804 9025 177241 687241 255025 473344 27889 521284 88209 6241 844561 844561 931225 12100 484 562500 31684 51529 224676 966289 516961 833569 455625 73441 357604 287296 16384 586756 145924 640000 116281 430336 230400 7744 309136 3025 18496 268324 375769 908209 616225 519841 190096 229441 556516 109561 17689 313600 26244 857476 6084 78400 96721 380689 4489 799236 145161 646416 646416 33856 616225 3969 498436 328329 66049 309136 5329 271441 289 370881 700569 450241 426409 21609 171396 32400 280900 7225 310249 212521 26896 8464 465124 568516 110889 710649 712336 13456 147456 680625 93636 76176 404496 693889 43681 298116 357604 18225 194481 770884 293764 104329 690561 29241 746496 508369 3136 112896 421201 146689 722500 13689 444889 324900 244036 846400 82944 47089 174724 361201 33856 576 264196 146689 318096 988036 114244 227529 344569 6241 163216 9 109561 1849 40804 383161 511225 992016 938961 12996 278784 900 291600 324 356409 12321 889249 126025 954529 111556 672400 15129 1600 622521 338724 139129 656100 480249 355216 62001 24964 657721 221841 582169 187489 948676 502681 31329 278784 570025 291600 585225 729 488601 364816 262144 16900 89401 846400 61504 271441 677329 961 59049 986049 139876 398161 159201 502681 10201 78400 7225 408321 521284 304704 417316 133225 166464 112225 172225 541696 5476 101761 667489 53361 790321 682276 2601 837225 169 870489 315844 43681 41209 18225 168921 1 33124 151321 182329 727609 644809 25921 10816 21316 588289 10404 311364 330625 135424 608400 80089 84681 116281 227529 810000 120409 51529 498436 161604 178929 434281 883600 256036 16900 11236 61009 1764 585225 142884 166464 499849 48841 43681 786769 58081 10201 6561 583696
952576 577600 395641 271441 710649 41616 417316 3844 104976 252004 467856 846400 727609 281961 82944 124609 85264 88804 115600 70756 544644 912025 1521 801025 900 6724 465124 87025 207936 102400 192721 87616 670761 712336 38416 786769 241081 84100 362404 11664 4225 478864 674041 652864 114244 872356 654481 77841 316969 127449 577600 962361 14400 42849 157609 506944 128881 586756 25 743044 605284 487204 34969 609961 102400 73984 788544 540225 76729 355216 509796 398161 553536 271441 265225 57600 286225 263169 440896 534361 27556 80089 55225 956484 586756 779689 896809 376996 259081 126025 312481 4489 765625 7396 262144 189225 154449 95481 677329 29929 158404 576081 231361 725904 21609 828100 257049 954529 749956 942841 966289 275625 332929 6561 328329 149769 149769 17689 73441 697225 617796 222784 255025 972196 455625 624100 933156 294849 451584 144400 11025 919681 104976 42436 715716 876096 21025 692224 879844 286225 400 285156 724201 131044 743044 625 399424 356409 5625 246016 117649 173056 391876 302500 616225 14161 20164 12544 318096 756900 81796 30276 361201 269361 5041 1764 30276 225625 2601 537289 350464 506944 12321 14641 40804 7744 169 722500 992016 124609 571536 313600 25 394384 53361 399424 737881 454276 898704 877969 11664 131769 44100 138384 1600 831744 469225 11881 330625 126025 143641 215296 469225 21316 824464 159201 290521 225 251001 461041 23716 257049 505521 45796 1600 731025 108900 923521 996004 33489 105625 256036 378225 216225 63504 51076 233289 239121 16641 844561 22500 179776 378225 62001 373321 134689 22201 115600 21025 600625 625 298116 29584 24964 660969 48841 744769 199809 142129 793881 231361 883600 946729 702244 10816 28561 33489 772641 29241 82369 101761 35344 25921 483025 178929 43681 52900 37249 1444 362404 720801 45796 78961 72361 651249 705600 813604 84681 564001 47961 121 753424 92416
118336 179776 173056 767376 17161 64009 577600 240100 537289 65025 10404 3600 483025 527076 331776 688900 25921 95481 478864 350464 40804 819025 368449 218089 470596 39601 389376 597529 859329 5776 537289 384400 935089 154449 678976 952576 894916 67081 837225 982081 898704 233289 239121 275625 487204 579121 44944 648025 374544 609961 19600 1600 96100 1296 243049 725904 964324 9 381924 339889 81 465124 839056 84681 36100 319225 269361 715716 220900 119716 435600 556516 769129 441 126736 3249 345744 110224 556516 980100 509796 95481 19044 793881 316969 312481 459684 717409 625 896809 577600 324900 25921 418609 386884 961 841 194481 484416 75625 12100 14641 137641 4489 996004 148225 15129 6561 2500 17161 962361 505521 518400 799236 161604 465124 455625 697225 26896 570025 986049 314721 60516 549081 568516 502681 136900 363609 374544 90601 92416 234256 964324 184900 67600 334084 400 429025 244036 9216 471969 403225 737881 6561 1849 990025 779689 106276 22801 804609 293764 908209 19321 125316 281961 583696 603729 469225 443556 121 101124 35344 336400 198916 400689 76729 16 35721 6400 635209 349281 166464 36481 423801 592900 633616 108241 351649 644809 160000 343396 44521 3481 16 48400 777924 321489 145161 3844 315844 891136 4489 87616 241081 241081 255025 56644 64516 117649 25921 494209 61009 682276 260100 765625 6400 44521 3364 16641 23104 378225 6084 110889 917764 249001 153664 461041 19044 829921 490000 9801 34596 41209 209764 543169 576 11236 248004 198025 329476 139129 799236 8100 585225 210681 665856 902500 958441 252004 68644 2704 422500 309136 697225 660969 2401 287296 1521 870489 462400 717409 219024 238144 16900 219024 47524 82944 702244 467856 252004 917764 477481 448900 20736 2601 490000 481636 328329 75625 976144 8281 3025 363609 100 863041 409600 200704 7744 292681 7225 369664 128164 674041 103684
358801 361201 35344 418609 198025 558009 32761 21609 69169 555025 608400 481636 19044 6084 826281 11881 56644 87616 519841 12996 509796 23409 1024 38416 169 484416 765625 128881 380689 97344 26569 16129 117649 55225 625 570025 94864 306916 585225 490000 662596 176400 123904 990025 582169 64 252004 413449 386884 238144 889249 614656 746496 121104 11664 562500 1521 708964 562500 177241 69696 395641 1296 5929 115600 198916 419904 141376 38416 976144 51529 329476 531441 77841 21316 646416 9409 5476 3025 342225 776161 270400 442225 153664 194481 646416 546121 70225 850084 329476 948676 487204 181476 289444 4624 89401 338724 93636 1369 220900 514089 75625 758641 490000 320356 337561 38416 184041 755161 198916 91204 122500 837225 549081 712336 6084 247009 9801 714025 559504 245025 850084 8281 160000 336400 40401 356409 609961 111556 91809 851929 56644 24025 570025 105625 355216 39601 488601 556516 412164 187489 372100 379456 150544 9216 19600 265225 173056 145924 144400 543169 657721 452929 148996 625 281961 285156 214369 8836 28561 150544 693889 384400 22201 41616 748225 126736 734449 630436 707281 540225 338724 21316 687241 62500 11449 162409 958441 38416 71824 396900 727609 51984 429025 906304 113569 101124 391876 231361 958441 524176 868624 60025 269361 990025 31684 156816 145161 137641 40804 27556 89401 196249 514089 227529 2500 139876 429025 555025 81 10609 772641 459684 298116 1849 11449 423801 725904 62001 527076 126736 188356 62500 459684 863041 219024 509796 669124 418609 546121 643204 509796 574564 21904 63504 7744 688900 736164 250000 361 215296 54756 632025 779689 16900 35344 309136 2601 123904 715716 351649 388129 212521 90601 314721 962361 124609 304704 485809 525625 21609 224676 403225 12321 1936 649636 348100 599076 443556 129600 512656 69169 88209 21609 131044 555025 26896 288369 147456 808201 3969 118336 859329 311364 298116
786769 230400 541696 145924 15876 72361 1444 245025 25 505521 964324 120409 1764 4356 868624 664225 238144 135424 717409 736164 659344 34969 476100 108241 555025 455625 1936 978121 256036 478864 13689 434281 66564 216225 272484 42025 133225 923521 2500 450241 600625 672400 147456 429025 462400 431649 278784 808201 499849 361 103041 245025 263169 594441 98596 8281 667489 643204 625681 138384 249001 669124 801025 320356 63504 529 33489 580644 35721 923521 146689 177241 112896 283024 8649 322624 24649 2916 259081 452929 902500 404496 207025 904401 450241 729 361201 186624 844561 315844 90000 2116 851929 89401 19881 14884 335241 4 140625 688900 715716 76729 38416 97344 2025 19044 577600 495616 998001 6724 21316 844561 841 389376 600625 403225 4761 101124 77284 160801 284089 633616 784 233289 739600 609961 178929 956484 580644 137641 591361 87616 266256 644809 426409 567009 68644 91809 697225 28900 1089 998001 938961 430336 676 16900 690561 636804 32761 719104 442225 62500 868624 297025 16 168100 62500 26896 33856 254016 652864 356409 586756 173889 24964 824464 24964 614656 17689 938961 998001 207936 625 248004 219961 38416 630436 13225 53824 264196 370881 565504 8464 70756 25921 186624 978121 902500 218089 546121 95481 372100 82944 175561 153664 868624 915849 58081 741321 700569 174724 986049 6561 327184 339889 770884 205209 17424 240100 535824 659344 753424 326041 682276 451584 128164 11236 739600 157609 49284 552049 900601 184900 112225 4489 512656 732736 38416 34969 611524 429025 624100 190969 81796 571536 321489 202500 695556 484 140625 504100 295936 16129 79524 155236 149769 857476 980100 394384 35721 369664 781456 145161 763876 349281 97969 136900 13924 121104 64 4900 490000 509796 116281 23716 331776 622521 863041 783225 308025 243049 511225 25921 3721 458329 600625 586756 150544 331776 81225 363609 63001 128164 396900 49 582169
1156 784996 434281 396900 27225 12544 271441 358801 820836 708964 695556 948676 811801 675684 32041 712336 238144 138384 200704 160801 426409 75625 156025 32400 401956 438244 784996 60025 146689 155236 90000 71289 170569 15625 156025 44944 32400 531441 313600 729316 127449 376996 208849 473344 190969 19321 683929 188356 90000 5041 28900 592900 330625 203401 781456 196249 271441 416025 368449 416025 597529 363609 125316 984064 118336 3364 804609 90601 956484 619369 21316 22201 418609 17689 141376 521284 24336 26896 451584 199809 336400 7569 217156 230400 25921 588289 859329 236196 303601 478864 4761 362404 364816 412164 53824 341056 538756 648025 221841 131769 37636 145924 861184 136900 231361 82369 5041 574564 950625 53361 1521 270400 130321 48400 238144 16 627264 434281 284089 136161 5041 30276 790321 81 52441 157609 487204 678976 705600 34596 894916 5776 499849 253009 399424 93025 166464 320356 44100 33856 603729 31329 23409 9025 998001 1024 195364 51984 66049 22201 779689 648025 703921 289 499849 972196 100 3249 980100 881721 527076 328329 252004 66049 395641 13924 968256 12321 302500 157609 364816 693889 675684 552049 786769 40804 815409 287296 114244 292681 11449 7744 174724 529 124609 299209 20164 446224 931225 400 18225 9801 917764 1849 731025 344569 255025 879844 153664 414736 108900 497025 96721 126736 962361 799236 531441 220900 155236 222784 55225 483025 118336 176400 47961 439569 644809 151321 659344 19881 93636 179776 56169 439569 184041 19600 159201 258064 4761 627264 662596 9025 463761 219024 41209 173889 171396 622521 106929 1369 40401 736164 776161 196249 139129 329476 92416 108900 853776 354025 435600 286225 712336 264196 148225 547600 60025 379456 456976 833569 277729 121 1600 257049 15129 304704 795664 13689 240100 322624 3249 606841 33124 12544 687241 388129 7056 670761 652864 100489 312481 85849 96100 25 589824 550564 462400
49284 1444 900601 226576 784 42849 9409 332929 305809 289444 24336 286225 170569 246016 512656 652864 462400 335241 173056 207025 10816 488601 877969 555025 176400 316969 170569 149769 3481 956484 295936 97344 98596 16900 301401 426409 143641 292681 354025 688900 693889 233289 902500 763876 35721 199809 765625 456976 38025 5329 576 978121 524176 244036 749956 5776 881721 2809 60025 64 56169 301401 776161 65536 119025 594441 309136 39601 88804 145161 463761 419904 499849 219024 848241 937024 110889 36864 606841 421201 227529 144400 207025 14400 619369 421201 128881 54289 461041 12544 5476 232324 187489 488601 24964 324 219961 2401 603729 667489 350464 221841 657721 840889 654481 23409 166464 2916 657721 18225 71824 184041 46225 131769 25281 119025 372100 3249 25921 6889 529 122500 712336 15876 792100 66564 33489 577600 451584 1849 84681 284089 512656 32761 56169 516961 207025 516961 731025 487204 123201 736164 609961 27556 14884 853776 398161 153664 10404 828100 743044 289 516961 15129 872356 861184 31329 234256 35721 456976 1521 23716 695556 10609 990025 251001 61504 719104 831744 12321 352836 32761 833569 196249 77841 213444 28561 407044 34596 305809 101124 133956 452929 76176 383161 480249 55696 576081 89401 143641 531441 319225 702244 242064 73984 654481 784996 45796 189225 8281 990025 440896 509796 105625 242064 148996 820836 591361 116964 872356 795664 692224 2025 9 304704 169744 16129 110889 323761 184900 38809 231361 121104 220900 246016 1681 898704 540225 200704 54756 447561 952576 25921 6561 52900 458329 660969 166464 413449 42025 831744 311364 25921 483025 27225 27225 426409 632025 182329 546121 73441 490000 11025 133225 900601 485809 866761 831744 698896 4900 535824 855625 393129 308025 1369 5776 349281 583696 23104 492804 182329 202500 308025 900601 870489 817216 986049 2809 11449 743044 11025 255025 876096 96721 381924 225625 499849 73984
16641 193600 633616 386884 6241 272484 119025 290521 41616 643204 717409 268324 93025 641601 54289 123201 664225 577600 196 968256 416025 525625 968256 277729 119025 915849 725904 169744 405769 426409 281961 525625 3969 708964 3481 361201 305809 442225 140625 21904 17689 305809 191844 225 531441 243049 547600 277729 1369 360000 51984 848241 688900 85264 152100 992016 155236 138384 67600 85264 419904 6084 93636 595984 720801 362404 537289 191844 976144 952576 202500 16384 181476 756900 67081 31684 80656 68121 4761 41616 24964 788544 403225 82944 810000 383161 1849 570025 305809 756900 463761 36100 891136 970225 328329 47089 19600 60025 33489 290521 130321 270400 9409 228484 99856 106276 113569 316969 278784 152881 553536 205209 431649 78400 247009 77841 11881 379456 795664 133225 170569 2209 820836 654481 376996 298116 145924 2601 37636 4225 1000000 211600 885481 9025 144400 799236 10404 198025 853776 511225 95481 275625 952576 535824 198916 110889 319225 36864 669124 529984 8464 841 28224 37249 547600 71824 432964 776161 91204 4 350464 819025 44521 10000 577600 324 355216 441 271441 915849 450241 984064 231361 603729 529984 86436 18225 4356 529984 741321 900 74529 301401 389376 51529 463761 3721 434281 741321 189225 835396 946729 487204 147456 529 586756 95481 729 31329 644809 1681 11449 204304 280900 184041 13924 161604 582169 11664 962361 2304 466489 215296 184041 46225 783225 103684 659344 80089 700569 42025 532900 177241 273529 463761 36 451584 381924 170569 341056 193600 753424 117649 833569 450241 271441 51529 565504 611524 199809 16129 258064 524176 249001 265225 136900 251001 885481 220900 341056 196249 354025 568516 9409 908209 362404 145924 9025 13456 36 988036 883600 736164 6241 63504 154449 758641 705600 200704 954529 599076 619369 10000 649636 162409 444889 2601 5476 44521 70225 680625 6724 961 841 240100 853776 65536 641601 126025
2916 235225 361 69696 266256 53361 249001 109561 646416 4 793881 972196 122500 346921 549081 179776 648025 271441 851929 107584 576081 160801 28224 511225 984064 146689 559504 44521 624100 435600 529 714025 295936 368449 436921 783225 423801 547600 311364 288369 529984 833569 5476 348100 216225 61504 8100 50625 521284 580644 555025 121104 194481 984064 103041 538756 722500 831744 516961 29929 11664 168100 217156 9025 404496 850084 256 527076 7396 484 84681 715716 25921 143641 866761 78400 3364 515524 103041 552049 70225 613089 465124 160000 29241 820836 674041 322624 112896 190096 252004 237169 769129 42025 591361 743044 29241 765625 935089 171396 450241 589824 2601 692224 802816 879844 824464 166464 332929 564001 784996 421201 528529 4489 89401 148996 141376 501264 241081 97969 883600 168100 43264 481636 652864 13225 703921 173056 209764 850084 512656 328329 504100 521284 268324 205209 881721 4624 87025 470596 751689 966289 7396 857476 59049 269361 646416 546121 534361 345744 203401 25600 115600 59049 375769 568516 62001 815409 863041 56644 324900 535824 597529 414736 950625 651249 720801 199809 53361 17161 583696 130321 595984 956484 32761 178929 81 553536 519841 443556 746496 469225 12321 136161 589824 4624 512656 191844 58081 102400 606841 667489 438244 312481 136161 63504 93636 198916 93636 1000000 10201 352836 104329 942841 15876 676 524176 617796 272484 60025 801025 348100 589824 241081 352836 160801 595984 571536 839056 77284 65536 1089 172225 582169 31684 755161 24336 8649 110224 33489 436921 220900 338724 135424 619369 635209 715716 819025 313600 113569 342225 217156 239121 685584 291600 443556 362404 210681 156025 270400 352836 561001 48841 636804 720801 776161 77841 11449 654481 27225 8464 927369 797449 3364 570025 370881 19321 49 10404 379456 33124 463761 53361 2209 597529 9216 529 78961 344569 2304 160801 237169 419904 11025 484416 192721 164836 910116 27556 51529
505521 919681 401956 490000 502681 896809 378225 21025 82369 819025 386884 588289 175561 246016 749956 191844 702244 101124 33856 337561 356409 627264 42436 361 195364 145924 34969 214369 351649 6084 361201 247009 613089 295936 2601 326041 19881 34969 4356 458329 5329 774400 627264 79524 1444 71824 608400 692224 6241 667489 881721 5041 961 94249 600625 27225 56169 11881 801025 240100 390625 450241 154449 215296 271441 157609 151321 788544 29584 77841 19321 148225 217156 762129 290521 187489 28224 108241 356409 52900 465124 484 80656 729316 47524 940900 841 156025 550564 100 37249 481636 784 31684 354025 573049 3025 394384 357604 41616 430336 643204 368449 129600 859329 148996 2304 38809 149769 82944 528529 697225 440896 224676 210681 27889 108900 3844 4225 24025 1681 10000 687241 441 904401 5929 613089 107584 534361 15625 335241 109561 961 284089 485809 351649 185761 546121 116281 10404 842724 98596 708964 992016 68644 196 917764 249001 774400 313600 656100 984064 104329 369664 887364 933156 30976 423801 473344 462400 172225 173889 948676 6241 4900 207936 829921 16641 121104 254016 451584 835396 18225 238144 1296 177241 595984 978121 96100 132496 163216 5041 602176 42436 174724 481636 643204 707281 570025 6889 49 409600 412164 484416 490000 263169 303601 229441 2916 274576 326041 34225 190096 154449 398161 64516 93636 13689 608400 192721 480249 434281 24649 75076 32041 121 3969 540225 781456 178929 2704 88209 756900 840889 200704 505521 422500 321489 63504 824464 21025 16 63001 497025 992016 61504 467856 767376 944784 168921 124609 163216 101124 323761 219961 864900 839056 45369 2025 134689 591361 78961 448900 160801 793881 55225 400689 186624 678976 229441 654481 467856 792100 595984 8649 459684 184041 879844 67081 278784 736164 157609 25 24964 199809 564001 21025 7921 819025 15876 57121 115600 700569 24336 259081 280900 143641 891136 864900 739600 23104
410881 269361 624100 327184 859329 13456 42436 144 35721 39601 17424 4761 148225 401956 56644 361 373321 83521 119025 260100 31329 16 1000000 26896 30276 361 839056 46225 210681 141376 851929 938961 960400 163216 58564 966289 501264 68644 47089 250000 599076 90601 529 112896 194481 1296 570025 12769 894916 142129 118336 207936 1296 669124 31329 9216 555025 705600 1681 133225 116964 492804 292681 426409 508369 135424 617796 66049 404496 360000 351649 122500 100 2704 758641 30625 259081 4356 47524 664225 256036 386884 5776 465124 49 917764 60025 369664 47524 485809 432964 207025 1000000 121104 833569 130321 155236 99856 7744 410881 505521 69169 73441 21025 77841 74529 184041 61009 235225 85849 90601 976144 162409 46656 3136 151321 21025 165649 389376 876096 603729 99856 10816 443556 243049 114244 508369 1024 294849 804609 58081 1 339889 483025 893025 576081 543169 130321 450241 121801 833569 55696 165649 9604 748225 277729 925444 562500 2500 129600 226576 506944 34596 819025 529984 117649 541696 318096 225 95481 78961 6241 67600 6400 608400 18769 664225 213444 9409 21904 524176 651249 231361 391876 82944 189225 108900 58564 203401 529 242064 900601 4 1024 7744 400 714025 870489 516961 497025 80089 139876 458329 141376 230400 515524 881721 84681 767376 166464 316969 208849 183184 11664 403225 859329 43681 94864 25281 235225 641601 820836 962361 8100 105625 562500 524176 630436 707281 36864 702244 707281 617796 332929 54289 228484 119716 2809 776161 756900 99856 82944 105625 65536 693889 846400 238144 688900 976144 139876 241081 950625 334084 540225 504100 90000 40804 326041 8649 532900 442225 119716 28900 440896 614656 30976 744769 50625 459684 416025 494209 34596 161604 866761 107584 4096 100 85849 502681 80656 133225 4 586756 54289 126736 219024 1849 982081 9216 90601 40000 169744 529984 498436 729 1024 583696 744769 707281 342225 65025 562500
917764 109561 123201 940900 88804 321489 401956 9216 589824 153664 868624 518400 78400 42436 674041 184900 96721 632025 702244 114921 505521 958441 440896 348100 484 976144 112896 101761 74529 114921 24336 250000 2401 88209 173889 480249 82369 2304 755161 90601 532900 14884 119716 944784 16384 132496 455625 206116 97969 200704 859329 505521 117649 356409 108241 900 36100 3969 131044 362404 247009 602176 267289 9409 900601 394384 36481 187489 303601 2809 138384 69169 660969 20736 15129 574564 452929 28561 191844 2916 157609 18496 1600 652864 348100 5929 478864 552049 26896 133225 53361 70225 355216 367236 11664 817216 56644 293764 16900 447561 123904 692224 459684 881721 1 13924 59049 139876 67600 802816 815409 68121 93636 11025 234256 810000 893025 669124 117649 678976 176400 11664 266256 774400 986049 98596 94864 722500 30625 784996 299209 255025 416025 278784 525625 186624 111556 410881 277729 100 217156 5041 19881 349281 36100 10816 133956 351649 874225 11449 4096 268324 146689 308025 206116 110889 476100 169 802816 474721 400 131769 33856 538756 667489 442225 72361 36481 60025 10404 765625 436921 220900 217156 315844 783225 20449 74529 690561 940900 459684 762129 466489 172225 90601 553536 247009 391876 3249 38416 810000 88209 458329 185761 7225 187489 25 172225 64009 156816 327184 384400 654481 165649 3364 1296 1000000 38025 110224 114921 120409 315844 147456 9604 163216 21904 649636 772641 550564 56169 157609 422500 23716 835396 143641 649636 5329 483025 540225 236196 480249 427716 635209 348100 700569 950625 25 850084 994009 458329 885481 594441 77841 35721 784996 181476 168100 571536 868624 53824 89401 60516 12321 622521 881721 633616 729 427716 441 473344 748225 876096 405769 624100 8281 582169 595984 157609 544644 148225 4900 8281 204304 118336 386884 136900 418609 86436 595984 697225 8649 51076 746496 367236 459684 692224 451584 727609 638401 78400 335241 1369 264196
462400 53361 50176 3364 169 649636 46225 303601 123201 58081 708964 478864 900 188356 319225 5329 394384 367236 328329 1 7225 519841 187489 2704 87025 118336 891136 141376 824464 364816 373321 703921 32400 183184 14641 950625 28224 638401 269361 207936 786769 12996 968256 680625 157609 69696 36 571536 15625 8464 241081 498436 196 851929 929296 221841 343396 61504 311364 518400 85264 490000 18496 769129 275625 21609 168100 417316 14884 289444 310249 227529 99856 77284 577600 17956 275625 64516 42436 82369 487204 23716 919681 5329 67600 440896 546121 319225 17161 88804 690561 7056 168100 734449 30625 855625 534361 600625 667489 25921 36100 9801 202500 690561 222784 18769 320356 167281 443556 2601 211600 77284 588289 24964 227529 258064 17956 720801 75076 672400 71289 608400 14161 408321 207936 352836 393129 553536 225625 50176 491401 305809 73441 7056 367236 524176 815409 107584 141376 724201 599076 894916 85849 300304 155236 675684 9604 111556 14884 145161 692224 436921 287296 109561 2116 126025 27225 235225 454276 318096 300304 119716 36481 28224 169744 126025 23409 3025 121801 68121 24025 844561 64 8836 439569 310249 36100 896809 16384 374544 312481 167281 781456 729316 853776 710649 531441 600625 158404 682276 499849 275625 682276 456976 157609 1936 5041 456976 346921 10201 7396 954529 544644 70225 795664 620944 258064 203401 164836 8836 164836 88804 68644 87025 630436 257049 900 212521 410881 502681 423801 839056 206116 839056 528529 64009 7569 220900 492804 672400 654481 678976 142129 44100 287296 447561 693889 685584 724201 558009 710649 986049 529 157609 250000 181476 18225 946729 375769 97344 195364 322624 51076 4624 316969 128164 6400 142129 732736 624100 667489 45369 260100 680625 287296 234256 168100 541696 456976 808201 37249 229441 678976 6241 36 36864 145161 29241 381924 495616 553536 961 25281 534361 83521 546121 339889 61504 617796 697225 46225 783225 660969 93636
466489 268324 29929 27556 293764 442225 332929 582169 538756 219024 101124 75076 643204 784 289444 204304 399424 131044 75076 121801 248004 37249 95481 813604 751689 304704 70225 191844 755161 4096 476100 841 450241 441 509796 49 177241 179776 148996 430336 305809 150544 269361 237169 388129 490000 357604 931225 58081 35344 24025 440896 61009 164025 990025 824464 665856 521284 231361 946729 846400 346921 611524 72900 538756 208849 541696 165649 10404 3844 273529 65536 361 356409 571536 435600 160801 7744 42025 94249 306916 20736 529984 627264 543169 272484 948676 145924 447561 7569 2500 62001 30625 15625 737881 868624 152100 565504 580644 942841 24025 88804 104976 605284 549081 769129 2916 839056 79524 159201 208849 29584 774400 71824 795664 275625 196249 412164 737881 110224 130321 51076 29241 877969 495616 17424 313600 844561 690561 435600 649636 386884 868624 887364 254016 483025 595984 141376 480249 49284 452929 261121 33856 490000 127449 151321 268324 7744 755161 592900 239121 48400 70756 155236 81 106276 804609 127449 21025 208849 477481 861184 311364 698896 70756 19881 156025 57600 343396 79524 404496 512656 117649 350464 813604 541696 104976 60025 5476 57600 692224 898704 763876 692224 138384 2401 22201 345744 558009 139129 54756 848241 121 426409 131044 3481 16384 19600 172225 22500 597529 857476 38416 543169 9801 58564 891136 51529 106929 217156 26244 152100 1681 571536 188356 393129 36100 720801 846400 10816 840889 99225 184041 9801 62001 384400 75076 972196 108241 286225 123201 312481 927369 82944 292681 998001 1600 292681 729 196 491401 34969 853776 190096 240100 553536 95481 140625 35721 737881 162409 34596 651249 3249 408321 29584 565504 89401 360000 14884 732736 70225 734449 49729 24964 209764 134689 690561 271441 214369 984064 121104 765625 331776 501264 246016 632025 6241 112896 26896 310249 121104 396900 115600 910116 558009 298116 67600 784 797449 94249 491401 316969 156025 1849
205209 462400 49 944784 439569 243049 81796 55696 432964 570025 719104 14161 40000 5625 138384 166464 79524 828100 352836 792100 440896 559504 255025 126736 194481 817216 459684 491401 3025 931225 248004 3025 15376 30625 144400 393129 46225 988036 1521 281961 483025 813604 98596 139876 38809 145924 883600 298116 376996 430336 89401 102400 105625 110889 6084 305809 210681 537289 976144 737881 80089 196249 42025 595984 25600 938961 21904 59536 625681 50176 99856 512656 46225 204304 64 52900 97344 198025 1681 944784 431649 39601 174724 225625 822649 287296 277729 19600 38809 474721 214369 2704 820836 976144 850084 60025 90000 255025 960400 881721 164836 421201 441 81796 404496 311364 6400 725904 279841 16641 749956 106929 474721 817216 3364 162409 73441 145161 199809 2401 4 256036 682276 5929 690561 30976 169 680625 135424 619369 212521 281961 57121 501264 571536 419904 837225 110889 126736 264196 319225 571536 665856 17956 12100 982081 2809 833569 119025 51984 123201 48400 20736 120409 276676 579121 39204 889249 65536 290521 659344 829921 11449 21025 729316 874225 25 842724 189225 142129 37249 12996 861184 695556 669124 811801 9025 912025 119025 877969 419904 372100 538756 36 707281 737881 318096 434281 9 2601 25281 193600 4900 412164 797449 669124 16 535824 443556 252004 700569 28224 60516 93025 33856 21609 240100 164836 175561 376996 497025 851929 232324 119716 24025 2500 908209 913936 64 152100 63001 425104 893025 6084 257049 4624 133956 933156 6241 790321 81796 625681 227529 900601 245025 837225 565504 145924 356409 47089 552049 16900 170569 238144 70225 3969 746496 313600 25600 211600 131769 441 879844 201601 399424 463761 931225 16 705600 488601 440896 595984 24025 94249 104329 284089 48400 131769 960400 335241 714025 687241 883600 767376 375769 167281 127449 448900 71289 54756 51076 410881 817216 92416 88804 656100 228484 132496 259081 264196 758641 87616 561001 555025 904401 21316
112225 168100 213444 664225 404496 21025 620944 35344 69169 393129 357604 970225 223729 30625 152881 1444 258064 50176 155236 859329 339889 864900 24649 480249 498436 185761 281961 342225 312481 5625 322624 431649 177241 576081 762129 97344 808201 555025 102400 349281 19321 988036 419904 456976 196249 585225 101761 219961 788544 632025 986049 824464 32041 287296 4096 13924 799236 168921 241081 48400 447561 938961 585225 143641 682276 91204 219961 702244 290521 12321 34225 421201 549081 12544 665856 559504 497025 267289 250000 6889 958441 152100 160000 992016 966289 624100 24964 946729 31329 501264 208849 271441 776161 42436 386884 101761 78400 636804 34969 4 295936 78961 659344 334084 54289 114244 3969 265225 144 156816 331776 25921 63001 751689 280900 11664 7744 54289 925444 92416 490000 97969 702244 595984 906304 708964 229441 384400 614656 283024 405769 349281 253009 602176 705600 898704 348100 187489 234256 448900 94864 505521 383161 280900 1600 118336 136161 27556 47961 480249 110889 715716 87025 521284 80089 227529 984064 19044 255025 676 14641 169744 73984 876096 4225 230400 810000 249001 458329 582169 483025 121801 27556 891136 186624 70225 988036 712336 1936 243049 2401 898704 103041 416025 12100 63001 399424 108900 155236 966289 264196 242064 430336 302500 60516 29584 16 605284 121104 36864 254016 42025 484 88209 293764 155236 20164 189225 87616 138384 16641 264196 913936 103684 5041 183184 188356 361 234256 168100 335241 772641 72900 179776 297025 247009 197136 82944 732736 66049 364816 92416 431649 564001 231361 133225 954529 52441 861184 285156 378225 156816 31684 497025 841 485809 685584 783225 53361 710649 156816 919681 452929 724201 731025 49284 788544 126025 143641 567009 25 27225 948676 320356 648025 514089 38025 20449 562500 948676 166464 913936 39601 1089 9409 76176 925444 108241 264196 958441 579121 139876 659344 1089 246016 1681 149769 381924 552049 90601 682276 14161 370881 734449 33124 850084 806404
741321 675684 710649 80089 781456 289 259081 312481 194481 2025 60025 208849 534361 546121 161604 667489 71289 3481 15876 933156 105625 410881 368449 306916 719104 156816 368449 494209 300304 128164 50176 178929 81796 25 278784 913936 93025 910116 184900 597529 806404 546121 1936 163216 426409 145924 178084 20449 148225 99856 323761 20449 10609 210681 51076 574564 777924 65536 2025 705600 846400 544644 522729 887364 731025 549081 112896 163216 85849 20164 38025 91204 7921 152881 27556 1024 958441 1024 287296 143641 799236 219961 820836 185761 32400 391876 727609 88209 369664 931225 846400 577600 127449 217156 60025 119716 111556 617796 549081 70756 34596 9025 330625 34225 501264 876096 62500 659344 275625 228484 370881 14884 434281 657721 2025 350464 327184 9216 20449 844561 552049 36481 758641 33489 124609 870489 898704 26569 900 430336 35721 15625 851929 204304 156025 350464 173889 591361 519841 200704 343396 20449 122500 337561 657721 179776 434281 8464 984064 992016 166464 580644 763876 889249 36100 687241 972196 197136 13225 698896 609961 611524 106929 363609 6561 14161 879844 20736 250000 61504 1681 26569 63504 205209 8836 6561 26569 58081 929296 169 112896 1849 200704 466489 63001 336400 53824 859329 698896 398161 144400 954529 998001 54756 119716 232324 119025 456976 38025 145161 127449 659344 1156 698896 644809 470596 451584 15129 335241 301401 134689 37249 348100 273529 595984 986049 97969 2209 160801 652864 65536 199809 186624 7921 400 71289 447561 848241 6400 595984 87025 933156 2601 23104 6561 199809 755161 2116 1681 664225 161604 327184 274576 30625 262144 156025 550564 6400 660969 370881 806404 646416 1681 736164 103041 348100 186624 675684 119025 208849 290521 624100 18496 790321 683929 5041 98596 28561 576081 276676 321489 455625 11449 456976 442225 72361 611524 485809 34596 107584 59049 240100 998001 13225 264196 915849 219024 342225 534361 484416 99225 376996 286225 207025 24025 292681 556516 763876
108241 226576 923521 283024 388129 409600 755161 256 100 883600 820836 495616 304704 485809 21609 883600 270400 225625 784 877969 330625 4489 60025 52900 921600 739600 444889 737881 30276 121801 6889 180625 182329 765625 47524 656100 737881 253009 592900 29929 753424 384400 245025 925444 55225 1444 56169 527076 94864 902500 147456 125316 627264 48400 984064 466489 267289 127449 363609 473344 34596 63504 42849 801025 8649 988036 619369 469225 511225 678976 622521 27556 222784 521284 813604 182329 698896 863041 724201 820836 47961 471969 76729 425104 446224 59536 313600 65536 872356 580644 240100 61504 664225 940900 51529 461041 21316 385641 589824 401956 426409 2916 964324 2704 13924 87025 379456 244036 24964 736164 497025 469225 342225 57121 140625 251001 351649 36481 131769 178084 197136 83521 170569 46656 717409 265225 59049 497025 1024 620944 168921 788544 147456 651249 88804 266256 786769 32400 71824 17956 1296 583696 11664 300304 81 839056 435600 976144 525625 140625 185761 717409 35721 6561 683929 16900 131044 874225 116964 348100 248004 289444 68121 770884 322624 62001 49284 366025 929296 770884 297025 80089 777924 521284 720801 87025 641601 850084 758641 2500 443556 306916 112896 44944 102400 727609 525625 657721 29929 30976 30625 505521 831744 904401 255025 2116 226576 173889 484 567009 74529 568516 651249 108900 682276 2116 199809 815409 559504 409600 16641 964324 792100 736164 996004 842724 393129 4096 2809 86436 116964 143641 214369 262144 55225 28561 61504 19881 78961 88209 461041 469225 139876 70756 47961 13689 213444 3364 346921 110224 7396 279841 810000 5776 15129 294849 6084 454276 808201 83521 769129 537289 29929 705600 87025 609961 360000 131769 202500 423801 370881 872356 48400 589824 280900 150544 129600 69169 802816 152881 153664 5476 455625 678976 197136 370881 12544 345744 708964 356409 495616 127449 234256 191844 100 59536 36 1600 251001 185761 19600 379456 824464 633616 82944 1444 313600 797449 633616
55225 446224 819025 40804 148225 27556 562500 91204 546121 285156 68121 23104 2025 678976 225 784996 514089 354025 7921 96721 625681 33856 767376 599076 161604 2916 833569 96721 35721 223729 22500 71824 298116 4356 225625 630436 458329 159201 463761 3481 375769 133225 870489 332929 149769 705600 188356 410881 125316 950625 82944 982081 700569 820836 361201 8281 195364 207936 461041 66564 57121 450241 20164 97969 139129 712336 412164 88209 772641 328329 31329 426409 167281 88804 96100 1089 729316 565504 46225 315844 172225 19321 978121 350464 91809 76729 257049 160801 79524 549081 635209 15129 115600 324 3481 8836 444889 322624 736164 952576 101761 3844 121104 123201 41209 2601 309136 220900 257049 67600 264196 1296 7569 3721 994009 292681 131044 41209 592900 26569 114921 341056 128881 6084 558009 38416 412164 376996 264196 253009 61504 140625 568516 62001 461041 599076 893025 410881 762129 17689 315844 606841 27225 702244 588289 9801 1521 8464 196249 702244 2116 36100 921600 96100 7569 277729 643204 28900 872356 3136 776161 59536 419904 356409 82369 20736 9604 116281 9801 462400 356409 21609 63504 173056 7569 980100 126736 471969 900601 343396 274576 116281 535824 900601 866761 144400 14884 87616 616225 769129 131769 952576 25281 143641 260100 656100 30276 913936 73984 512656 186624 808201 139129 45369 87025 894916 177241 169744 116281 784 970225 976144 1600 763876 294849 1444 343396 15129 30276 32041 779689 334084 33856 258064 236196 793881 300304 180625 190096 209764 90000 50176 8100 1600 189225 444889 205209 50625 45796 683929 243049 183184 23716 10000 552049 573049 149769 187489 786769 487204 660969 41209 148225 44944 55225 25921 885481 45369 504100 362404 22201 992016 519841 938961 707281 439569 528529 3481 649636 640000 628849 384400 128164 497025 712336 314721 799236 47961 196249 341056 680625 49284 400689 184041 14400 135424 113569 134689 630436 348100 783225 320356 225625 431649 65025 840889 672400 927369 366025 574564
144 670761 702244 622521 175561 287296 369664 260100 116281 467856 576 35344 525625 342225 136161 599076 265225 81796 1000000 632025 758641 1369 197136 208849 25600 322624 60516 425104 133225 183184 225 216225 1764 529984 200704 2500 57121 113569 855625 2401 82369 198025 165649 299209 113569 410881 202500 121104 78961 16 293764 894916 525625 516961 741321 50176 736164 447561 7225 591361 156025 9 289444 338724 954529 439569 405769 524176 521284 674041 121104 846400 385641 61504 495616 280900 54756 1024 119716 63504 692224 151321 64516 364816 169 579121 147456 688900 294849 900 938961 8836 200704 608400 966289 1444 315844 817216 22801 15625 48841 822649 78400 87616 857476 19044 64009 188356 121 292681 850084 67600 214369 459684 5929 334084 605284 252004 146689 556516 819025 10404 186624 209764 1764 403225 72361 2809 488601 245025 204304 258064 606841 573049 708964 178084 904401 795664 172225 4900 7569 332929 181476 33124 421201 252004 819025 444889 409600 57600 790321 497025 811801 135424 544644 426409 323761 113569 744769 193600 5776 2304 6724 48400 630436 257049 894916 78400 314721 55225 828100 175561 4096 145161 434281 72361 756900 145924 173056 715716 784996 6889 91809 376996 676 567009 756900 59536 891136 206116 625681 218089 26244 409600 112225 38025 47524 2809 182329 2601 284089 487204 352836 18496 23716 912025 425104 19881 636804 874225 786769 11025 687241 96100 613089 35344 367236 659344 313600 183184 527076 335241 175561 646416 407044 47089 970225 946729 499849 308025 964324 579121 459684 820836 429025 3600 481636 97969 439569 896809 5625 962361 198916 746496 790321 318096 24964 246016 45369 600625 257049 652864 301401 492804 276676 879844 767376 851929 149769 251001 414736 161604 235225 7569 38025 485809 8464 1024 722500 635209 203401 32400 226576 594441 240100 203401 34225 400 81 1024 68121 173056 18769 328329 381924 16129 52900 173056 676 874225 311364 103041 11664 986049 829921 465124 345744 139876 1849 283024 17689
168100 839056 502681 469225 481636 2809 531441 61009 447561 153664 883600 246016 842724 159201 419904 351649 16900 63001 438244 393129 374544 101124 682276 762129 260100 30625 879844 143641 564001 139876 28900 30625 37636 90000 1369 954529 12321 896809 15129 51076 9216 62001 212521 189225 484416 339889 393129 113569 549081 189225 21609 36 781456 126025 281961 685584 131044 150544 159201 763876 502681 4624 552049 319225 606841 841 3025 633616 915849 348100 78961 14641 21904 15129 148225 148996 476100 540225 532900 172225 104329 131044 214369 913936 497025 2401 354025 938961 241081 33124 222784 106929 346921 829921 525625 44521 561001 1849 972196 962361 293764 212521 200704 497025 2025 46656 5041 502681 43681 378225 674041 268324 128164 46656 900 839056 902500 82944 588289 177241 902500 5476 458329 150544 624100 151321 72361 859329 289444 202500 558009 499849 188356 476100 77841 537289 172225 258064 16 438244 152881 56169 407044 338724 5625 239121 106929 49284 69696 467856 11236 616225 746496 185761 136161 144 48841 101124 194481 56644 1 126736 99225 820836 62500 577600 765625 725904 603729 674041 218089 674041 245025 213444 170569 32400 765625 72900 30625 76729 197136 448900 33489 162409 426409 574564 641601 279841 262144 481636 85849 230400 609961 39601 223729 145161 163216 485809 346921 315844 570025 657721 665856 29584 876096 719104 12769 4900 17956 697225 722500 900 135424 946729 579121 30276 617796 21904 167281 649636 104976 769129 58564 178084 152881 284089 35721 44944 16 341056 617796 374544 98596 640000 407044 49284 277729 272484 6084 138384 150544 833569 540225 3025 393129 179776 10404 266256 268324 868624 5041 182329 327184 490000 257049 123201 413449 23104 488601 990025 774400 326041 547600 550564 267289 91809 697225 376996 719104 388129 197136 950625 239121 8836 329476 820836 23716 262144 732736 210681 620944 298116 324900 944784 492804 687241 776161 702244 398161 144400 45369 784996 67600 36481 900 35344 1369 242064 646416 106929 462400 159201
328329 27225 491401 477481 879844 90601 758641 417316 938961 872356 207936 262144 697225 330625 3025 665856 233289 810000 463761 60516 91809 5776 222784 36864 657721 399424 810000 42025 466489 13225 112225 364816 206116 31329 242064 2601 774400 191844 323761 346921 345744 36 1000000 746496 385641 287296 690561 553536 739600 145161 929296 24336 817216 806404 80089 636804 602176 259081 470596 99225 685584 737881 357604 230400 40401 16900 859329 69169 722500 900601 49284 254016 426409 409600 570025 562500 63504 900 137641 576081 165649 12769 840889 94249 143641 938961 63001 458329 476100 632025 87025 467856 877969 39601 1369 938961 929296 374544 394384 128164 633616 724201 715716 741321 444889 316969 321489 63001 591361 260100 485809 511225 806404 564001 714025 974169 588289 606841 154449 724201 518400 82944 121801 165649 616225 950625 334084 98596 31684 167281 844561 273529 970225 697225 129600 863041 1849 123904 640000 793881 291600 8100 11025 65536 10000 30625 267289 431649 394384 815409 998001 57600 407044 586756 580644 14400 256036 42025 837225 810000 407044 316969 70225 688900 40000 249001 919681 675684 3600 29241 270400 625681 112225 506944 116964 350464 459684 254016 265225 266256 135424 736164 434281 33489 29241 78400 480249 577600 544644 3136 235225 53824 276676 467856 633616 4356 179776 559504 172225 13225 451584 25281 442225 491401 246016 38416 729316 8649 103041 866761 12321 133225 158404 304704 79524 17161 627264 52441 361 238144 65536 128164 524176 239121 29584 50625 833569 116281 142129 294849 34596 115600 490000 917764 850084 958441 913936 130321 290521 50625 817216 781456 96100 374544 196 473344 921600 64 350464 324 23409 6889 492804 416025 4096 976144 487204 732736 259081 225 682276 229441 763876 58081 343396 13456 214369 116964 262144 120409 255025 22801 80089 379456 352836 568516 385641 81 147456 749956 795664 269361 465124 786769 919681 797449 404496 175561 238144 846400 407044 166464 28900 215296 585225 72361 18225 43681 125316 455625 5776 470596 504100
220900 331776 944784 94864 1936 940900 833569 786769 368449 422500 729316 234256 158404 164025 667489 114244 38809 278784 13924 57600 400 558009 585225 156025 585225 682276 443556 824464 51984 452929 786769 576081 444889 58564 490000 700569 438244 319225 628849 855625 2025 50176 185761 167281 354025 765625 786769 113569 389376 351649 2500 447561 360000 183184 547600 806404 654481 126736 190096 49 267289 100 140625 9409 978121 13689 2601 925444 529 35721 126736 3025 157609 524176 379456 3721 356409 298116 16641 16641 734449 163216 667489 42025 5476 962361 412164 88804 33856 879844 498436 146689 52900 94864 842724 48841 6889 705600 76176 44521 305809 685584 546121 209764 826281 193600 47089 61009 28561 342225 620944 94864 22801 56169 401956 10816 810000 846400 16641 219024 70756 962361 617796 10816 31329 202500 23716 219024 182329 125316 217156 459684 25921 703921 95481 876096 641601 929296 769129 81 447561 427716 286225 480249 152881 543169 665856 480249 283024 44521 855625 198916 431649 361201 494209 942841 425104 172225 896809 319225 16900 139876 490000 320356 758641 275625 784 137641 101124 64 913936 125316 67600 83521 412164 633616 284089 447561 446224 109561 29929 2916 24336 100489 219961 1600 646416 115600 92416 675684 123904 100 919681 110889 970225 165649 889249 303601 697225 57600 106929 32761 341056 822649 712336 446224 20736 31684 494209 55696 731025 8836 363609 11449 917764 564001 984064 591361 374544 231361 861184 719104 205209 38416 240100 933156 640000 158404 47524 866761 93025 3600 308025 134689 582169 693889 614656 8100 394384 195364 159201 707281 170569 34969 145924 330625 248004 722500 367236 2304 443556 120409 84681 9025 992016 405769 271441 961 501264 270400 50176 273529 281961 567009 925444 328329 200704 478864 10404 850084 591361 256036 298116 67600 675684 974169 117649 2916 13689 5329 477481 381924 1849 73984 627264 802816 116281 144400 198025 485809 77841 422500 152100 692224 13924 15129 910116 76729 474721 1024 263169 474721 540225 58081
633616 71824 215296 756900 111556 454276 338724 815409 126736 386884 591361 95481 98596 793881 11236 272484 755161 549081 229441 28561 646416 580644 405769 76176 628849 311364 19321 356409 781456 360000 96721 226576 219024 480249 309136 264196 214369 10816 456976 25 320356 40000 734449 38025 310249 883600 90000 3136 7225 452929 194481 324900 53361 53824 330625 962361 145924 968256 38809 116281 6724 43681 3481 85264 643204 528529 67600 16384 267289 19881 61009 350464 826281 369664 12996 462400 900 102400 685584 562500 567009 826281 80089 837225 142129 8100 570025 14400 171396 143641 7225 6084 198025 737881 13456 820836 765625 767376 698896 427716 417316 90601 290521 512656 92416 32761 656100 133956 819025 552049 748225 436921 158404 295936 870489 30276 769129 756900 505521 1225 576081 2601 964324 665856 11236 198025 51076 131044 70756 213444 414736 58564 874225 232324 494209 935089 32400 361201 677329 831744 265225 360000 342225 228484 239121 246016 46225 837225 150544 648025 281961 56644 170569 344569 831744 399424 835396 555025 1936 65025 66564 627264 17689 931225 950625 646416 32041 265225 184041 184041 106276 685584 30625 937024 7225 933156 488601 23409 21025 874225 799236 855625 591361 24336 13924 831744 519841 155236 20449 312481 366025 175561 375769 474721 804609 2704 1764 389376 695556 217156 217156 308025 828100 129600 178929 159201 119716 633616 279841 7396 314721 876096 80656 30625 749956 88209 193600 314721 439569 524176 279841 6889 944784 729 2601 561001 14400 635209 248004 99225 984064 586756 938961 454276 839056 19044 964324 44100 247009 237169 19600 697225 565504 1681 370881 395641 582169 378225 5476 1936 82369 624100 53361 933156 483025 118336 644809 599076 81225 1764 870489 591361 198916 207025 362404 92416 137641 2704 96100 12100 2601 1600 364816 942841 400689 515524 323761 258064 367236 749956 83521 189225 160801 9 16 720801 619369 57600 808201 264196 114244 3249 470596 229441 90601 729 976144 3136 227529 312481 138384 6561 381924 638401 276676
9409 2209 741321 606841 651249 603729 106276 853776 508369 756900 66049 260100 102400 294849 69696 300304 135424 861184 55696 133225 164836 491401 649636 894916 614656 205209 788544 846400 5041 8464 10201 595984 15129 97344 193600 103684 576081 186624 72361 531441 341056 990025 404496 806404 270400 508369 466489 116281 351649 917764 58564 97969 499849 599076 51529 793881 332929 938961 256036 595984 418609 116964 946729 811801 815409 956484 108900 233289 431649 4 367236 210681 996004 620944 760384 90601 6084 18496 579121 559504 501264 33856 199809 111556 872356 259081 538756 97344 915849 568516 11664 121 792100 451584 556516 687241 1 355216 611524 3249 27556 321489 27889 148996 968256 902500 561001 21025 605284 198916 908209 7744 218089 155236 480249 885481 568516 44100 35721 795664 506944 857476 203401 115600 41616 3481 616225 883600 826281 712336 739600 78961 760384 458329 166464 648025 152881 461041 456976 481636 85849 5776 4096 813604 191844 857476 855625 100489 329476 209764 10000 495616 226576 577600 324 170569 55696 4489 597529 912025 260100 898704 39204 879844 595984 111556 891136 2704 456976 87025 893025 232324 27225 10816 129600 67081 151321 180625 7744 87616 297025 881721 71824 204304 305809 4 87025 240100 480249 28224 257049 40401 806404 389376 27556 106276 729 1000000 11881 31684 403225 59536 94864 883600 178929 561001 868624 960400 48841 540225 81 438244 29241 674041 434281 214369 635209 148225 595984 153664 454276 48400 776161 4624 616225 36864 1369 54756 811801 874225 167281 247009 94249 409600 2500 840889 302500 614656 293764 149769 221841 46656 202500 85849 254016 848241 92416 921600 703921 611524 734449 38809 274576 576 970225 115600 78400 59536 885481 300304 354025 201601 619369 576 297025 85264 15625 112225 24649 20164 853776 97344 170569 719104 974169 994009 3249 37636 586756 32400 400 291600 178084 459684 695556 732736 275625 929296 309136 541696 363609 7396 401956 961 335241 466489 567009 178084 992016 168100 270400 844561 289 268324 38809 4356
375769 755161 720801 156816 7569 518400 3249 138384 925444 682276 168100 22201 68644 518400 6724 48841 12544 42849 100 840889 372100 55696 95481 677329 824464 872356 384400 685584 326041 285156 4624 328329 159201 516961 876096 861184 624100 27225 192721 974169 2704 12769 277729 152100 226576 9409 94249 21904 2500 710649 55696 44944 966289 935089 833569 4 518400 792100 720801 94249 484416 9216 313600 221841 153664 972196 4624 164025 442225 190969 303601 3136 1849 135424 180625 7744 874225 77284 3844 14400 232324 797449 801025 40804 499849 625 576081 879844 354025 332929 184900 73441 484416 14641 41616 605284 772641 24336 207936 326041 938961 497025 47089 527076 820836 777924 772641 857476 710649 703921 497025 17689 54289 859329 197136 49 4 15876 810000 152881 351649 71824 779689 758641 73984 714025 110224 603729 44944 34225 26896 861184 234256 861184 395641 466489 147456 859329 43681 194481 451584 368449 29241 731025 13225 416025 797449 290521 891136 693889 362404 452929 73441 474721 576081 16641 455625 88209 6241 801025 7921 614656 328329 853776 177241 595984 29584 127449 586756 4225 707281 268324 95481 194481 99225 213444 4356 756900 319225 657721 774400 13689 8836 851929 549081 106929 17956 550564 68644 265225 200704 502681 305809 21904 98596 82369 49729 332929 36 127449 23716 25281 16641 712336 463761 68644 597529 19881 69696 877969 762129 628849 6084 996004 272484 18225 358801 944784 439569 802816 284089 128164 917764 649636 592900 22201 695556 44944 26896 573049 198916 255025 26244 136900 7056 1681 5625 102400 25 452929 630436 837225 86436 439569 589824 9801 461041 430336 119025 81796 692224 42849 837225 994009 2209 369664 85849 264196 535824 256036 91809 145924 657721 90601 2304 32041 169744 67081 3600 12769 408321 484416 669124 683929 567009 368449 870489 8464 874225 767376 140625 822649 688900 281961 344569 537289 31329 110224 130321 155236 23409 900601 165649 136900 343396 602176 948676 133225 19881 505521 273529 201601 183184 725904 103041 145161 132496
866761 275625 19600 169 758641 547600 543169 3844 763876 203401 42436 18496 719104 625681 47524 52900 380689 85849 41616 81225 421201 874225 471969 263169 576081 14161 793881 988036 281961 126736 8649 255025 38416 287296 349281 436921 39204 4624 7056 143641 184900 770884 91809 225 343396 81225 717409 511225 168921 162409 795664 27225 276676 656100 119716 46656 521284 8836 16384 446224 12321 863041 644809 114921 151321 19600 349281 43264 32761 6400 835396 933156 120409 646416 279841 595984 74529 280900 416025 170569 11664 346921 338724 790321 91809 9409 130321 405769 82369 75076 38025 2209 591361 446224 410881 348100 16900 291600 103041 277729 469225 770884 263169 24649 736164 9025 368449 50176 786769 440896 451584 917764 14161 183184 9216 553536 338724 508369 906304 565504 864900 21609 405769 204304 1156 948676 22201 657721 138384 140625 42025 676 54289 779689 181476 727609 49 199809 574564 74529 209764 291600 110224 188356 17424 320356 142129 185761 61009 1296 47961 456976 744769 902500 212521 372100 172225 314721 166464 491401 219024 537289 556516 27889 157609 2401 173889 87025 226576 400 110889 110224 982081 197136 34225 644809 178084 23716 19044 237169 23104 297025 145161 38025 451584 372100 290521 444889 196249 917764 976144 751689 36864 976144 298116 762129 48841 10201 160000 17424 34596 412164 85849 770884 68121 72361 616225 465124 125316 17956 3600 233289 212521 119716 252004 670761 351649 67081 429025 106276 23104 636804 4356 81225 687241 906304 109561 707281 3249 178084 9025 628849 416025 21904 19044 455625 597529 108900 529 817216 276676 396900 717409 113569 937024 328329 30625 562500 872356 323761 21316 497025 57121 164025 185761 799236 929296 527076 26896 394384 16900 249001 342225 864900 248004 935089 992016 372100 238144 82944 67081 257049 573049 23716 412164 432964 63504 142129 266256 630436 25281 484416 124609 76176 599076 78961 508369 600625 737881 252004 784996 469225 63504 341056 207025 8836 312481 303601 178084 334084 289 133225 1000000 565504 393129 56644 276676 47961
249001 992016 665856 108900 23716 8281 197136 393129 529984 923521 501264 10000 250000 10000 476100 29584 241081 158404 220900 14400 822649 756900 117649 448900 27225 954529 65536 20736 96721 531441 81 872356 739600 249001 49 255025 38025 191844 26569 657721 198916 954529 527076 327184 919681 255025 16129 641601 450241 11025 605284 710649 792100 52900 156816 829921 158404 121 541696 904401 91809 10201 801025 8464 881721 259081 1849 245025 249001 900601 937024 43264 749956 466489 375769 703921 463761 725904 498436 608400 164836 3600 28561 108900 24336 643204 50176 444889 1225 502681 724201 938961 760384 463761 154449 879844 529984 214369 646416 966289 841 4096 808201 783225 229441 38025 289444 781456 213444 123201 492804 820836 381924 13689 102400 806404 149769 206116 846400 160000 136161 549081 42849 416025 361 207025 511225 19600 863041 223729 690561 184900 708964 485809 547600 86436 218089 302500 2704 851929 1000000 171396 249001 1681 8281 116281 178929 395641 18769 692224 173889 10404 229441 442225 94864 8649 10000 19321 336400 204304 35721 271441 678976 106276 87025 1600 354025 765625 432964 74529 931225 178084 481636 208849 272484 32041 714025 175561 230400 247009 253009 417316 478864 447561 857476 454276 859329 799236 5329 203401 37636 573049 736164 462400 885481 839056 339889 251001 135424 195364 12321 651249 751689 484416 324900 226576 121 850084 71289 258064 245025 226576 42849 690561 143641 285156 51529 868624 900601 427716 277729 116964 261121 220900 946729 537289 109561 725904 29584 136161 594441 498436 178929 421201 120409 781456 130321 133956 664225 367236 202500 342225 46656 1000000 784 429025 676 1936 683929 105625 292681 14884 883600 2025 522729 670761 515524 917764 40000 833569 627264 380689 484416 755161 177241 271441 4356 756900 294849 21609 344569 154449 136161 480249 790321 529 636804 405769 111556 692224 5329 7921 82944 73984 7396 209764 580644 404496 599076 114921 749956 492804 300304 167281 25 326041 837225 1521 708964 636804 962361 996004 381924 125316 12321 357604 7396 173889 925444
338724 933156 56169 177241 5625 313600 636804 139876 38809 839056 881721 15129 44100 15876 263169 32400 112896 707281 802816 670761 304704 576 193600 900 36 538756 613089 271441 182329 462400 925444 170569 36100 850084 239121 876096 518400 53361 784996 992016 52441 334084 767376 355216 3481 351649 227529 990025 514089 5625 9025 577600 40000 440896 1444 46656 48841 950625 123904 469225 60025 990025 318096 266256 439569 595984 17161 316969 211600 171396 344569 996004 284089 342225 95481 91809 632025 91204 7225 970225 289 881721 633616 243049 842724 211600 7056 577600 529 209764 16384 966289 108241 474721 1024 722500 515524 3721 412164 204304 363609 13924 633616 748225 7056 494209 29241 846400 690561 912025 36864 58081 413449 357604 815409 192721 41209 720801 161604 729316 418609 212521 654481 143641 163216 948676 594441 842724 442225 373321 904401 49 173889 94249 16900 925444 459684 78961 528529 538756 184041 729316 22801 561001 921600 519841 429025 743044 72361 749956 478864 277729 112896 697225 4 219961 364816 632025 505521 48841 687241 765625 638401 678976 535824 883600 3364 788544 885481 101761 330625 175561 287296 324 129600 33856 14641 804609 804609 1521 41209 256 550564 972196 808201 555025 638401 799236 833569 263169 33489 866761 226576 952576 9801 968256 271441 258064 5929 866761 128164 958441 322624 50625 405769 5625 585225 112896 369664 207025 877969 25281 315844 702244 60025 331776 364816 49729 1444 898704 1444 450241 57600 184900 78961 11664 128881 57121 541696 171396 47524 5776 9216 270400 423801 255025 168921 346921 779689 52441 165649 962361 205209 6084 128881 5929 628849 214369 774400 717409 298116 567009 76176 128164 91809 39601 12321 432964 102400 1000000 73441 32400 226576 248004 776161 603729 54289 31329 358801 960400 116281 22500 33489 881721 1369 79524 802816 236196 891136 5476 848241 829921 499849 904401 6241 303601 3025 3600 158404 252004 226576 370881 104976 94864 13689 746496 40401 54289 219024 117649 256036 2401 4624 84100 38025 272484 142884 167281 535824 168921
54756 739600 29241 336400 11881 216225 806404 267289 43264 613089 148225 42025 41209 55225 614656 923521 164836 12544 70756 4225 675684 717409 4489 43264 271441 628849 316969 32761 7744 361 309136 480249 383161 251001 270400 968256 441 573049 14884 412164 144 192721 88804 43681 837225 511225 156816 116281 287296 259081 49284 298116 306916 972196 893025 5184 58564 904401 518400 21316 215296 383161 24649 379456 881721 613089 32041 898704 4900 169 541696 40000 68644 208849 760384 44521 352836 34225 543169 2401 327184 3721 321489 898704 158404 737881 149769 835396 93636 9216 352836 131044 616225 660969 2025 227529 471969 851929 284089 173056 81225 46225 902500 652864 851929 108900 720801 110224 19600 396900 467856 518400 400 27889 395641 1521 521284 38809 396900 929296 495616 47961 577600 1000000 117649 15625 19044 126025 70225 21609 57121 355216 110224 268324 398161 384400 213444 10816 386884 219961 522729 92416 67600 59049 6561 2304 74529 736164 363609 478864 585225 734449 81 611524 4 534361 285156 45369 13456 418609 113569 972196 159201 394384 7744 594441 605284 436921 641601 314721 131769 633616 784996 51529 401956 919681 242064 95481 24649 114244 732736 231361 10404 602176 915849 640000 187489 567009 322624 28561 17956 216225 4096 51076 274576 273529 139129 7056 891136 207025 144400 370881 49 509796 537289 529 78400 494209 441 195364 680625 524176 145161 51984 384400 966289 21609 243049 321489 929296 207936 779689 147456 87025 78961 64516 940900 619369 64009 35721 140625 82944 15376 271441 55225 401956 177241 992016 839056 336400 756900 48400 462400 297025 55696 25600 173056 17956 267289 776161 160801 84681 12996 5929 58564 271441 608400 91809 67600 883600 484 215296 190969 36481 164836 6400 17424 562500 55225 484 906304 602176 169 90601 1024 202500 125316 18225 45796 984064 175561 51076 312481 31329 328329 777924 599076 260100 404496 408321 546121 127449 196249 841 923521 518400 452929 3600 678976 4096 51076 870489 567009 712336 32400 624100 421201 960400 473344 9604 244036
212521 444889 2500 232324 2401 58081 81796 436921 613089 219961 156816 86436 144 277729 471969 577600 18225 877969 756900 784 28561 695556 103684 494209 290521 140625 421201 137641 824464 931225 321489 264196 401956 193600 299209 141376 863041 736164 263169 753424 193600 305809 900 439569 491401 314721 44521 11881 792100 10201 64009 166464 233289 697225 2025 9 611524 19321 665856 667489 859329 31329 13456 11664 123201 4356 228484 164836 423801 509796 35721 9025 5776 72900 504100 188356 904401 9 341056 157609 765625 558009 418609 229441 456976 157609 3481 470596 603729 252004 648025 44100 224676 712336 505521 24649 364816 114244 18496 170569 635209 24336 720801 156025 846400 52900 142129 441 330625 147456 641601 471969 512656 98596 5929 93025 388129 961 68644 54756 687241 90601 443556 243049 148225 887364 331776 103684 731025 27556 904401 698896 345744 78400 42436 252004 148225 199809 662596 187489 779689 243049 777924 86436 378225 399424 389376 466489 431649 774400 8100 606841 828100 247009 538756 570025 135424 55225 22500 162409 121104 670761 421201 154449 313600 144 19881 722500 808201 70756 50176 616225 25 331776 337561 95481 134689 214369 232324 280900 831744 837225 10816 784996 395641 265225 99225 171396 187489 828100 950625 151321 203401 60025 756900 925444 2025 176400 324900 982081 71824 71824 5625 254016 4 480249 608400 173056 56644 430336 675684 795664 662596 319225 998001 187489 442225 485809 256 13924 366025 396900 913936 736164 69169 588289 47089 72900 342225 756900 88209 114921 571536 915849 58081 85264 71824 331776 220900 6241 223729 652864 156816 114244 244036 908209 318096 994009 555025 622521 41209 375769 484 336400 12321 562500 792100 225 15129 393129 674041 870489 732736 42849 1764 885481 831744 19321 501264 705600 352836 1521 964324 47524 162409 864900 915849 4761 1681 204304 692224 348100 602176 67081 7225 140625 3721 7921 320356 960400 375769 5929 654481 779689 79524 48400 72361 170569 46225 169 488601 214369 247009 630436 53361 226576 44100 245025 328329 49729 95481 77284
47089 19044 84681 269361 217156 45796 585225 476100 103684 103041 24649 6400 106929 894916 55225 783225 349281 654481 55696 274576 80656 405769 400689 43681 583696 375769 107584 5476 837225 258064 157609 749956 532900 419904 522729 506944 204304 3481 5184 543169 697225 2809 185761 678976 81225 431649 8649 75076 795664 63504 831744 994009 73441 50176 870489 269361 263169 576081 63504 28224 183184 186624 112896 201601 498436 9216 48841 826281 744769 42436 259081 891136 106276 896809 25600 960400 181476 765625 72361 224676 210681 395641 54756 52441 170569 192721 13456 322624 806404 837225 30625 19044 72900 128164 744769 235225 202500 332929 42436 44944 790321 654481 36864 285156 100489 990025 304704 156025 167281 762129 2809 121801 111556 155236 4 228484 573049 662596 167281 251001 412164 26569 881721 710649 9801 772641 444889 783225 5476 136900 26896 230400 254016 603729 2601 11449 50176 851929 208849 180625 430336 695556 31329 562500 576081 790321 120409 498436 376996 633616 173889 250000 345744 25600 583696 5476 252004 537289 11881 703921 286225 303601 452929 399424 126025 240100 141376 63001 595984 638401 74529 15876 139876 148225 24025 101761 9801 94864 31329 343396 559504 254016 931225 5776 18225 60516 2209 95481 400 270400 452929 24649 26569 224676 203401 833569 207936 225 484 790321 822649 356409 319225 63001 254016 614656 715716 864900 274576 66564 594441 9604 284089 252004 853776 10609 522729 378225 182329 272484 448900 121801 201601 553536 203401 10000 235225 90000 961 619369 216225 522729 95481 23716 121801 403225 114244 702244 324900 208849 87025 29241 982081 529984 14161 262144 383161 352836 320356 234256 405769 7056 792100 459684 90601 664225 145161 15129 140625 498436 64009 287296 518400 660969 2704 483025 97969 319225 784 329476 302500 208849 237169 149769 674041 338724 790321 45796 813604 219024 487204 35344 36864 913936 139129 111556 734449 170569 29241 255025 2304 112896 688900 27889 556516 527076 707281 264196 276676 638401 128881 339889 962361 628849 370881 10404 451584 228484 509796 50176 739600 50176 514089
786769 962361 25281 103684 245025 93636 438244 272484 1024 127449 223729 11025 11881 494209 839056 56644 400689 974169 702244 550564 212521 129600 32761 99856 605284 672400 104976 158404 676 508369 395641 731025 1681 616225 216225 146689 806404 597529 64 323761 299209 904401 198025 609961 842724 515524 65025 286225 908209 7744 459684 501264 128881 221841 275625 749956 720801 908209 654481 225 659344 18496 269361 31329 476100 240100 902500 88804 525625 21316 321489 318096 42025 297025 185761 529 988036 126736 592900 1849 127449 842724 705600 974169 142884 10000 133956 487204 241081 806404 1225 305809 381924 763876 71824 3721 732736 100 189225 81 51529 24336 36864 463761 4900 71824 204304 34969 135424 4 366025 473344 630436 18496 82944 638401 605284 294849 217156 49 527076 391876 351649 213444 883600 643204 6084 498436 912025 516961 60516 352836 96721 96100 781456 227529 436921 767376 1089 285156 160801 367236 484416 33856 2209 556516 781456 3600 418609 383161 103684 109561 381924 315844 960400 846400 23104 263169 651249 727609 159201 18496 314721 11236 817216 290521 925444 100 7396 44100 12321 5625 380689 264196 278784 529984 79524 506944 819025 144400 297025 108241 291600 935089 139876 13225 635209 6561 451584 667489 42849 189225 146689 304704 15625 760384 350464 266256 624100 4761 160000 32041 568516 628849 250000 173889 769129 37249 7744 38809 434281 351649 476100 16 900 664225 41616 26244 188356 450241 35721 543169 73984 366025 942841 251001 815409 141376 154449 85849 883600 343396 29929 717409 102400 664225 34225 31684 841 609961 273529 291600 461041 491401 58564 769129 229441 929296 573049 594441 817216 765625 586756 287296 155236 98596 495616 559504 238144 19881 638401 154449 636804 11236 870489 207025 139876 772641 198916 582169 462400 972196 826281 299209 1296 758641 1681 776161 413449 624100 776161 893025 133225 400689 80089 308025 342225 37249 455625 522729 210681 779689 565504 383161 609961 176400 126736 885481 739600 321489 863041 183184 77284 543169 63001 31329 338724 9216 19044 758641 4225 29584 233289 380689
708964 124609 864900 853776 960400 286225 197136 571536 857476 906304 209764 1 212521 2916 324 906304 116964 87025 49729 64 617796 43264 77841 42436 277729 9409 381924 230400 14161 755161 238144 149769 9801 204304 355216 34596 603729 308025 736164 408321 792100 50176 632025 770884 734449 221841 14400 4 850084 44100 36100 154449 59049 894916 393129 287296 942841 252004 285156 7396 15376 966289 137641 688900 763876 516961 284089 285156 160000 184900 9604 274576 792100 345744 35344 231361 38025 79524 148225 455625 499849 108241 625681 700569 27225 229441 831744 368449 567009 19044 360000 753424 855625 22801 822649 784 28561 312481 177241 380689 250000 570025 148996 3481 93636 10816 123201 474721 197136 220900 190096 13225 451584 919681 4096 687241 470596 257049 52900 480249 94249 525625 881721 797449 547600 1 902500 266256 889249 651249 837225 1024 913936 558009 4356 130321 872356 4225 374544 648025 249001 81 613089 440896 19044 76729 111556 29241 114244 311364 455625 31684 719104 9216 146689 244036 254016 384400 54756 83521 527076 227529 13689 826281 102400 147456 4624 927369 160801 203401 611524 269361 66564 1849 205209 64009 363609 652864 537289 330625 734449 414736 65025 337561 990025 506944 390625 29929 72900 286225 451584 80656 25921 243049 9025 398161 422500 131044 13689 446224 182329 586756 169 419904 599076 409600 2209 13924 403225 47524 705600 241081 720801 51984 1369 344569 17424 49729 729 370881 319225 797449 151321 753424 381924 562500 43264 288369 648025 6561 32041 619369 243049 47524 144 86436 161604 2116 1521 434281 129600 8281 562500 729316 438244 22500 142129 6084 349281 354025 51529 835396 256 63001 409600 196249 130321 70756 846400 37636 126736 3721 958441 188356 320356 27889 467856 255025 30276 27889 570025 2601 770884 5329 140625 301401 180625 777924 214369 293764 115600 244036 616225 130321 659344 133956 39204 461041 917764 394384 695556 85849 334084 373321 375769 61504 622521 4489 921600 29584 133225 75076 3481 93025 927369 72361 281961 54756 528529 5776 63504 178929 16384 471969 429025
64 1681 33856 117649 291600 337561 69696 857476 15129 763876 982081 22801 417316 290521 36 35344 41209 514089 47524 492804 490000 329476 870489 64009 937024 184041 55225 883600 58564 180625 362404 636804 504100 456976 233289 630436 156816 82369 58564 37636 289444 443556 731025 458329 33856 15129 678976 831744 273529 986049 12544 243049 218089 2704 703921 342225 13924 777924 28224 638401 5476 287296 422500 817216 9216 7396 142884 148225 121 927369 383161 160801 108241 923521 91809 33124 813604 30625 625 900 45369 18769 3136 418609 813604 26569 662596 354025 1681 473344 281961 259081 138384 515524 574564 205209 3969 275625 19600 2401 547600 889249 268324 737881 687241 577600 986049 6400 184900 34225 421201 628849 16129 461041 33856 21316 624100 314721 179776 278784 53361 3025 164025 176400 379456 473344 13924 30276 344569 133956 682276 900 5184 254016 57600 900601 73441 44521 34225 751689 73984 50625 209764 399424 160801 462400 933156 289444 319225 617796 790321 3844 966289 487204 431649 116964 165649 893025 950625 21316 760384 817216 137641 57121 234256 285156 87025 418609 236196 654481 70756 434281 249001 305809 1089 384400 249001 305809 109561 269361 467856 299209 396900 894916 522729 83521 219961 915849 423801 463761 652864 105625 942841 492804 239121 968256 136900 620944 244036 608400 591361 3969 4761 678976 270400 595984 917764 622521 40000 20164 1225 81225 4761 344569 705600 113569 40000 114244 227529 589824 657721 93636 21609 120409 27225 168100 515524 678976 370881 574564 66564 87025 67081 335241 257049 908209 193600 3249 649636 474721 90000 992016 808201 851929 79524 126736 355216 731025 788544 168921 801025 326041 964324 427716 692224 688900 426409 543169 235225 166464 179776 9409 46225 271441 813604 950625 577600 435600 21316 184900 192721 185761 44944 320356 356409 151321 88209 451584 425104 46656 68644 4489 9409 355216 28561 99856 362404 256 158404 12321 89401 20736 336400 175561 216225 123904 441 15376 597529 81225 369664 186624 306916 842724 379456 116964 640000 24649 10201 151321 230400 695556 6724 14641 717409 112225
522729 101124 361201 25 294849 43681 345744 41209 84100 120409 378225 102400 45796 611524 516961 643204 915849 66049 910116 33124 250000 906304 111556 241081 90000 30976 48400 908209 2809 795664 341056 608400 395641 42025 23409 3600 864900 115600 93636 116964 544644 366025 257049 256 381924 748225 550564 167281 24025 896809 96721 36100 10000 80656 891136 286225 40401 31684 203401 14400 33856 412164 5476 839056 58081 139876 258064 199809 215296 603729 121 478864 90000 84100 171396 297025 230400 63504 322624 208849 400 54289 332929 52441 205209 384400 211600 240100 613089 73441 222784 3481 719104 442225 156816 2704 165649 204304 1600 350464 6084 524176 343396 36 275625 774400 505521 37249 165649 570025 770884 367236 519841 224676 182329 770884 444889 255025 729 270400 1369 25600 332929 801025 2704 82944 744769 485809 23409 649636 817216 488601 690561 485809 2809 938961 169 159201 303601 47524 153664 26244 499849 191844 451584 412164 729316 6084 729 156816 589824 848241 82369 23409 549081 933156 73441 576 518400 940900 390625 140625 168100 324 870489 123201 933156 811801 662596 91809 240100 958441 86436 268324 215296 128164 366025 12544 212521 14884 811801 519841 263169 13456 495616 346921 214369 170569 935089 78961 948676 855625 129600 3481 586756 756900 811801 509796 535824 239121 7569 96721 574564 199809 177241 431649 159201 777924 345744 358801 61009 12769 139876 529 476100 316969 64 625 366025 240100 638401 4356 283024 35721 921600 361 495616 1936 651249 5184 65025 43264 220900 455625 521284 349281 502681 44521 242064 61009 386884 206116 51984 15625 205209 826281 66049 900601 734449 363609 958441 921600 230400 214369 27556 83521 102400 20164 341056 133225 305809 3136 986049 669124 25281 582169 436921 238144 562500 49729 670761 101761 256036 227529 47089 964324 289 178929 12996 23104 332929 39204 797449 760384 46225 74529 224676 458329 114921 97969 571536 88804 134689 675684 273529 362404 125316 168100 258064 17424 116281 134689 109561 944784 835396 215296 737881 532900 19044 64516 7056 4225 106929 389376 69169 400 678976
24649 106929 319225 141376 15376 863041 1 910116 224676 417316 599076 76176 651249 372100 622521 509796 3364 154449 484 132496 820836 434281 121104 427716 81225 376996 168100 259081 1600 16900 636804 432964 438244 902500 942841 190096 328329 900 24964 13689 158404 529 327184 134689 565504 467856 260100 28900 68121 13689 7569 329476 432964 952576 11881 940900 980100 99856 24025 203401 378225 597529 935089 57121 162409 841 438244 55225 19044 485809 28900 24025 817216 529 17424 874225 355216 403225 774400 806404 355216 444889 41616 9 201601 156025 710649 140625 214369 10609 412164 171396 336400 252004 251001 767376 643204 586756 3481 124609 998001 4096 15129 731025 100 96100 238144 490000 707281 207936 32041 198916 60025 741321 110889 140625 6724 323761 329476 879844 33124 8100 477481 466489 96100 77284 211600 399424 33124 594441 488601 289 441 714025 528529 702244 490000 169744 265225 451584 355216 163216 1296 592900 857476 390625 480249 303601 93025 252004 334084 772641 69696 72900 599076 558009 338724 234256 17956 846400 705600 160000 648025 654481 978121 273529 82944 555025 9 508369 784 217156 363609 611524 3721 221841 334084 90601 135424 221841 154449 270400 256036 531441 516961 1681 253009 562500 42025 772641 799236 193600 3364 69696 349281 33489 108241 275625 2304 600625 910116 170569 36 4489 484416 298116 7744 159201 225 348100 491401 248004 51529 833569 84681 379456 793881 403225 736164 93025 369664 76176 49 421201 202500 702244 602176 717409 349281 60516 848241 374544 133956 844561 293764 69169 524176 106276 10000 223729 784996 208849 802816 269361 36100 736164 14641 842724 12100 6561 60516 260100 516961 203401 168100 242064 179776 189225 23409 628849 172225 119025 65536 7744 749956 75076 859329 67600 874225 840889 450241 152881 857476 393129 364816 940900 136900 231361 848241 944784 383161 894916 171396 680625 343396 37249 19044 744769 11025 586756 21316 395641 176400 442225 3721 57600 627264 73984 43681 710649 308025 828100 480249 72361 624100 130321 302500 232324 48841 8836 173056 11449 168921 781456 976144 781456 209764 196
8836 44100 108900 784996 4900 163216 71289 518400 396900 101761 12321 992016 48841 651249 138384 310249 749956 893025 356409 100 134689 214369 722500 63504 155236 25281 60516 131044 140625 3721 61504 82369 29241 781456 75076 906304 889249 118336 904401 784 280900 863041 50176 912025 321489 82369 271441 813604 28224 677329 23104 923521 32400 2704 685584 34969 219961 786769 117649 4489 16129 940900 97969 490000 112896 99225 320356 47089 484416 10404 16129 695556 451584 29929 748225 66564 558009 119025 258064 301401 522729 765625 401956 85264 168921 25281 2304 698896 206116 51076 205209 24336 378225 298116 21904 14641 501264 538756 427716 986049 230400 54756 729 113569 99856 388129 859329 540225 304704 25600 756900 327184 632025 440896 147456 972196 788544 567009 34969 321489 842724 69696 21904 314721 18496 142129 66049 31684 148225 917764 499849 842724 265225 380689 544644 90601 952576 817216 565504 9025 370881 1849 82944 5329 817216 45369 332929 784996 331776 837225 931225 861184 139876 448900 937024 603729 215296 863041 487204 779689 119025 729 331776 70225 976144 17161 776161 120409 17161 202500 1089 38025 193600 56169 28224 538756 446224 3721 346921 592900 515524 128881 498436 515524 1600 68121 195364 242064 12321 25 11236 215296 226576 94249 71289 537289 128164 4489 230400 504100 976144 138384 450241 763876 48841 580644 6561 6400 950625 81796 82369 360000 8836 582169 27225 34225 247009 54756 32400 30276 128164 652864 207025 3721 94864 234256 4624 893025 378225 133225 106929 418609 654481 473344 256036 263169 31684 62001 573049 436921 319225 287296 556516 151321 589824 683929 132496 185761 126025 801025 106276 7056 146689 231361 819025 793881 29929 619369 481636 574564 990025 354025 534361 660969 322624 435600 167281 103684 656100 139876 165649 863041 883600 22500 894916 448900 4761 52900 13689 339889 487204 656100 853776 556516 288369 910116 784 127449 249001 956484 363609 64009 741321 119025 214369 41209 30276 205209 366025 118336 817216 571536 7921 299209 559504 819025 864900 27556 877969 509796 68644 409600 21025 121 210681 127449 64 384400 14400
188356 619369 168100 39601 28561 887364 861184 63001 937024 169 200704 863041 212521 720801 600625 94249 1296 900601 41616 339889 106276 7396 278784 344569 1089 295936 343396 35721 11881 219024 162409 28561 518400 86436 887364 743044 266256 184041 583696 92416 942841 368449 289 40804 461041 41209 246016 40000 260100 184041 219961 34596 292681 984064 443556 624100 51984 573049 131044 128164 891136 137641 100 46656 619369 14161 88804 177241 78400 17956 47961 69169 82369 788544 923521 152100 715716 931225 223729 123904 405769 412164 594441 276676 26896 75076 273529 571536 369664 3969 859329 447561 46225 831744 142129 463761 1521 12996 170569 532900 393129 921600 820836 116964 573049 465124 57121 446224 649636 898704 998001 6561 793881 47961 21609 349281 97344 906304 256 56644 74529 588289 356409 550564 248004 163216 69169 802816 69169 275625 198025 108900 543169 769129 842724 77284 351649 87616 11881 408321 571536 403225 17424 323761 266256 108241 190096 487204 180625 239121 476100 22201 133225 568516 40000 527076 178929 63504 12996 641601 258064 8836 166464 619369 349281 77841 564001 972196 822649 20164 992016 40804 824464 403225 301401 430336 28224 271441 209764 285156 488601 121104 278784 952576 298116 99225 6724 573049 109561 585225 12100 27889 373321 522729 123904 413449 173056 299209 112225 624100 5476 145924 22500 235225 380689 57121 303601 268324 667489 102400 229441 448900 385641 461041 1225 1369 835396 68644 92416 142884 462400 225625 70756 484416 714025 537289 717409 10000 7744 648025 576 866761 734449 20449 21904 498436 795664 839056 227529 386884 55696 498436 481636 20449 988036 36864 196 5476 35344 64 988036 497025 104976 372100 846400 760384 14161 270400 44521 304704 342225 494209 866761 192721 528529 857476 613089 908209 64 276676 431649 25 968256 790321 485809 640000 1764 866761 755161 115600 998001 190969 11881 942841 529 627264 141376 224676 375769 154449 287296 125316 69169 227529 765625 700569 33124 5184 8464 101124 887364 177241 64 797449 573049 76729 216225 104329 10816 140625 47961 55696 29241 25281 851929 314721 62500 17161 670761 964324
261121 300304 841 83521 519841 820836 561001 277729 636804 94249 893025 490000 68121 648025 224676 156816 531441 23716 40804 216225 226576 289 399424 576 131044 335241 527076 112896 461041 927369 101761 21609 592900 844561 233289 748225 11449 57600 707281 162409 227529 335241 810000 10404 84100 256036 350464 245025 498436 559504 859329 93025 3844 11236 435600 972196 465124 431649 984064 122500 26569 78400 343396 219961 105625 573049 207025 27225 717409 944784 712336 494209 811801 133225 107584 5184 870489 59536 688900 21904 169 776161 71824 512656 305809 508369 570025 289 46225 710649 567009 190969 69696 266256 3969 795664 215296 659344 512656 61009 175561 986049 238144 57600 85264 529 195364 644809 164025 12321 8281 54289 549081 29584 3249 315844 72900 265225 255025 65025 266256 1156 107584 837225 940900 30976 3844 998001 6724 171396 73441 172225 774400 119716 180625 243049 844561 90601 32400 708964 492804 705600 324900 1 687241 91809 234256 14641 450241 364816 34969 15876 159201 844561 112225 355216 266256 261121 855625 39601 9604 30276 72361 633616 190969 846400 132496 27889 470596 184900 588289 659344 40804 100489 105625 70756 925444 287296 47089 385641 877969 133225 261121 142129 4225 13225 232324 813604 291600 451584 66564 432964 17161 171396 2916 447561 341056 777924 672400 714025 156816 148225 133956 97344 183184 115600 931225 546121 788544 466489 48841 4225 19044 755161 456976 678976 444889 160000 461041 440896 64516 1296 592900 585225 158404 240100 16 20736 119025 772641 447561 27225 44100 531441 994009 271441 19600 385641 430336 17424 1024 891136 202500 229441 57600 281961 9604 25921 388129 81796 864900 776161 80089 850084 87616 88804 243049 101124 770884 4624 187489 47089 18496 112225 40401 263169 262144 737881 370881 481636 20449 386884 72361 85264 43681 92416 427716 43681 289444 559504 59536 532900 197136 32041 395641 675684 870489 14400 53361 125316 319225 36864 648025 702244 4096 996004 703921 171396 11236 739600 652864 196249 25 444889 18225 476100 547600 674041 8464 839056 454276 456976 306916 944784 370881 518400 30976 923521 429025 458329 131769
422500 237169 535824 277729 247009 121104 345744 217156 3721 698896 732736 236196 783225 78400 97344 1024 24336 758641 267289 7569 184041 727609 401956 196 328329 327184 817216 140625 114921 466489 1000000 216225 669124 506944 13924 311364 158404 906304 577600 720801 23716 9216 840889 124609 269361 982081 43681 470596 19044 627264 511225 550564 27225 776161 7921 491401 887364 1681 259081 91204 55225 13456 921600 183184 270400 373321 77284 103684 170569 35721 505521 471969 516961 256 636804 564001 138384 670761 77841 127449 179776 2809 952576 811801 62001 450241 11449 556516 39204 2304 320356 11881 372100 418609 765625 21025 75625 908209 56644 277729 19044 767376 597529 4356 24025 318096 326041 336400 258064 19600 1225 459684 342225 367236 602176 302500 444889 644809 303601 409600 57121 315844 942841 491401 99225 96721 459684 656100 540225 110224 619369 114244 613089 38416 710649 10816 522729 313600 762129 688900 654481 559504 196249 133225 795664 154449 656100 96721 9801 194481 912025 619369 692224 11664 185761 970225 960400 49729 225 5929 2704 418609 891136 651249 917764 25281 672400 208849 318096 123201 643204 379456 216225 277729 497025 685584 257049 363609 573049 853776 58081 176400 480249 312481 322624 118336 7744 14884 720801 564001 419904 94864 28224 51984 36 33856 275625 487204 4225 61504 708964 36 589824 692224 2209 191844 47089 202500 519841 808201 758641 942841 36 478864 11025 332929 84681 5329 925444 42436 201601 958441 561001 48400 94864 538756 906304 429025 582169 743044 753424 872356 54756 139876 292681 10000 225 368449 53361 535824 868624 271441 942841 139876 617796 85849 12544 767376 63001 256036 760384 25600 136900 534361 568516 2704 148996 199809 620944 299209 418609 131044 547600 258064 576 125316 680625 100 295936 649636 8649 753424 19321 21316 861184 923521 743044 385641 902500 75076 531441 917764 64009 235225 450241 898704 571536 426409 462400 4624 894916 769129 164025 270400 356409 643204 366025 9604 504100 555025 185761 602176 71824 514089 811801 646416 43681 915849 173889 8281 272484 769129 820836 279841 617796 287296 59049 455625 287296 97344 900 255025
28900 707281 756900 19600 448900 28224 755161 25 332929 913936 659344 178929 184041 173056 446224 153664 4624 335241 16641 413449 133225 89401 224676 652864 257049 700569 42025 988036 60025 685584 799236 850084 18496 101124 863041 198025 3969 1936 1849 98596 53361 125316 990025 240100 568516 902500 168100 948676 385641 107584 19321 82369 21904 25281 667489 512656 531441 189225 254016 66564 9604 126025 872356 484 288369 13689 47961 756900 193600 362404 512656 155236 48841 487204 88209 597529 970225 92416 308025 7225 20736 2916 660969 337561 166464 427716 398161 700569 384400 799236 984064 278784 102400 403225 558009 60516 21316 552049 36 2916 193600 318096 381924 198025 184041 620944 384400 657721 135424 421201 582169 256 122500 695556 396900 357604 1521 21609 391876 692224 141376 277729 5041 238144 820836 349281 323761 474721 739600 734449 175561 602176 135424 75076 792100 863041 427716 1024 492804 853776 302500 233289 91204 284089 210681 1369 3600 561001 954529 42436 40804 16 6889 842724 483025 36 26896 339889 600625 96721 670761 923521 25 998001 126736 304704 20736 594441 201601 749956 110889 385641 33856 276676 579121 844561 441 247009 56644 383161 625681 435600 275625 155236 69696 927369 214369 352836 540225 116964 32041 341056 46656 707281 89401 252004 190096 961 311364 281961 980100 141376 198916 16129 556516 281961 556516 322624 7056 6241 339889 462400 131769 495616 980100 5184 196249 562500 178084 788544 414736 87616 120409 181476 841 145161 559504 448900 37636 722500 781456 488601 178084 669124 97344 50176 68644 53361 571536 450241 101124 675684 921600 326041 113569 48841 640000 374544 7225 488601 136900 6561 188356 60516 33856 774400 88209 251001 60025 51076 499849 77841 26569 51076 39601 736164 175561 698896 770884 561001 169 938961 5041 524176 20449 87616 481636 253009 1089 344569 264196 54289 521284 291600 555025 439569 492804 338724 85264 368449 408321 568516 831744 135424 436921 126025 980100 108900 1296 91204 33489 16900 164025 124609 194481 21316 813604 332929 63504 10404 505521 431649 458329 481636 35344 4761 465124 11664 103041 430336 630436 720801 12769
851929 262144 8281 731025 9409 2916 570025 813604 142884 54756 24336 376996 229441 891136 134689 201601 257049 170569 149769 149769 384400 60025 380689 261121 75076 330625 952576 63001 958441 268324 256036 324900 400689 212521 4761 538756 198025 630436 118336 553536 9604 498436 933156 19321 286225 419904 863041 541696 461041 38809 358801 384400 103684 84100 272484 646416 129600 717409 376996 100489 3481 61504 861184 316969 940900 511225 55225 649636 327184 772641 633616 33856 292681 269361 373321 656100 562500 98596 434281 824464 52441 715716 434281 779689 954529 9604 71289 164836 76176 961 874225 330625 483025 224676 358801 85849 824464 702244 358801 564001 444889 477481 82944 332929 1 88804 602176 10609 815409 915849 692224 846400 264196 643204 889249 116281 187489 529984 25 292681 660969 462400 422500 5041 540225 80089 8649 153664 8281 110889 826281 966289 370881 664225 38809 155236 11664 416025 192721 988036 135424 331776 665856 872356 104329 162409 729 452929 432964 104976 900601 43264 978121 145161 385641 1849 625681 518400 923521 8649 712336 207936 444889 284089 260100 841 105625 10816 356409 1225 115600 3844 246016 456976 427716 594441 1936 978121 30625 323761 215296 543169 729316 342225 302500 13456 974169 887364 379456 3969 263169 1764 790321 176400 622521 114921 267289 703921 256 20164 225 1681 617796 329476 3600 110224 53361 15876 119025 152100 442225 870489 635209 300304 527076 65025 55225 103041 660969 4489 47961 101124 40401 116281 161604 233289 910116 121 160801 29241 189225 409600 964324 242064 160801 435600 644809 12100 929296 12544 30276 385641 106929 417316 38416 139129 61504 135424 760384 625 964324 908209 375769 872356 173889 398161 248004 414736 635209 529 27556 390625 628849 195364 446224 583696 247009 357604 866761 63504 763876 44100 219024 219024 8281 4096 160801 207025 12321 72900 896809 463761 866761 450241 731025 609961 444889 209764 17689 811801 213444 58564 42025 636804 207025 676 34969 280900 45369 876096 32400 4356 122500 410881 467856 67600 114921 576081 978121 155236 78961 1000000 3600 14884 900601 99225 354025 826281 31329 923521 868624 140625 309136 166464
14400 840889 339889 229441 2116 355216 328329 286225 104976 108900 186624 88804 1000000 313600 197136 9604 86436 573049 579121 137641 10000 88209 125316 174724 191844 17956 310249 1089 900 238144 980100 972196 148225 49729 992016 797449 664225 628849 5329 643204 99225 427716 887364 23409 529 251001 143641 52441 756900 235225 644809 314721 105625 12996 101761 20449 409600 70225 101761 729316 14400 616225 900601 446224 368449 559504 148225 292681 88804 643204 602176 366025 45796 15876 318096 400 1 734449 894916 835396 298116 592900 908209 409600 833569 150544 15376 4489 186624 324 1089 451584 188356 352836 160000 234256 3249 10609 89401 534361 11236 710649 266256 177241 697225 491401 244036 126736 793881 3600 168921 72900 861184 339889 17161 46656 640000 806404 4900 652864 185761 16129 65536 13225 207025 24964 512656 692224 863041 401956 50176 309136 219024 103684 34225 82369 30276 36481 88804 431649 80656 13225 921600 3969 682276 646416 929296 114244 38416 450241 902500 81 579121 591361 120409 461041 351649 301401 53824 700569 505521 321489 40401 198916 857476 318096 292681 289444 389376 43264 361201 65536 964324 473344 132496 561001 14641 336400 25281 641601 935089 426409 678976 680625 11025 435600 636804 935089 101761 784996 222784 16384 88804 6084 141376 271441 461041 254016 872356 298116 883600 13225 72900 119025 264196 438244 180625 287296 11025 114244 102400 285156 193600 71824 942841 964324 144 139129 443556 868624 219024 19600 506944 540225 700569 2704 14400 104976 350464 958441 164025 44944 121801 432964 372100 346921 857476 111556 88804 801025 442225 432964 288369 201601 52441 262144 284089 478864 66564 55696 32761 408321 53824 257049 58081 148225 207936 271441 571536 960400 25921 140625 720801 12544 678976 309136 110889 3600 1156 121801 294849 209764 570025 361 7396 913936 44100 123201 605284 826281 76729 783225 24649 589824 213444 187489 784 896809 746496 112225 595984 799236 219024 434281 915849 15376 7056 810000 156025 21316 6724 216225 47961 690561 78400 88804 21316 824464 425104 138384 6724 305809 128164 480249 638401 851929 66049 219024 375769 130321 68644 582169 79524 156025 863041
73441 218089 332929 672400 134689 199809 636804 8836 746496 1089 146689 384400 46656 605284 844561 125316 76729 582169 259081 67081 287296 756900 826281 114244 36864 136900 44100 400689 52441 447561 368449 898704 480249 611524 576081 938961 438244 10816 399424 927369 1764 488601 624100 21316 729 3136 140625 381924 506944 176400 199809 729316 986049 16 58081 436921 505521 236196 320356 3721 108241 2401 190969 297025 146689 136161 490000 524176 9409 58564 455625 636804 198025 268324 314721 66049 58564 962361 480249 896809 47961 39204 41616 240100 332929 51076 64516 839056 940900 116964 824464 5329 66049 591361 202500 96100 675684 346921 8649 942841 158404 239121 182329 4761 278784 550564 350464 297025 216225 705600 450241 196 82369 1936 459684 577600 300304 114921 116964 133956 270400 491401 291600 669124 166464 331776 574564 810000 168100 363609 134689 149769 103041 311364 211600 11881 274576 19600 381924 802816 211600 222784 55696 608400 10404 34596 141376 395641 853776 128881 265225 26896 558009 906304 89401 51529 23409 218089 829921 421201 17689 725904 120409 321489 286225 600625 207936 902500 725904 87616 70225 567009 33856 38809 896809 2025 413449 465124 160000 746496 286225 16641 753424 23716 6561 173889 648025 929296 8100 755161 309136 512656 255025 504100 156816 351649 68121 287296 822649 161604 961 154449 497025 92416 389376 167281 281961 452929 476100 362404 261121 837225 32400 734449 776161 197136 3025 725904 454276 820836 80656 141376 361201 91809 74529 200704 404496 132496 58081 714025 1 499849 360000 990025 335241 7921 158404 755161 10000 184900 418609 739600 6084 724201 351649 110224 690561 944784 447561 4096 167281 357604 65536 337561 135424 131044 1000000 196 176400 582169 47089 519841 954529 196249 423801 4356 746496 26244 24025 269361 651249 178929 2116 346921 373321 178084 264196 197136 63001 915849 156025 417316 308025 1681 119716 12544 1764 632025 435600 390625 247009 212521 16 13689 101761 609961 606841 708964 81796 429025 499849 422500 339889 929296 28561 52441 739600 378225 826281 767376 5929 80656 53824 636804 21025 89401 258064 83521 19044 165649 732736 494209 27556 824464 1849 538756
162409 363609 864900 427716 841 864900 119025 344569 994009 416025 624100 992016 425104 893025 329476 217156 5041 23104 50176 630436 549081 191844 669124 355216 286225 509796 6561 215296 1764 956484 9409 12100 898704 69169 502681 192721 261121 212521 478864 48400 287296 180625 26896 44100 355216 18769 272484 66049 149769 395641 190969 235225 2025 67081 378225 90601 438244 665856 211600 1444 225625 763876 915849 672400 708964 829921 9216 334084 327184 3481 2304 33489 316969 48400 300304 55696 390625 776161 401956 32400 45369 640000 13456 477481 342225 279841 559504 298116 281961 134689 124609 11664 114921 90601 303601 435600 193600 256 357604 341056 142884 34225 41209 149769 622521 335241 423801 135424 564001 889249 15625 118336 996004 889249 101761 163216 236196 288369 544644 249001 937024 910116 881721 32400 12996 488601 88804 887364 54289 729 225625 88209 960400 28561 456976 906304 218089 958441 589824 376996 441 850084 223729 33856 15376 218089 391876 221841 86436 712336 627264 164836 121 540225 58081 230400 589824 724201 525625 29929 22500 544644 4624 799236 93025 988036 4761 561001 158404 183184 4356 444889 117649 346921 209764 114244 27556 682276 304704 368449 546121 452929 950625 304704 131769 278784 271441 128164 961 94249 59049 400 144 191844 4761 201601 142129 341056 121801 570025 831744 331776 418609 115600 14641 4356 264196 339889 454276 687241 790321 87616 97969 9025 407044 75076 519841 119025 14161 859329 606841 826281 984064 840889 97344 441 3025 891136 1156 643204 998001 498436 225625 24025 395641 79524 148996 252004 167281 20164 25 158404 62500 116964 418609 48841 4900 1369 28224 32041 438244 76176 149769 106276 225 142884 839056 636804 579121 427716 111556 196 323761 418609 568516 9 4225 719104 179776 318096 413449 452929 172225 303601 697225 435600 688900 641601 194481 154449 635209 165649 302500 692224 22201 933156 187489 267289 851929 923521 388129 715716 43264 737881 164025 161604 944784 83521 8100 580644 665856 614656 318096 529984 270400 915849 178084 652864 236196 214369 44944 298116 176400 35344 126736 302500 258064 255025 430336 592900 26896 234256 390625 349281 123904 407044 461041
1225 432964 459684 431649 802816 908209 547600 11236 44521 627264 70756 1936 12544 270400 3364 454276 9801 209764 57600 39601 59049 760384 52441 27889 297025 614656 206116 937024 334084 25281 40804 336400 9 13225 5776 736164 57121 617796 224676 40804 361 65025 72361 148996 50176 439569 27225 400689 600625 15876 114244 678976 978121 44100 817216 734449 822649 872356 308025 352836 283024 24336 5625 43681 678976 665856 189225 196249 421201 432964 111556 240100 537289 34225 276676 171396 3481 570025 430336 63001 354025 219024 622521 102400 688900 29929 436921 34596 940900 210681 49284 268324 205209 440896 143641 401956 128881 866761 567009 617796 912025 159201 898704 91204 294849 6724 399424 576081 580644 51984 690561 62001 529984 848241 656100 131769 121 467856 633616 462400 22201 309136 75625 931225 478864 361 46225 772641 394384 432964 537289 570025 44944 813604 99856 40401 45796 136900 363609 355216 78400 81 848241 678976 938961 611524 817216 17956 781456 88804 187489 864900 244036 476100 1089 641601 36864 990025 137641 447561 529 770884 47524 241081 430336 516961 11881 25281 824464 223729 372100 570025 339889 609961 86436 664225 14400 26896 156025 358801 68644 591361 1600 458329 737881 7396 131044 275625 964324 564001 14884 32041 434281 14161 168100 558009 89401 224676 512656 844561 24649 23104 961 724201 104976 613089 942841 61009 4 231361 315844 978121 129600 292681 54289 483025 784 14884 608400 966289 309136 20449 833569 183184 253009 3249 783225 781456 114244 659344 30276 2500 324 846400 900 902500 448900 762129 1000000 252004 724201 9216 156025 115600 927369 481636 289 51984 51529 19044 7744 688900 724201 208849 184041 15625 328329 54289 337561 68121 2304 286225 68121 887364 822649 169 132496 480249 440896 448900 219024 257049 511225 266256 184900 606841 222784 40000 369664 591361 101761 529984 799236 859329 111556 342225 708964 42436 48400 942841 801025 25600 10000 5625 291600 88804 7569 846400 143641 361 184041 66049 473344 656100 52900 71824 582169 46656 193600 556516 178084 855625 776161 171396 219961 8836 112896 996004 287296 69696 126736 68644 356409 444889 145924 891136 597529 986049
863041 518400 915849 622521 731025 53824 840889 806404 624100 24025 118336 200704 214369 327184 682276 183184 225 200704 212521 558009 284089 37636 710649 894916 772641 105625 44521 100489 281961 534361 627264 861184 471969 214369 850084 908209 565504 9801 597529 421201 140625 73984 199809 182329 289444 9 78400 519841 224676 274576 478864 238144 900 511225 272484 258064 544644 881721 638401 215296 541696 2704 300304 129600 225 583696 1764 210681 271441 1681 516961 48841 173889 408321 549081 502681 339889 412164 695556 4624 50625 935089 182329 617796 749956 162409 25 288369 760384 739600 203401 21904 50625 361 427716 306916 30976 197136 52441 298116 485809 423801 104976 249001 344569 235225 57121 360000 669124 168921 75076 6400 404496 448900 846400 617796 78961 846400 700569 199809 140625 112225 588289 929296 863041 1296 18225 527076 313600 131044 126736 7921 746496 329476 829921 804609 271441 1600 399424 1444 467856 470596 182329 446224 10816 29929 8100 915849 628849 458329 28900 1 824464 552049 4489 512656 749956 962361 144400 9025 368449 107584 70225 372100 534361 321489 844561 697225 103041 8281 476100 251001 17689 562500 553536 580644 769129 851929 797449 792100 3025 863041 76176 11664 104329 334084 868624 561001 1444 567009 527076 51529 419904 390625 6724 111556 518400 14400 583696 180625 531441 13456 264196 90000 705600 247009 52441 54289 17424 870489 501264 447561 440896 494209 556516 461041 7921 917764 221841 100 952576 268324 360000 480249 829921 912025 4624 121 187489 483025 948676 129600 529 96721 114244 247009 32761 100 70756 425104 14884 152100 72900 106929 400689 1000000 419904 87025 50176 291600 73441 19881 407044 446224 182329 927369 480249 230400 4356 30276 126736 383161 164025 36100 358801 368449 870489 982081 131044 670761 67600 156816 753424 245025 74529 206116 502681 558009 32400 937024 2116 840889 190096 279841 881721 877969 788544 638401 254016 646416 868624 564001 18496 62001 430336 367236 625681 609961 394384 285156 690561 13456 69169 219961 769129 183184 731025 55225 425104 156025 372100 70225 59049 170569 25281 9801 881721 441 410881 15376 573049 419904 405769 672400 219961 363609 811801 669124 906304
579121 996004 40401 877969 657721 4624 189225 27889 810000 719104 929296 9 633616 4489 826281 247009 573049 1225 662596 576081 239121 8281 744769 753424 291600 595984 625 488601 248004 94864 263169 576081 776161 516961 15129 672400 85264 550564 207025 87025 53824 550564 582169 393129 294849 586756 588289 226576 323761 1024 413449 94249 7056 57600 151321 174724 702244 147456 538756 535824 846400 900 228484 38809 136161 931225 954529 13225 651249 256 85264 40000 968256 341056 4225 870489 408321 148225 65536 762129 767376 117649 693889 677329 516961 301401 164836 790321 8836 537289 295936 537289 688900 81 66049 466489 506944 243049 477481 580644 101124 277729 263169 159201 5776 204304 380689 8281 47089 361201 893025 484416 341056 466489 167281 9409 391876 418609 11664 30976 490000 35344 879844 153664 712336 19600 52441 817216 12544 142129 859329 792100 396900 285156 2401 38025 49729 729316 57121 4761 483025 881721 462400 401956 161604 478864 329476 883600 824464 473344 318096 11025 171396 20736 13689 20449 156025 456976 724201 667489 269361 27225 388129 35721 32761 102400 84100 351649 231361 46225 105625 534361 281961 178084 62001 652864 78400 770884 253009 962361 121 831744 292681 383161 2916 938961 656100 630436 61009 705600 624100 9801 488601 97969 212521 328329 579121 26569 616225 272484 21316 17424 719104 160801 839056 178084 53824 429025 254016 425104 202500 3481 790321 980100 363609 136161 78400 720801 117649 964324 108900 6724 576 552049 7569 853776 358801 946729 451584 416025 375769 16900 799236 477481 30276 13924 64 446224 462400 810000 289 7921 5041 2500 262144 72900 228484 212521 828100 414736 188356 11664 17424 982081 717409 322624 44100 616225 829921 641601 746496 960400 175561 674041 232324 810000 168921 60516 659344 395641 65536 996004 298116 605284 131769 49729 806404 190969 251001 301401 34225 404496 51984 373321 950625 966289 698896 518400 418609 166464 9216 4225 27225 13225 303601 150544 91809 853776 872356 850084 29584 56169 896809 360000 872356 194481 891136 198025 8836 98596 964324 181476 448900 54756 6084 9 123904 208849 74529 904401 195364 525625 22801 966289 293764 933156 662596 674041 21609 617796
695556 570025 7056 239121 247009 556516 14641 394384 720801 286225 813604 13924 795664 114921 722500 998001 427716 80089 4900 134689 186624 915849 835396 62001 451584 1024 624100 65536 166464 9025 81796 17689 241081 511225 207025 101761 870489 23409 206116 7569 368449 380689 159201 17956 636804 318096 220900 286225 44521 373321 101124 822649 125316 423801 115600 44521 915849 53361 1681 107584 400 5184 237169 644809 376996 229441 26896 2304 619369 386884 4624 755161 330625 788544 324 150544 14884 30276 190969 121104 88209 234256 349281 422500 6241 186624 12100 652864 422500 3969 225 552049 2500 193600 149769 499849 235225 929296 229441 8464 714025 4489 574564 502681 90000 280900 15625 885481 92416 37636 519841 110889 877969 184041 700569 443556 555025 952576 90000 281961 43264 556516 263169 535824 237169 743044 47089 355216 269361 292681 385641 221841 461041 318096 1444 515524 26896 259081 438244 315844 690561 465124 150544 423801 385641 124609 410881 109561 788544 68644 2401 313600 580644 465124 373321 573049 769129 24649 202500 198025 43681 710649 200704 293764 9409 134689 950625 419904 902500 925444 625 298116 268324 169 528529 164025 4489 416025 136900 707281 436921 1 108241 3844 36864 960400 43264 683929 760384 776161 13456 380689 690561 4096 295936 417316 190096 87616 654481 603729 851929 118336 145161 324900 98596 23409 518400 219961 51984 4761 841 416025 751689 90601 94249 342225 210681 396900 104329 627264 743044 59049 144 379456 367236 323761 113569 394384 4096 150544 355216 62500 896809 537289 20164 305809 395641 209764 164836 582169 992016 459684 2704 474721 416025 38809 544644 323761 555025 211600 234256 8281 69696 848241 915849 2209 174724 525625 219961 256036 37249 236196 384400 801025 10404 700569 1849 232324 81225 358801 349281 7569 502681 348100 171396 188356 624100 102400 34969 16900 498436 30276 570025 51529 842724 29241 372100 625681 6561 739600 22500 44944 362404 5184 1936 652864 77841 518400 266256 14641 811801 292681 240100 160000 276676 41209 910116 430336 439569 139876 87025 248004 228484 98596 104976 864900 308025 128881 136161 470596 388129 840889 53824 17161 23104 243049 216225 208849 600625 410881 676
674041 3721 547600 866761 10404 212521 286225 235225 857476 378225 605284 16384 824464 200704 169 51076 172225 40804 224676 504100 1000000 166464 942841 48400 674041 417316 783225 76729 203401 64516 456976 177241 447561 29929 992016 255025 538756 469225 687241 50176 565504 923521 99856 13225 15129 521284 37636 354025 8281 269361 992016 56169 303601 972196 938961 933156 70225 44521 252004 3364 39601 46656 401956 335241 913936 8464 8649 379456 579121 119025 220900 44521 697225 120409 342225 3136 8836 257049 828100 1681 149769 851929 80656 17956 39601 220900 579121 64516 49729 6400 942841 334084 680625 376996 356409 373321 564001 2304 484416 115600 810000 558009 66564 258064 3600 698896 454276 769129 831744 211600 13456 356409 410881 781456 195364 544644 75625 776161 198916 231361 100 316969 630436 407044 124609 88804 678976 491401 942841 165649 491401 91809 181476 400 407044 441 450241 182329 143641 624100 797449 85849 364816 841 232324 58081 22201 15376 817216 837225 432964 855625 142129 408321 110224 583696 933156 101124 19600 112225 291600 12100 570025 232324 976144 398161 585225 478864 220900 687241 170569 390625 60025 441 695556 535824 107584 853776 550564 501264 331776 400 17161 119025 715716 373321 680625 3969 908209 68644 11881 67081 61504 512656 182329 467856 207025 576 87616 21609 1296 198025 927369 3721 788544 3600 213444 234256 505521 811801 36 297025 24964 260100 9604 638401 34225 680625 797449 651249 99856 505521 223729 229441 210681 707281 131769 254016 683929 813604 720801 31684 348100 123201 328329 1296 130321 42849 246016 178084 579121 77841 498436 4900 91809 195364 82944 381924 421201 556516 259081 131044 435600 495616 412164 206116 122500 950625 209764 27225 2401 767376 561001 19321 219024 363609 574564 670761 360000 20736 826281 57600 68644 665856 407044 549081 145161 429025 614656 216225 313600 606841 683929 769129 352836 370881 193600 323761 110224 664225 41616 874225 27889 121 6400 190096 195364 662596 8464 765625 952576 89401 586756 47961 9801 15376 561001 492804 643204 165649 541696 160000 106929 15625 710649 319225 63504 576 190096 249001 23716 746496 263169 188356 164025 430336 25 2809 874225 196 30276 799236
781456 743044 24964 476100 89401 984064 4489 105625 921600 586756 184041 8281 16384 75076 442225 7056 298116 84100 469225 290521 961 736164 112225 58564 646416 183184 373321 978121 100 89401 354025 64516 483025 58081 12996 5476 87025 394384 27225 731025 690561 465124 727609 589824 364816 126025 841 21316 4900 25600 774400 2500 193600 256 929296 67081 304704 104976 78400 857476 1849 638401 1 96721 100 197136 304704 451584 16900 116281 442225 135424 1000000 702244 409600 122500 122500 576081 779689 23409 864900 40804 948676 25600 51984 41616 467856 670761 522729 103684 194481 334084 57121 239121 996004 187489 544644 748225 376996 123904 12544 874225 35721 97969 565504 42436 31329 707281 7225 627264 643204 369664 2601 817216 848241 278784 223729 893025 564001 16641 116964 326041 95481 155236 31684 770884 667489 744769 656100 594441 112225 669124 25 961 11881 30276 431649 62500 544644 1296 381924 817216 130321 50176 656100 418609 152100 256 677329 10816 1849 25281 758641 302500 744769 732736 1681 579121 499849 238144 990025 14161 240100 7921 169744 799236 304704 774400 68644 465124 765625 948676 432964 351649 70756 16129 648025 266256 250000 21316 24336 178084 6241 241081 203401 239121 332929 64009 512656 94249 883600 20736 214369 103684 580644 576 262144 465124 51529 896809 344569 293764 225 436921 56644 349281 988036 24336 26569 592900 1600 81225 837225 253009 980100 755161 112225 670761 831744 879844 790321 250000 153664 480249 521284 921600 817216 441 855625 288369 923521 261121 57121 356409 38809 49 47961 410881 644809 47961 1600 470596 55225 97969 91809 11236 961 525625 883600 3600 868624 597529 97969 1681 91809 10201 14641 1 174724 136900 529984 7396 5776 891136 51076 28561 841 2500 344569 664225 278784 459684 18769 810000 484 93025 148225 931225 207936 81 45369 244036 314721 33489 5476 2704 87025 708964 24336 133956 400689 116964 270400 574564 310249 378225 28561 442225 553536 20736 247009 225625 790321 7569 4356 288369 777924 644809 824464 3721 334084 779689 458329 516961 534361 619369 262144 1681 478864 157609 29929 190096 495616 285156 505521 43681 889249 835396 440896 284089 1764 139129 132496
4624 352836 665856 879844 66564 48841 289 198025 66564 921600 16900 223729 151321 66564 51076 85264 6084 266256 40401 1024 49284 145161 357604 990025 562500 40804 35344 276676 469225 390625 360000 14400 84681 622521 400689 216225 94249 495616 400689 434281 70225 583696 112225 826281 104329 549081 11449 648025 962361 157609 142129 128881 304704 2025 39601 112896 695556 240100 28900 937024 22201 355216 580644 36864 255025 506944 288369 123201 179776 972196 40804 885481 717409 395641 36481 848241 950625 28561 55696 627264 244036 96721 431649 52900 157609 23409 414736 549081 202500 990025 756900 60516 152881 221841 140625 613089 303601 336400 118336 549081 465124 49729 430336 314721 380689 81225 960400 99856 214369 627264 469225 516961 409600 662596 363609 121104 220900 357604 64516 356409 42025 467856 1521 214369 398161 514089 322624 586756 549081 88804 201601 870489 156025 33124 63504 525625 193600 148996 508369 38416 443556 158404 5041 51529 153664 218089 207025 314721 208849 115600 221841 354025 229441 96721 9409 553536 74529 2401 242064 238144 383161 931225 710649 391876 310249 672400 188356 3969 27225 123201 722500 29929 324 400689 82944 649636 14884 110224 128881 29584 964324 29929 656100 451584 256 522729 370881 110889 81225 605284 532900 378225 4356 527076 606841 134689 591361 14400 447561 206116 121801 470596 22500 617796 250000 153664 15876 3364 121104 474721 840889 134689 324900 680625 514089 160801 191844 34225 565504 100489 455625 662596 676 1225 41209 60516 900601 702244 192721 657721 391876 96721 291600 776161 129600 765625 2209 599076 889249 215296 874225 458329 648025 12996 254016 640000 471969 714025 820836 323761 213444 452929 256036 769129 130321 3025 73984 946729 28900 277729 44944 418609 561001 149769 616225 662596 31684 25600 142129 630436 672400 931225 538756 466489 313600 7396 38416 986049 270400 760384 85849 620944 23409 34225 667489 670761 748225 443556 463761 749956 169744 38809 346921 364816 970225 3364 535824 106276 232324 432964 242064 676 459684 1000000 7225 119025 968256 106276 145924 182329 822649 55696 4624 529984 189225 6889 155236 722500 416025 41616 97344 254016 1936 561001 902500 164836 44944 982081 693889 284089 7396 28224 937024 394384
749956 171396 305809 817216 26244 874225 541696 497025 874225 784 41616 248004 204304 343396 521284 195364 246016 169 603729 75625 813604 169 401956 324900 68644 625681 861184 47089 301401 3249 39204 12100 707281 628849 494209 44944 698896 264196 351649 774400 337561 702244 659344 192721 678976 3249 211600 143641 992016 65025 222784 583696 576081 241081 484416 137641 859329 65536 331776 309136 332929 643204 769129 599076 219961 139876 678976 586756 254016 452929 960400 19600 833569 727609 219961 78400 234256 474721 283024 46656 229441 431649 354025 3136 799236 140625 201601 829921 88209 287296 304704 40804 126025 216225 107584 90601 322624 326041 184900 196 337561 187489 651249 87616 225 169 12544 15625 1521 881721 355216 432964 25600 708964 900 25600 97344 931225 561001 765625 291600 555025 4 483025 9801 751689 67600 323761 173056 976144 19044 40401 746496 327184 113569 793881 16900 14641 741321 528529 795664 37636 26896 996004 669124 731025 281961 5929 374544 127449 29584 234256 3364 609961 55696 72900 677329 8281 10201 199809 355216 255025 996004 59536 367236 336400 99856 237169 680625 130321 161604 488601 216225 153664 758641 123904 677329 149769 454276 222784 28900 614656 820836 82944 2025 662596 177241 516961 35721 3844 690561 649636 450241 946729 720801 97969 266256 337561 163216 824464 2809 105625 929296 469225 416025 633616 49284 75076 828100 17161 24964 303601 10609 874225 603729 319225 190969 252004 102400 167281 8464 334084 30276 603729 660969 98596 188356 112896 931225 524176 23716 93636 469225 68121 4 55696 9025 923521 697225 664225 118336 946729 22201 76729 216225 824464 1600 205209 184900 228484 9216 2025 608400 737881 592900 857476 904401 67081 15876 369664 690561 1156 978121 173889 743044 850084 35344 170569 133225 461041 357604 39204 12996 702244 18769 422500 24025 355216 146689 104976 93025 10609 314721 255025 685584 393129 874225 64009 184900 550564 546121 580644 80656 352836 624100 183184 26896 248004 102400 797449 405769 175561 101761 163216 9025 478864 304704 11449 232324 164025 996004 4489 4356 591361 940900 206116 774400 71289 13225 646416 5476 52441 24964 88804 17689 1600 167281 4900 63504 116964 567009 765625 51076 609961 824464
39204 765625 66049 13689 685584 368449 760384 274576 134689 254016 471969 167281 547600 132496 116281 511225 519841 260100 570025 579121 21609 314721 233289 190969 31684 900 923521 111556 343396 719104 487204 84100 887364 484 619369 112896 311364 683929 337561 32041 708964 6561 196249 906304 200704 97344 737881 1936 16641 75625 78961 811801 206116 157609 5476 126736 160000 50176 976144 36864 4096 872356 40804 45369 310249 51076 233289 114244 522729 227529 485809 13924 772641 665856 1521 90000 284089 232324 556516 744769 561001 833569 425104 50625 346921 600625 60025 900 3969 47961 54289 844561 81 602176 2500 483025 183184 123201 336400 646416 73984 863041 902500 432964 128881 362404 33124 966289 27889 906304 28561 41209 68644 103041 678976 480249 121104 400689 384400 399424 571536 984064 177241 657721 70756 271441 29241 501264 434281 16129 819025 429025 72361 367236 484416 837225 40804 342225 32400 352836 158404 43264 198916 127449 556516 459684 82944 66049 828100 101124 38025 27889 568516 319225 7396 82369 21904 466489 792100 113569 202500 504100 314721 413449 26896 87025 110224 40401 429025 368449 443556 23104 23409 238144 408321 756900 348100 714025 166464 152100 866761 112225 112896 595984 172225 73984 352836 166464 19044 151321 32041 440896 98596 150544 900601 455625 180625 10816 176400 5184 97344 501264 452929 52900 62500 36481 1521 277729 225625 186624 2704 274576 421201 797449 378225 364816 303601 876096 595984 442225 26569 17161 236196 68121 360000 84100 24025 524176 651249 97344 191844 311364 844561 908209 24025 64516 743044 896809 32761 3844 131769 91204 25921 851929 521284 976144 467856 65025 522729 49284 186624 4624 187489 776161 893025 872356 822649 263169 1225 24336 588289 395641 204304 2500 717409 66564 85849 188356 474721 258064 851929 547600 646416 628849 792100 1089 450241 2500 769129 863041 416025 95481 944784 312481 980100 163216 866761 194481 33489 17956 586756 646416 502681 35344 547600 316969 5184 107584 69169 384400 105625 33856 917764 185761 166464 65025 558009 613089 370881 222784 285156 227529 108900 12769 467856 13225 156816 22500 70225 44944 2116 942841 184041 19600 90601 824464 152881 16641 17956 670761 12769 269361 36481 960400 579121 692224
779689 3844 19321 753424 337561 21025 19881 6400 329476 473344 151321 86436 258064 432964 218089 426409 311364 466489 734449 68644 1681 844561 592900 972196 400 1 14400 680625 467856 580644 22201 322624 842724 416025 682276 139876 672400 196249 440896 522729 565504 106276 152881 693889 55225 91204 208849 937024 92416 746496 804609 312481 279841 603729 72900 47089 361 106276 525625 824464 996004 33489 36 240100 1600 237169 1600 122500 176400 364816 124609 763876 744769 571536 53361 18225 534361 996004 968256 16384 274576 12100 567009 5476 152881 77284 861184 341056 167281 168921 630436 429025 602176 47524 5041 2209 592900 876096 558009 885481 649636 231361 404496 12100 380689 195364 142884 177241 32761 477481 444889 24025 4096 27889 241081 138384 879844 374544 535824 199809 810000 56169 81225 109561 121 1 483025 258064 166464 490000 17161 153664 688900 10404 25 896809 178929 864900 432964 97344 550564 767376 169744 322624 559504 128881 134689 21025 430336 59536 139876 342225 235225 732736 384400 383161 976144 316969 78400 31684 968256 595984 30976 603729 100 198916 1089 118336 580644 512656 426409 209764 281961 996004 702244 483025 931225 93025 65025 226576 749956 57600 574564 23716 328329 599076 582169 388129 12769 844561 547600 409600 49284 194481 372100 917764 213444 330625 603729 73984 866761 935089 705600 303601 196 784 436921 6889 170569 19881 10201 59536 931225 501264 829921 586756 802816 608400 119716 518400 59536 13689 257049 144400 538756 9604 471969 64009 851929 4096 373321 389376 465124 337561 660969 326041 808201 54289 143641 93636 167281 710649 724201 529 544644 891136 36864 685584 675684 75625 173889 137641 173056 670761 57121 354025 50176 471969 656100 609961 917764 408321 594441 570025 233289 216225 145161 160801 52900 308025 19600 894916 643204 267289 56169 876096 103684 194481 998001 529 360000 99856 295936 135424 400 336400 381924 717409 275625 687241 8281 61009 130321 499849 26569 176400 6561 19600 77841 484 33856 357604 641601 38416 232324 146689 654481 413449 127449 30976 180625 214369 863041 78961 491401 908209 157609 984064 254016 712336 63504 156816 121104 781456 273529 133956 3600 104976 396900 396900 16 211600 52441 216225 51529 255025 853776
318096 3844 140625 749956 715716 55696 724201 467856 8281 175561 756900 273529 44944 273529 1681 793881 8836 257049 822649 314721 100489 417316 531441 9604 10816 123904 395641 128881 164836 34969 14161 966289 284089 515524 10404 38809 11025 214369 167281 138384 633616 94864 439569 91809 36100 305809 207936 784 700569 380689 591361 35344 579121 56644 33124 466489 616225 62500 235225 4761 168921 82944 328329 14884 111556 441 783225 297025 857476 94249 519841 446224 582169 819025 432964 831744 335241 58081 389376 829921 241081 229441 160801 81796 998001 417316 199809 178084 613089 311364 136900 102400 15376 705600 432964 948676 6724 331776 89401 2601 4 3721 201601 440896 1089 3481 793881 741321 906304 216225 980100 334084 67081 33124 321489 485809 960400 26896 919681 33124 687241 777924 52900 346921 277729 5329 44944 463761 476100 657721 102400 24025 952576 456976 9409 270400 332929 49284 89401 471969 478864 58081 962361 31329 848241 68121 450241 17689 620944 36100 412164 477481 123201 614656 657721 102400 264196 760384 7056 7056 14884 456976 19321 140625 462400 48841 628849 116964 81 579121 619369 828100 902500 502681 409600 46656 841 670761 28561 748225 30625 231361 774400 200704 17424 119025 707281 297025 7225 42025 1024 14400 49729 532900 921600 729 31684 638401 8281 285156 831744 121801 251001 20449 788544 362404 50625 494209 674041 17161 21904 190096 760384 75076 37636 285156 715716 242064 255025 622521 51076 148996 121 265225 2601 808201 1444 982081 5476 384400 91204 122500 102400 497025 498436 13689 876096 357604 87616 230400 114244 931225 254016 649636 255025 669124 958441 158404 1681 624100 58564 708964 150544 343396 59536 876096 199809 25 40804 974169 136161 182329 23716 17956 121801 40401 864900 712336 966289 802816 1936 669124 40804 58081 954529 29584 528529 357604 30625 202500 624100 55225 795664 685584 439569 81 43264 46656 2401 312481 26244 7569 198025 416025 186624 674041 15376 743044 846400 509796 29929 675684 275625 48400 327184 107584 375769 532900 185761 541696 776161 992016 25600 682276 38025 591361 348100 447561 195364 339889 741321 992016 772641 405769 1156 356409 39601 819025 79524 88804 851929 538756 547600 3025 120409 31684 203401 224676
49 620944 502681 51984 62500 106276 66049 72361 573049 518400 580644 444889 48400 68644 714025 442225 156025 970225 1764 864900 175561 252004 10609 72900 58564 309136 104329 110889 541696 14400 497025 10404 797449 82944 399424 363609 381924 24025 139129 348100 243049 203401 4761 815409 976144 59049 14641 277729 633616 10816 105625 38809 273529 391876 185761 662596 874225 139876 982081 63001 879844 6889 284089 348100 256036 6889 42025 961 19881 104976 692224 357604 70225 115600 373321 322624 622521 1600 24964 192721 688900 908209 913936 180625 2601 763876 271441 683929 278784 190096 669124 484 231361 432964 80089 51529 76729 75625 439569 749956 962361 651249 77284 806404 9216 933156 956484 235225 72900 51076 183184 538756 165649 16 381924 14884 85849 958441 960400 332929 893025 298116 174724 528529 471969 3364 509796 822649 760384 343396 30976 527076 792100 10609 478864 2916 3364 10816 866761 25600 42849 961 2116 124609 682276 552049 902500 91809 656100 30276 204304 105625 410881 636804 58564 218089 751689 889249 271441 404496 398161 147456 627264 168100 170569 309136 42025 18496 438244 43264 527076 19881 600625 870489 40401 797449 831744 495616 182329 11664 855625 126025 94864 580644 401956 8281 994009 455625 9 301401 94864 114244 12100 811801 39204 12769 839056 159201 717409 128881 14884 546121 784 136900 233289 63504 243049 121104 27225 659344 63504 688900 218089 297025 799236 348100 6400 178929 22801 11236 605284 131769 3025 9801 38025 636804 531441 644809 139876 697225 625 2209 256036 228484 538756 494209 47961 249001 256036 4624 291600 484416 931225 374544 562500 165649 473344 115600 76176 81796 756900 300304 167281 364816 817216 439569 7396 160801 13456 739600 630436 291600 148996 40000 70225 8836 385641 281961 120409 4489 929296 4096 185761 828100 956484 528529 324 34225 407044 841 19881 921600 99856 784 994009 667489 781456 407044 45796 291600 978121 178929 893025 108900 605284 25281 881721 346921 290521 459684 524176 16384 538756 11236 7744 423801 891136 372100 105625 527076 16900 753424 42025 65536 97344 497025 648025 63001 59536 419904 86436 541696 544644 777924 70756 14400 289444 190096 600625 811801 620944 111556 824464 763876 904401 974169 592900 56169 188356
497025 923521 51984 104329 732736 12996 234256 173056 456976 900601 166464 45369 739600 239121 648025 108900 474721 537289 682276 7056 79524 627264 72361 247009 440896 189225 664225 494209 258064 1 74529 72900 454276 70756 3364 93636 781456 366025 70225 230400 378225 390625 214369 15129 705600 140625 26569 344569 118336 100489 247009 885481 100489 792100 644809 779689 565504 676 797449 349281 23104 225625 674041 369664 14884 826281 304704 657721 356409 956484 1849 374544 641601 348100 469225 157609 527076 736164 10201 321489 497025 16384 109561 5041 33489 291600 712336 223729 546121 343396 813604 839056 50625 194481 887364 117649 608400 336400 16900 549081 346921 439569 925444 265225 762129 228484 308025 16129 454276 806404 111556 11449 698896 167281 75625 799236 850084 262144 17689 128881 165649 913936 86436 242064 88209 39601 674041 669124 47089 48841 1764 39204 130321 931225 964324 64 624100 643204 342225 145161 170569 20736 512656 8464 40804 5929 309136 606841 961 770884 100 891136 49 331776 456976 687241 3249 950625 586756 187489 216225 687241 181476 103684 409600 22801 381924 547600 65536 492804 439569 544644 70756 184041 189225 237169 660969 900601 187489 172225 13689 287296 121104 769129 176400 640000 24964 54756 906304 385641 600625 401956 63504 5184 23716 665856 9801 20449 3025 145161 505521 15876 84100 215296 574564 651249 155236 988036 549081 446224 395641 546121 409600 837225 652864 170569 208849 12769 17424 874225 7569 376996 850084 138384 342225 680625 627264 271441 321489 400689 968256 388129 451584 301401 186624 120409 160000 319225 693889 293764 724201 425104 683929 416025 1764 80656 682276 582169 195364 5929 881721 410881 257049 324900 87025 254016 34596 174724 996004 63504 2304 390625 19321 651249 476100 226576 848241 795664 306916 275625 13924 248004 10000 822649 534361 6889 680625 600625 301401 1225 810000 364816 492804 659344 52900 301401 60516 28900 13689 456976 929296 76176 93025 667489 76176 30976 87025 144400 779689 23716 246016 179776 588289 385641 5776 245025 538756 5184 13924 403225 906304 165649 190096 582169 28900 344569 592900 271441 478864 308025 446224 497025 125316 565504 2401 680625 6241 31684 152881 670761 41616 9409 118336 707281 441 87616 247009 813604 900601 129600
732736 16641 582169 868624 219961 8281 824464 784996 54289 203401 85849 73441 58564 275625 11664 97969 246016 591361 1089 190969 334084 252004 86436 729316 90000 915849 271441 110224 105625 62001 538756 640000 919681 497025 682276 430336 4096 470596 81225 116281 5929 450241 568516 66049 390625 534361 613089 53361 212521 562500 1444 389376 328329 261121 49284 21609 89401 198916 114921 299209 90601 42025 290521 36 206116 1089 26896 636804 760384 326041 344569 254016 606841 6241 906304 900 148225 919681 42025 614656 354025 478864 69169 256 235225 96721 708964 467856 94249 24025 994009 38809 910116 76176 128164 4096 305809 408321 988036 59049 597529 144400 11449 203401 85264 318096 184041 654481 145161 369664 133956 293764 38416 378225 509796 851929 483025 332929 546121 450241 487204 717409 368449 287296 441 42436 17161 968256 4624 372100 9409 824464 972196 438244 230400 217156 488601 829921 459684 133956 729316 792100 937024 253009 508369 131769 68121 552049 289 652864 613089 266256 2116 960400 288369 73441 547600 265225 22801 230400 842724 126025 245025 529 62001 330625 505521 25600 41209 2704 917764 21025 361201 106929 435600 24964 68121 687241 304704 608400 3025 162409 80656 101124 919681 77284 474721 33124 31684 439569 84100 287296 49 638401 394384 363609 112225 122500 225 360000 335241 344569 142129 605284 401956 777924 131769 556516 320356 28561 729316 27225 294849 4900 21904 209764 448900 648025 54756 246016 76729 101124 209764 41209 436921 405769 815409 285156 144 15376 725904 163216 401956 956484 370881 192721 485809 46225 263169 161604 104976 376996 1681 221841 287296 384400 549081 284089 559504 36100 167281 136161 6241 178084 693889 71824 676 249001 169744 413449 180625 68121 491401 29241 93636 2025 414736 115600 141376 34225 233289 988036 462400 165649 744769 1600 44944 350464 35721 15129 233289 156025 92416 208849 5041 205209 388129 341056 73441 99225 5329 66049 187489 431649 484 13689 163216 19600 103041 122500 405769 413449 56644 769129 474721 10000 514089 81796 446224 521284 100489 38025 956484 538756 275625 285156 835396 636804 278784 193600 214369 209764 68121 225625 36100 2809 112225 3364 368449 954529 59536 110224 693889 62001 152100 635209 27225 1024 835396 285156 815409
350464 868624 998001 527076 770884 683929 743044 925444 1936 286225 484 119025 444889 889249 693889 3721 514089 288369 167281 49284 26896 731025 1936 49729 295936 556516 687241 154449 63504 139129 589824 837225 481636 664225 252004 744769 7569 874225 712336 737881 81 504100 431649 48400 145924 170569 23716 36100 15129 583696 1 47524 54289 160801 86436 758641 50625 78961 695556 863041 65536 7225 409600 900601 12996 514089 715716 779689 501264 6400 288369 381924 10000 605284 835396 44521 20736 49729 591361 715716 381924 62500 68644 695556 106929 579121 227529 208849 189225 54756 2601 326041 87616 16 527076 524176 64 308025 20736 473344 9216 440896 992016 2809 4761 121104 126736 267289 140625 405769 725904 169744 363609 576 53824 6241 345744 565504 351649 29929 75625 451584 806404 358801 986049 205209 8100 381924 30276 375769 184041 269361 906304 238144 64516 63504 185761 851929 447561 501264 326041 494209 824464 13689 9409 2025 252004 303601 179776 199809 75625 278784 746496 90000 27889 95481 413449 844561 144 140625 341056 866761 463761 855625 467856 749956 804609 582169 1 336400 144 7921 841 268324 67600 219961 490000 430336 529 196 64 180625 35344 806404 27225 81796 649636 179776 71824 126736 570025 302500 853776 342225 93025 94864 249001 206116 23716 396900 810000 660969 30976 6400 839056 529984 4225 331776 770884 369664 233289 15376 3249 561001 828100 84681 24025 915849 48841 109561 887364 8281 356409 577600 55696 342225 258064 274576 16900 202500 127449 518400 44521 2500 3600 5184 11449 114244 532900 321489 393129 564001 582169 230400 47961 110889 36864 431649 184900 394384 833569 811801 383161 879844 54756 199809 383161 362404 191844 271441 450241 617796 22201 795664 327184 504100 994009 1000000 564001 101124 630436 328329 921600 122500 505521 343396 405769 169744 900601 123904 145161 522729 4624 35721 242064 974169 441 898704 494209 872356 538756 207025 410881 13225 217156 574564 436921 50176 198916 506944 940900 4 158404 331776 1089 708964 990025 50176 102400 98596 4096 75076 774400 908209 824464 552049 15625 710649 172225 110224 7056 724201 215296 864900 205209 136900 731025 765625 182329 492804 559504 456976 87616 220900 722500 184041 431649 263169 473344 29584 91204 77284
236196 251001 504100 972196 58564 27556 966289 40401 811801 220900 22500 594441 198916 483025 11449 697225 506944 846400 309136 46225 323761 354025 162409 874225 193600 18496 164836 540225 220900 2704 90000 372100 828100 55225 490000 927369 912025 27889 239121 153664 357604 92416 448900 534361 714025 12100 40401 85849 636804 72361 502681 521284 206116 613089 632025 801025 829921 100 833569 208849 508369 20164 131769 21609 75076 900601 198916 11449 879844 141376 988036 318096 7744 278784 324 770884 522729 217156 844561 859329 153664 53361 776161 422500 636804 221841 15129 76729 24649 312481 351649 633616 46225 904401 25921 71824 326041 42849 106276 784996 567009 99225 224676 212521 7744 53361 5625 881721 21904 630436 90601 968256 249001 636804 37249 271441 258064 91204 974169 42025 366025 675684 274576 2116 616225 561001 286225 116281 469225 1681 994009 427716 605284 386884 148225 817216 7569 628849 585225 585225 68121 559504 425104 976144 537289 617796 988036 119716 790321 28561 471969 26244 26244 70225 10201 156816 6561 311364 833569 26244 417316 441 550564 994009 861184 153664 78400 471969 481636 648025 497025 423801 913936 7569 600625 291600 60516 2601 310249 632025 33489 685584 724201 32761 660969 935089 112225 113569 225 59049 1369 484 857476 350464 32761 13456 175561 170569 762129 4225 164836 418609 288369 797449 17161 970225 608400 585225 589824 114244 611524 1089 367236 410881 781456 519841 168921 297025 25281 441 27889 210681 97344 136900 720801 837225 28224 195364 127449 176400 431649 169 9216 118336 968256 408321 7744 76729 185761 900601 801025 534361 269361 36481 383161 256 978121 94249 912025 247009 788544 1089 362404 994009 511225 7921 755161 166464 351649 627264 438244 589824 238144 253009 956484 63001 298116 137641 78961 784996 454276 101124 509796 527076 18769 24964 535824 25281 13456 301401 112225 321489 67600 592900 219961 4900 670761 308025 574564 88209 743044 887364 648025 132496 413449 205209 16900 315844 84681 478864 501264 179776 425104 677329 549081 815409 842724 233289 9604 393129 153664 350464 171396 561001 362404 942841 145924 802816 106276 465124 70756 614656 197136 923521 444889 184900 73984 964324 278784 40401 101124 234256 328329 369664 176400 263169 360000 197136 373321 166464 48841 167281 625
363609 784 24336 45796 103684 635209 68644 303601 63001 291600 16129 741321 990025 245025 29929 92416 708964 877969 36864 305809 38025 966289 793881 441 51076 170569 99225 2116 21316 1369 115600 226576 297025 10404 961 494209 321489 22201 12321 222784 298116 585225 915849 103684 644809 39601 724201 418609 5476 870489 160000 426409 199809 602176 538756 952576 762129 252004 465124 498436 112896 28224 47089 828100 174724 1681 216225 69696 582169 286225 758641 233289 346921 982081 625681 762129 10000 649636 599076 288369 63504 516961 448900 67081 144400 132496 39601 23409 216225 4761 108241 6400 763876 413449 74529 599076 466489 835396 110889 753424 9409 842724 41616 996004 690561 314721 62001 237169 369664 26896 628849 259081 253009 544644 57121 3364 910116 480249 3721 112225 133956 550564 529 27889 26569 422500 910116 47524 205209 44100 31329 447561 802816 57121 962361 404496 573049 309136 613089 1681 28561 254016 123201 356409 300304 900601 186624 898704 70225 133225 144400 423801 305809 881721 450241 99856 776161 414736 662596 55696 492804 497025 470596 224676 540225 267289 249001 435600 15625 913936 52900 169744 213444 249001 146689 345744 531441 114244 133956 485809 755161 3364 378225 646416 380689 441 169744 91809 893025 770884 5776 316969 781456 73441 925444 910116 255025 265225 3136 5329 381924 159201 614656 1849 956484 234256 16129 627264 169 55225 366025 367236 8649 3136 24336 191844 226576 160801 829921 201601 490000 368449 67600 855625 693889 644809 573049 81796 21025 3481 12321 16900 521284 1764 174724 811801 423801 229441 211600 2209 190969 5776 961 32041 712336 521284 128164 290521 252004 67600 399424 7396 358801 719104 984064 127449 538756 45796 38025 231361 8649 332929 4225 10609 133225 582169 944784 108900 638401 710649 900 917764 145161 412164 38809 535824 144 682276 442225 213444 380689 456976 659344 627264 16129 427716 868624 1521 24336 3600 600625 804609 321489 937024 178929 385641 962361 252004 561001 588289 41616 597529 169 660969 7921 166464 857476 3721 123904 792100 30625 552049 670761 429025 363609 364816 124609 444889 399424 86436 690561 972196 908209 992016 24025 10816 9 255025 24964 298116 196 113569 291600 372100 343396 165649 136900 113569 36481 98596 474721 26896 48841 98596
289 35721 630436 393129 394384 143641 842724 191844 912025 7056 863041 201601 85264 442225 393129 156025 267289 7396 270400 68121 225625 815409 574564 252004 61504 883600 79524 579121 850084 948676 876096 173056 840889 210681 657721 729316 1225 469225 250000 34225 115600 547600 118336 193600 763876 5184 362404 150544 19321 414736 276676 767376 45369 331776 148996 874225 70225 275625 3136 252004 611524 169744 336400 58081 1600 418609 1000000 288369 258064 36481 693889 38025 140625 417316 826281 113569 164025 1681 27225 63001 171396 54289 527076 198025 100489 152100 427716 451584 24649 352836 762129 33489 60025 2025 8464 200704 966289 229441 52900 263169 5041 183184 1000000 502681 112896 1089 216225 65025 692224 77841 18225 304704 9604 169 8100 266256 675684 396900 96100 391876 731025 251001 184041 247009 215296 431649 18769 337561 896809 98596 60516 633616 19881 537289 784996 16384 324900 45369 788544 219024 474721 97969 602176 187489 622521 772641 422500 114921 149769 34225 165649 135424 492804 212521 239121 146689 900 106276 505521 232324 343396 268324 242064 804609 106929 494209 571536 3481 28900 184900 461041 22201 749956 263169 96100 819025 24336 641601 249001 233289 762129 256036 432964 29241 12769 608400 188356 310249 431649 49729 194481 801025 473344 22201 85849 470596 22500 219024 524176 599076 212521 407044 763876 588289 358801 376996 220900 870489 3364 50176 65025 885481 16900 582169 700569 323761 172225 52900 938961 15129 5625 829921 889249 23409 394384 42849 6241 56644 80656 410881 923521 595984 902500 952576 97344 78400 753424 5776 42849 63504 948676 879844 70225 336400 356409 79524 52900 108900 841 652864 576081 8464 46225 271441 562500 384400 491401 806404 190969 183184 269361 36864 78961 168100 649636 7569 833569 68644 306916 172225 46656 4624 6889 473344 409600 176400 152881 30276 220900 27889 729 21904 4096 801025 250000 238144 6241 13689 599076 840889 75625 665856 990025 495616 54756 592900 944784 3136 396900 229441 431649 1225 756900 104976 904401 193600 516961 502681 62500 461041 628849 210681 2209 559504 42025 120409 797449 56169 395641 196 125316 33856 900601 3136 592900 133225 80089 625 664225 824464 413449 202500 14400 82944 1024 381924 751689 672400 100 906304 480249 570025 443556 53361 68121
3721 85849 585225 98596 219024 25 435600 30625 21609 40000 529984 760384 984064 133956 255025 54289 12996 573049 165649 218089 15376 638401 454276 132496 159201 372100 609961 113569 75625 115600 217156 361 471969 919681 38416 641601 18496 90601 213444 662596 77841 63001 73441 323761 183184 29929 67600 410881 839056 564001 828100 13924 819025 80656 734449 422500 21025 34969 877969 966289 168921 83521 250000 635209 434281 614656 1 831744 196 466489 133225 627264 331776 47961 777924 207025 508369 54289 49729 46225 863041 266256 853776 19881 84681 659344 133225 783225 613089 389376 2025 294849 846400 230400 16900 193600 150544 44521 9409 692224 925444 41616 695556 120409 891136 806404 514089 367236 215296 38809 286225 153664 14641 85849 614656 168921 30276 119716 887364 624100 846400 25 25 465124 4225 4 885481 8464 6400 22801 139129 529984 960400 495616 202500 256036 91809 405769 9409 50625 315844 160000 145161 462400 409600 112896 369664 366025 509796 813604 519841 60516 19600 28224 232324 36864 376996 115600 988036 331776 339889 56169 361 44944 44944 106929 171396 430336 288369 93025 14884 992016 2500 23716 454276 695556 184900 664225 138384 97969 21316 42849 32041 1156 160000 146689 870489 295936 471969 676 222784 142129 1225 238144 10000 36 414736 857476 21025 78961 544644 249001 793881 38809 490000 485809 396900 46656 197136 17424 344569 378225 573049 16 107584 136900 140625 15376 413449 790321 301401 69696 146689 1296 114244 455625 40401 93025 48400 12321 108241 813604 224676 570025 2916 36100 311364 504100 651249 8464 538756 139129 51529 56644 328329 378225 894916 46225 2916 568516 555025 29584 336400 149769 58564 27556 835396 861184 304704 443556 7056 466489 494209 396900 110889 50176 98596 421201 4489 769129 182329 577600 656100 400689 93636 537289 341056 84681 193600 75625 729316 23104 576081 148225 504100 196 143641 247009 48841 123201 30276 401956 574564 238144 110224 91809 146689 61009 119716 148996 473344 487204 318096 299209 21316 483025 795664 28900 481636 143641 962361 731025 66564 82944 304704 883600 976144 831744 53361 210681 409600 289 703921 16641 651249 444889 846400 835396 395641 208849 561001 183184 40804 40401 218089 301401 243049 21904 614656 328329 185761 300304 212521 514089 466489 156816
185761 2116 476100 138384 16384 372100 790321 312481 436921 128881 81225 154449 506944 287296 416025 241081 695556 133956 94864 62001 94864 3364 50176 893025 25600 84681 682276 178084 291600 697225 8281 128164 451584 1 3364 514089 145924 93025 498436 28900 2025 680625 318096 421201 494209 506944 186624 904401 254016 456976 103684 617796 8100 293764 788544 720801 597529 116281 400 923521 152100 303601 270400 616225 329476 66564 19044 219961 505521 195364 103041 769129 39204 546121 439569 327184 797449 841 391876 179776 4096 491401 64 407044 44521 5476 332929 121 556516 306916 369664 38809 19044 72900 189225 485809 354025 132496 495616 117649 288369 779689 26569 4624 958441 247009 366025 385641 841 169 46225 262144 81 529 40000 978121 448900 195364 233289 8100 190096 676 579121 5625 43264 784 968256 137641 5184 30625 850084 400 5929 676 440896 944784 3025 165649 648025 585225 11236 361 356409 521284 9 534361 123904 313600 383161 900601 278784 861184 300304 894916 633616 93636 43681 348100 28900 272484 78961 508369 211600 625 511225 55696 625 172225 6561 410881 361 156816 208849 114921 400 6724 40000 250000 749956 1849 419904 210681 505521 206116 103684 219961 247009 522729 470596 625681 839056 7056 570025 588289 783225 651249 484416 401956 543169 929296 170569 10201 65536 168100 5929 677329 26244 49729 51076 85849 16900 140625 351649 145161 90601 447561 17689 139876 675684 375769 245025 564001 900601 986049 273529 159201 160801 19600 222784 3136 870489 96100 400689 18769 263169 338724 82369 514089 611524 502681 24025 309136 49284 633616 448900 20736 152881 184900 55696 431649 21904 1369 492804 408321 1600 565504 360000 9216 211600 625681 540225 265225 302500 820836 851929 4761 183184 22801 729316 370881 561001 76729 872356 76176 419904 204304 792100 190969 70756 182329 940900 205209 197136 19044 327184 776161 38416 657721 362404 527076 226576 96721 811801 322624 4 504100 187489 157609 51984 85264 422500 77841 552049 576 567009 107584 62500 97969 427716 274576 641601 820836 470596 72361 54756 900 515524 614656 261121 256036 74529 81796 595984 186624 176400 958441 308025 301401 254016 213444 839056 418609 110224 933156 732736 494209 396900 15376 315844 78961 84100 379456 29241 338724 191844 7056 13456
226576 917764 64516 99856 528529 672400 36 299209 128881 44944 90000 10404 270400 388129 442225 334084 133956 442225 599076 98596 656100 571536 2116 477481 444889 23409 343396 89401 426409 632025 1600 133225 14161 570025 484 196249 316969 367236 268324 381924 430336 284089 336400 435600 245025 126736 11664 28900 687241 35344 48400 600625 799236 128881 19044 4489 254016 792100 942841 2401 784996 364816 349281 290521 1 88209 1444 917764 555025 864900 40401 275625 355216 30976 58564 100 931225 972196 299209 112225 174724 152881 863041 71824 62500 438244 917764 483025 336400 21904 1444 301401 321489 2916 26896 547600 879844 633616 157609 139876 153664 310249 34969 25600 429025 352836 851929 252004 166464 38025 586756 289444 7744 94864 38025 430336 756900 438244 16 216225 579121 30276 49729 288369 39204 63001 567009 751689 398161 56169 966289 293764 498436 107584 31329 398161 96721 518400 765625 369664 988036 820836 454276 399424 12769 230400 603729 229441 751689 790321 817216 362404 546121 94864 857476 765625 316969 1600 103684 203401 755161 144 961 550564 355216 502681 278784 329476 648025 216225 373321 3844 440896 15876 651249 1600 321489 310249 531441 28900 106929 289444 857476 76176 32761 8464 14641 155236 48400 329476 23409 358801 17689 799236 191844 60025 529984 9 1764 138384 790321 168921 561001 167281 9216 765625 982081 485809 204304 331776 249001 267289 33124 585225 168100 605284 904401 515524 349281 261121 286225 244036 28900 808201 864900 8836 35344 233289 8100 579121 2704 88209 443556 98596 81796 793881 617796 401956 504100 34225 134689 582169 38416 450241 173056 259081 76729 108900 731025 253009 67600 80089 1681 192721 654481 868624 190096 273529 368449 47961 866761 628849 636804 366025 312481 156025 594441 97969 799236 198025 477481 136900 24649 617796 362404 18225 976144 855625 90000 917764 727609 151321 104329 25600 142129 1296 25600 139876 509796 739600 28900 879844 270400 654481 128881 63504 29584 5329 257049 606841 674041 82369 19044 462400 669124 469225 172225 331776 541696 274576 244036 331776 535824 625681 49284 4489 216225 38416 707281 2401 35344 21609 147456 863041 473344 258064 538756 659344 1369 562500 988036 107584 277729 405769 144400 707281 94864 19600 263169 261121 243049 697225 652864 225625 167281 418609 29241 168921
425104 549081 462400 267289 8100 213444 471969 737881 544644 29584 912025 77284 199809 819025 640000 446224 470596 10201 121104 12544 954529 57600 159201 559504 870489 24649 62001 261121 2809 438244 431649 269361 165649 7569 88209 304704 217156 316969 966289 11025 203401 874225 207936 5184 988036 22201 348100 515524 346921 152100 990025 174724 964324 144400 339889 324 37249 3136 295936 289444 810000 414736 405769 284089 708964 4624 734449 576 310249 25281 15376 172225 97344 6400 107584 700569 184041 443556 104976 937024 23409 110889 7569 690561 292681 361201 27556 121 248004 894916 617796 139876 140625 209764 966289 758641 319225 443556 848241 292681 157609 841 555025 97344 12996 881721 33124 624100 459684 292681 26896 327184 1000000 146689 508369 225625 446224 421201 33856 164836 324900 27225 52441 712336 756900 84100 904401 921600 290521 212521 23716 309136 978121 582169 13924 703921 233289 35344 223729 273529 603729 376996 749956 328329 822649 667489 221841 156025 32400 108241 75625 571536 767376 758641 594441 616225 148996 994009 851929 177241 97344 737881 335241 179776 456976 90601 81 213444 744769 75625 795664 289 71289 178929 925444 389376 172225 168921 99856 656100 22500 31329 455625 7921 442225 63504 28561 600625 442225 22801 13456 100489 561001 760384 688900 164836 683929 308025 183184 195364 546121 51076 202500 797449 15129 58564 148225 826281 291600 6241 27556 984064 267289 589824 332929 21316 44521 55225 24964 442225 42849 617796 1681 90601 502681 7225 644809 346921 101761 70756 848241 5329 664225 915849 6889 49729 128164 165649 5184 5041 638401 846400 434281 44521 885481 13689 34596 82944 320356 687241 5929 487204 363609 894916 30625 61009 29929 751689 540225 173056 162409 178929 100489 305809 739600 280900 50625 75625 923521 22201 297025 984064 927369 1521 861184 256 8836 553536 139129 731025 24964 106276 815409 320356 877969 26244 268324 11449 3844 844561 391876 828100 97344 804609 24336 395641 335241 495616 336400 321489 950625 521284 264196 451584 151321 251001 1156 3600 159201 3481 83521 961 933156 466489 80089 418609 473344 512656 113569 2116 109561 259081 896809 4761 784996 687241 97344 703921 494209 295936 374544 4356 82944 877969 150544 3364 180625 32041 173889 525625 207936 225625 123201 502681 66049 140625 660969 189225 15129
173056 616225 409600 422500 236196 394384 492804 233289 352836 167281 532900 633616 106929 83521 9604 938961 393129 125316 674041 708964 334084 180625 315844 223729 101124 288369 89401 3600 937024 240100 60516 78400 576 201601 53361 89401 84681 169744 758641 7225 848241 44944 308025 186624 15376 57600 142129 162409 225 206116 173056 660969 112225 147456 38416 772641 861184 429025 81796 795664 54289 84681 430336 7225 589824 614656 280900 532900 91204 439569 186624 636804 327184 625681 996004 357604 779689 435600 75076 1444 161604 14884 564001 166464 1681 366025 669124 674041 209764 379456 824464 15876 567009 481636 99856 611524 74529 583696 537289 840889 312481 17161 13689 272484 90601 651249 529984 648025 40000 986049 268324 9409 915849 210681 492804 63504 57121 935089 841 244036 286225 225 748225 68121 595984 357604 729316 167281 144 430336 42436 763876 8836 70225 41616 9025 440896 46225 88209 8464 34225 434281 628849 549081 12769 171396 204304 970225 1444 71289 81225 811801 218089 345744 543169 302500 781456 859329 828100 145161 405769 5041 62001 861184 1521 189225 14641 4900 467856 168100 213444 10404 994009 207936 484416 881721 47961 85264 524176 246016 283024 418609 267289 678976 16900 139876 64 537289 154449 97344 30625 26569 157609 400 10201 499849 908209 511225 312481 396900 6400 430336 67600 459684 373321 49 227529 902500 762129 21025 900 181476 75625 17689 463761 603729 2916 2916 298116 37249 334084 328329 68644 529984 199809 273529 751689 208849 278784 556516 355216 53824 627264 717409 597529 14641 855625 692224 850084 753424 86436 156025 51076 535824 393129 105625 64009 3969 114244 89401 50176 680625 301401 555025 893025 341056 66049 122500 855625 552049 285156 66049 714025 77284 17161 913936 46225 2401 978121 183184 467856 744769 197136 527076 82369 41209 774400 695556 994009 55225 390625 763876 164025 923521 434281 50176 66564 988036 172225 714025 88804 222784 585225 9216 136161 44521 110224 863041 134689 283024 55225 222784 741321 156816 345744 576081 146689 632025 31329 104329 956484 218089 269361 408321 217156 544644 128881 906304 4624 588289 749956 138384 425104 1600 173889 522729 429025 271441 902500 770884 874225 149769 688900 120409 672400 83521 980100 11236 5776 8464 174724 452929 5929 256 471969 205209 579121 171396 400 36100
40000 872356 7744 26569 189225 138384 97344 96100 881721 14884 698896 378225 57121 32400 518400 6561 41616 511225 900601 219961 99225 367236 839056 177241 145161 473344 321489 26244 32400 29241 786769 305809 10816 283024 154449 180625 90000 53824 25281 303601 3136 1225 357604 76729 3481 17161 342225 954529 9604 77284 56644 176400 2209 579121 86436 697225 214369 237169 804609 797449 52900 101761 78400 627264 119716 389376 917764 541696 202500 78961 804609 461041 71824 135424 139876 36 942841 418609 332929 42025 62001 181476 339889 142884 42849 829921 14641 1849 881721 946729 41209 573049 370881 432964 318096 380689 10201 994009 729316 4 73984 158404 568516 864900 10609 230400 341056 466489 2116 677329 866761 61009 395641 4356 355216 751689 256036 150544 702244 777924 24025 49729 70225 62001 896809 19600 976144 177241 571536 509796 600625 134689 440896 173056 80089 641601 781456 53824 85849 341056 45369 919681 208849 651249 224676 19321 49284 299209 40401 877969 183184 338724 80656 15625 12321 606841 30625 447561 772641 974169 70225 32761 919681 40000 134689 241081 114921 693889 86436 54289 67600 49729 70225 122500 36864 36864 303601 2916 366025 215296 826281 826281 54756 561001 580644 665856 966289 998001 646416 889249 628849 42025 145161 898704 283024 122500 992016 16641 667489 23716 178084 185761 741321 574564 173889 360000 43681 87025 134689 62001 217156 269361 263169 13456 38025 749956 923521 546121 452929 66049 403225 21025 410881 3364 456976 13456 3481 179776 908209 418609 597529 95481 11025 988036 441 41616 547600 842724 857476 400 69169 688900 232324 276676 2916 599076 21609 189225 227529 66049 868624 165649 16641 314721 592900 1 534361 133225 50176 143641 13225 580644 254016 839056 861184 1936 113569 27889 91204 8281 826281 7744 881721 408321 992016 580644 190096 769129 416025 287296 4225 150544 115600 49729 11025 483025 744769 8281 495616 299209 956484 23104 246016 568516 303601 511225 349281 21609 974169 27556 116964 577600 256036 12321 7744 106929 329476 53824 409600 547600 64516 678976 868624 16 306916 17424 182329 76729 9 53824 16 491401 33489 30625 386884 921600 268324 958441 669124 17956 17689 63001 161604 3600 863041 662596 284089 4225 364816 883600 7744 577600 123904 215296 477481 64516 303601 669124 724201 749956 17161
92416 636804 512656 887364 132496 532900 132496 19321 186624 288369 793881 984064 94864 469225 828100 674041 687241 9801 64009 164836 543169 245025 305809 784 917764 250000 123904 378225 980100 42025 139129 848241 18769 471969 278784 358801 484416 594441 620944 908209 149769 18769 53824 106929 136900 154449 535824 2304 32761 108241 571536 966289 2209 418609 657721 874225 948676 966289 980100 690561 739600 712336 354025 529984 84100 14400 499849 232324 100 126736 998001 145161 343396 372100 641601 528529 128164 8836 644809 102400 12996 107584 550564 83521 1600 30976 46225 6084 5041 386884 301401 613089 34596 204304 120409 170569 160801 263169 11025 690561 870489 88209 1849 3136 485809 471969 904401 783225 712336 65536 540225 10404 290521 355216 83521 93025 18225 436921 164836 492804 1156 685584 55696 91204 776161 151321 43681 14884 33124 585225 242064 374544 961 430336 383161 207025 389376 34225 16900 7744 146689 39204 17424 6400 925444 528529 695556 305809 407044 61504 811801 703921 614656 129600 163216 588289 61009 35344 110224 1849 25281 25600 17689 364816 342225 64009 477481 779689 11449 946729 25281 2500 50176 622521 654481 247009 400689 9409 715716 497025 435600 9 256036 774400 241081 101761 954529 39204 33124 311364 7225 540225 933156 54289 87616 308025 355216 126025 249001 550564 846400 455625 201601 144400 927369 324 308025 826281 412164 613089 725904 103684 589824 53361 95481 28561 829921 12544 328329 56644 20736 549081 835396 504100 1849 1089 606841 474721 309136 828100 262144 974169 106276 139129 537289 330625 654481 2704 378225 613089 287296 15129 617796 42025 149769 230400 944784 874225 152100 680625 73984 804609 380689 426409 511225 994009 93025 122500 344569 252004 184900 17956 731025 192721 265225 504100 570025 682276 485809 749956 66049 1296 71824 408321 254016 55225 16641 38025 743044 14884 209764 567009 278784 308025 361 47961 454276 23716 300304 40804 3600 40000 71289 413449 25281 19321 1000000 52441 5929 480249 363609 130321 8281 743044 54289 49284 182329 21025 165649 295936 13924 93025 256036 87616 4096 88804 171396 110889 28561 113569 732736 5184 986049 484416 690561 617796 19321 499849 476100 18769 190096 398161 708964 17161 3721 145924 1089 762129 17956 154449 1444 446224 355216 26569 5625 1764 17424 524176 56644 494209 605284 1024
398161 285156 60025 413449 228484 966289 7056 52441 958441 155236 476100 700569 170569 866761 640000 11449 606841 12321 123904 337561 912025 405769 194481 456976 354025 97969 649636 41209 358801 70225 84681 549081 7744 314721 211600 751689 2916 877969 763876 252004 1849 361201 71824 58081 360000 608400 72900 401956 173889 540225 8836 375769 14161 93025 988036 136161 734449 389376 240100 233289 559504 664225 739600 810000 11664 638401 36 777924 280900 111556 304704 290521 314721 116281 23716 942841 553536 534361 108241 12100 215296 6889 518400 4 228484 259081 396900 416025 163216 756900 120409 126736 505521 86436 75076 774400 799236 5476 69169 11881 676 48400 573049 531441 114244 265225 535824 5929 45369 874225 678976 193600 334084 256036 568516 188356 268324 139876 21025 990025 4761 99225 133225 376996 249001 729 104976 624100 680625 665856 447561 66564 88209 121801 72361 37636 276676 21025 82369 58081 458329 608400 70225 734449 435600 8836 244036 274576 443556 900601 345744 65025 675684 944784 33856 4225 29241 17424 198916 219961 122500 67081 67081 692224 667489 662596 675684 68644 25600 628849 736164 555025 16641 32761 558009 1296 16129 484416 525625 360000 588289 281961 235225 562500 720801 490000 447561 861184 919681 8836 4489 332929 680625 192721 302500 11025 156816 293764 707281 518400 179776 707281 1521 145161 743044 36 308025 11025 72361 693889 125316 783225 186624 203401 546121 900601 748225 964324 326041 5476 656100 243049 298116 27225 824464 996004 617796 5329 309136 71289 534361 221841 700569 105625 552049 47961 115600 137641 1764 562500 3844 219961 166464 5184 595984 15625 1089 133956 136161 381924 134689 72361 25281 746496 136900 109561 47524 240100 755161 4225 135424 202500 189225 342225 944784 7056 87025 370881 130321 27556 550564 177241 588289 85264 512656 505521 235225 1 779689 829921 463761 370881 58081 327184 863041 13225 651249 944784 226576 178929 305809 116281 107584 620944 483025 270400 512656 24649 3600 772641 162409 255025 731025 26896 55225 271441 2916 25600 343396 57600 929296 378225 494209 984064 490000 272484 401956 799236 538756 69696 952576 94864 837225 414736 160801 183184 594441 998001 21316 960400 108900 69169 454276 77841 512656 870489 547600 157609 553536 245025 418609 674041 72361 67081 179776 92416 1024 13924 790321 191844 156025 734449 120409
329476 540225 69696 553536 5476 370881 245025 828100 7744 624100 69696 167281 45796 688900 356409 505521 649636 17689 419904 7921 74529 390625 169744 111556 434281 183184 90601 514089 839056 483025 491401 749956 904401 249001 465124 842724 960400 168100 16900 4096 23104 660969 929296 1296 746496 89401 352836 388129 205209 39601 504100 27889 313600 756900 22201 152881 611524 331776 81 682276 652864 409600 16384 602176 8100 50625 264196 270400 42025 954529 126025 226576 265225 908209 46225 646416 574564 431649 266256 685584 595984 927369 16384 61009 732736 239121 853776 105625 407044 481636 114244 23716 861184 98596 743044 828100 119025 4 36864 43681 470596 23716 212521 451584 240100 48400 1 219961 7396 193600 410881 602176 751689 978121 104329 611524 315844 466489 63504 72900 47524 502681 101124 33124 13225 654481 407044 15129 577600 583696 5184 63001 522729 8281 212521 275625 265225 361 790321 321489 380689 283024 617796 207936 331776 127449 5625 260100 383161 810000 247009 431649 91809 942841 471969 49729 192721 153664 99225 29929 99225 158404 451584 876096 994009 84100 239121 221841 204304 753424 379456 14400 497025 64516 247009 788544 50625 350464 4356 26244 170569 109561 758641 9 59536 82944 463761 68644 70225 230400 5776 178929 341056 36 717409 73984 40401 64 8281 37249 760384 961 19044 770884 717409 707281 707281 100 1521 603729 20736 1 375769 32761 15625 414736 667489 216225 169744 140625 505521 83521 43681 758641 205209 37636 361 196 113569 108241 756900 20449 379456 806404 27556 846400 27889 9409 9409 108241 561001 188356 13689 150544 654481 4624 693889 34596 225 270400 275625 488601 91809 343396 198025 76176 117649 228484 1225 636804 45796 826281 784 211600 110889 81796 259081 135424 180625 925444 165649 256036 19044 187489 620944 998001 10000 611524 874225 156025 125316 760384 47089 361201 16900 537289 339889 94249 848241 606841 62500 247009 982081 864900 43264 620944 139129 188356 1296 10000 208849 20736 414736 60516 450241 394384 153664 271441 748225 788544 79524 250000 342225 64009 670761 506944 160801 9025 756900 3249 568516 166464 13456 362404 230400 17161 833569 518400 66564 357604 235225 8464 368449 77284 271441 362404 904401 19881 426409 64516 535824 363609 7569 451584 360000 810000 222784 795664 27889 7921 198025 553536 355216 795664
944784 61009 891136 12996 470596 620944 962361 399424 378225 170569 273529 142129 2500 141376 982081 12321 4624 42436 408321 908209 553536 3721 292681 8649 88804 66049 30976 262144 152100 3969 580644 105625 309136 817216 4096 97344 299209 162409 32761 4 61009 552049 555025 59049 322624 586756 354025 41616 688900 303601 227529 904401 329476 724201 412164 58081 744769 579121 214369 400689 42436 511225 125316 643204 114921 970225 174724 1296 302500 692224 966289 972196 300304 2809 454276 480249 683929 447561 514089 23409 105625 514089 552049 501264 99225 571536 129600 592900 244036 1681 797449 381924 75076 31684 7569 18225 495616 93025 112225 616225 36100 394384 52900 213444 351649 583696 990025 8281 130321 719104 940900 678976 522729 8649 624100 75076 3136 1936 54289 72361 12996 714025 242064 535824 48841 204304 312481 153664 366025 483025 461041 702244 171396 762129 90601 385641 576 857476 19044 140625 731025 692224 72900 100489 669124 316969 591361 128164 44100 47524 10816 24964 2304 264196 925444 50625 399424 54289 4900 760384 136900 14884 853776 198916 831744 874225 14641 240100 312481 508369 6400 448900 327184 432964 50625 494209 502681 90601 635209 429025 214369 194481 8281 324900 12544 135424 42436 141376 8649 375769 168100 64516 417316 698896 45369 65025 562500 4356 384400 123201 18225 301401 756900 611524 61504 425104 37249 9604 11881 485809 204304 779689 138384 156025 774400 23716 657721 515524 7569 788544 784 697225 99856 12100 299209 418609 56169 441 283024 632025 574564 859329 902500 900 685584 197136 315844 241081 120409 896809 648025 103041 1000000 42025 42436 688900 516961 37636 6400 473344 632025 305809 781456 193600 168921 25 150544 83521 29584 303601 113569 826281 261121 817216 450241 273529 741321 44521 13924 956484 444889 375769 96721 238144 933156 145924 624100 75625 839056 202500 1521 573049 393129 853776 515524 309136 50176 592900 4356 154449 105625 594441 958441 622521 793881 902500 600625 289 576 131044 505521 222784 199809 544644 592900 30976 212521 609961 323761 43264 44944 383161 293764 211600 336400 538756 4761 34596 169 594441 260100 21609 279841 103041 32761 7744 876096 289444 952576 366025 192721 338724 521284 646416 294849 632025 285156 628849 237169 153664 504100 178929 1600 76729 322624 2704 5476 944784 576 589824 946729 294849 249001 28900 35344
881721 40401 31329 99225 281961 4900 732736 685584 165649 476100 384400 609961 749956 22201 3721 103041 103684 976144 125316 165649 38416 649636 207025 237169 674041 182329 635209 233289 147456 743044 567009 286225 34596 690561 727609 120409 275625 306916 379456 114921 375769 960400 1764 183184 960400 34225 245025 375769 44100 502681 38809 10000 2916 528529 49 124609 906304 305809 950625 603729 198916 430336 73441 614656 446224 345744 14884 628849 184041 685584 487204 29584 410881 201601 633616 614656 58564 22801 153664 12769 9604 801025 129600 37249 492804 148225 23409 540225 72900 101124 447561 772641 262144 28224 346921 131769 164836 366025 923521 372100 986049 5776 46656 481636 765625 13225 233289 67081 938961 409600 261121 649636 298116 184041 966289 32041 842724 114244 289444 119716 58081 7569 670761 28900 144400 776161 5776 912025 702244 214369 216225 97969 516961 207025 996004 91204 682276 298116 276676 767376 972196 22500 193600 41209 866761 555025 802816 2500 996004 664225 53361 628849 418609 388129 104976 426409 128881 303601 1681 4225 82944 15129 327184 80089 4900 64 414736 29584 241081 239121 276676 651249 10609 454276 64009 18496 6241 58081 403225 105625 440896 627264 243049 874225 473344 994009 795664 36481 46225 279841 676 136900 68121 454276 516961 537289 48841 284089 594441 131769 579121 174724 627264 576081 705600 146689 26896 966289 131044 986049 45369 131044 565504 143641 337561 31684 335241 89401 117649 743044 405769 71289 3249 341056 119025 980100 66564 183184 822649 41209 305809 172225 239121 898704 60025 358801 774400 940900 15376 577600 138384 831744 64 881721 519841 62001 255025 765625 217156 494209 81 962361 287296 320356 75076 980100 58081 201601 719104 111556 625 303601 462400 966289 990025 1764 374544 198025 266256 210681 450241 121104 29929 792100 383161 534361 326041 63504 547600 850084 10816 28561 36864 984064 958441 271441 839056 276676 190969 3600 235225 283024 190969 131769 64009 101761 63504 499849 318096 45796 84681 163216 173056 174724 122500 7396 900601 960400 866761 265225 929296 435600 256036 603729 13924 339889 7921 381924 511225 695556 788544 152881 531441 739600 25 34596 552049 633616 676 17424 153664 337561 208849 123904 319225 320356 498436 669124 988036 188356 421201 200704 879844 448900 594441 214369 249001 216225 763876 1000000 160801 543169 586756 591361 902500 423801
271441 327184 294849 4356 234256 70756 925444 455625 565504 633616 59536 27225 822649 506944 361 133956 249001 405769 330625 756900 12100 36 544644 68121 444889 558009 70756 13456 692224 26896 256036 71824 896809 38416 139876 249001 123201 976144 244036 656100 156816 40804 857476 6400 864900 552049 508369 972196 281961 18496 568516 328329 50625 21316 218089 8464 44100 76729 964324 82944 474721 234256 488601 198025 3136 447561 84681 504100 770884 48400 669124 199809 418609 603729 879844 185761 992016 793881 308025 970225 273529 395641 361201 77841 25 209764 729 3025 806404 414736 779689 164836 47961 63001 674041 940900 140625 119025 767376 343396 293764 839056 51076 743044 289 287296 1 675684 92416 669124 175561 277729 425104 363609 21025 119716 931225 42025 931225 674041 59049 32041 240100 258064 378225 708964 142129 774400 5041 230400 463761 84100 92416 376996 851929 75076 131044 309136 123904 222784 855625 203401 9801 26569 110889 330625 982081 244036 5476 760384 393129 21316 739600 77284 978121 635209 476100 28224 2601 129600 857476 792100 763876 3481 859329 624100 40804 297025 966289 167281 3249 45796 240100 734449 552049 161604 260100 395641 156816 404496 651249 786769 27556 76176 239121 885481 7056 609961 313600 676 7921 9 386884 811801 96721 27556 48841 4 466489 737881 546121 767376 861184 315844 34225 736164 57121 236196 119716 4624 36481 137641 144400 53824 546121 44100 88804 297025 89401 954529 108900 48841 683929 12100 106929 3249 242064 648025 986049 504100 17689 125316 815409 835396 369664 404496 274576 19321 2809 81796 491401 394384 83521 524176 78400 253009 644809 7056 729316 119025 22801 39601 293764 719104 288369 88209 885481 163216 375769 25600 537289 235225 63001 287296 925444 417316 13225 322624 175561 964324 448900 900601 245025 698896 7056 667489 349281 427716 40401 459684 313600 207936 299209 4 146689 141376 36481 287296 635209 5776 338724 289 5776 857476 210681 385641 315844 568516 925444 78961 38809 435600 262144 32400 108900 129600 242064 225625 5625 602176 274576 6561 614656 278784 276676 896809 15129 935089 368449 344569 677329 6889 529984 284089 121801 430336 636804 91204 293764 279841 248004 57600 367236 58081 753424 270400 182329 793881 142129 151321 399424 77284 74529 624100 24649 45369 232324 567009 592900 155236 485809 535824 17689 605284 851929 77841 122500
640000 84100 376996 160801 329476 407044 29929 744769 71824 729316 287296 760384 1444 436921 527076 250000 685584 1521 37249 1521 529984 182329 646416 753424 64516 15876 450241 42849 27556 148225 829921 4 42025 531441 63001 254016 18496 900 188356 198916 308025 18496 781456 202500 466489 456976 454276 2209 925444 541696 44944 26896 2116 722500 104329 230400 338724 662596 123201 20164 48400 857476 260100 42025 13225 88804 289 118336 695556 139876 28224 284089 252004 113569 1521 697225 91204 93025 480249 40804 599076 906304 104329 27556 358801 414736 660969 20164 541696 66564 535824 107584 900601 313600 301401 9409 810000 210681 652864 70756 26244 820836 25600 187489 12321 202500 868624 5329 44944 116281 840889 635209 435600 5476 885481 429025 304704 13689 1681 5184 132496 715716 485809 7225 43681 112225 96100 35344 485809 378225 434281 418609 27889 488601 41209 165649 126736 361 529 506944 68644 388129 128881 40401 870489 196 646416 156025 372100 682276 231361 606841 13225 620944 38416 238144 76176 10201 295936 225 313600 13924 226576 421201 18496 851929 341056 84100 672400 32400 586756 191844 540225 207936 257049 183184 55696 33124 207025 175561 267289 654481 992016 119716 209764 67081 395641 2116 532900 370881 917764 193600 929296 279841 641601 275625 929296 380689 499849 982081 676 99856 278784 1764 11664 53824 872356 31329 346921 25600 532900 75076 99225 238144 110224 13689 84681 887364 923521 727609 114244 213444 290521 501264 767376 725904 23716 108900 996004 298116 744769 64 82369 574564 18496 295936 215296 156816 233289 31684 41616 753424 103684 399424 302500 429025 188356 69696 195364 7569 266256 619369 8836 741321 227529 175561 247009 263169 524176 555025 667489 874225 18225 8100 116281 331776 481636 184900 120409 43681 7921 94864 264196 7569 105625 408321 597529 37636 70756 137641 2025 552049 16384 89401 196 103041 442225 104329 912025 258064 255025 7569 426409 211600 324 16641 866761 580644 540225 937024 2704 790321 322624 40804 748225 866761 438244 103041 104329 207936 43681 15376 889249 708964 116964 308025 801025 90000 707281 4356 2209 165649 1024 344569 205209 139876 929296 305809 240100 326041 685584 617796 712336 331776 779689 67600 284089 793881 104329 619369 62001 152100 574564 676 144400 855625 900 48400 632025 16900 447561 66049 31329 81225 532900 649636 73984 121801
255025 3249 260100 11025 107584 288369 66564 46656 986049 236196 72900 889249 850084 184041 221841 18225 480249 571536 256036 344569 314721 60025 50625 906304 724201 16900 35721 336400 912025 561001 438244 683929 23104 455625 664225 151321 769129 476100 67600 294849 27225 422500 855625 49 34969 638401 466489 960400 763876 226576 81796 175561 225625 842724 627264 64 990025 872356 239121 608400 370881 427716 659344 669124 362404 45796 30976 401956 44521 28224 2916 7569 447561 64 1000000 64 559504 45369 998001 600625 931225 25281 40401 599076 203401 202500 16900 421201 133956 388129 521284 167281 126025 710649 44944 99225 109561 781456 256 385641 564001 21316 10404 281961 725904 603729 828100 59049 97969 220900 55696 760384 133225 547600 588289 372100 422500 7569 147456 476100 52441 14641 10201 2809 422500 14884 577600 245025 477481 651249 857476 259081 160000 57600 140625 137641 12996 215296 636804 23409 466489 664225 452929 708964 268324 648025 649636 90601 665856 129600 344569 131769 232324 332929 55696 80089 687241 300304 295936 131044 35344 128881 203401 556516 10609 8649 305809 454276 17956 63001 35344 234256 36100 394384 128881 567009 61504 727609 487204 966289 207936 16641 960400 184900 956484 855625 180625 585225 58564 24025 29929 585225 161604 356409 31684 199809 255025 256 271441 665856 65536 29241 870489 3969 452929 797449 680625 454276 390625 516961 259081 43264 11881 96100 188356 962361 558009 16129 70225 974169 249001 451584 808201 36481 47524 324 790321 11449 230400 290521 574564 702244 373321 636804 101124 274576 36 45369 142129 361 3136 561001 24964 89401 481636 170569 15376 585225 116964 197136 440896 272484 255025 877969 62001 258064 680625 678976 544644 537289 553536 850084 829921 256036 330625 574564 77841 4761 105625 291600 150544 243049 225625 124609 919681 511225 87025 121104 1681 196249 360000 60516 72361 553536 597529 725904 910116 753424 234256 161604 988036 8464 53361 322624 361201 263169 10816 197136 403225 594441 71824 337561 82944 102400 690561 351649 289444 851929 656100 524176 37636 42849 519841 403225 547600 767376 431649 251001 643204 586756 50625 962361 47089 948676 6561 85849 646416 421201 844561 50625 390625 31684 106276 147456 341056 130321 10609 582169 466489 751689 700569 322624 124609 439569 25281 917764 79524 851929 12321 301401 264196 405769 9801 127449 90000 724201 760384 784 38809
80656 141376 178929 237169 330625 22201 3364 12996 413449 769129 227529 835396 18225 9 636804 349281 366025 857476 22801 9025 898704 3600 77841 83521 549081 988036 200704 776161 121104 380689 231361 276676 19321 877969 22500 600625 95481 751689 368449 784996 304704 521284 585225 732736 556516 53824 264196 251001 37249 60025 846400 168100 226576 456976 346921 22500 56644 73984 702244 5776 531441 538756 438244 942841 56644 1 129600 781456 4 481636 100 164025 625 3844 236196 657721 405769 846400 82944 822649 246016 917764 61504 2401 3969 5184 2809 682276 915849 632025 529 48400 11881 283024 289 788544 185761 946729 962361 40804 135424 312481 986049 31329 88804 408321 58564 708964 772641 263169 522729 13456 379456 636804 846400 717409 1444 226576 69696 64516 3721 363609 27556 117649 60516 891136 361201 135424 349281 180625 39601 46656 484 452929 795664 793881 101124 84681 262144 426409 467856 950625 72361 236196 692224 219961 160801 99225 859329 9604 112225 179776 66564 960400 323761 758641 6241 543169 585225 3969 17161 509796 39601 69696 2209 189225 952576 100 116964 186624 408321 169 142884 30976 1600 467856 362404 140625 597529 1936 234256 538756 719104 982081 109561 431649 611524 123201 630436 246016 617796 349281 173056 76176 13689 7396 568516 960400 1444 491401 128881 2401 104329 139876 224676 505521 38025 101761 447561 82944 30976 143641 622521 403225 35344 980100 746496 40401 937024 410881 14884 151321 582169 484 167281 515524 324900 1600 30976 100489 173889 516961 485809 184900 222784 237169 516961 418609 378225 139876 714025 488601 887364 19044 242064 866761 291600 717409 154449 327184 537289 795664 662596 690561 16129 1000000 952576 7225 889249 216225 213444 739600 952576 195364 163216 9025 322624 8649 114921 163216 375769 923521 820836 662596 238144 142129 26896 692224 846400 160000 446224 76729 101124 644809 132496 300304 261121 173889 96100 236196 62001 23104 31329 586756 749956 853776 667489 11664 285156 58564 256 31684 64 2401 51076 588289 570025 13456 58564 303601 725904 611524 840889 567009 29584 28561 207025 186624 956484 160000 199809 675684 532900 556516 76729 273529 344569 889249 75076 646416 722500 9604 182329 254016 119025 308025 311364 403225 375769 156816 753424 829921 708964 9604 214369 278784 54756 364816 571536 870489 2209 820836 9604 384400 430336 79524 313600 820836 38416 484
9216 87025 240100 48400 228484 512656 321489 690561 98596 196249 715716 187489 790321 366025 32761 189225 78400 579121 8464 18496 140625 417316 169 47089 284089 876096 342225 674041 509796 739600 131769 187489 390625 386884 744769 741321 30976 63001 30276 116964 848241 232324 256036 13456 196249 749956 509796 361 586756 391876 83521 672400 619369 1681 93636 7569 343396 47961 633616 8100 960400 106929 16 961 241081 90000 422500 190969 648025 461041 108900 13689 170569 253009 35721 140625 39601 404496 50625 184041 105625 525625 488601 877969 401956 669124 7225 211600 181476 18496 819025 960400 90000 9409 498436 459684 173889 226576 279841 36100 435600 97344 620944 896809 511225 94864 487204 5929 188356 606841 330625 22201 16 407044 19600 456976 470596 383161 389376 233289 441 143641 294849 108241 525625 651249 254016 42849 576 150544 114921 881721 104976 592900 163216 21904 484416 51529 39601 72900 14400 221841 102400 281961 521284 772641 505521 600625 52900 153664 272484 915849 327184 136161 405769 10404 744769 49 388129 813604 343396 599076 938961 53824 705600 62500 2025 912025 117649 161604 179776 100 972196 206116 556516 592900 622521 245025 573049 53361 863041 17424 319225 349281 19321 82369 374544 633616 454276 79524 439569 116964 14161 1024 688900 52900 39204 942841 10404 657721 662596 844561 12100 14641 206116 521284 159201 419904 173056 203401 132496 463761 586756 850084 549081 319225 37249 712336 956484 305809 447561 484 169 41616 310249 844561 184900 516961 502681 625681 797449 693889 3136 902500 148996 14400 334084 218089 925444 664225 329476 244036 32761 95481 144 912025 245025 364816 532900 110889 68121 201601 262144 422500 622521 14161 191844 840889 32400 840889 60025 321489 662596 105625 426409 786769 220900 580644 286225 51984 846400 559504 283024 22500 929296 16384 386884 509796 356409 116281 600625 249001 3481 17424 358801 294849 840889 998001 257049 229441 80656 139129 680625 736164 518400 982081 401956 652864 64 323761 331776 784 877969 643204 278784 145924 95481 638401 762129 6561 3249 461041 201601 10000 289 123201 614656 131769 9025 12544 26896 5929 739600 59536 737881 297025 274576 40804 677329 19321 137641 49 18769 240100 547600 393129 336400 458329 366025 10000 488601 82369 1600 202500 929296 48400 811801 12321 512656 484 12100 831744 34969 339889 20164 7056 14641 555025 682276 56169 9
864900 617796 14884 917764 518400 106276 512656 94864 866761 748225 693889 952576 300304 14400 35344 249001 509796 59049 954529 60025 15876 902500 126736 436921 776161 157609 34969 286225 592900 576 163216 863041 329476 85849 841 381924 171396 912025 160000 286225 53824 21025 779689 632025 33124 189225 11881 762129 24964 737881 921600 9 159201 235225 22500 39204 731025 894916 196 594441 725904 447561 294849 4096 28900 2704 202500 106276 648025 304704 219961 8836 367236 509796 66564 71824 111556 88804 693889 39204 341056 8464 4 22500 91204 698896 372100 284089 311364 313600 46656 323761 910116 133225 36864 76176 7396 164025 410881 729 982081 611524 251001 410881 474721 784 43681 8281 24649 38809 758641 2209 112225 2500 561001 810000 703921 339889 10000 1936 487204 502681 784996 10609 527076 463761 665856 99225 646416 675684 148225 187489 199809 308025 627264 225625 693889 567009 112225 1024 426409 302500 78400 580644 114244 16900 12321 1369 978121 1369 857476 556516 605284 158404 401956 777924 485809 401956 992016 165649 256 169 234256 440896 529 966289 6084 432964 81225 808201 583696 35721 937024 77284 350464 7744 98596 729 119716 183184 26569 129600 840889 216225 193600 283024 323761 292681 141376 986049 185761 1936 129600 4761 324 488601 15876 613089 876096 597529 208849 412164 165649 22201 26569 266256 2025 958441 505521 657721 400689 265225 173056 829921 262144 654481 10609 450241 252004 683929 844561 902500 7396 848241 34596 7225 295936 613089 281961 682276 731025 62001 417316 17161 45369 616225 7396 815409 164836 495616 792100 446224 101124 484416 355216 984064 68121 192721 309136 131044 60025 467856 3721 246016 760384 1000000 872356 509796 423801 124609 141376 753424 732736 781456 85849 71289 142129 393129 477481 270400 63504 19321 121 327184 418609 285156 729316 12321 226576 338724 95481 1764 565504 614656 339889 291600 573049 600625 506944 258064 14400 108900 116281 193600 550564 241081 152100 651249 700569 155236 837225 904401 293764 145924 521284 277729 3969 97969 184041 4356 413449 588289 221841 595984 571536 815409 978121 2025 45369 57121 403225 285156 305809 440896 677329 142884 660969 23409 289 556516 529984 898704 176400 4096 594441 222784 913936 5476 17161 388129 217156 380689 662596 1444 605284 242064 712336 447561 87025 497025 94249 497025 203401 7396 651249 76176 321489 227529 31684 541696 161604 883600
290521 301401 40804 720801 484416 366025 119025 758641 90601 617796 165649 250000 528529 481636 268324 246016 522729 4225 293764 705600 580644 123904 638401 356409 24649 419904 643204 447561 75076 170569 677329 3721 25600 176400 42849 287296 368449 741321 114244 244036 254016 280900 134689 72900 272484 908209 166464 817216 540225 927369 147456 436921 331776 33124 915849 26896 541696 3969 935089 656100 525625 599076 398161 421201 24964 12321 174724 12996 55225 952576 236196 795664 440896 525625 44521 442225 103684 50625 828100 41209 719104 304704 688900 238144 948676 649636 80089 30976 950625 5476 12769 61009 767376 685584 75625 368449 898704 84681 28224 760384 205209 367236 61504 159201 837225 32400 779689 152100 784 314721 366025 210681 190096 678976 491401 214369 25600 784 833569 208849 509796 7225 7569 87025 242064 908209 952576 243049 148996 40401 109561 52900 388129 651249 401956 335241 146689 380689 361201 50625 88804 278784 622521 123201 176400 8281 254016 511225 24336 11881 244036 652864 373321 18769 50625 826281 351649 76729 308025 36481 423801 494209 178929 935089 6241 929296 2209 628849 992016 417316 398161 602176 18769 366025 443556 49284 891136 703921 806404 363609 9604 211600 10816 355216 251001 121 300304 40000 94249 1089 68121 708964 28224 351649 1156 108900 703921 664225 982081 743044 34969 531441 42849 28561 115600 571536 662596 23409 22801 88209 221841 417316 82369 848241 8649 506944 531441 885481 2025 4624 565504 58564 207025 175561 389376 514089 802816 70225 251001 144 495616 770884 518400 43264 77284 619369 108241 998001 982081 126736 725904 173889 279841 47089 289444 208849 824464 248004 731025 68121 844561 31329 16129 625 332929 27889 21904 188356 72361 894916 57600 698896 638401 104976 225625 23716 956484 484416 293764 183184 15376 3481 833569 96721 657721 91204 162409 214369 291600 1764 954529 144 47961 354025 454276 540225 1444 314721 16384 3844 7744 30276 146689 121 9 687241 30276 67081 840889 225625 591361 1024 226576 913936 933156 193600 204304 678976 712336 95481 550564 361 731025 1225 99856 91809 67600 136161 385641 210681 755161 583696 429025 582169 492804 829921 978121 188356 361201 885481 441 391876 844561 451584 817216 731025 910116 76729 414736 10000 491401 354025 5329 133956 54289 224676 220900 88804 516961 40000 40804 94864 151321 12769 917764 116964 233289 357604 106276 350464 38416 154449 32400
157609 14884 274576 758641 465124 194481 399424 179776 611524 245025 677329 459684 879844 430336 323761 9025 113569 39204 181476 850084 14161 755161 128164 219961 441 996004 177241 134689 933156 116281 431649 240100 97344 22201 644809 103041 247009 233289 54756 300304 430336 142884 148225 11664 501264 44521 498436 950625 743044 15876 483025 611524 543169 284089 144400 87025 22500 546121 28900 28900 68644 63001 9 350464 484416 1849 522729 294849 215296 595984 864900 471969 1600 144400 976144 376996 91204 51984 110224 336400 62001 648025 390625 857476 87616 29929 21609 348100 877969 419904 4624 68121 38025 213444 10000 469225 243049 313600 254016 724201 148996 185761 877969 306916 697225 5625 165649 166464 69696 198916 206116 68121 525625 874225 272484 292681 665856 104329 355216 16129 101124 67600 85264 297025 950625 186624 859329 210681 961 42436 698896 67081 73441 511225 4900 697225 3025 532900 724201 17689 12100 7056 309136 829921 617796 366025 207936 236196 235225 357604 241081 71824 73984 39601 289 51984 215296 605284 17424 10816 431649 42025 119716 405769 150544 112225 940900 515524 345744 10609 152881 772641 501264 808201 171396 219024 128881 494209 8100 111556 331776 487204 42436 85849 88209 241081 254016 675684 806404 26896 240100 181476 177241 173056 521284 915849 47089 603729 136161 78400 309136 65536 80656 361201 657721 80656 366025 7056 64516 842724 28224 394384 516961 630436 1444 358801 53361 76176 552049 31684 462400 490000 410881 37636 781456 925444 21025 381924 363609 92416 237169 1296 819025 301401 491401 281961 331776 309136 54289 559504 893025 48400 516961 11236 908209 848241 24964 3136 167281 850084 123904 741321 122500 395641 8464 776161 46225 829921 767376 92416 840889 883600 881721 484416 309136 68121 23409 324900 154449 509796 485809 729316 243049 915849 443556 70225 11664 4096 444889 605284 78400 24649 737881 60516 583696 992016 937024 258064 490000 443556 562500 652864 722500 454276 589824 160801 383161 48400 996004 114244 1936 374544 674041 189225 2401 737881 672400 883600 76176 147456 648025 790321 570025 284089 515524 976144 184900 324900 68121 606841 388129 115600 828100 100489 1024 31329 422500 844561 883600 458329 70756 196 9604 110889 837225 395641 1296 243049 419904 2916 20164 313600 306916 139876 451584 522729 384400 75076 7056 620944 3249 552049 21609 529984 246016 4900 180625 234256 571536 440896 727609 85264 625 83521
902500 51529 215296 705600 680625 846400 88209 61504 440896 64009 622521 962361 870489 717409 372100 309136 622521 659344 632025 207936 107584 350464 259081 1369 116281 680625 902500 328329 760384 466489 271441 4356 117649 17956 940900 31329 400689 1 622521 808201 24964 562500 199809 320356 83521 137641 349281 59536 45796 544644 328329 299209 3721 8649 7569 350464 273529 511225 8281 316969 3364 9025 948676 66564 313600 588289 430336 452929 651249 767376 228484 115600 896809 872356 476100 46656 57121 710649 543169 447561 41616 758641 222784 65536 427716 808201 894916 763876 311364 454276 112225 927369 521284 748225 861184 39204 874225 11236 465124 484416 1764 47089 115600 216225 89401 923521 180625 108900 145161 697225 669124 288369 338724 495616 570025 829921 465124 94249 15625 400689 432964 157609 30976 312481 372100 446224 148225 6084 1681 286225 695556 156025 295936 24336 480249 556516 662596 291600 772641 77284 274576 257049 980100 34969 180625 226576 188356 797449 143641 329476 19321 913936 76729 385641 7056 226576 11449 13924 267289 463761 8100 3364 881721 715716 128881 649636 649636 143641 80656 559504 609961 196 255025 435600 184041 471969 8100 64009 833569 338724 659344 355216 39204 270400 10609 57600 36100 16384 33124 13225 159201 444889 150544 8464 751689 247009 172225 197136 902500 565504 55225 128164 35344 401956 29241 119716 938961 525625 349281 171396 258064 824464 476100 106276 624100 31329 568516 835396 633616 677329 599076 748225 71824 964324 644809 229441 511225 641601 421201 87616 308025 77841 544644 425104 125316 868624 741321 7056 211600 906304 83521 855625 308025 60025 219024 297025 198025 3721 419904 45796 334084 599076 665856 502681 59049 386884 27889 484416 109561 100489 179776 224676 328329 960400 84100 160000 784 237169 306916 1 18225 24025 495616 94864 591361 961 12321 447561 61504 418609 644809 839056 53361 152100 34225 476100 142884 425104 144400 465124 403225 72361 171396 80656 252004 34596 65536 414736 158404 37249 352836 966289 165649 50625 146689 815409 208849 966289 251001 44100 531441 137641 756900 734449 558009 919681 26896 412164 261121 357604 247009 36864 933156 13456 603729 1156 961 225 484416 624100 978121 234256 919681 651249 786769 11881 163216 968256 481636 755161 737881 15876 5476 842724 327184 556516 25600 327184 286225 427716 28900 168921 931225 16129 416025 562500 933156 110224 205209 345744 714025 741321 889249 790321 76729
952576 3136 737881 323761 144 4225 481636 609961 23104 739600 67600 23409 271441 564001 700569 16 657721 81225 885481 828100 268324 506944 613089 440896 522729 236196 20164 5776 306916 632025 151321 810000 30976 417316 746496 91809 46225 438244 110889 974169 44944 168100 659344 859329 476100 466489 762129 872356 167281 68121 32041 106929 274576 124609 18496 76729 327184 817216 3969 132496 327184 24964 63001 790321 419904 640000 502681 438244 142129 797449 430336 244036 580644 822649 441 18496 515524 514089 755161 144400 391876 576 266256 13225 160801 594441 224676 105625 69169 720801 910116 42025 33856 8836 86436 49284 326041 18225 24336 321489 100489 792100 171396 29241 295936 4761 582169 223729 13689 132496 369664 595984 659344 109561 171396 531441 334084 224676 198025 163216 169744 278784 21609 19321 324900 273529 515524 315844 58564 13689 374544 505521 51984 783225 42436 746496 506944 27889 1156 95481 396900 9801 802816 214369 101761 143641 198025 57600 65536 674041 51076 29241 502681 978121 320356 804609 272484 41616 361 168100 531441 423801 314721 368449 171396 561001 804609 956484 452929 746496 25281 191844 508369 605284 544644 173056 24964 205209 90000 10404 603729 463761 1936 46656 535824 473344 95481 92416 165649 883600 109561 763876 904401 608400 21316 21609 184900 599076 87616 556516 56644 2401 929296 102400 168100 41209 209764 4624 256 314721 632025 5041 942841 200704 98596 577600 41209 369664 38809 986049 341056 767376 441 416025 861184 207025 970225 126025 80089 337561 603729 19044 546121 484416 63001 6400 102400 1225 727609 727609 85264 35344 525625 247009 227529 51529 218089 574564 285156 32761 208849 511225 670761 52900 660969 158404 68121 14400 300304 136900 10404 44944 47089 931225 898704 68121 360000 682276 343396 697225 3844 64009 38416 743044 67600 1156 425104 145924 662596 790321 219961 134689 245025 148225 435600 316969 398161 864900 806404 625681 9216 408321 617796 889249 844561 77284 714025 731025 3481 249001 173056 817216 323761 42849 463761 376996 52441 87025 616225 717409 505521 477481 28561 169 136900 712336 24336 120409 112225 403225 218089 509796 484416 443556 632025 123904 19044 487204 458329 33856 501264 155236 737881 56169 690561 774400 30625 293764 51984 93025 409600 744769 619369 331776 60516 304704 988036 37636 233289 46656 375769 309136 549081 13924 8464 792100 876096 320356 123904 434281 390625 446224 82944 558009 648025 298116
101124 260100 326041 902500 29241 136161 200704 101761 104976 925444 2025 484416 85264 944784 883600 45796 32041 958441 215296 4761 641601 154449 12996 108241 35344 3136 725904 442225 268324 690561 139129 151321 5776 24964 660969 6400 400689 166464 122500 954529 39601 198025 549081 221841 1024 224676 66564 169 178929 225 447561 153664 166464 129600 841 345744 14161 3364 293764 436921 459684 577600 450241 556516 2116 463761 136161 868624 454276 150544 553536 925444 40401 270400 1225 422500 669124 255025 885481 577600 763876 148225 106929 88804 185761 290521 285156 974169 512656 491401 217156 846400 18769 938961 6724 429025 770884 205209 66564 565504 654481 36 790321 295936 755161 824464 549081 385641 65025 549081 529984 50176 18496 47089 225 2401 656100 234256 781456 4356 200704 550564 76176 990025 559504 227529 900601 42436 256 484 49729 184900 954529 544644 27556 308025 552049 781456 368449 139129 9409 36481 961 502681 67081 26896 394384 11664 632025 902500 442225 937024 521284 518400 309136 280900 962361 169 119716 443556 961 4624 5929 375769 994009 119025 670761 274576 693889 779689 42436 57121 760384 175561 446224 518400 196 298116 942841 256036 209764 833569 391876 255025 343396 383161 2916 553536 12996 491401 29929 150544 594441 103041 535824 595984 1000000 5776 73984 224676 185761 595984 13225 712336 81 101761 64 211600 292681 776161 958441 434281 209764 235225 484 720801 268324 41616 682276 633616 1225 233289 864900 229441 1936 39601 312481 509796 769129 923521 2209 795664 877969 124609 549081 321489 301401 110889 1089 263169 459684 672400 302500 660969 850084 561001 682276 413449 784 27889 185761 722500 293764 813604 326041 136900 60025 9409 831744 280900 635209 561001 96721 165649 2209 334084 538756 465124 48400 481636 251001 4761 3249 978121 436921 257049 506944 184900 187489 168100 992016 462400 1444 447561 421201 9 690561 55225 56644 287296 70225 644809 316969 357604 91809 258064 67600 96100 116281 992016 1764 14641 146689 908209 233289 784996 1225 15129 140625 707281 3600 10000 85264 196249 190969 295936 247009 164025 364816 15129 434281 49284 632025 810000 553536 799236 80089 44944 183184 106929 1156 153664 756900 597529 287296 3025 1936 586756 205209 25 480249 91809 2916 490000 736164 328329 11449 30625 222784 366025 75625 6561 850084 946729 67600 187489 913936 21609 6561 454276 4489 59536 31329 114244 23409 148225 114244
5776 440896 52441 39204 724201 219961 37249 484416 448900 700569 784 281961 558009 144 549081 3136 644809 281961 284089 7744 227529 186624 271441 258064 53361 268324 8100 360000 151321 105625 383161 370881 67081 29241 326041 937024 374544 974169 592900 870489 210681 10609 23104 59536 153664 362404 10404 499849 589824 550564 826281 627264 318096 462400 434281 784996 559504 11025 13689 229441 148996 786769 31684 18496 144 97344 576081 463761 403225 217156 715716 352836 806404 299209 101124 811801 980100 147456 235225 330625 725904 101124 90601 605284 288369 171396 312481 682276 753424 401956 162409 423801 253009 155236 81 123201 188356 215296 837225 265225 211600 495616 923521 635209 665856 732736 5776 123904 923521 889249 900 690561 729 53361 73984 643204 66564 36 624100 5184 121104 98596 158404 900601 54756 429025 817216 142129 454276 97969 334084 828100 26244 15625 534361 1764 471969 61504 199809 70225 685584 278784 12100 38025 3025 87025 678976 5329 278784 10816 88209 4489 833569 376996 88804 595984 328329 60025 13225 27556 599076 784996 269361 242064 762129 54289 844561 238144 37249 6889 227529 72361 426409 36 389376 357604 7396 104976 40000 87616 537289 549081 518400 553536 477481 386884 100489 183184 450241 388129 3025 97344 322624 813604 243049 242064 776161 744769 131044 531441 649636 44100 372100 685584 946729 195364 622521 781456 729316 138384 389376 434281 246016 894916 133956 3481 101761 820836 484416 151321 966289 48841 10816 6724 261121 21904 693889 693889 128881 456976 381924 299209 321489 648025 105625 562500 532900 136900 28900 43264 446224 462400 193600 23716 651249 515524 177241 25921 739600 784 274576 839056 481636 506944 61504 16641 912025 283024 5625 5041 970225 9 179776 727609 1 808201 34969 21904 879844 32041 451584 902500 54289 36100 929296 395641 724201 262144 302500 314721 350464 121104 261121 34225 1849 2116 9025 322624 33489 91809 984064 9025 219024 164836 48841 887364 676 358801 484 654481 864900 378225 262144 2601 799236 178929 289 772641 876096 271441 47961 734449 115600 346921 22801 516961 512656 110224 725904 829921 525625 772641 133956 372100 504100 391876 100 350464 56644 662596 624100 225 22500 74529 594441 266256 88209 14641 665856 48841 412164 138384 783225 974169 910116 714025 66049 538756 48400 173889 73984 163216 78400 46225 677329 770884 508369 27889 933156 264196 13689 109561 142884 657721 351649 657721 10201 30276
23716 52441 213444 256036 11664 529 935089 529984 2916 330625 73441 719104 833569 40000 163216 777924 57600 741321 361 33124 652864 432964 532900 657721 131044 635209 606841 1000000 126025 632025 339889 180625 763876 7396 3481 837225 116964 662596 63001 202500 974169 172225 532900 602176 103684 62500 128164 574564 662596 231361 271441 370881 481636 502681 207936 328329 919681 4761 239121 91204 47524 72361 617796 529 414736 13225 627264 150544 376996 208849 350464 846400 423801 14400 828100 4900 38416 795664 670761 344569 200704 63001 719104 425104 219024 605284 588289 913936 481636 874225 609961 230400 767376 180625 613089 261121 87025 425104 767376 389376 534361 15129 944784 906304 506944 866761 404496 18225 1849 219961 624100 295936 3025 912025 78400 204304 695556 370881 318096 125316 508369 940900 954529 515524 367236 104976 108241 312481 56644 440896 49729 850084 476100 549081 82369 318096 368449 866761 414736 117649 24649 57121 389376 514089 330625 78961 393129 401956 7396 8836 512656 961 354025 273529 16 835396 22801 95481 344569 190969 521284 8649 870489 24025 149769 925444 514089 173056 18496 376996 54289 254016 413449 82369 1225 21316 811801 352836 355216 687241 17424 124609 166464 44521 91809 203401 76729 11236 104329 516961 346921 33856 142884 331776 262144 6561 285156 47524 44521 255025 443556 119716 904401 179776 212521 203401 159201 345744 964324 53361 126025 906304 265225 833569 970225 248004 386884 423801 3481 256036 4761 160801 388129 996004 616225 2304 724201 137641 21609 250000 471969 77284 159201 24964 913936 541696 63504 177241 4096 108241 452929 804609 47089 447561 378225 80656 121801 5929 1000000 185761 9 600625 212521 287296 976144 271441 841 881721 327184 986049 232324 405769 404496 63001 746496 55225 910116 633616 92416 17424 2809 51984 367236 26896 597529 748225 568516 438244 26896 94864 490000 186624 793881 419904 199809 361201 148225 688900 693889 470596 65025 277729 470596 78961 799236 361 436921 91204 29929 6724 401956 8649 2209 157609 198025 532900 558009 258064 484416 6724 756900 17424 367236 356409 166464 249001 889249 208849 25600 242064 24025 648025 717409 72361 7396 813604 172225 320356 253009 59049 327184 2916 315844 196 240100 64009 146689 3025 881721 233289 53361 40804 12321 14884 5929 223729 665856 753424 783225 291600 3721 187489 52900 133225 678976 132496 419904 4225 297025 140625 14400 632025 134689 1225 885481 894916 324 625681 65025
176400 342225 208849 134689 405769 123904 59536 180625 870489 19600 839056 751689 795664 900601 401956 33124 950625 624100 399424 4 30276 313600 122500 78961 164025 70225 128881 29929 855625 55696 58081 2601 362404 734449 5041 443556 42025 375769 690561 573049 394384 294849 36864 864900 237169 2916 23104 454276 635209 2401 7921 40804 366025 451584 367236 121801 66049 154449 309136 88804 583696 446224 280900 667489 198916 289444 580644 954529 356409 12996 48400 81796 101761 183184 1444 806404 279841 908209 12996 976144 12544 24649 14161 481636 114244 68121 521284 184900 291600 829921 760384 10000 103684 16 14641 404496 40000 872356 179776 404496 508369 118336 147456 487204 77284 850084 69696 184041 434281 779689 41209 488601 27889 31684 219024 180625 201601 159201 236196 356409 71289 119716 400689 777924 24025 786769 254016 868624 61504 160801 139129 620944 56644 285156 13689 956484 115600 5329 678976 209764 37249 245025 228484 801025 4624 877969 334084 323761 840889 190969 40401 51076 1600 724201 25 256 128164 329476 80656 483025 145924 488601 756900 116964 216225 793881 309136 161604 160801 5329 940900 602176 683929 399424 707281 54756 756900 88804 625 802816 18769 990025 59049 276676 29241 324 357604 431649 400 228484 18769 286225 473344 712336 393129 956484 28561 4 795664 964324 49729 379456 910116 491401 783225 3249 148996 624100 24025 3249 321489 351649 902500 160000 22201 478864 401956 133225 185761 12321 26244 1024 3844 85264 405769 28900 60516 758641 1369 640000 494209 570025 283024 71289 113569 208849 46656 217156 79524 2916 488601 535824 839056 6561 739600 77841 246016 210681 491401 116281 627264 186624 121801 881721 695556 241081 16 351649 851929 826281 88804 132496 30276 78400 19321 660969 27889 312481 264196 120409 848241 55225 129600 261121 826281 248004 806404 659344 16129 235225 898704 986049 115600 506944 87616 652864 15129 50176 662596 251001 17424 16900 37249 235225 33489 23716 490000 99225 910116 4624 219961 426409 509796 388129 565504 908209 665856 76176 178084 160000 1000000 159201 31329 857476 529984 872356 187489 4225 628849 6724 984064 683929 466489 326041 576081 6241 100 162409 112896 714025 168100 318096 16384 25 159201 442225 27889 128164 10000 85264 72361 714025 570025 33124 45369 157609 36100 654481 3969 960400 708964 1936 309136 230400 531441 301401 887364 143641 698896 290521 599076 262144 179776 394384 831744 93025 15876 346921 940900 26244
47961 45796 64516 128164 632025 521284 580644 872356 400 697225 95481 334084 819025 669124 119716 508369 1444 21025 53361 190096 473344 866761 43264 295936 242064 261121 416025 64516 329476 577600 354025 284089 665856 855625 197136 51076 2116 524176 14400 820836 375769 1000000 332929 112225 55225 700569 994009 4356 627264 659344 10201 85849 82944 667489 518400 122500 49284 483025 13225 900601 238144 54756 731025 58081 122500 925444 21609 93025 366025 8836 20449 121 690561 504100 268324 698896 151321 104976 345744 674041 139876 48400 346921 638401 35344 490000 37636 3136 960400 63504 739600 707281 251001 828100 1849 403225 54756 369664 6084 79524 913936 291600 127449 369664 90601 12100 879844 246016 646416 232324 712336 765625 571536 81 32041 217156 239121 199809 15376 950625 116281 492804 654481 36 753424 9 481636 235225 64009 688900 29584 654481 219024 29584 87616 49729 357604 819025 400689 24649 883600 667489 138384 346921 128164 705600 635209 39204 86436 3969 80656 112896 585225 178929 202500 748225 24336 627264 573049 2916 682276 887364 290521 729316 234256 37636 521284 22801 4624 23104 446224 751689 195364 755161 87616 91809 10201 297025 2916 36 383161 784 925444 320356 683929 151321 429025 2500 455625 549081 913936 217156 27225 74529 350464 988036 722500 902500 28224 599076 602176 74529 632025 60516 48841 942841 4900 16641 292681 8100 8281 741321 864900 235225 90000 225625 541696 37636 23409 30976 48400 267289 465124 850084 1764 360000 57121 41616 54756 688900 226576 228484 32400 18496 61504 49 5041 249001 239121 599076 258064 288369 619369 715716 680625 100489 432964 644809 649636 529 17424 187489 10404 659344 597529 609961 234256 241081 51984 41209 220900 3844 230400 3844 314721 256 112896 214369 781456 515524 361201 942841 824464 346921 535824 245025 841 518400 302500 535824 328329 2401 1849 9025 230400 635209 24025 238144 330625 801025 222784 200704 156816 65536 152881 2601 40804 283024 547600 25921 633616 28561 207025 327184 534361 570025 81 454276 45796 237169 937024 746496 829921 455625 30625 10609 473344 6889 491401 28900 77284 252004 522729 113569 7396 729316 57600 242064 17689 797449 2209 990025 672400 339889 5776 64 60516 38809 88804 336400 88804 376996 16384 126736 61009 80089 74529 311364 42436 180625 97344 401956 933156 225625 958441 352836 714025 5329 251001 112896 163216 18496 334084 18496 280900 171396 7396 348100 144 206116 226576
82944 173889 669124 117649 378225 495616 157609 968256 178084 390625 39601 635209 781456 702244 145161 633616 64 582169 22801 216225 898704 69696 276676 386884 400 241081 41209 527076 866761 485809 619369 20736 611524 127449 138384 141376 53361 287296 964324 625 395641 980100 6400 95481 421201 749956 334084 763876 5329 109561 268324 624100 136161 31684 39204 243049 175561 476100 3364 369664 1000000 537289 245025 894916 375769 308025 667489 504100 633616 594441 446224 116964 26244 328329 558009 1600 136161 137641 481636 620944 749956 88804 73984 128881 142884 178929 59536 531441 512656 2025 896809 927369 93025 370881 687241 893025 71824 385641 85849 261121 94864 21904 894916 326041 430336 21316 599076 45369 43681 287296 833569 450241 10201 287296 9216 463761 314721 506944 617796 143641 574564 33856 622521 369664 56169 201601 435600 289 126736 22201 331776 656100 54756 13689 990025 102400 280900 15376 476100 976144 426409 17161 90601 162409 625681 363609 378225 498436 417316 409600 403225 774400 248004 889249 874225 986049 499849 214369 451584 732736 474721 376996 355216 135424 463761 430336 455625 708964 373321 299209 38809 219024 213444 114244 145924 97969 923521 592900 43681 734449 62001 737881 358801 885481 802816 196 674041 385641 729 79524 69169 236196 328329 401956 811801 529 564001 58564 19881 28561 191844 53824 425104 258064 958441 86436 38809 321489 933156 55696 1764 994009 175561 6084 765625 964324 521284 24964 314721 399424 119025 42849 27225 370881 145924 18496 312481 126025 931225 42436 76729 33489 199809 135424 853776 254016 304704 783225 937024 654481 137641 463761 583696 528529 434281 917764 7056 358801 541696 69169 627264 308025 7056 594441 797449 25281 27225 258064 137641 360000 881721 21609 919681 760384 61504 398161 161604 348100 403225 404496 649636 508369 169744 41616 1089 309136 79524 797449 123904 1849 946729 270400 654481 690561 617796 228484 255025 220900 51529 732736 744769 6889 908209 937024 283024 33124 361 185761 289444 274576 1936 51529 118336 69169 549081 594441 864900 381924 127449 78400 410881 24025 290521 31329 242064 400 97344 160801 732736 136900 982081 38416 81 12996 388129 898704 49 964324 603729 12321 304704 62500 244036 184900 662596 488601 643204 42025 360000 559504 42436 695556 28561 1681 21025 96721 110889 66049 360000 801025 470596 556516 68121 95481 20736 120409 151321 345744 175561 217156 853776 22801 499849 134689 356409 407044 44521 103684 378225 260100 499849 992016
608400 354025 487204 2116 470596 99225 291600 502681 139129 910116 4624 996004 839056 45796 5476 574564 817216 599076 211600 19321 893025 168921 226576 43264 846400 114921 961 259081 300304 712336 137641 285156 842724 452929 565504 739600 126736 400 173889 321489 17689 31329 693889 13689 116964 152100 8464 662596 289444 660969 670761 741321 386884 760384 156816 366025 19044 451584 174724 393129 3025 56169 69696 588289 109561 110889 810000 902500 10201 931225 498436 887364 589824 42025 308025 36864 6724 101761 298116 161604 793881 158404 262144 976144 194481 815409 142129 76729 719104 152881 215296 261121 492804 703921 126025 846400 48841 183184 32761 69169 921600 499849 950625 40000 810000 776161 194481 48841 284089 272484 622521 915849 244036 64516 139876 215296 238144 529984 640000 467856 741321 139876 128881 321489 44100 756900 512656 324 283024 690561 348100 176400 202500 77284 419904 164836 57600 322624 492804 210681 226576 2304 5476 245025 705600 329476 336400 59536 228484 3136 405769 589824 244036 61009 84100 272484 246016 26244 3364 603729 396900 241081 50625 822649 50625 887364 298116 343396 119716 71289 952576 108241 910116 419904 164025 175561 614656 249001 152100 719104 155236 921600 893025 199809 483025 8281 90601 272484 819025 111556 34596 270400 769129 447561 550564 564001 88209 93636 255025 2601 128881 230400 954529 795664 628849 241081 9 133956 30625 824464 30976 885481 97344 196249 36100 613089 570025 558009 6241 518400 651249 96721 72361 588289 974169 414736 992016 45796 14884 390625 589824 277729 236196 369664 129600 906304 9216 123904 260100 280900 550564 186624 937024 55225 2401 18769 196249 172225 678976 157609 259081 553536 237169 230400 546121 8836 853776 155236 26896 46225 758641 586756 35721 826281 840889 220900 448900 15876 974169 876096 93636 962361 148996 720801 112225 156816 278784 41616 356409 765625 2116 8649 205209 144 144 53361 485809 410881 652864 294849 49284 29929 264196 65025 92416 171396 478864 217156 743044 462400 315844 418609 772641 380689 20449 247009 12996 361201 851929 7056 78400 944784 58081 47089 840889 2025 37636 942841 515524 246016 32761 151321 504100 56644 159201 142129 395641 565504 925444 3721 165649 63001 8281 131769 102400 927369 120409 344569 27889 9409 38416 57600 338724 256036 276676 712336 514089 648025 635209 100489 790321 144400 801025 577600 488601 319225 5041 811801 388129 874225 11664 302500 65025 60025 56644 136161 39601 676 372100 10404 600625 305809 116281
625681 429025 301401 13225 232324 246016 318096 937024 80656 988036 9 31684 702244 915849 451584 213444 240100 772641 746496 183184 169744 57121 565504 40000 839056 91204 281961 94249 573049 452929 107584 13225 682276 10404 801025 61504 151321 64516 145924 10816 390625 42849 714025 100489 112896 948676 866761 162409 448900 497025 262144 498436 99856 529984 124609 8836 765625 674041 896809 438244 286225 72900 525625 567009 12321 106276 68644 78961 660969 573049 651249 948676 198025 202500 7396 790321 913936 504100 172225 853776 87025 777924 281961 756900 515524 204304 448900 379456 511225 769129 253009 3600 91204 91204 820836 463761 343396 115600 889249 286225 755161 504100 739600 190969 391876 89401 219024 215296 141376 25921 541696 268324 46225 801025 27889 200704 351649 247009 4356 242064 783225 358801 613089 241081 373321 145924 937024 170569 462400 793881 305809 16384 375769 78961 26244 4225 17689 198025 126025 813604 4624 898704 448900 219024 1024 160000 698896 717409 227529 390625 797449 289444 1936 498436 859329 283024 481636 682276 558009 719104 62500 477481 283024 553536 332929 379456 21025 201601 44944 619369 175561 18496 319225 12544 106929 308025 374544 118336 430336 292681 57121 15876 348100 272484 956484 273529 804609 106929 455625 863041 980100 21316 835396 3600 297025 900 876096 88804 29584 3844 26569 784996 705600 41616 210681 133956 374544 315844 531441 104976 76176 866761 137641 145924 343396 69169 483025 276676 172225 960400 84681 4 774400 669124 72900 202500 119025 18496 478864 2704 5776 245025 29929 540225 82369 994009 73441 705600 509796 866761 168921 3600 630436 902500 665856 98596 600625 87616 148225 923521 13225 774400 101761 152881 84100 258064 232324 32041 302500 47524 5929 148996 25600 784 7569 304704 454276 964324 950625 630436 2704 763876 40804 18496 417316 339889 484 555025 361201 790321 90000 49729 466489 954529 61009 779689 478864 231361 85849 556516 289444 708964 683929 184041 251001 81 633616 589824 215296 356409 458329 232324 707281 306916 87616 688900 81796 511225 758641 189225 391876 870489 719104 361201 254016 236196 55696 153664 654481 97969 879844 36864 455625 291600 75076 877969 447561 367236 586756 16384 38025 187489 28561 22801 52900 509796 184900 109561 226576 388129 4 964324 351649 400 407044 799236 302500 157609 11664 94864 724201 175561 461041 5776 527076 408321 14884 665856 872356 439569 746496 683929 887364 616225 263169 301401 840889 152100 328329 583696 980100 261121 160801 248004
36 95481 124609 700569 944784 26569 4356 592900 534361 115600 261121 22801 863041 33856 84100 690561 970225 20449 214369 9025 144 4900 966289 52900 509796 777924 749956 546121 484416 77284 81225 622521 571536 544644 2500 15376 614656 287296 134689 430336 874225 784 839056 210681 405769 727609 608400 42025 29241 938961 58564 15129 54756 301401 562500 232324 564001 335241 508369 178929 537289 896809 3364 477481 710649 15625 17956 294849 1600 20164 429025 66049 306916 582169 588289 134689 509796 151321 161604 802816 47961 3721 439569 116964 712336 2116 55225 82944 462400 47089 422500 351649 116964 165649 11449 150544 121801 455625 237169 34225 879844 958441 43681 20736 34225 870489 763876 879844 192721 954529 432964 35344 372100 354025 7569 889249 303601 2025 150544 19881 864900 72900 883600 511225 286225 462400 923521 799236 910116 736164 107584 200704 122500 284089 335241 5329 702244 908209 793881 227529 395641 484416 9801 942841 881721 258064 2809 925444 21025 1521 326041 602176 522729 293764 33489 994009 400689 19600 613089 335241 24025 9604 543169 31329 649636 156816 409600 748225 58564 506944 755161 434281 516961 279841 446224 152881 31329 78961 440896 790321 64009 41616 116964 23104 301401 619369 211600 4489 361 357604 176400 176400 6561 409600 217156 700569 225625 21609 131044 667489 826281 141376 121104 976144 659344 994009 756900 710649 625681 262144 196249 1296 937024 1764 567009 824464 883600 546121 690561 497025 380689 470596 19881 100489 59049 25281 435600 968256 32041 582169 92416 767376 741321 81 5041 599076 279841 2116 494209 1000000 885481 162409 9 616225 223729 119025 848241 4761 138384 164836 586756 64 762129 508369 896809 762129 4356 748225 18496 660969 240100 478864 527076 399424 318096 251001 37249 126736 354025 447561 338724 544644 230400 121801 492804 112896 232324 199809 191844 11449 476100 271441 76729 720801 756900 6561 13689 872356 913936 163216 105625 241081 242064 799236 484416 702244 102400 964324 44944 319225 7396 580644 105625 53361 240100 630436 93636 839056 703921 765625 106929 900601 516961 288369 606841 92416 842724 933156 199809 380689 24025 840889 295936 767376 226576 501264 101761 562500 210681 625 20736 319225 18496 141376 682276 490000 19321 1936 603729 784996 853776 262144 399424 638401 525625 11664 275625 452929 483025 571536 842724 410881 717409 141376 145161 16900 31684 133956 837225 254016 16 657721 123904 368449 13225 145161 313600 450241 36 103684 305809 180625 63504 160801 729316
840889 516961 20736 156025 300304 956484 421201 104329 518400 75625 3844 992016 94249 859329 37249 906304 94249 628849 229441 190096 281961 63001 124609 131769 126736 47524 54756 103041 51076 75625 146689 52441 85264 413449 720801 72900 33124 702244 217156 765625 59049 118336 40000 236196 660969 220900 305809 148996 1521 107584 511225 178084 362404 372100 78400 45796 13924 31329 664225 268324 3721 84100 804609 707281 270400 466489 55696 69696 583696 50176 881721 144400 440896 38809 12544 582169 848241 583696 960400 238144 670761 5329 262144 139876 139876 128164 487204 50176 887364 29929 72900 398161 408321 815409 8649 685584 335241 164836 846400 320356 256036 646416 788544 765625 984064 958441 625 611524 5476 103041 11449 61504 97344 680625 258064 184041 4489 286225 635209 616225 112896 677329 648025 863041 92416 14641 976144 491401 345744 531441 654481 257049 219024 77841 81796 893025 2500 636804 290521 302500 522729 63001 580644 588289 345744 948676 748225 179776 178084 456976 206116 363609 9801 131769 543169 49729 31329 256 737881 250000 118336 6561 632025 58564 770884 128881 81 717409 443556 693889 242064 444889 669124 8100 152100 394384 487204 470596 1 40401 376996 497025 250000 11236 998001 302500 588289 770884 33124 933156 962361 331776 378225 239121 427716 553536 459684 29241 50176 417316 59536 206116 92416 265225 74529 335241 430336 19044 1 58081 334084 512656 137641 192721 97969 2916 294849 902500 919681 202500 329476 100489 625 690561 994009 364816 458329 369664 154449 268324 447561 280900 112225 326041 7056 262144 36481 42436 103684 753424 65025 680625 43264 938961 144400 7225 401956 17424 11025 87616 66049 80089 310249 583696 412164 499849 244036 712336 186624 126736 724201 419904 255025 490000 883600 12769 9604 731025 84681 528529 218089 403225 430336 788544 398161 99856 30976 204304 495616 13924 145161 80656 144400 848241 902500 585225 51984 654481 38025 42849 356409 504100 499849 13689 336400 534361 224676 185761 18496 968256 7396 414736 280900 338724 915849 1369 736164 708964 3721 40804 466489 135424 429025 45796 111556 82944 412164 606841 95481 743044 185761 201601 56169 948676 491401 198025 294849 183184 627264 844561 868624 567009 414736 245025 1089 2500 217156 279841 121 565504 4225 641601 292681 39601 298116 26569 238144 381924 405769 22201 281961 96721 853776 695556 20736 678976 710649 2809 451584 688900 219961 76176 561001 777924 191844 45369 770884 756900 88804 224676 687241 67600 80656 309136 42849 29929
50176 334084 769129 62500 443556 970225 108241 625681 799236 94249 525625 80656 25 267289 26896 393129 685584 23716 130321 191844 168100 48841 984064 931225 495616 952576 881721 1600 672400 652864 531441 19600 213444 777924 249001 879844 512656 292681 2704 54756 62500 815409 209764 473344 198916 649636 702244 446224 599076 205209 595984 876096 178929 343396 343396 837225 244036 599076 447561 4356 3969 469225 649636 649636 770884 13225 423801 461041 5329 2601 622521 4356 954529 484 162409 14400 900601 30625 256036 651249 224676 611524 144 1444 36 328329 966289 331776 240100 541696 246016 24025 192721 46225 874225 413449 484 308025 62001 195364 613089 609961 189225 370881 46656 283024 127449 6084 769129 54756 627264 51529 2304 710649 652864 879844 467856 82369 413449 409600 136900 23104 184041 515524 49284 163216 260100 94864 266256 881721 786769 88209 388129 580644 135424 1000000 263169 746496 357604 25600 199809 183184 75625 273529 518400 2704 28224 386884 625 992016 52900 24336 51529 19321 720801 579121 121801 350464 152881 316969 17689 194481 527076 14884 323761 61504 660969 18225 2025 289444 10816 352836 16129 9025 532900 57600 279841 574564 868624 425104 14641 3969 1764 199809 107584 636804 70756 1296 227529 992016 279841 10816 56644 605284 915849 25600 126736 779689 21316 439569 190969 128164 56644 234256 521284 198025 354025 125316 26896 600625 1600 67081 736164 824464 374544 316969 652864 67081 149769 476100 234256 69696 57121 724201 21316 36864 22801 620944 97344 47961 398161 638401 741321 256036 964324 352836 476100 452929 41209 193600 670761 324900 421201 43264 60516 41209 303601 611524 851929 119716 121 294849 38025 390625 30276 152100 458329 323761 972196 245025 59049 644809 409600 198916 638401 49284 514089 516961 447561 24649 722500 11449 1156 799236 270400 116964 77841 921600 996004 16384 193600 82369 592900 76729 779689 22801 59049 237169 139876 41616 529984 91809 487204 710649 462400 287296 23716 1444 243049 1156 592900 452929 765625 278784 23409 321489 42025 163216 36 238144 595984 24649 20164 64516 168100 47524 17161 744769 357604 130321 687241 439569 935089 727609 81 628849 351649 497025 384400 617796 46656 77284 90000 83521 674041 776161 75625 562500 417316 17161 30276 17956 222784 113569 769129 156025 654481 30276 423801 320356 583696 906304 165649 358801 101761 720801 224676 184041 44944 376996 868624 198916 129600 65025 24649 160801 968256 864900 37636 298116 378225 896809 182329 710649 21316 21316 7744
36100 173056 99856 652864 109561 693889 26244 41209 346921 185761 222784 7056 790321 94249 436921 140625 649636 1681 630436 933156 638401 10404 863041 870489 822649 13225 28561 60516 609961 121104 948676 53361 82944 956484 819025 652864 400 7921 326041 579121 175561 432964 101124 173056 474721 263169 3969 169 114244 801025 600625 162409 179776 603729 707281 150544 326041 815409 257049 1600 857476 543169 651249 101124 337561 534361 410881 315844 29584 239121 952576 224676 511225 813604 583696 3721 727609 859329 35721 476100 657721 688900 929296 1225 692224 404496 772641 540225 605284 23104 295936 112225 509796 94864 5329 98596 278784 250000 783225 427716 238144 5476 473344 463761 108241 49284 265225 44944 942841 599076 10609 183184 906304 715716 476100 702244 739600 705600 321489 84681 559504 259081 28561 446224 60025 159201 31329 74529 9801 104976 63001 961 760384 187489 230400 19321 41616 207025 54289 958441 669124 685584 62001 970225 692224 68644 465124 749956 743044 574564 207936 649636 556516 927369 447561 1444 53824 33489 37636 786769 59536 369664 26244 491401 1681 115600 401956 33124 121 85264 111556 792100 419904 889249 86436 45796 473344 207936 103684 12100 65536 10201 45369 209764 16641 133225 4624 128881 811801 9604 688900 183184 35721 876096 2304 162409 99856 168921 448900 147456 303601 558009 7396 652864 2704 635209 879844 822649 65025 38416 877969 368449 390625 39601 904401 228484 434281 776161 20449 64 25600 409600 4225 54289 467856 41616 7225 978121 6724 352836 374544 935089 996004 214369 725904 69696 784 893025 142129 255025 1521 147456 42849 293764 168100 295936 3969 695556 188356 230400 667489 59536 494209 88209 300304 134689 12996 74529 59049 400 746496 35344 196249 204304 935089 216225 441 264196 857476 597529 24025 541696 900601 247009 221841 558009 588289 27225 265225 136900 99225 292681 591361 692224 19044 427716 388129 44944 214369 635209 269361 3025 242064 60516 644809 490000 2809 66564 808201 338724 47524 234256 43264 698896 795664 455625 729316 114921 11881 591361 710649 88804 535824 374544 44521 877969 65536 200704 132496 154449 24964 167281 22801 422500 151321 527076 521284 204304 6561 47961 859329 226576 677329 24336 648025 404496 3364 341056 94249 521284 159201 887364 2304 82369 138384 779689 119716 46656 1681 67600 504100 5184 54289 323761 712336 59049 641601 980100 368449 477481 24025 15376 501264 547600 19600 25921 20164 14884 128881 11449 59049 3481 15129 487204 12544 521284 659344 29929
337561 1764 921600 38416 124609 688900 142884 870489 416025 28900 380689 131044 218089 40804 19600 114244 10404 958441 26244 77284 173889 813604 141376 624100 638401 837225 300304 839056 7921 984064 881721 93636 469225 879844 263169 828100 874225 456976 281961 376996 741321 624100 116964 97969 386884 446224 75625 156816 9604 63504 675684 531441 81 504100 824464 376996 893025 257049 625681 390625 817216 964324 676 463761 465124 104976 374544 485809 221841 38809 80089 743044 783225 3600 891136 183184 1521 966289 811801 727609 516961 435600 3600 795664 162409 221841 302500 152881 156816 490000 32041 318096 91809 53361 152100 54756 5776 148996 51529 177241 760384 731025 273529 625681 984064 20449 550564 808201 567009 986049 760384 324900 599076 213444 902500 529984 344569 968256 813604 822649 46225 501264 234256 130321 450241 338724 1764 910116 391876 508369 938961 363609 567009 583696 208849 114921 968256 219961 11236 337561 240100 273529 515524 302500 13225 300304 21904 900601 276676 708964 145924 405769 394384 168100 970225 139876 403225 4 497025 81796 2116 65536 96100 8281 18225 736164 528529 1681 11025 841 53361 664225 755161 403225 93025 426409 362404 243049 203401 106276 9409 431649 81796 466489 898704 310249 608400 86436 656100 904401 950625 685584 835396 727609 524176 17956 480249 162409 641601 201601 253009 46656 89401 532900 32400 390625 518400 549081 164836 310249 33489 405769 9604 793881 265225 617796 937024 372100 784996 68644 172225 739600 720801 423801 937024 257049 142884 707281 135424 669124 285156 996004 105625 144 11664 685584 28224 264196 440896 485809 178929 101761 233289 28561 234256 18769 171396 921600 925444 454276 68644 592900 855625 186624 582169 994009 230400 243049 599076 376996 364816 25 409600 330625 3136 705600 915849 73441 1521 372100 27556 994009 107584 6724 9216 284089 348100 372100 39601 440896 17689 84100 509796 559504 85849 24649 337561 232324 34969 28900 98596 208849 38416 60025 225 940900 324 3025 529984 59536 123201 23104 6400 290521 474721 887364 813604 83521 619369 915849 516961 9 270400 564001 196 84681 67600 196 657721 6400 376996 583696 334084 751689 24649 541696 518400 75076 183184 56169 302500 431649 11664 819025 2500 337561 810000 508369 305809 7396 134689 806404 544644 749956 35344 37636 986049 589824 497025 204304 8649 483025 558009 34596 211600 198916 925444 51984 122500 829921 20449 138384 219961 455625 252004 40804 851929 45369 474721 466489 44521 625 4761 133225 41209 122500 363609 48400 311364
78961 252004 3481 992016 923521 185761 574564 917764 114244 345744 373321 245025 580644 326041 61009 304704 207025 725904 964324 831744 7744 238144 497025 35344 117649 311364 32041 25600 390625 116281 34969 179776 248004 12769 580644 656100 99856 1681 164025 660969 75625 416025 851929 573049 399424 8464 643204 21316 591361 174724 28900 407044 10404 627264 234256 589824 308025 11025 853776 274576 912025 591361 455625 47961 573049 50176 769129 435600 167281 822649 842724 5929 630436 65025 7744 774400 247009 5184 90601 504100 88804 193600 1936 450241 940900 544644 34225 114921 136161 182329 431649 48400 7225 804609 469225 6241 391876 204304 173889 624100 82944 687241 448900 541696 625 55225 19044 824464 52441 338724 697225 85264 459684 625681 7056 562500 27889 159201 988036 65536 577600 22201 14641 543169 362404 24336 123201 577600 498436 835396 56169 804609 144 90601 67600 933156 641601 432964 301401 65025 381924 912025 339889 295936 29241 440896 100 731025 1521 515524 52900 5929 725904 13924 529 121104 16129 1444 399424 386884 872356 70756 378225 97344 698896 654481 1 49284 6889 1681 74529 66564 9025 393129 271441 308025 727609 10609 235225 42436 627264 46656 12100 1764 613089 739600 669124 426409 15876 426409 11664 344569 225 434281 3600 8649 247009 135424 215296 700569 712336 84100 441 3025 268324 784 243049 758641 412164 4489 488601 31684 1089 749956 509796 608400 714025 61009 708964 853776 741321 470596 83521 561001 519841 169 829921 327184 15376 314721 78400 24336 937024 289444 10609 956484 51984 494209 145161 481636 131769 42436 204304 57121 49 585225 253009 51076 56169 203401 954529 49729 853776 152881 933156 739600 276676 5041 134689 28900 191844 514089 561001 4 139876 385641 40000 2304 446224 34225 11881 366025 152100 705600 543169 357604 199809 848241 241081 93636 52900 25600 255025 879844 952576 42849 448900 289444 198916 585225 216225 6889 1156 484416 21904 207025 82944 614656 324900 2916 74529 114244 94249 391876 58564 1156 452929 400689 477481 300304 380689 670761 315844 841 144400 51529 19600 177241 399424 613089 42025 30976 348100 452929 165649 287296 238144 147456 719104 263169 234256 442225 186624 755161 372100 22201 585225 772641 431649 896809 707281 88209 2601 80089 356409 788544 986049 67081 767376 451584 904401 34596 3721 308025 678976 17956 408321 881721 978121 609961 36 258064 78400 216225 509796 737881 525625 295936 156025 85264 5625 131044 60516 772641 968256 21316 196 416025 290521 441
910116 380689 93636 180625 229441 396900 480249 432964 87616 715716 690561 39601 3600 66049 112896 506944 30276 1849 693889 793881 574564 741321 573049 88209 336400 29584 74529 390625 921600 331776 494209 919681 509796 56644 102400 256 57121 28561 19881 724201 444889 864900 940900 417316 326041 207025 739600 844561 824464 108241 923521 904401 417316 23716 117649 842724 600625 126025 225625 153664 235225 375769 804609 273529 595984 409600 398161 248004 571536 179776 99225 616225 181476 498436 529 439569 13456 16384 358801 14161 65025 893025 831744 303601 77284 12996 439569 574564 925444 455625 378225 291600 7744 190969 6241 813604 435600 207025 680625 478864 491401 51529 702244 672400 128164 32400 497025 512656 2500 609961 286225 429025 948676 579121 473344 86436 376996 385641 1225 1764 714025 459684 423801 802816 305809 38809 351649 190969 851929 461041 21025 271441 651249 1936 6724 509796 185761 346921 372100 29241 40401 110889 3844 11449 130321 633616 43681 75625 649636 731025 540225 190096 162409 360000 18225 248004 469225 555025 940900 662596 543169 1089 555025 446224 9025 1000000 739600 217156 515524 388129 47961 501264 902500 3481 255025 98596 287296 876096 235225 582169 205209 568516 122500 29241 318096 194481 160000 702244 281961 70756 62001 913936 4096 767376 9 795664 743044 170569 149769 870489 441 904401 197136 49 95481 91204 138384 30976 765625 114244 87616 446224 657721 640000 501264 106276 374544 186624 289 942841 50176 308025 902500 912025 57121 12100 635209 135424 375769 660969 177241 85264 576 732736 597529 756900 419904 207936 116964 463761 923521 294849 646416 150544 962361 4356 484416 835396 559504 199809 582169 10404 795664 238144 528529 952576 808201 748225 597529 861184 72361 956484 62500 722500 984064 49284 444889 131769 32761 848241 441 788544 383161 669124 586756 25281 591361 290521 484416 665856 898704 16641 693889 614656 1296 45796 840889 960400 815409 180625 36481 636804 183184 162409 135424 574564 361201 67081 269361 885481 386884 14400 80089 81225 131044 218089 779689 256 23716 131044 432964 6561 583696 16900 400 842724 133225 43681 78400 883600 314721 261121 181476 58564 372100 64516 739600 879844 477481 401956 7744 756900 591361 781456 207936 760384 792100 84681 326041 644809 156025 263169 25281 439569 159201 638401 8836 131044 226576 204304 454276 144 573049 75076 292681 923521 126025 595984 33124 625 824464 366025 687241 23716 543169 211600 364816 236196 842724 263169 205209 183184 491401 896809 11664 80089 811801 274576 37249 11664 470596
954529 85264 659344 34596 515524 257049 815409 822649 483025 189225 59536 381924 16 33856 669124 188356 284089 208849 398161 749956 52900 898704 714025 287296 178084 1444 154449 127449 534361 150544 688900 609961 644809 441 58081 219961 613089 606841 767376 574564 697225 822649 242064 144 21904 776161 60025 657721 547600 49729 734449 841 574564 435600 33124 67600 50176 859329 739600 3025 719104 606841 100 1296 848241 329476 616225 388129 36864 877969 756900 611524 134689 786769 900 298116 622521 279841 839056 17689 145161 30276 7396 206116 108900 91204 399424 421201 528529 207025 73984 285156 84681 97969 69169 66049 68644 722500 301401 72361 447561 16384 357604 525625 209764 6724 641601 169 83521 868624 168100 913936 617796 885481 675684 17956 617796 156025 417316 727609 88209 950625 360000 46656 656100 26569 70225 984064 894916 14641 600625 925444 185761 864900 375769 675684 101761 24025 8281 772641 484 196249 221841 339889 597529 175561 509796 413449 900601 736164 958441 213444 135424 338724 961 6084 116281 145924 221841 196249 198916 5329 3364 23409 115600 755161 276676 654481 792100 403225 173889 885481 118336 512656 499849 811801 664225 826281 4624 837225 386884 6084 556516 906304 256 942841 399424 64 538756 26244 207936 190969 737881 774400 4624 829921 124609 260100 519841 960400 125316 622521 3136 440896 577600 96721 350464 327184 537289 436921 837225 127449 567009 121 366025 848241 927369 120409 4489 898704 435600 183184 230400 167281 111556 18496 380689 318096 126736 109561 252004 401956 234256 161604 674041 484 105625 470596 207936 184900 369664 944784 184900 198916 24964 874225 937024 9409 270400 87025 57121 552049 247009 99225 906304 29584 765625 52900 1024 473344 55225 700569 289 652864 366025 57121 344569 443556 13456 670761 217156 12544 792100 46656 540225 20164 200704 616225 958441 591361 52441 63504 894916 136161 106276 474721 570025 132496 269361 763876 960400 99225 781456 487204 635209 256036 799236 802816 86436 20736 356409 5041 715716 555025 330625 667489 116964 487204 261121 2704 345744 648025 984064 431649 114921 839056 173889 221841 184900 82944 182329 883600 112896 722500 506944 874225 336400 487204 62001 876096 162409 649636 158404 25600 900 40804 833569 53361 966289 160000 842724 146689 441 152881 62500 76729 760384 77284 290521 63504 128881 225 291600 173889 123904 49 725904 252004 617796 32400 36100 128881 868624 1936 931225 223729 24336 63504 497025 459684 38416 179776 929296 53824 935089 603729 251001 10816 152100 277729 196 110224
685584 10609 352836 33124 441 527076 5929 400689 140625 844561 248004 265225 351649 731025 164025 724201 211600 151321 331776 118336 64516 555025 360000 250000 609961 417316 795664 17424 877969 619369 273529 46225 872356 35721 203401 87025 187489 373321 384400 68644 808201 113569 656100 2500 606841 4356 146689 61009 128881 541696 275625 156025 864900 613089 120409 354025 404496 26569 1296 167281 214369 502681 495616 748225 170569 303601 324900 14400 25 535824 283024 898704 786769 202500 63001 6400 4356 447561 32041 285156 308025 690561 550564 36481 131769 885481 342225 202500 256036 824464 25 729316 22801 970225 13689 7921 358801 185761 797449 927369 56644 24649 543169 361201 342225 477481 212521 476100 32041 288369 123201 891136 278784 318096 9409 259081 179776 461041 250000 4900 26569 69169 91809 156816 193600 253009 664225 470596 558009 940900 23409 21609 128881 772641 611524 12100 45369 378225 600625 680625 35721 6241 589824 265225 447561 20164 14884 228484 915849 14161 100 422500 511225 579121 1296 220900 328329 474721 176400 774400 2704 368449 330625 872356 149769 795664 246016 416025 632025 28900 697225 1 156816 110224 570025 14400 744769 299209 174724 29929 223729 16641 595984 33856 1000000 188356 43264 165649 273529 265225 840889 123904 79524 165649 91809 609961 61009 946729 140625 42025 30625 755161 6400 685584 44944 196 361201 477481 952576 268324 109561 19600 403225 1225 586756 665856 25281 1024 52900 9604 47961 494209 118336 69169 326041 108241 546121 94249 56169 786769 350464 13456 919681 45369 11449 822649 16129 267289 998001 74529 144400 168921 6084 20736 900 8836 78400 972196 6889 455625 665856 9409 211600 672400 908209 94249 220900 3481 756900 41209 12100 405769 784996 191844 485809 83521 1936 822649 170569 106929 667489 550564 142884 466489 251001 288369 113569 465124 80089 964324 214369 670761 238144 218089 938961 732736 429025 174724 59049 795664 396900 712336 61009 431649 692224 135424 324900 624100 978121 410881 30976 4489 126025 6889 129600 10404 198916 786769 22500 35721 215296 664225 383161 97344 609961 376996 651249 589824 817216 287296 101124 68121 978121 393129 108241 254016 138384 556516 431649 51076 850084 34225 456976 179776 111556 636804 864900 68644 64009 24336 490000 447561 471969 16129 227529 52441 608400 674041 38025 659344 99225 173056 576081 602176 115600 762129 452929 62001 253009 978121 168921 396900 116281 748225 749956 337561 395641 231361 119716 96100 492804 20736 196 140625 33489 1600 720801 810000 83521 466489 896809 29584 927369
841 4225 145924 641601 128881 994009 261121 206116 2116 185761 120409 591361 40804 28561 712336 94249 688900 495616 211600 157609 168921 16384 749956 552049 252004 532900 442225 450241 68121 196249 298116 66049 400 326041 271441 401956 707281 893025 732736 299209 352836 556516 656100 404496 21904 848241 91204 99225 190096 131044 329476 559504 505521 649636 376996 67600 521284 354025 11025 806404 10201 874225 746496 168100 13225 160000 908209 298116 692224 276676 33856 562500 632025 44944 56644 7744 839056 287296 196 641601 41209 423801 579121 741321 611524 372100 380689 133956 71289 288369 301401 988036 42849 14161 56644 184900 625 946729 221841 846400 435600 318096 982081 440896 283024 124609 19321 78961 243049 127449 797449 588289 39204 305809 158404 8281 499849 753424 279841 223729 4356 119716 318096 851929 295936 15625 434281 178929 9216 345744 152881 268324 544644 588289 708964 466489 408321 280900 82369 931225 76176 34225 21904 174724 5184 498436 448900 690561 18496 264196 55225 649636 2916 129600 298116 2401 455625 662596 380689 38416 390625 241081 88804 962361 98596 81225 804609 877969 734449 276676 783225 5776 722500 220900 92416 933156 291600 82369 751689 837225 494209 588289 342225 67600 81225 1369 7921 961 46225 256036 15129 357604 268324 67081 840889 19881 707281 62001 986049 33489 1369 712336 17956 84100 88804 143641 883600 36864 982081 419904 912025 940900 237169 343396 7569 280900 226576 703921 21025 142884 622521 719104 19600 218089 195364 195364 396900 52900 36864 8464 280900 447561 828100 245025 291600 643204 243049 616225 234256 393129 106276 12321 935089 648025 385641 3600 86436 17689 972196 65536 218089 211600 90000 419904 116964 519841 374544 990025 11025 737881 770884 166464 295936 332929 7744 597529 466489 525625 200704 134689 280900 41209 549081 303601 707281 537289 288369 47089 550564 60516 240100 101124 426409 177241 478864 10404 232324 480249 98596 363609 846400 146689 256 3364 441 175561 163216 783225 114244 115600 630436 205209 577600 156025 978121 202500 344569 866761 86436 178084 56644 25 894916 221841 8464 168100 592900 389376 244036 521284 364816 106276 263169 90601 74529 274576 44100 659344 682276 982081 477481 664225 795664 153664 57121 409600 157609 992016 20736 285156 568516 246016 628849 167281 229441 767376 786769 168921 32041 3969 801025 774400 313600 258064 289444 260100 319225 2704 797449 148225 419904 594441 81796 67081 1000000 776161 5476 29241 762129 14400 130321 900601 173889 770884 594441 495616 430336 47961 219024 233289 318096 157609 62500 625681
797449 913936 4 448900 123904 99225 251001 729 260100 561001 743044 58564 41616 13924 38025 30976 65025 401956 225 592900 534361 4761 4900 345744 50176 69696 62001 313600 82944 2209 97344 361 670761 178929 793881 285156 81796 266256 102400 586756 287296 112225 20164 586756 933156 160000 746496 813604 151321 606841 87616 527076 129600 12100 3481 432964 1600 324900 682276 555025 921600 585225 10201 70225 662596 207025 1225 900 40000 309136 898704 432964 297025 921600 717409 76176 608400 853776 491401 444889 937024 385641 558009 34225 130321 144400 400689 462400 214369 383161 67600 952576 252004 253009 466489 9604 810000 879844 281961 112896 373321 82369 33124 366025 15129 375769 363609 568516 23104 100 276676 280900 813604 227529 6724 17689 110224 68121 685584 8464 643204 1444 289 104976 256036 4900 316969 781456 602176 531441 195364 630436 808201 128164 219024 988036 1600 917764 44100 580644 779689 470596 219024 811801 474721 2401 717409 597529 396900 8281 606841 546121 32400 725904 83521 3364 147456 73441 86436 583696 332929 297025 71824 13456 481636 196 48841 933156 431649 63504 104976 698896 316969 147456 779689 522729 384400 942841 2401 5776 115600 896809 60025 348100 85849 10609 21025 638401 64516 86436 131044 737881 3721 700569 465124 56169 125316 476100 641601 455625 511225 91809 649636 774400 135424 678976 332929 47961 434281 261121 92416 913936 11881 243049 944784 491401 552049 426409 290521 896809 127449 55225 261121 734449 462400 583696 28900 398161 538756 484416 400689 43264 41616 95481 662596 841 6889 156025 212521 102400 378225 14641 151321 994009 20164 2500 255025 19321 715716 848241 284089 603729 83521 595984 881721 61009 3969 276676 372100 15876 994009 323761 42025 594441 71289 171396 248004 5929 3136 407044 720801 746496 459684 469225 305809 831744 648025 495616 256 576 233289 416025 82369 906304 2209 52441 22201 23716 722500 443556 373321 59049 12769 414736 651249 279841 313600 370881 640000 659344 835396 769129 194481 443556 4225 879844 597529 20449 186624 287296 223729 7921 63504 829921 54289 784 974169 362404 439569 36 93636 456976 758641 680625 568516 2116 657721 528529 295936 84100 753424 508369 316969 45369 370881 272484 736164 550564 12321 436921 308025 846400 558009 506944 964324 900 8464 891136 4900 389376 158404 33856 51529 53824 828100 2500 2025 213444 811801 5776 518400 11664 30276 461041 432964 466489 599076 2304 531441 187489 43264 561001 192721 160801 956484 484416 76729 401956 968256 1521 326041 69169 505521 466489 968256
777924 842724 92416 331776 240100 217156 90601 443556 25921 27889 98596 279841 203401 288369 10609 619369 229441 876096 456976 5776 258064 896809 62001 497025 44100 904401 242064 594441 219961 220900 407044 300304 674041 729316 12321 599076 71289 9025 20164 6084 707281 870489 480249 341056 447561 188356 24649 63504 100 22500 478864 218089 703921 93636 265225 944784 36864 212521 51984 168100 349281 108900 361201 613089 238144 483025 66049 850084 638401 306916 440896 156816 810000 9216 409600 777924 846400 218089 451584 32041 576081 123904 297025 24336 614656 96721 112225 80656 625681 58081 150544 811801 603729 657721 36864 908209 235225 18225 529 185761 152881 135424 79524 5329 2500 755161 36864 216225 158404 217156 779689 990025 379456 51076 272484 148996 419904 29929 267289 168100 301401 461041 97344 784996 48400 12321 840889 286225 715716 214369 121801 96100 3481 786769 804609 801025 988036 267289 22201 54756 3969 149769 451584 1 90000 66564 88804 69169 863041 729 350464 40401 519841 462400 97969 13225 676 87025 247009 380689 299209 828100 123904 900601 8464 555025 67081 1369 84681 495616 948676 62500 576081 66049 132496 69169 784 213444 120409 24964 19600 209764 51529 356409 165649 484416 67600 8100 474721 153664 942841 547600 169 678976 278784 148996 44521 24649 64 6084 956484 597529 144 682276 355216 315844 391876 25 935089 53361 504100 10609 280900 59049 379456 52900 181476 180625 87616 270400 330625 261121 118336 682276 937024 145924 874225 253009 181476 341056 434281 383161 286225 46225 43681 929296 667489 732736 242064 685584 857476 259081 462400 34225 198916 21025 8281 6084 921600 722500 50625 22801 369664 79524 577600 868624 93636 944784 309136 783225 72900 178929 28900 142129 628849 698896 235225 589824 369664 426409 80089 328329 889249 494209 16 119716 337561 781456 579121 148996 739600 633616 293764 741321 915849 268324 72361 30276 25921 840889 913936 613089 41209 616225 285156 8836 126025 793881 927369 793881 390625 67600 589824 868624 184041 417316 461041 13225 4624 529984 343396 153664 79524 76729 872356 633616 27225 44944 40804 97344 874225 122500 28224 84681 2209 332929 654481 101124 356409 72361 732736 17161 269361 399424 252004 2601 274576 34969 101124 318096 19600 795664 649636 84681 44944 3249 18769 958441 436921 160000 763876 209764 23716 611524 37636 5329 28224 874225 90601 84681 69696 221841 6400 94864 329476 491401 465124 128164 70756 863041 22201 481636 388129 84681 3481 2601 831744 937024 7569 391876 876096 176400 221841 729 169744 956484
114921 9604 410881 18496 630436 72900 498436 201601 150544 357604 20736 398161 783225 96721 43681 62500 605284 130321 833569 641601 355216 76176 2401 139876 280900 77284 15876 41616 400689 168921 7569 797449 24649 247009 19321 102400 253009 923521 203401 199809 835396 278784 990025 91204 20164 60025 994009 233289 23409 152100 431649 589824 294849 203401 272484 289 226576 599076 799236 10000 25921 123904 101761 43264 336400 281961 308025 109561 395641 87616 83521 842724 40401 354025 10816 498436 1849 322624 573049 55225 8281 777924 675684 200704 1089 225 76176 779689 414736 194481 31684 26569 308025 8100 38809 344569 1849 619369 447561 117649 253009 84100 314721 481636 565504 97344 894916 476100 994009 4225 864900 22500 328329 698896 302500 59536 556516 833569 16 961 103684 308025 946729 305809 305809 763876 358801 86436 42849 373321 398161 627264 386884 3969 863041 427716 38416 71289 216225 178929 94249 18496 334084 81225 519841 401956 13689 53361 605284 495616 182329 211600 784 75076 159201 966289 285156 27889 29584 452929 120409 11881 435600 813604 328329 950625 258064 820836 196 80656 620944 521284 855625 724201 1521 72361 156816 978121 831744 462400 127449 659344 499849 4096 366025 253009 129600 467856 272484 534361 110889 258064 75625 6561 1024 627264 461041 879844 37249 81 104329 64 29241 528529 110889 26569 904401 898704 508369 21316 112896 42436 72900 931225 595984 258064 469225 431649 799236 326041 8281 633616 82944 43264 1764 29241 183184 207025 497025 863041 32041 680625 426409 822649 50625 656100 614656 49 248004 395641 477481 767376 204304 2209 176400 813604 17956 763876 96721 427716 576 444889 974169 279841 44944 14641 435600 42025 206116 448900 332929 395641 170569 611524 179776 258064 251001 358801 624100 774400 577600 7056 50176 434281 204304 121104 67600 781456 9801 978121 54289 594441 958441 841 245025 525625 291600 158404 391876 337561 494209 96100 313600 817216 22500 275625 831744 522729 426409 13456 302500 59536 146689 364816 648025 113569 17424 163216 141376 454276 8836 646416 944784 82944 87025 585225 912025 2500 155236 792100 565504 476100 11664 616225 577600 119025 877969 17161 265225 776161 140625 259081 622521 515524 1296 25921 577600 40000 169 413449 298116 306916 487204 15625 488601 96721 289444 225 127449 334084 248004 117649 208849 606841 490000 19044 349281 145924 611524 268324 133225 677329 929296 93025 439569 372100 196249 3025 112896 22801 51984 204304 82369 49284 972196 59049 273529 47524 961 21904 670761 490000 57121 2500 652864 89401 600625
171396 117649 311364 313600 866761 170569 998001 381924 277729 817216 677329 97344 7744 48841 226576 619369 624100 396900 300304 9604 519841 749956 717409 215296 826281 256036 459684 121104 923521 462400 470596 247009 595984 451584 163216 179776 86436 171396 625681 6724 828100 352836 87616 717409 169 204304 81 2500 178084 4900 574564 145161 532900 16641 19600 692224 160801 362404 252004 893025 388129 65025 334084 250000 555025 253009 586756 933156 352836 259081 157609 625681 434281 2401 38809 17424 677329 857476 24336 66049 87025 110889 132496 10816 361 232324 169 522729 877969 461041 502681 10816 25600 223729 815409 131769 139129 7056 119716 75625 85264 702244 171396 395641 366025 695556 361201 543169 822649 17956 824464 19321 230400 599076 324900 512656 225 219961 219961 121801 841 946729 603729 81796 256036 130321 344569 950625 227529 18225 815409 234256 617796 188356 734449 938961 356409 231361 12544 646416 191844 386884 126025 90000 762129 22201 92416 114244 39601 83521 164025 736164 23104 134689 157609 842724 3969 177241 72900 139876 476100 137641 603729 399424 828100 200704 687241 215296 13924 662596 104329 84100 57600 95481 982081 512656 256 46225 10609 48841 50625 88804 966289 88804 10201 693889 195364 889249 492804 257049 240100 21609 938961 644809 904401 42025 10609 133225 8100 6241 279841 502681 529984 638401 101124 378225 418609 243049 923521 6889 94864 263169 174724 40000 291600 157609 3600 606841 217156 136900 108241 327184 184900 861184 522729 870489 403225 134689 305809 594441 1936 1296 746496 923521 62001 736164 27556 153664 31329 12100 112896 7744 613089 391876 876096 103684 373321 10404 630436 88209 28900 841 674041 429025 114244 435600 763876 390625 13456 237169 553536 416025 857476 280900 990025 559504 710649 89401 98596 409600 527076 323761 944784 448900 1156 52441 435600 531441 3969 20736 929296 398161 682276 334084 123904 544644 725904 6084 24336 168921 2916 538756 85849 279841 15129 576081 4 14161 171396 87025 368449 124609 641601 21904 330625 938961 256036 940900 25600 2809 810000 346921 290521 483025 357604 498436 498436 143641 599076 195364 491401 725904 118336 432964 398161 527076 660969 229441 1000000 376996 231361 93025 613089 755161 6889 874225 81 455625 65025 720801 108900 619369 471969 850084 1681 549081 349281 622521 633616 543169 199809 286225 801025 724201 56644 659344 30276 519841 35721 348100 289444 26244 912025 10816 300304 356409 94864 38025 268324 931225 946729 1296 194481 225 2116 170569 883600 51076 265225 187489 103684 568516 20449 102400 806404 760384 175561 68121
399424 215296 84100 7921 576081 84100 176400 20164 178929 10201 131044 624100 3600 822649 446224 172225 17161 22201 550564 883600 10404 606841 103041 182329 439569 348100 480249 136161 570025 702244 372100 401956 525625 226576 300304 1521 290521 646416 178929 576 200704 606841 45796 22801 588289 455625 1156 4624 385641 606841 145924 737881 804609 6241 92416 891136 330625 256 38025 378225 556516 669124 1764 227529 674041 622521 605284 900 801025 813604 238144 145161 337561 32761 8836 360000 477481 107584 117649 940900 422500 63001 88804 528529 435600 37636 439569 201601 498436 16129 51984 707281 381924 173056 842724 646416 451584 9025 992016 494209 9 978121 149769 23716 84681 401956 458329 744769 10609 828100 142129 152100 219024 399424 352836 140625 329476 403225 101124 77284 846400 961 291600 49284 968256 9604 152881 28900 396900 251001 16384 1681 784 7921 893025 670761 30276 26569 331776 379456 555025 26569 725904 664225 839056 16384 335241 264196 26896 784996 16 8281 12996 44100 244036 893025 179776 148225 168100 64009 14400 77841 119716 117649 91809 43681 708964 213444 57600 8100 7396 244036 695556 27889 6561 152881 550564 280900 149769 271441 37636 2601 2809 674041 116281 10404 494209 826281 4225 189225 412164 28224 2601 298116 494209 189225 177241 478864 42436 5041 620944 769129 835396 227529 978121 2704 78400 299209 452929 833569 323761 444889 906304 898704 393129 521284 597529 35721 88209 21609 357604 788544 954529 255025 189225 447561 9 7744 288369 577600 904401 126025 11236 154449 116964 3249 38025 465124 280900 522729 66564 74529 632025 299209 133956 470596 651249 844561 2116 430336 235225 22801 404496 20449 355216 89401 10404 19881 432964 833569 16900 409600 286225 974169 703921 48400 37249 56169 793881 729 379456 719104 33856 99225 66564 841 261121 719104 837225 422500 77841 312481 144400 45796 243049 145924 781456 883600 306916 278784 366025 444889 77841 876096 207025 243049 400689 213444 739600 55225 784996 654481 393129 82944 189225 52900 391876 240100 996004 644809 256036 430336 937024 32400 891136 78961 24336 33489 783225 1089 4225 80656 933156 559504 185761 97344 820836 627264 960400 606841 295936 487204 391876 70225 233289 123904 97344 799236 130321 487204 157609 70225 31684 34596 206116 12544 309136 388129 857476 431649 537289 134689 186624 913936 145924 143641 680625 394384 196 512656 206116 271441 648025 316969 343396 174724 361 14161 915849 368449 9801 36864 712336 25281 24649 106929 223729 380689 927369 78400 853776 86436 447561 12996 20449 442225 883600 250000 5929
537289 15625 324900 354025 149769 622521 7225 224676 815409 53361 36864 900601 515524 38025 820836 76176 303601 349281 857476 758641 64 21904 19321 870489 61009 841 265225 815409 77841 900601 550564 779689 180625 291600 792100 682276 117649 67600 970225 490000 736164 401956 301401 39204 91204 776161 149769 97969 962361 660969 848241 910116 760384 56169 36100 12100 9409 519841 6084 898704 1156 211600 209764 826281 281961 599076 632025 267289 15625 492804 42025 388129 874225 228484 273529 275625 308025 110224 17956 519841 163216 252004 262144 48841 407044 152881 11025 561001 559504 519841 960400 662596 196249 61504 12769 178929 883600 657721 799236 184041 83521 136900 331776 65536 16129 160801 26569 361 139129 164836 131769 24336 293764 519841 21025 100489 143641 42025 594441 289 23716 898704 669124 225 21609 137641 31684 99856 467856 651249 427716 115600 41616 157609 391876 13456 755161 217156 942841 46656 183184 38416 274576 373321 998001 418609 950625 32400 10816 348100 25 21609 839056 168100 986049 826281 151321 725904 299209 85849 110224 378225 87025 405769 952576 227529 7744 212521 722500 758641 80089 236196 34596 270400 237169 141376 202500 458329 2401 491401 904401 238144 537289 94249 720801 260100 678976 22500 34969 313600 732736 703921 212521 872356 57600 835396 707281 295936 44521 49 16384 921600 498436 302500 112225 906304 196249 456976 11881 828100 608400 257049 398161 336400 262144 32041 6241 656100 30276 727609 8100 298116 21904 444889 165649 300304 527076 514089 504100 375769 697225 244036 405769 151321 956484 378225 937024 657721 172225 241081 336400 12996 720801 59049 662596 101761 364816 142884 652864 421201 841 669124 170569 644809 247009 632025 275625 115600 538756 532900 763876 242064 410881 18496 447561 4225 586756 763876 3249 772641 811801 806404 43264 7225 40804 287296 285156 746496 391876 139129 635209 294849 75076 190969 40000 249001 497025 87025 390625 219024 83521 219024 47089 1225 774400 11449 573049 58564 786769 516961 305809 280900 817216 641601 303601 337561 85849 29929 51984 176400 241081 749956 396900 2116 790321 683929 5625 256036 384400 635209 69696 641601 27556 18496 308025 2304 264196 20164 2704 413449 302500 272484 281961 395641 269361 450241 66049 318096 6084 338724 1 732736 221841 212521 954529 562500 978121 58564 50625 54289 74529 502681 49 450241 1764 127449 219961 215296 444889 649636 148225 275625 324 10201 675684 674041 25600 3025 334084 477481 695556 582169 227529 408321 635209 147456 130321 879844 559504 685584 92416 173889 529984 783225 53824 59049 3481 198916 400 737881
471969 10000 255025 156816 81 112225 121104 597529 40804 366025 242064 24649 380689 994009 381924 225625 321489 25281 204304 176400 151321 215296 541696 173056 123904 141376 198916 380689 198916 893025 426409 741321 2116 148225 10000 160000 451584 17161 961 276676 804609 980100 555025 352836 784996 247009 87025 42849 988036 857476 231361 395641 261121 33124 10201 82944 147456 50625 184900 662596 648025 409600 994009 219024 301401 891136 498436 344569 256036 501264 4 913936 558009 179776 588289 77841 32400 620944 67081 286225 589824 4 463761 487204 28900 99225 232324 4096 33856 624100 28224 110889 226576 452929 444889 49 11449 710649 1296 164025 613089 774400 958441 119716 504100 301401 240100 283024 727609 435600 659344 203401 26896 139876 887364 48841 826281 17424 450241 245025 301401 285156 228484 1024 731025 393129 114244 677329 537289 228484 40000 137641 640000 567009 214369 140625 349281 20164 986049 48720