320 625
41765 176312
41765 123367
123367 179493
41765 171622
97674 171622
10794 179493
139315 171622
179493 190854
128567 190854
176312 194919
10794 82854
82066 190854
128567 170309
50076 194919
144335 176312
7116 10794
97674 131990
102068 190854
179493 183062
33595 179493
10794 164735
82066 121195
169078 176312
50076 169311
72148 171622
89052 121195
33595 56228
155949 164735
71089 183062
30179 176312
82854 134338
64483 164735
32316 164735
158668 169078
29083 171622
30179 91610
7116 143141
71089 94128
91610 98522
158668 189309
114650 128567
41765 190107
152272 190107
7116 113294
2965 139315
143141 195954
123367 196649
113294 192192
93479 155949
161247 189309
155895 155949
9447 94128
26376 169311
14186 143141
89393 170309
14596 82854
26376 43574
133407 134338
134406 158668
115293 123367
25696 134338
29083 83098
50423 179493
114650 125308
35183 121195
7116 97040
63193 190854
34616 164735
31136 93479
2965 50902
50703 170309
115227 134406
94445 115227
39483 134406
113294 160708
122481 190107
75908 91610
62382 115227
2965 16526
28938 32316
50902 83652
35884 143141
96351 195954
39483 149275
190107 199235
113294 186543
33595 139368
25696 152593
170309 197869
71089 186276
14186 53958
22627 155949
35183 107791
166249 186543
94128 160955
82285 144335
31376 94445
164735 196844
39483 192186
7116 114524
42391 94128
94445 104634
31723 82066
123309 158668
20961 139315
50076 170690
161793 171622
130276 196844
29083 84675
93990 134406
31376 121928
82854 91624
51697 186276
15560 42391
34616 60671
121928 140977
63256 82285
35884 124343
14596 119412
87556 130276
35884 96780
15400 83652
100201 166249
100201 108163
31376 172235
88290 139368
139368 182031
89393 100448
82854 164162
94128 172206
32316 129482
20961 195533
104634 158794
141243 190107
93990 155869
30623 100201
131990 188606
28938 50524
61143 141243
93990 191394
94128 189863
160165 199235
95508 122481
14496 32316
28747 97040
33595 107010
41985 50076
108654 195954
74953 171622
5589 188606
131830 160708
138456 197869
107010 196280
32316 131661
21875 29083
100448 119851
133407 141656
39598 114650
29083 143094
32316 194060
16928 50703
39483 116535
160708 161733
176973 186543
692 161733
14496 178039
111728 179493
196649 199332
95508 120418
158988 171622
32316 147632
154379 191394
94445 102973
145426 158794
71861 169311
3864 96780
16928 129049
71861 90374
132364 154379
70092 139315
89052 138108
1666 5589
112908 179493
131210 186276
22627 50765
158794 167188
44902 192192
87581 120418
4454 160708
26576 95508
32316 78861
140262 152272
51443 140977
20961 153656
88290 145756
87556 188047
50765 65718
31136 149957
83998 160165
141656 172173
76955 134406
50524 197640
116535 145680
149275 183956
23714 50524
84520 130276
34094 108163
23714 87681
98522 160126
5589 122298
2961 121195
100223 152593
87581 190244
29947 82854
133407 178844
161247 180455
2961 20922
144527 199235
12559 154379
14596 199198
15400 142454
84859 166249
47454 143141
89052 186354
88634 114650
90497 169078
61143 69688
82066 96599
145095 160708
94128 148796
15125 31136
93479 132316
75908 120210
20922 176620
23287 32316
152593 159129
79109 139315
97674 100207
94128 136297
64954 100223
193543 199332
84859 105324
4327 131210
35884 152531
29083 118939
147195 180455
94445 126387
16187 50902
1666 39935
144527 164033
72148 140000
20075 53958
9042 29083
20961 165111
73354 87556
33595 78450
27138 51443
24165 155949
131990 132284
89864 144335
119851 147259
63449 196649
41062 178039
21260 149275
123367 136832
45646 90497
98270 118939
127150 164735
75409 122481
88290 134918
100201 154522
58824 127150
15560 68445
76554 171622
12559 171143
88290 130000
24537 134918
91610 178510
131210 168328
28938 96507
131990 142745
17730 35884
17211 132284
42391 165356
43574 117588
162279 182031
137244 168328
162335 170690
31723 40066
100223 155381
133533 189863
90042 172206
56517 108163
134918 145540
63371 179493
31376 153025
105324 142305
14462 50076
43574 78805
165111 186427
30173 166249
2961 113023
88634 148095
125308 166548
32316 125159
82066 143393
137145 166548
15560 88427
90919 147195
139562 140000
114392 147259
71861 86451
28938 101923
2965 167841
13561 96351
89864 99863
23728 166548
28854 84675
4828 17730
12625 74953
155802 183956
78209 108654
46509 164735
34015 161733
100448 189170
117588 190268
19955 34094
100166 127150
54918 104634
10794 197911
142745 197325
57644 117588
30179 86400
20961 39749
66480 91610
64346 197911
14016 142305
23287 35695
3864 99971
124343 155246
25807 113294
122481 141894
58824 81590
15400 89949
108845 141243
5589 84214
58265 108163
129049 145950
2665 58824
31939 94128
48186 195954
69640 83652
100166 152817
48642 191394
692 82420
34490 114524
16187 107020
52191 186427
78450 197207
35183 177028
127150 191326
26576 92129
13561 121714
36526 87581
128075 148796
83998 146920
69594 160708
50765 132542
129482 185985
146757 158794
54918 82023
10785 188606
148594 197869
71089 82553
1666 159933
63808 179493
99478 158988
135749 148594
12559 174011
119851 139515
120418 173949
57879 79109
87681 99442
82992 146757
58944 130276
172235 193269
11926 140000
169311 186173
197911 198031
8794 78861
63808 140311
28747 55851
96217 119851
96351 178552
158988 160778
66825 189863
21725 148594
139624 164162
14319 183956
14462 131136
12375 169078
87718 115293
14562 76554
71089 189172
45350 128567
75409 143058
50868 100448
50076 182792
120716 155381
46060 193543
101254 177028
958 34094
71731 133533
82854 161550
191635 193543
25696 143662
143058 183498
10785 171503
15560 161244
82420 166055
9108 159933
39598 116844
48186 53972
39281 39935
92129 108917
9108 72666
73354 131180
147632 190804
33886 176973
19213 199198
12625 117357
131136 187586
139841 177028
46509 96595
87460 140000
22627 72543
59855 72148
33409 48186
145756 171621
21725 84161
8794 170420
121928 127473
31376 36437
117344 191635
27041 144335
22955 159129
96780 158475
73326 143094
33595 103099
138696 191635
25874 66480
99971 178086
14186 87134
70092 189705
71731 78156
46590 96780
61143 135363
47941 171622
14186 145949
171621 175417
20075 142559
75908 190811
144301 178552
96217 157296
30230 116844
2062 172235
692 177260
139368 190513
28483 160165
56438 107010
170170 186543
10794 88275
34490 116207
14576 84859
171719 197207
10794 178720
127150 160561
2062 94324
2665 85630
189 193269
189 61563
383 15560
107531 139515
144481 183498
14576 48375
14060 35695
19595 149275
57762 87460
99338 139562
20955 166548
15079 134338
143141 199750
28938 51721
9430 199198
43574 102147
41765 148568
35695 132392
137244 177420
155598 197640
8794 58245
45617 144481
88831 154379
93983 136297
96599 149248
25105 182031
57644 178733
41062 85749
85749 149324
34761 142305
134918 154319
63449 157815
178720 181611
155802 182406
102306 108917
190467 190513
40863 196280
161733 166211
104002 171503
18496 183498
13386 14562
94324 145417
83098 197639
11292 134406
141894 144283
21974 98522
90214 145095
98376 108917
24165 42111
63669 111728
28747 43795
36923 51721
120716 146157
53972 190091
15079 70373
19955 167037
43620 190804
2348 53958
116207 121798
61190 136832
87556 192097
25597 31376
99114 198031
17211 33136
65718 168952
17990 99971
46030 56517
7953 58944
32445 125308
68922 165356
127746 187586
7358 127746
5589 91873
36854 87681
25696 138542
139515 142424
24750 86400
68445 93559
10785 137079
51510 105324
40863 187098
17211 139009
57644 142006
28483 186677
111850 182406
149906 186173
82285 133295
65718 192478
69640 167709
25807 45537
125308 125984
109566 140000
17730 100970
45350 120927
95508 133957
90042 111992
14353 155381
85749 139454
11254 166211
68220 159933
21875 197161
24165 132668
66878 93990
25597 34260
111728 173705
116535 195229
144919 167037
35499 146157
114650 157456
176445 186543
131210 175707
144481 187126
27138 125746
170420 199704
15400 26777
33418 82854
98522 105164
58479 84675
83098 115761
56376 183498
64954 130300
34260 129856
50524 156933
45422 142559
76955 187057
157815 176821
125984 147890
8844 178552
71724 121928
47454 85765
46060 104871
21260 199423
37806 50765
96772 148594
78211 99442
10504 57644
50538 146920
46060 143646
46348 120927
89052 136864
14060 46038
58944 158172
31136 182823
1237 26376
81930 159933
45646 137618
107791 162689
106452 192097
134338 193419
24537 99969
136832 146365
66597 72666
63439 188047
16593 34015
101923 106215
14060 14664
151213 157296
7953 166452
91488 178552
14132 160955
138746 180455
105072 190244
12740 167037
69688 191267
99478 148270
114650 132957
105703 160165
119851 147579
96217 191062
40990 192186
137165 159129
189 83322
4327 147738
58742 83652
77902 90042
103763 143646
153025 161542
94891 178552
147758 190244
18886 117344
93559 181566
18507 152593
94840 154379
8162 69688
128843 144527
643 152531
70881 196280
141656 181774
59216 178720
114483 145680
61000 139841
107960 169311
75908 141543
144919 157489
56517 129629
2348 184915
6455 66597
52476 84214
63669 155370
69594 96610
125746 168657
113513 162279
43747 93559
61515 120716
75409 143604
45838 158668
92962 129856
62440 73326
88427 151354
19213 155970
29083 112064
51443 160706
24320 197869
90374 116853
14016 171689
20961 117765
82082 144301
69594 139599
643 126719
74953 109605
101870 147758
20155 86400
56517 169809
26376 56989
34094 61915
67198 131990
2348 89987
34761 60813
4742 125308
31141 166548
124334 149275
51721 187740
32595 121798
18496 139372
61915 90222
52204 145095
81930 127447
171689 173055
118505 135363
10671 17211
19924 56517
96507 185767
88275 91071
138366 187740
88427 121532
32595 115827
63321 141894
16187 60282
112064 112623
88565 130000
28975 87556
131990 177749
101268 175707
170156 176973
46381 159933
17730 117157
17990 109217
19955 180087
89873 187126
123258 145680
132352 142454
155246 178472
22147 171719
32445 69182
104347 170309
53246 178039
98955 131830
127150 188401
958 78958
34336 162335
97257 149275
4926 157456
47477 171719
162643 164162
67085 105164
33925 43747
29947 107945
83557 99971
56438 165030
155246 155769
1716 166055
84161 109343
61143 185821
72666 123393
68450 162689
160165 168122
112876 123309
18886 182826
34414 171143
20193 99863
10504 186031
21260 181428
111728 138850
13561 135246
46060 57411
78958 198730
46060 192358
110911 171622
68450 106638
45729 48186
56517 143785
119005 187098
79945 100201
66480 109637
143141 198269
131661 169814
113799 121195
182872 186543
1650 1716
82553 128930
120357 137165
4828 186981
168708 191635
53246 182259
49395 145417
121798 145525
11561 102068
24165 151522
76418 102147
2804 14496
97257 145078
110600 139009
105784 166249
101254 154123
46509 113217
9311 191062
115056 140262
156803 170170
47941 64463
21329 91624
14790 31136
53972 114108
11225 131210
14060 197715
44902 195733
89666 138366
83557 110132
187787 197161
41992 166055
9977 174011
96599 133886
87419 155598
43021 143785
151354 172898
34260 191652
8794 196915
32595 104180
45617 130766
4298 177260
121714 135829
39281 176401
29759 93983
139515 196782
89221 198730
92810 171719
102812 170420
14462 135535
176622 194060
7358 114521
89864 125930
50064 193269
7116 51319
45537 114941
48447 79945
7953 175327
71016 145680
32534 190804
142748 161247
158288 197869
130501 160708
151522 159770
18064 194060
90947 130000
90042 152958
36923 52188
4828 133214
176821 192878
33022 136864
131048 170309
116853 188737
97726 148796
63089 190244
117113 167037
155370 169419
117765 177946
39935 118666
11503 194919
131681 169814
80163 91624
42313 94324
23727 57879
13456 48186
19924 44035
142976 197207
68014 156803
29340 169311
4454 66050
39483 164155
81256 143141
6760 82420
65798 92129
18819 139841
46392 78211
84129 91610
7917 108845
73095 121928
132542 171365
101361 167037
38257 192192
11926 194801
33945 133533
63321 125840
58742 191684
71588 137079
86794 128567
28960 38257
56438 184874
1009 87460
96703 102147
964 190854
53246 197290
63193 147200
43795 153020
35183 192794
191326 194500
110600 124281
109749 190811
98441 119005
192505 198031
23714 98508
57810 107020
155802 174729
88634 148424
162851 168328
40066 192649
33588 139454
174167 176973
33441 96610
25696 55207
15093 173949
10794 165666
124281 181165
46381 76261
107119 130766
31838 81590
7425 78450
71884 107119
68922 196404
56376 188591
9447 144218
44622 146157
25731 33409
20558 189863
87556 198759
10733 116207
44622 186851
63256 170816
71035 161542
111992 126997
133886 139919
46060 116265
79585 142424
32862 63089
129629 189366
69640 124105
113023 182058
964 177333
24867 89987
9493 142748
30689 125840
83652 198363
125526 129629
42111 155025
53756 113294
143164 165356
6455 118190
116844 154970
2961 140919
90919 132356
34336 63025
7194 56228
90497 107030
4979 164162
35183 55331
117344 118267
100166 167906
103763 147315
21213 141894
133957 136962
123258 127823
171143 190577
68381 127150
71884 89796
100448 161806
37806 82836
69323 122481
16593 110406
55141 155246
79109 100394
66594 92129
122712 147890
73191 197290
14664 121864
77902 161218
31141 118260
112439 169078
7953 198568
31914 87718
102805 167906
4155 11254
9731 89221
144527 187655
262 155869
24320 46284
48554 132316
25268 197639
6865 46060
17990 132629
55249 96217
13456 177905
79113 194500
39217 191394
46843 133533
51702 178472
20193 199399
14562 151419
171684 182031
102909 157296
61143 66144
69912 197869
6489 131830
76330 126997
13386 22374
44718 108917
156601 191326
116265 137525
65030 71731
8844 198172
14353 132546
145417 169095
31357 33136
37928 186173
66198 192186
43542 140262
103099 124531
95508 101292
129482 197871
22257 140311
5589 181220
18819 43680
35499 161937
114392 161219
108845 151308
19212 141543
86754 144527
4661 78958
17730 42866
35183 145029
39657 69688
28483 107403
41992 68356
24334 46284
52188 112357
167037 183334
60671 92191
131155 176445
114757 118939
107777 114941
13561 172289
4174 181611
22374 160368
178472 196266
43747 179501
106452 118754
29947 52921
81142 85765
131885 139372
23871 131180
40475 89052
14664 19451
383 181455
42313 50749
115761 165217
22511 190804
40455 57810
105324 130355
112064 133113
149275 191048
54472 187787
80163 181288
34839 157456
82843 130276
4298 179362
40764 114108
62811 154522
68356 141033
137165 196823
20855 30623
71035 152545
117588 132265
120357 137833
50902 77250
107119 152409
45729 154521
121864 182439
86400 95906
64483 73248
32726 142454
87419 144273
57479 116844
20855 151359
38257 179441
120098 158794
6436 9108
12559 94954
78761 118505
78664 154970
55851 163189
43747 64968
6088 191062
75013 154970
102675 110911
56517 141039
29760 126997
16173 43574
114821 182031
41992 92431
83629 191394
78276 117765
34616 174967
182058 192417
125930 189033
96610 189244
80785 120357
19212 176402
38257 130631
51461 151213
106638 151622
139089 177028
121298 173949
97373 170420
16928 29172
21260 136538
86008 144273
66878 69369
20855 153537
18222 90374
98171 121928
48554 99667
1716 120310
50099 154379
115097 140919
186677 192847
37806 140780
17264 78276
43040 173055
116932 186354
2965 57703
111382 117113
14132 100748
66827 68450
84161 144406
62655 186851
158794 181359
110406 144028
62655 173073
49140 154319
114392 197799
165666 180388
40094 104002
69000 192358
34891 147200
30031 41765
103763 156583
65049 164162
9108 186347
5973 29947
16292 129482
51441 102909
5116 159129
80598 176620
85765 194148
154084 199750
93990 102932
48186 138753
10010 105703
11503 153320
6066 25696
15287 68445
13016 117765
17262 125308
2665 62094
78988 168328
131626 170309
132003 155381
58824 145979
17768 132629
134803 140919
79369 137165
129856 134548
170420 177567
1009 5446
111992 138931
153859 187586
108850 157296
11410 169095
29947 32013
121195 182057
77563 160955
41533 153537
31357 191982
29759 159694
117339 175327
48642 121241
38069 80785
65477 151622
72159 154522
66878 84839
114941 137436
39483 165031
13386 128455
107892 133407
95906 104956
121864 122213
170018 192186
63671 178552
126803 192358
100201 139845
68260 96507
24346 116265
85765 152623
17311 162279
84495 197290
57880 175707
166661 196823
102675 128134
51441 165226
57017 120210
45925 90042
19451 85165
15845 92810
31094 63089
47329 123367
63256 145288
66820 80598
105110 192478
57762 77174
61190 149152
19055 197639
35796 193419
118073 148424
11525 98270
29580 147890
10247 191326
48746 181611
63256 97100
5446 173071
9253 131830
21725 42856
39281 104358
17990 144536
117344 165444
182849 196782
3466 180388
28798 147200
70110 132364
89052 148305
33595 150257
40881 78861
56376 107281
121909 182849
8162 122966
22257 130333
40364 96507
53570 160126
13456 129615
65102 154084
5446 130617
31297 48375
138696 146839
35638 82420
41807 98270
104871 127914
184540 195733
131626 168040
65049 84580
117574 169809
5987 173055
60301 189170
178121 192192
71267 97257
88653 89221
55056 136832
43744 127473
111992 141189
81930 114285
23468 63193
32119 128134
126734 190244
35334 57479
50220 116535
62811 106587
43331 190811
17718 92962
139919 188193
165217 189922
135535 171063
12625 86887
95016 148270
92129 160568
11254 184621
62799 112357
69000 181004
96217 137400
101254 127763
76198 107119
40990 52289
29237 126734
8844 57255
145417 165174
33693 128075
40990 126009
42278 46392
52860 166452
84859 93915
36616 187057
25874 94776
110035 144273
19451 95415
51441 96656
5193 125308
98896 115827
1546 132668
87581 121240
78958 114080
31849 94324
63687 104358
27713 189172
89003 175327
40881 130044
99971 178344
14232 127150
44821 172289
19296 141894
33720 180455
49395 80511
14562 150474
26756 54918
2684 190268
132003 143673
116874 117339
56228 155177
61880 154319
92431 179585
85774 125930
44698 192097
20075 166447
6437 69000
17264 185310
120356 164033
56376 171127
54472 161476
9311 32044
4555 28854
80612 162279
142745 176832
55283 80612
92191 198083
132970 189309
99128 161219
9042 134297
20589 97674
3729 71731
143393 188758
144406 179751
29076 188047
135026 170420
6557 123393
80892 118939
125692 151359
25105 179217
112357 156148
29486 191652
124281 189851
23817 52476
76482 190268
23727 139354
8288 161219
162851 185309
31838 177374
57880 159828
63671 90415
70515 145540
84430 178039
49420 102805
43040 48623
173295 187126
68744 167188
79111 182406
58812 69323
8313 66144
155598 169103
3466 194558
78671 148305
126387 177458
51697 109353
43704 194148
59855 191560
51279 63449
56293 83998
24405 105164
57213 192186
40364 53701
46392 89132
168708 169138
60813 120969
8035 153020
157456 187351
146157 152000
34825 134803
83697 92191
100235 165666
140437 148568
9042 15028
82066 199458
13386 59248
10259 86451
97257 143095
5193 158642
170018 182889
14319 60194
108654 184278
136276 198031
114521 114811
33466 52921
33418 92728
159129 193076
109531 189851
60536 67085
1546 139661
19212 169738
9731 72880
160910 187057
61899 197799
27474 139354
132284 180972
66480 87319
114524 176323
38827 199198
7194 174831
80163 153721
85749 146062
43698 188591
44715 131681
12548 83098
20855 90288
89932 98270
87016 102812
173762 191652
130300 172669
38827 157397
45315 121240
22374 109499
50749 171288
79109 174828
4775 114811
3832 164033
143604 163123
94776 96224
24709 137525
30184 183062
116196 124334
107020 178958
120210 140596
45729 155189
68448 69688
134163 138931
34701 96703
7358 56260
31357 120108
105488 187098
22100 122712
9430 168533
17211 106171
14511 192878
12553 75013
115549 151522
54918 59514
57213 158731
1666 45231
96595 197602
51209 159694
51279 180814
2843 52289
53011 147315
39606 107791
62382 133615
66480 136861
66480 76175
71998 182826
79111 160235
68356 109809
168652 186851
110952 192878
68445 75588
109499 149258
41985 114693
55878 64346
49019 50902
31757 61880
86008 151275
180972 192982
5589 132692
72942 173762
92810 178683
36567 50703
88290 162821
98335 154379
137165 165961
15093 23635
74525 110132
94139 102147
42050 61899
44622 78863
143662 180777
156803 165686
50099 190892
46663 180455
89864 151245
113170 197640
23511 70092
30179 33102
33136 42773
39657 91081
86794 105268
63089 175733
98889 146839
172527 198568
189260 194558
57904 186543
167446 191326
46509 89408
126803 188971
148459 175417
23817 50864
193269 195013
72117 90415
1650 75118
57762 62328
6579 124531
22834 185310
157489 160838
51703 114521
4318 22627
3794 76418
45623 78988
84495 175038
67085 69347
124281 187023
167556 186354
98896 103902
16026 95906
20889 155769
104634 148343
692 152895
87718 147224
86378 135363
41549 161793
74644 164033
4661 112629
149248 196939
81744 151522
56854 110132
148059 151359
126803 134856
34260 166161
21731 178121
22955 121225
135202 190577
48746 155104
14060 50360
68356 106892
35499 141401
101698 119851
5146 20961
36590 127914
22834 133423
19955 85369
4497 96507
13456 166022
98522 141360
76418 123064
23483 121240
117765 169339
20630 70515
11410 21594
51443 129245
110035 139064
31757 121734
123097 161937
48554 187707
95906 170977
48642 80890
77138 91081
24537 127083
13674 132629
169419 192173
48582 160165
189 62457
72148 195224
3642 195533
59525 78988
164735 183068
7917 114367
106836 109353
42972 106638
67771 152000
144919 168135
12473 139454
46663 46977
98456 170156
127447 182890
166211 176070
40066 96690
65102 120588
24961 139368
9731 128014
78156 85750
35884 182518
56148 191394
48746 173860
73354 96093
122296 158988
64499 137145
91602 138746
33829 155025
19296 102497
30623 78315
60282 67860
24954 127473
89796 90470
164443 196280
63669 166689
68381 78032
108162 137079
83557 146269
51319 164559
17730 130771
91293 160910
66854 141656
147195 186022
90560 101254
14319 33597
183956 186736
66756 197602
48102 57904
126153 190854
41533 71003
43747 83467
31659 164735
87268 112439
138931 146081
78988 186597
95508 96680
61143 170198
118190 141496
43620 172010
128843 199053
33312 38827
33514 144273
115097 121662
38257 183952
124981 155949
75491 123393
75514 172235
82066 179729
108866 186543
53011 196944
32534 82649
42856 198070
193346 195013
94518 95906
58289 84859
15093 66292
90214 141895
146568 159828
88356 131885
86451 94051
11163 14132
6381 72543
19213 169497
132629 150292
138746 195286
14232 23436
67608 94128
38754 134856
79111 85525
80892 131692
5146 73414
51209 67287
82082 102287
155505 160778
177333 185971
6201 88275
67860 194045
88356 136742
7653 45925
85780 190854
37088 80785
27713 130840
48010 66756
105509 112629
131661 134561
58944 116180
8181 78156
942 123309
65436 145095
49255 145979
33595 137471
36567 53362
16525 137833
39900 44622
45646 111755
90919 145089
79997 184621
50555 169078
89408 114049
5193 115025
52921 172778
100836 157489
18425 57762
37605 162643
107945 186364
11241 39900
72742 187023
7896 137833
55141 190692
109209 161550
107403 164694
40311 187787
14575 40863
176584 186597
14562 150163
45275 160706
72458 100207
33588 46749
144402 148059
25696 176194
69033 146365
13293 50064
82520 197639
90733 157296
100362 182792
73211 173295
13016 181405
69575 187655
63893 134338
15029 68220
16768 67085
11351 61515
29810 40475
40990 45886
91610 175330
165404 169497
66126 114524
73248 143880
12473 92878
38069 99227
60682 181359
33588 171799
133407 148977
74019 92191
30031 171802
56265 180814
43435 97674
120573 142424
86371 195224
108606 152409
132813 156933
33925 176302
63893 180625
45838 153628
5809 161806
31270 165226
50524 119277
142133 168657
99756 100448
18539 190244
21725 135589
99227 195498
10010 86896
122772 178472
8895 155769
90947 187112
8313 193655
26376 123679
48260 164162
134072 152000
68356 195032
41985 152710
63066 104871
102583 191326
158731 164890
70092 110982
46800 92431
171184 197602
30184 74567
23511 88808
150935 198568
51721 79275
25105 113176
178042 187098
68744 156730
177204 195733
32621 135589
92580 170170
4979 169221
52188 85651
86378 144838
102109 105164
35383 70092
9212 49420
25731 85438
108606 184474
34003 186427
8383 56438
110600 147299
8181 148791
6618 31094
1980 42866
49887 181428
78223 92878
60671 158678
52188 168660
71998 87006
155381 191077
181405 184771
140849 181165
66738 68381
126009 187018
29924 84520
60813 188412
23511 98719
4454 84752
150305 195498
29172 73743
5987 169305
83522 123393
84214 87723
183334 194904
109531 138039
42916 57213
11503 112529
22374 35546
12559 28377
89638 127150
185823 197325
43535 196915
83148 182439
18705 119851
2475 137079
140311 173678
89130 145756
40511 196823
109087 127447
17662 181165
181428 187731
141956 166548
19077 102109
86945 174167
75908 139487
35840 138746
10259 182432
86076 145089
95906 193428
13456 175430
3832 44533
117443 155598
46060 166383
2218 138696
71114 94139
44035 171034
35796 148432
4864 146920
122712 160608
49019 139680
1882 90560
63439 141418
35638 54181
76770 171621
19213 199302
114108 195424
98584 170816
110982 132514
100362 122450
108154 119277
43574 101425
144481 154425
48333 48746
115324 144481
72543 121114
98508 113405
1239 66594
72543 154500
15287 45329
1946 67198
106912 182823
147758 184048
45646 137679
9731 45209
27713 36184
58265 74909
141033 173627
80341 120210
101425 140693
172703 174011
18539 84172
942 126021
88427 196804
108866 134387
31392 191394
40475 178055
60671 155786
139562 171307
85174 101698
55314 96351
34015 154443
30354 81256
2062 38103
14186 126516
87006 192403
59290 78671
131990 161348
68922 110964
178039 188720
138681 139562
76330 183607
56633 186543
27505 109087
118041 154443
87268 91461
4140 84495
159129 184530
6557 130596
5352 91293
71089 145031
18819 107926
172648 199198
84216 132813
41062 185724
44366 57255
15045 134297
39749 157408
102389 120357
51000 101268
53436 79113
88808 145192
5007 57904
9977 61328
56931 114693
133544 155769
152593 175227
95487 107777
31376 174627
46038 155531
100836 162354
54118 89949
14511 153361
20291 87319
34131 136962
67230 153320
86378 189059
84495 180111
32445 146195
36437 50011
78664 167863
54562 127763
16075 82836
86374 153361
126009 134367
43435 194083
113023 122434
4290 44366
58170 78861
39773 145089
29189 155531
23182 144402
120084 180388
104768 151622
91593 140849
135772 176401
145686 190892
117391 182406
167709 183450
24290 85765
17662 167074
66144 140857
55537 196944
58245 115460
121804 149957
102675 186973
8502 132352
100748 113016
133295 170233
117803 178472
86794 131696
4661 79808
1655 66825
168122 197306
163123 194456
93675 106836
45886 175379
89221 130165
20922 113618
143673 193540
105712 169138
50463 193655
82102 178683
48226 114049
166249 178455
117803 163386
69108 155381
4864 192496
51702 91771
70322 195229
60486 109749
50749 76328
45315 165916
60577 188193
7550 64499
42446 45275
38163 132970
15028 50287
45623 170675
71305 98584
88868 130771
60486 144367
66195 184915
63624 193419
64483 145725
120219 169738
44902 144706
110911 172549
151213 182026
16525 140304
643 175749
1009 125500
15125 172559
109749 183705
101698 199448
62007 147315
130333 138427
68014 144879
22039 130276
38342 77250
31178 164694
12863 132813
20075 44697
55851 101879
166161 176492
180455 188368
7953 133395
43620 184496
91081 172046
8653 192417
12863 124347
140742 152531
3141 77138
148594 161537
135363 139899
22520 86378
122857 167037
122966 141341
12390 89796
107030 116791
145029 159271
24063 190811
164077 188758
95362 152545
24063 133386
55537 149809
173627 198149
5199 178039
11254 121342
176302 195221
79945 149560
72880 83468
964 47305
17730 118775
29486 72179
117800 143785
125308 176135
51320 184496
96217 124355
151683 186736
10010 88566
47269 188971
77795 135749
183062 189223
161550 185676
63608 84216
79369 172383
100933 164162
2303 4979
17570 71305
44697 134919
147758 157981
31269 134919
64844 131136
80707 124281
24048 152623
2303 142780
41090 124347
77250 130328
1237 124967
108850 168790
145518 194904
22660 95508
14733 57255
44698 162921
65256 195286
132399 173860
161542 173352
53305 135202
66820 103346
22374 54004
18814 43542
64483 198687
24709 174321
33022 96056
50106 98889
75212 81744
100836 155030
18397 161348
6990 69347
63371 107107
32445 136613
40331 148343
22191 96599
60813 86349
35695 46057
31849 76329
100902 190577
82155 186981
56293 136727
95991 191684
35638 70919
44718 130214
74433 153025
23902 34701
78671 144275
49962 137244
1716 8289
22794 72148
4590 78223
42856 157548
12121 31723
143662 149170
182057 183150
124745 170816
104347 198901
35383 152403
156719 171288
39693 121241
55056 109108
173055 193619
104835 198172
141418 153725
96703 139886
51237 97100
158144 177260
31178 139994
68448 102942
79113 80090
46977 168710
28960 54097
59229 152895
122946 189309
113144 196944
60682 118228
111888 136962
109343 197384
82886 155598
79585 182728
56466 81256
6253 121532
178841 189863
80698 100394
30354 185910
3635 156730
53936 142006
28854 98526
30686 91610
104910 136742
186427 195044
6456 67085
105164 165366
22603 199448
70373 128085
106912 171730
118122 168790
32966 155895
75947 120716
81211 167074
35751 131210
91164 144481
117344 121486
14657 196915
124249 192173
27950 158668
3678 195954
84129 101981
56931 181629
43919 165686
13674 169307
100093 172173
100190 178472
79600 114285
104772 131681
194919 197424
50765 137993
4318 87111
139254 186677
154522 159298
65202 75491
60813 162808
130232 167863
172099 180777
71998 81389
20633 89003
164126 193346
136832 160181
30265 91610
117803 192755
45913 49255
22147 65020
23016 118190
4751 122946
53936 70396
91227 160568
6891 55537
73248 130932
15125 147074
19296 21786
33597 53930
24413 177028
93268 180455
113170 191928
29947 37262
9108 79758
97040 158073
47329 178367
142006 162996
45838 164230
71745 126803
5742 155370
54994 103763
137522 156719
22520 174205
40590 48582
97118 100448
112876 148965
22804 33466
21093 100190
181004 181485
138850 157858
41532 186364
160778 164737
87802 189033
2218 186412
176672 178510
87264 166249
46929 94776
13941 53011
109717 134297
23635 87271
7120 42446
123258 189168
40788 110964
39598 153610
21210 49887
114285 184241
109209 125685
14813 114941
160561 183187
122765 169311
107121 148432
174639 176620
136670 140742
100902 168560
35515 41807
127711 179501
83098 125812
132849 161542
77670 120418
109591 182026
4298 13587
50864 131373
79109 105231
10415 11163
50054 69182
82102 116810
112291 160181
4174 157793
24334 179054
108654 125095
27594 93983
27815 75588
90733 137141
181419 188971
43698 148005
18085 115227
91152 151213
50703 147531
41532 170551
36437 151721
74279 109353
5108 146757
72707 91873
7896 96465
31849 171972
122736 147074
45209 155692
149012 168708
41885 69640
42278 63222
127309 137436
21213 156710
89130 153713
2527 155381
173071 198817
86533 132364
14289 144481
139661 175754
85525 115498
73251 78276
3942 25807
32931 85165
153537 158614
147708 158668
29691 92810
134338 195203
23902 58405
128794 197290
76137 139624
133101 152272
43598 144527
30623 50870
58812 155758
33588 155496
14289 182133
153884 195044
3832 114417
4979 23440
44821 142343
124845 153656
12502 129629
77563 143524
31357 126440
77599 89932
942 119831
38627 102812
31048 69640
23038 58824
3465 73248
150128 178733
60784 177749
30397 114049
27474 62937
91610 101497
78156 144698
151522 158070
89595 91602
122966 142328
136861 146848
62094 159019
15560 59628
117009 170551
5987 120393
74468 102909
116853 166754
47329 191901
13293 58641
123739 177028
115549 175885
74719 192794
131661 180332
41992 87684
131347 198149
5116 142438
153183 198901
123839 170551
70174 195221
17931 176312
87268 88390
139459 171184
80698 168693
29035 131347
1650 17278
98171 187887
31723 182994
239 66756
90121 98955
115959 187655
44035 153797
26060 152958
3678 24848
100562 194558
39773 119936
94411 141243
110180 179493
172582 182057
140680 147200
51334 70396
33660 102583
149809 187580
64832 192186
30623 169283
132341 185676
23301 196266
19296 48026
5987 99356
114616 140262
161218 182282
163915 169138
3427 139009
120374 194919
14575 82687
2218 92205
79349 144275
35948 71861
146421 186597
76966 144367
45623 65132
102583 152343
39956 140693
54379 94051
17222 138850
119582 177028
56027 86896
141956 185275
383 43476
3166 40863
41062 129255
114358 137141
59248 75189
108396 132352
35515 96805
8086 144706
83121 122213
57382 75908
32714 192755
71114 84321
16525 197098
72935 107777
20416 165444
155496 160566
101497 129204
145194 158678
60255 178841
56633 97271
34989 159933
162722 189309
39183 103099
178344 178630
61880 83012
88550 92728
115845 197325
54118 106869
143094 154296
141382 172898
125134 172010
126685 185910
95729 109343
154425 185534
137079 184599
34986 162643
45886 52090
55249 161768
6253 69892
17570 73488
18737 97118
93673 175330
53930 191470
23727 121991
111755 133277
114417 120981
48186 57805
77670 84037
39606 137268
79600 115065
143472 145031
5809 101775
169095 194575
72521 122450
58405 68075
108845 172030
96467 142454
28938 69550
149321 169738
46731 182259
18628 107926
59514 169076
52860 148775
117776 131830
8562 10247
189059 191492
2958 94891
85438 178677
2965 158428
16149 194919
35586 161768
122765 177436
58245 75846
56931 188974
36526 195753
14186 137796
143393 168771
113704 146848
48582 65002
42773 156749
90947 99411
87849 138753
62433 186851
46800 119443
262 26599
84141 112357
71035 119832
16750 61915
75499 90497
136538 143150
155370 197971
16149 88411
61436 152958
135100 192403
26699 154425
126758 178552
40511 90178
11123 50106
21653 169738
191308 191928
138824 176622
172173 181274
102110 196944
141243 161468
23562 178344
20961 103890
37262 69189
76770 124162
24165 148335
90947 96171
67702 82649
21629 51703
80785 175924
145680 175644
116932 134815
36854 98835
83936 192794
84580 87152
164737 183825
96517 148424
48520 157548
36752 115324
46164 115761
121928 162789
23986 45422
127177 180814
126387 199533
107123 125134
17732 69369
22113 84141
23562 183318
25421 172669
82886 171694
20922 173184
65049 172066
37806 173002
26236 181428
5987 186584
18915 132265
2684 95773
5742 145282
25000 117391
74553 161806
15029 88988
37442 49887
9460 181419
13841 17732
8086 171902
91771 161565
3794 142840
107589 144919
55283 109189
73432 88427
16187 95949
131515 192097
47941 90745
143150 196219
176302 197537
20419 88356
140680 153224
27363 198070
119277 135390
103651 170156
140311 199181
142006 183612
153779 190811
43542 64312
50703 125752
16276 93915
5933 84321
140780 169844
154532 155531
157981 188062
51281 54379
53246 186646
41985 166419
117438 146839
104180 113867
102583 154170
137993 187155
14576 104246
9366 169305
23511 68653
66144 145762
103409 140919
177567 178371
39470 75189
23514 175749
3094 189059
152817 187508
148432 157799
83697 155463
115984 199302
117904 119443
65356 165686
95965 179362
6599 80341
7618 14186
67860 189311
155869 158732
146154 180332
45473 143095
30031 135375
23148 191308
32391 79997
110210 127914
35292 69594
142375 151245
46348 175401
16928 160472
106318 192358
22721 36590
102264 162643
58642 107010
32306 166447
26627 196404
60577 88833
126982 174627
59855 100020
131136 158850
13241 176135
93385 172582
383 99986
77795 124829
2189 121342
14353 21921
16187 125563
171769 185534
31153 31723
122379 145031
10010 29522
24936 37262
78345 99971
3141 97483
27138 46043
72880 125317
64483 77839
6123 137165
87094 87419
16587 48623
17251 37088
17614 181405
31094 71984
157799 184598
49260 88831
87261 137079
44487 49962
50026 98889
28489 188974
132542 150527
175401 190061
158254 197098
44697 128742
40881 178030
101292 199463
2550 145194
13841 130099
90724 176323
143604 188849
83953 87802
39398 106215
61723 174205
123064 142515
8397 79997
94662 181220
127530 146920
110911 154563
79600 106042
129255 181040
176302 186000
13678 185534
3794 88330
93268 129419
42472 186031
90947 198171
27855 98526
111992 174614
36184 92781
42866 105794
260 178844
73251 165997
137670 141341
132274 181405
37262 127200
11292 171326
161590 187586
34730 104772
32119 116175
48982 167556
10529 79945
13561 66015
154296 193236
71724 180260
126410 168708
120210 180616
91163 152817
16928 73886
102928 119582
96780 169624
4155 35342
118928 122712
11241 27946
73414 157004
50538 65606
104772 186224
55999 152593
36522 47305
113985 136538
169435 183952
117344 199586
94478 173055
45275 60479
109426 151522
62826 86794
129500 133407
84719 192097
18990 32306
9042 80449
24459 101254
64832 154231
27594 172157
85630 162071
23287 157732
112291 181501
8395 100201
108578 174967
58265 140568
51510 66019
48102 81279
185823 199413
40311 87977
100482 166689
102497 117065
83891 188401
143808 193269
7116 128364
116270 141895
99526 183187
80785 160691
36366 83522
28965 126410
129400 175885
72942 145316
64978 83522
75328 114285
97674 113818
36474 133395
151242 174321
66126 135914
66901 91602
69501 103346
12548 122874
39890 145950
39773 178925
66195 127273
97483 166147
8934 126021
89595 93885
17386 102147
98478 147200
16867 167037
26685 63439
74153 99411
22721 102236
134856 176891
17662 193285
34746 96680
23468 30978
148568 199724
140878 188737
1662 53701
73095 118403
141243 163256
106662 163189
35628 174729
38251 172066
35793 137471
63608 157685
25807 138123
93983 187712
48250 48642
41287 192847
44487 102374
126573 142780
63321 199063
1170 67198
5199 8668
46060 93492
114650 167935
91912 171694
130766 141874
102287 106520
43790 118041
142872 148424
65202 127587
9731 170237
65256 83921
48186 128709
181501 183364
45754 128567
131885 141353
47818 117904
24334 33423
80339 107926
139577 194456
151629 168710
115379 148775
159942 160706
3427 117821
59852 117776
44715 78097
64832 133748
176598 187712
54213 197384
153610 164207
33501 44715
6381 58773
33588 97178
136864 155431
135749 194624
123337 127763
21475 137436
140771 169103
24020 139899
18990 103543
3294 4174
30901 197537
71582 151308
96668 131136
8934 199453
8064 141496
72864 114521
86971 152623
5446 84654
96351 167264
157336 170237
5108 105135
124457 156583
83524 199463
42745 84430
22191 43952
17060 199463
8471 84129
4223 101268
57508 132265
134175 198171
3794 149377
68146 96599
90173 108917
120098 191233
82082 187060
63310 75189
37928 194365
156320 158668
95906 160002
49728 140771
15029 64376
130165 154391
30016 135390
36533 94051
111220 137436
15398 117803
45838 57523
46043 85998
103779 178086
3141 67257
110087 183334
20855 121900
27713 138767
59628 60059
54278 170237
181774 199227
117438 125235
34848 67198
21372 163386
4544 77138
111728 181315
77220 159129
23562 75507
136939 155463
168790 181013
89666 99896
91593 115789
168368 171684
13561 191272
133615 158328
140886 196804
80712 193076
63353 154170
196649 199465
125204 170170
30179 169916
7933 145192
6990 63860
105531 158328
26193 162335
87411 94411
128794 179207
68260 113978
39657 183090
117127 160706
91164 140737
20630 190586
28489 48652
24459 193532
169497 173761
73251 197896
112399 120310
65798 178755
126199 185985
51702 156457
169527 179729
27166 65049
14161 24459
34939 46749
19026 131830
19336 134856
53450 55249
18299 90497
21308 50524
25900 153721
83629 192531
10010 111181
38646 73211
4290 63612
147277 170198
136493 153721
129643 174831
104835 157924
158668 189823
176039 190268
17005 187586
29793 196823
105010 144301
29793 57219
25652 98508
29691 46450
66594 142110
114469 155246
74553 184618
82083 94051
130771 191894
154123 178603
77161 183825
125134 145114
44698 105484
70957 124355
85780 145618
21706 99114
45422 154151
178958 191372
25099 150474
340 84037
172669 173671
83522 183722
100166 105659
60459 170156
14132 117427
11410 29324
20961 62134
83524 160244
50388 199413
97483 118263
8653 184721
22804 51471
23871 160906
10965 125134
106587 168816
14016 74579
60898 176401
113486 145680
25597 140274
35628 182231
43373 140000
13456 188740
91461 101311
174068 185309
164017 178733
54440 131155
122625 141418
56105 127473
84495 169428
43919 101450
28960 72534
108606 129810
92431 92889
125692 149477
65550 130766
149324 170320
67257 160482
89826 142872
56265 59346
31162 50749
82278 188971
76482 125030
107121 152252
25099 90915
139285 188974
153474 182432
67776 169814
78432 90288
9853 17386
79754 114521
64463 191371
104308 177333
181489 194624
151151 195229
100394 152946
57531 158070
8383 139475
46392 181432
41559 130771
99748 184278
147133 156749
30173 49742
42055 117765
66732 140262
41111 113978
49003 132392
38754 113760
34939 197265
16928 63366
105268 190463
83895 130328
80511 101619
87723 112878
147629 148059
147315 195111
12121 187348
140626 198172
117206 142438
17883 103099
80707 148738
17614 191160
58289 194911
136776 196915
21887 31376
63353 66426
20075 175408
2218 114294
164021 176672
21436 59514
25524 58289
11813 130771
147133 163955
19336 23280
75957 160244
72409 184530
2804 83776
16026 195613
643 108464
119277 190464
58170 85966
113009 185724
189223 195606
21372 196449
31173 114049
9101 83891
65102 199014
56438 72325
42313 53068
158073 183101
18507 183075
26236 150087
17731 64954
139285 139678
105028 172173
53756 175869
84772 142375
84517 127200
87681 163085
80910 92878
60954 102932
4828 37040
51925 175707
116791 192298
179340 187351
24346 143829
33169 199704
172559 176740
81256 149422
14016 88218
113978 170803
28288 194456
65020 141107
17019 104956
8417 84772
1716 189531
6436 167239
43887 105531
5860 23902
110236 130276
64353 155531
16525 27416
92787 157732
75957 150896
149258 177610
105217 132341
122924 134163
45907 121114
156148 177826
115549 173920
133533 157896
79400 97726
1668 197869
146558 155463
122625 176783
88646 126734
170121 173949
72454 116932
26280 68356
28960 84489
84736 183150
63526 96703
119296 157336
45275 163693
123128 168816
21696 91163
145525 159859
56931 118758
15822 40590
18222 137113
34746 134694
21563 65606
42406 72942
22720 165030
24197 69369
43373 164051
44874 179362
44821 115508
16075 39656
46625 117821
75080 87556
1968 65049
122625 195854
27347 169497
96479 139919
106662 126552
48685 63089
43021 71294
108162 133462
7140 8471
23437 69189
66019 110879
108639 157732
31357 43170
91163 167633
123130 135026
75514 85390
82499 147738
29869 56989
26496 113486
28491 133295
113732 123337
73095 106097
60041 65798
20397 72148
96382 196219
43828 186736
87881 191894
31173 180822
15400 153648
27496 135202
34947 124343
32541 149275
30910 41090
29302 170690
100207 126194
68828 117127
31269 167109
14657 93976
57271 152623
76175 199482
4201 86896
18299 160098
37352 188606
20397 134734
16723 60898
50076 109977
32906 167863
39220 186543
11813 43688
36854 39182
8447 26576
144335 148782
4841 27946
27496 162227
80484 167841
73326 165419
20457 187787
35702 148568
84093 197869
59290 175911
52523 104956
2684 196833
80890 144381
111906 152409
98940 168652
139316 163693
1461 120573
50011 76945
160160 195606
157981 182896
114646 172206
9311 134158
108464 120462
159371 169916
14575 195367
10434 83322
50106 164417
17730 195700
140568 143768
89408 178874
6579 84411
96432 166211
64577 125746
123231 191326
14161 138071
72935 140953
31757 181095
95807 113023
83953 98811
10782 51209
58944 73911
71224 134734
51010 153628
12559 170254
88218 88257
57394 66195
106396 172066
60388 153537
3465 26868
36474 50759
20193 42781
21613 132316
76330 81337
21706 70020
161240 191272
41985 104631
141787 184540
6381 59308
75096 95415
164051 185872
33597 75051
169311 184244
138767 166422
82208 100836
18019 89826
6760 191067
12502 63041
21198 88808
48626 121804
152156 192878
132813 148679
13362 129400
83883 192794
77752 85438
44260 87718
19296 34745
67217 87268
5199 101523
3359 91071
29120 134297
41062 174820
34701 153886
21594 147722
17418 147738
99740 152272
13678 104754
64566 158668
75664 141894
15574 191684
84727 121486
179616 188720
110857 196266
43704 120174
132233 180822
8666 13456
113732 197069
114650 199177
12559 61668
140304 195910
47269 178896
179986 197207
65398 171769
71861 164341
20075 122913
140849 142371
172383 195671
124499 171730
7194 138241
117427 161142
18469 60813
18064 22606
56647 147758
11988 190811
21308 99729
96680 132227
75212 198508
69550 160674
50864 55432
130766 154097
22498 68146
101237 139577
23791 195733
116791 141630
149044 187712
5809 136054
83521 96507
156445 190244
35586 113496
4290 157314
144275 186330
82886 121573
5465 109717
106042 153319
5620 122857
54097 152590
51721 166816
20801 161219
40094 111859
76261 123145
26200 84772
95362 171134
84187 129810
96432 194206
32515 128794
12625 64815
151845 173627
186276 191004
4140 35940
122736 129025
55432 156800
91967 168657
158428 163066
53436 169535
6481 195700
7425 90607
27855 178419
6986 172046
14511 92844
64499 71490
91967 187128
39598 50117
165444 172922
45538 158794
64312 159742
3674 160181
128357 135829
72721 160708
83921 190279
62296 182889
132474 154170
140986 188047
143524 199156
9042 181920
55848 149422
52523 129663
18705 88185
96690 119182
56138 105484
51281 79402
64559 197290
141900 164126
78903 95991
23719 46663
64832 140608
383 69862
117800 154948
35682 161550
78032 185644
112331 123064
26229 139899
79600 182025
93983 119818
111182 147890
35751 95845
131311 133886
34414 75837
91488 148820
59875 196915
116853 194535
62857 194558
63439 78646
152546 162808
963 195229
88257 151482
142328 197669
105156 182994
65533 133113
33569 156148
97393 162279
18222 114853
23301 81969
138123 179427
72935 170873
56148 104514
107777 138825
166596 190244
103282 164341
82499 160411
29306 169307
46300 170977
48560 138427
31320 133395
46590 124385
94083 190107
96432 175436
141708 152817
53436 156153
73244 165030
153779 164589
46399 181165
26777 154096
4742 17465
26599 48477
14718 87556
149248 160531
31659 167618
68861 102928
89262 109531
106952 161937
83883 142369
6413 154123
147758 182925
115324 175874
48059 134803
83698 116175
69550 153824
85966 185369
131653 179340
47057 192186
72844 145426
47214 115984
15028 159334
28960 100078
7120 85042
72409 146356
51319 75732
147074 160158
140304 174022
34490 106824
98955 130967
154522 194099
62382 144219
28938 148278
30107 104634
124980 141243
114856 189172
48516 180625
102675 138621
102973 156019
62121 99729
3427 154893
34848 72943
32119 183683
124861 179362
118320 141787
5661 105794
46770 61000
16276 162794
44155 93976
16315 171799
110964 190531
17171 105484
37467 181288
1666 192881
84810 128134
99114 102507
92227 160906
144527 191190
97674 173385
138623 164443
46270 180777
49634 131696
102092 175436
170219 172778
10504 21811
6579 100886
82992 116802
38572 126573
17945 50064
22234 129049
36483 157548
95775 167074
111737 155025
83697 132931
76955 134167
9538 145762
43331 116766
34569 199156
78657 97393
55457 134072
123492 181419
121115 134918
170977 177263
107221 127711
10965 78116
1968 76520
117765 122886
36437 44334
171694 176501
14077 196449
172951 176620
110600 188191
154536 192417
64566 172590
45329 168545
31376 148359
114821 148080
152310 182826
155692 199798
87863 139678
62121 82325
3466 89265
83698 107534
82886 132326
1668 167103
17699 138825
39470 180104
17222 46933
123097 172032
9977 153436
6088 159954
22655 121240
57105 176973
44101 83098
62368 85438
33518 156719
1827 50076
41797 132542
75570 187060
11535 116791
75645 77795
47210 160561
100883 102973
47757 195606
15822 158437
20233 161768
81614 84719
74967 86451
168710 191228
15093 63092
2550 11150
163845 175408
146155 188401
7933 89376
78097 124025
12697 139254
51000 63984
84489 92946
117217 178086
14813 14999
158048 182872
109730 152403
47477 141278
2348 181091
109102 126552
55848 174677
27363 44709
145979 147267
16593 20103
9913 51702
109566 171662
80068 120927
93492 119343
100933 134430
52758 76198
2958 92758
18496 199894
40364 62573
68108 199482
81736 98478
144106 152343
2349 92962
136139 193619
79472 154893
15193 106587
51130 155496
18628 65577
88646 136110
28092 33597
15300 48010
46457 133957
1968 16241
51702 87141
89975 178677
69550 116768
165901 194148
69588 130044
24290 138493
90415 154271
152623 169227
850 63671
13241 42829
51279 191868
29274 44902
133601 195498
22023 64312
131241 145618
78861 184097
79103 167618
156168 161348
111508 194083
115845 140142
137141 172184
14477 152895
24048 187602
22627 70257
6930 191372
160910 176647
21475 34543
12121 142771
114808 176740
85165 92653
5501 192505
32119 110301
16526 150342
78251 152531
1655 51997
37262 149669
8502 108794
98572 139899
36113 144698
111695 184915
58642 141373
164333 199413
158254 164303
13112 164021
155598 172142
73622 117800
52963 60059
166689 183514
14813 103765
95073 122450
114483 132664
68540 192358
58292 136861
144698 170914
86971 155400
25696 118745
14353 174985
69796 153224
22100 113074
64832 89448
115025 150111
24867 46165
54004 74754
67771 145913
43856 44035
124246 188368
87556 164382
61143 119505
1980 19750
4864 74697
55207 156227
45838 91017
46729 141630
36237 71984
21696 155846
50423 123714
186031 186362
55423 193285
105261 155370
9932 120084
133321 185676
49962 163077
11525 148236
61120 98376
58082 155370
29076 63087
1946 172694
84752 112530
31723 139953
75491 193480
41545 128567
20467 104754
19292 134072
20558 40883
63977 152590
80186 143673
106513 145756
22675 134803
48486 55283
62559 139841
28288 197724
3674 77970
172173 198737
58122 195671
30179 175497
65002 90831
142748 166501
98270 98647
130520 161590
21095 115761
153269 158328
90915 150591
106912 156381
73770 198687
69453 143604
94307 190577
86265 147758
17996 186412
62064 76137
61190 66335
28965 150939
144283 149267
34350 153537
114772 139475
5875 25099
4497 122925
35183 61023
76879 175869
103361 193543
164859 192505
24202 123097
140508 175408
104180 191740
4450 78223
10396 178630
132233 134255
66854 159722
54935 55878
35667 129856
75212 84709
42111 81563
1827 194018
35884 161012
9010 171307
156710 185030
67224 114856
24374 185309
123757 126997
115231 179217
2062 57341
116766 197062
18397 87716
134858 137679
30687 109189
28633 78345
17996 172554
50912 90497
39483 55023
45363 69501
159129 166213
79664 128085
139032 187155
46510 192982
154619 192755
27496 197054
44874 155935
141189 169101
160992 196404
46864 187351
72292 167633
79957 170233
49153 177263
22257 47966
285 137670
74909 163751
30855 159298
30230 129496
69450 158254
28288 63963
39749 101961
10782 65172
162279 180551
18886 121345
29076 69493
48260 170436
63963 164365
121551 153859
16750 177273
88634 181199
378 71490
19336 57081
65239 164859
82787 180455
8040 139841
41485 78116
56096 182889
93909 152590
1668 159521
139372 197852
175733 199720
26685 36141
33621 86378
106989 152343
8014 115845
123492 136561
87556 147252
16149 95806
34746 90352
26523 74719
8895 24059
149133 195221
40853 114941
35667 83256
101792 195013
63612 102511
96805 178427
30265 152124
41898 160708
30031 59745
57904 74255
181424 181566
135488 162071
15066 75947
153648 197096
158237 180777
32890 163077
14813 23522
78664 189831
32044 63851
34336 116019
37244 50463
59070 94776
101523 196954
156601 174119
92191 195574
21653 93086
22804 77800
100207 138079
131256 195733
48447 82532
89130 102250
59525 80789
14733 70106
4544 140587
34003 57506
147327 156148
120969 135807
108091 147629
20205 92431
985 194801
141630 166812
23483 79512
107945 151989
23728 25110
74279 114705
13293 32133
131639 197062
89678 191470
29340 199952
15157 82155
90497 156430
60387 136110
8471 184099
7095 51237
132664 158497
43908 105261
111888 138133
73095 152225
43535 130195
120374 130281
78639 178344
92648 101425
70110 114026
60682 151364
47507 50106
93909 112076
15012 77138
21817 180455
159896 183825
64968 153520
71354 118758
36174 120219
59104 92844
78657 107209
6173 121798
8991 18019
11085 24063
29172 55201
15148 160244
100362 163432
4608 152546
85042 100593
13482 194018
51281 101410
101447 186224
2348 191458
84093 110155
25000 75616
75846 119899
53279 197537
3947 135246
2292 172235
55432 186676
887 199235
84839 198244
46030 190629
83452 192496
15574 127824
14790 187742
75837 79525
105219 134919
135445 144219
6456 105850
50711 50868
174627 195873
114539 147722
254 62826
127200 163446
14657 59405
29841 125752
30265 194980
22804 91094
84605 155949
138071 161637
134387 157652
122752 165419
83629 147938
26818 129643
178733 187677
156962 186364
39900 144729
4901 87141
43212 89221
84675 90693
67067 105217
67010 154097
70520 178677
149170 172920
78639 175402
126748 199463
50614 126009
67666 156320
12430 194099
122874 186047
4742 82849
125164 132970
11225 57799
3544 154391
105228 116180
159604 195221
43535 153807
5284 31094
151810 160160
88015 163066
45363 64588
51510 142150
14319 181474
100201 174373
61436 124329
51111 172099
105703 144813
25329 68108
37520 119582
63285 183722
185369 191936
35796 168321
50054 83889
9335 54379
36113 54255
63931 121928
94253 198901
8288 63411
97920 137522
120927 178834
130052 159742
109353 192332
15125 187767
50041 193346
92205 164641
149012 156822
15029 192560
113872 158328
43680 171842
31723 189150
186347 189921
65239 182253
95487 119251
45642 189921
79205 126719
16750 193955
99863 173812
93408 136276
10782 97151
109087 148049
34891 150490
66197 187023
110982 181414
51561 125317
8743 132341
39956 101130
61190 118802
75553 150591
55706 140857
1740 74567
147629 194301
32648 144275
46510 126355
19670 69892
30661 125159
138422 152409
81681 190244
37458 39890
49129 59308
95896 190463
78903 82526
61000 198483
56707 131136
183450 189212
28745 170237
59312 128455
69033 144389
71998 187947
4901 145860
90377 156019
21613 120753
10259 186040
90214 95098
6990 20841
82300 191868
117443 165603
75443 100970
29924 42116
112574 137618
69450 109773
50003 169339
112457 156445
111220 155855
26293 77839
29120 31768
119432 189223
59654 62433
90724 176383
5382 118403
93539 192505
111100 153224
27416 131775
8781 35638
122924 188199
26296 130617
26280 163013
31937 186676
89949 115957
51072 103282
6146 121114
32016 142328
84172 187922
13931 148820
35383 183758
44963 145762
41292 177263
114646 169660
76363 158678
65436 190650
76482 124295
24020 31373
144327 153807
144381 174420
75608 156719
36701 95991
84463 151522
123128 156004
155949 198040
126944 178958
126203 181474
121887 196449
47095 77970
162227 163798
130501 172853
41662 184244
108832 183612
23016 49425
71733 76945
7921 173627
9508 125204
66594 159878
106347 132970
68444 89393
110387 196404
46929 51182
18404 156730
54440 164137
50099 135002
146155 177878
150474 166192
107010 161189
140608 145176
6429 33945
51697 97599
60954 138067
40788 139950
125400 167906
34131 131959
55945 76945
66358 113799
147863 181920
50611 122772
197453 197640
126552 135992
95016 150139
52523 82607
107119 184501
89774 167841
31429 149044
137525 176223
66195 149681
33597 158018
70088 171769
109343 181237
135215 142150
3490 131241
124592 178455
9430 118380
143829 179641
33311 74644
94291 163386
91038 140437
153361 162082
54562 183599
104858 195700
32890 150542
20841 101734
134136 173385
94457 109531
26627 148833
111888 190263
101425 131981
16376 173761
125729 147299
8471 105677
87863 183379
116535 136769
4497 10272
3832 64178
132468 167103
32498 78032
30397 159175
69277 122379
39900 101289
11149 154425
57109 140857
159168 169844
54077 127473
113900 125692
118027 191372
69369 158476
76803 114539
25404 137670
63876 98719
1850 100933
116363 176584
110406 191748
33228 145417
184618 187513
45538 136650
171326 174294
110600 198281
25586 85438
87977 117368
92962 116749
55281 66050
152130 163915
2475 67759
25597 126864
83209 84129
146113 147531
106989 163241
3713 104768
11120 173184
80247 184771
93991 113074
62094 165275
145438 154123
113202 139577
83661 141382
153453 196954
20941 91461
123723 153320
112542 130099
4833 19955
43688 121827
2665 195175
34015 124870
62943 197602
100437 186000
119005 184498
617 199724
164882 170675
117612 195203
36511 115789
42391 156088
39303 107010
70257 72239
52029 102507
53542 126982
36200 183952
38125 59312
73425 100836
129883 130355
69182 156324
79729 113016
101879 181008
115056 116151
48059 89737
56859 104308
138753 166461
9317 84430
52073 183607
15155 199952
37947 178874
13460 83629
270 3166
150801 188849
117438 123748
55224 72864
130352 197062
44698 64778
7953 101596
41434 97178
19451 96994
118233 160531
135868 197971
142548 162821
63967 118228
87716 127634
181624 191308
83652 175954
121827 198047
72154 142438
4555 22192
6812 88868
29198 154319
81877 82849
102507 124004
87152 169900
43579 128794
7203 198172
15300 109466
102932 169483
3745 188412
87396 176891
98584 164798
97818 154123
50863 166022
23287 178732
75301 199458
91081 167136
50868 137790
21176 183498
150163 182383
81484 140680
11299 190804
73959 177374
109108 163946
97412 181165
151865 171184
126517 148820
168333 181013
94944 195606
66377 78032
89130 145740
164523 177333
2067 75096
41047 106042
52675 199156
3945 84214
34746 166916
129362 163386
139597 181288
129649 142343
17883 46461
32534 125617
112399 145754
104026 146920
8806 29947
114853 158365
83065 83891
5339 63066
29829 90745
14477 67321
46800 59138
66779 82083
33660 157457
57051 102932
86887 128728
114801 159933
94604 124343
57985 171307
121081 182826
33197 142438
46234 89774
58479 112894
15121 101447
40783 104956
65452 91610
7451 121345
66144 156743
177701 184099
86400 142727
115438 162082
129341 161537
68445 86964
15003 61023
101984 178844
85390 158894
56105 193799
153224 170088
62007 128631
37040 94468
63808 104057
51461 194271
105539 197896
9218 31939
57229 92653
195737 199177
29759 41598
41339 43535
35420 149377
152972 179641
122296 186941
68445 87476
18107 146195
191783 197424
75846 90824
13793 90831
3198 25597
27166 183335
95949 96924
124967 149646
25874 70456
9666 30184
52029 129557
67979 110236
25474 63439
96650 116844
86284 108162
30910 172104
28457 111737
106353 144402
34451 65718
71888 142771
185229 194911
131799 194911
139087 196649
15355 32133
75443 160915
119412 164494
2496 178419
37158 62440
32515 50720
67198 103013
161550 166071
54271 123714
40790 45925
40965 184530
50749 168038
53559 72880
68260 196665
51703 130363
73936 193619
39027 137525
155321 161733
86754 91457
73761 103902
87679 108654
123309 125677
100394 157671
57017 129498
142732 176223
42916 129553
150960 166213
101048 158144
3794 52113
145949 185646
101734 183538
76554 117658
19955 161325
76496 83883
142328 184531
32984 50555
77448 145525
112894 199854
109749 173771
9493 40932
8064 131854
20889 167644
156995 183498
54707 113978
7935 69450
108578 169016
73607 88653
86879 187348
111305 120098
111695 127843
66443 101268
10093 23038
5362 124967
54349 76363
14899 17060
20801 42418
103902 155043
6695 183498
37039 97483
43598 93841
24320 36192
53131 153025
29841 34295
34891 164471
45472 132542
78466 175402
9353 63860
79886 139597
13386 138152
4751 157154
120098 120518
164202 174068
29568 186646
88603 184531
71094 120981
9366 33795
10733 199212
141243 194678
13246 17278
15822 54200
104057 186379
154404 162335
116459 117438
62902 88566
42314 63963
115231 181430
30968 87881
15028 194492
143962 177333
26868 42923
89826 134994
23522 58077
58405 80759
85727 137400
61915 134273
29405 173812
120829 161768
18107 28942
140437 148219
63687 87104
45350 139221
73414 173632
97423 177028
83395 103099
83921 107470
79638 149267
72820 182282
78989 130328
41090 50467
136742 163142
125563 188154
110964 114018
117986 147938
177567 187462
74192 140508
12498 20416
143527 168135
2958 18811
88833 113984
73251 91140
81736 198219
45032 88988
11123 166382
19366 131854
36526 54779
119864 196782
67969 156153
4544 38405
54174 103361
22896 197453
85780 96226
96825 97271
942 161772
118375 132542
115475 135749
23384 74192
134994 155444
104835 189315
120118 171842
23791 74898
87544 183187
176730 199854
20469 21436
75656 164207
38303 107777
153681 176598
3678 11198
132352 151576
10476 36366
136117 186941
131990 195412
44661 149809
113513 152070
114018 119779
74909 152831
35515 167011
89376 109688
51319 151463
120788 174373
162808 191422
11410 73449
55851 126830
21260 90461
71731 102083
86045 88566
57374 194500
59209 168321
55878 162298
12550 75096
8154 21563
39684 187731
26193 125203
47305 137555
7725 128134
2475 167728
2958 31305
115434 199332
105850 123632
8857 135026
161550 183401
38949 142771
52921 110549
9108 24097
10782 167344
110155 140487
57299 69550
63411 170354
162497 172527
75189 80642
87262 183607
11120 196669
2202 95487
9843 12390
9995 139661
9125 16173
166816 182495
64780 124829
16868 17251
25049 157652
52098 118260
10259 65825
141418 176991
109773 164455
143472 182655
9125 193190
28854 125185
105175 175408
777 80712
24565 197325
28813 135215
122924 156728
6584 115025
79472 145388
140262 151740
90735 105110
116207 172107
169939 189921
72737 180616
84660 104768
10529 164112
80892 178304
46625 196611
15596 117821
122886 124927
33471 90733
8494 73936
32351 72543
98522 115857
41116 142424
68445 124762
92431 122319
89249 156583
157314 178623
10942 144028
20774 90735
25532 107531
40786 69796
11299 175441
121338 129204
123235 179986
11858 183956
66205 168533
129204 146762
36483 143245
19582 43476
4926 117363
53651 142110
152882 156803
30978 34210
12618 158288
66505 195032
93369 178623
122219 185646
45838 80245
8845 162643
81498 122913
45387 176445
95016 97773
88788 188591
170219 179049
59232 65825
53478 193532
8409 17945
59011 142515
76393 84675
62368 84493
18507 110483
84037 156164
167007 175327
111525 173385
21985 117217
72118 183334
80025 126355
68888 142438
52216 113496
70466 124927
125812 136434
73911 89791
58030 131990
6279 30230
6253 79445
114941 120615
41467 164859
33945 134162
33423 104147
126997 183541
53450 181407
32445 128262
260 153491
2496 64254
87714 183722
37040 187257
26200 57140
62611 121909
71240 177826
71003 199652
137165 172612
94147 105324
25312 164382
28912 176821
44963 173450
79525 134621
6932 50423
44902 118705
126440 132079
37520 184636
57029 63092
113176 143215
52213 99896
643 156210
180087 188218
143673 160565
33597 34810
114098 195175
152607 188720
132849 138579
132474 168388
133734 182896
7098 193428
40963 165031
29568 70961
79337 93268
1668 152947
96742 166689
49153 67494
88601 181405
60557 198817
45352 86284
10671 124331
103763 176286
44487 116675
100078 107206
151281 159694
8502 94483
98459 141787
115255 148459
16723 59631
134228 184540
110549 132379
58712 128930
33409 153690
30623 38444
23494 55141
6298 40883
159371 176234
154097 166386
190654 197069
127473 199409
129245 173684
72507 172527
61328 149473
58170 183456
33886 181900
73539 164162
91966 152130
164471 177839
51471 53429
55426 181424
15093 50802
10785 166550
117217 140140
73488 163378
44902 130724
115445 118190
73770 162566
1012 91227
74896 156227
44821 157517
3248 115056
18886 135466
24511 184501
34839 69262
54271 151537
45937 83936
1747 81744
10300 181414
1507 75608
82868 92648
114939 160561
70466 168946
100565 182026
60954 104909
99478 193154
120622 176584
18097 36174
54652 153183
24384 185872
33471 68012
107693 199704
80417 169939
63411 88256
154153 181405
148833 190514
101826 176622
32425 90497
127309 170328
89642 121298
2042 90374
46461 67962
72689 72721
5933 146160
131294 178086
43609 167239
71998 94266
32750 104768
16436 40863
24446 47966
82868 198967
27029 131241
150163 176008
49962 82659
62579 150801
40881 138837
109773 182673
31903 144381
149477 179094
109004 186981
51237 60105
59104 85229
6176 53972
35916 110879
81364 178896
48642 137829
40932 44091
81647 153474
37040 164141
77795 117829
158070 162999
81681 155190
8844 67877
128959 176891
32456 105659
141630 165007
154628 189212
115549 188500
110627 172184
1735 54379
870 24202
22606 120767
9335 113921
132813 153623
47187 57703
110591 168952
38569 56931
138106 195203
67040 192192
41485 58434
46076 129049
128545 137113
8781 181729
77161 189159
11988 197808
37547 120210
19539 72534
97257 195338
112875 114285
86400 139117
143211 187947
120663 186000
25652 131018
115438 131836
32016 135651
56289 178030
70466 175334
190586 193307
9218 43858
70542 169809
34485 121338
72543 109987
77795 160191
43598 128783
27363 38628
43331 181970
6503 90733
68605 156743
15259 172206
147708 164049
98522 168473
61328 175261
114218 192097
118403 186279
136448 183401
136080 191067
75514 140711
18891 180972
120969 177597
16276 164461
9407 116535
36565 124385
123097 125940
92129 177233
68884 136276
1470 117427
84187 145723
62528 106452
181220 194644
84126 87476
17606 197161
82854 122716
58773 179395
62943 93364
65398 151891
25312 195526
126517 188129
37748 102264
93786 156168
43978 194500
34730 81447
73959 87212
69450 101794
9825 163386
121551 188122
29035 182646
187351 192740
124745 183696
66749 81142
53624 140487
85042 175528
123762 197306
14518 69640
21817 25028
27166 136002
72943 178143
23986 83745
62440 63512
30397 155564
85165 133715
73449 124527
31136 92072
70548 86964
162851 196762
70881 72927
139992 144813
104495 106662
30661 79912
12548 130373
149840 192982
98171 166076
3858 50538
70106 80073
78958 107581
108824 183825
25807 168055
20467 113043
27721 173295
85174 166845
146229 163446
84654 198108
62382 65044
90173 183314
8313 111674
127507 132664
148059 149216
172173 177336
67523 188606
63280 195700
36141 142477
109073 113486
1827 22705
616 65398
60792 72943
72342 197453
16569 106912
50422 98572
11048 189172
174373 189668
125822 145756
27551 83745
15045 180524
14296 112529
100669 156227
64147 176622
94468 186075
53651 124388
50220 116450
89350 164494
160181 163026
52399 137993
93885 129467
72822 155935
39541 164641
126516 163443
10942 97538
18366 26523
160568 193508
51822 141243
32231 157456
8857 56444
34260 117315
82532 153411
93781 144389
38630 72507
83745 114854
22191 173489
128656 195412
105135 192091
82463 165031
34543 75344
44117 185275
35055 73743
96761 126517
4272 98335
128978 171972
22257 125049
134552 139368
41447 171365
96306 106952
26818 160455
42745 196622
54349 149874
43170 97617
15066 146916
16587 175424
50864 100409
119182 122016
76955 80510
28633 182878
126203 159060
72179 146531
75499 119715
121644 183062
8014 168441
6557 21138
14664 157586
33466 37552
154511 159371
39771 194018
39217 192303
71224 113286
22655 148607
38426 102250
19910 93976
43435 197512
50741 136670
6456 128479
57105 137260
52921 82452
153645 193236
48477 111024
5116 120451
156004 186228
58245 97336
43573 81744
116270 125392
54058 61328
114596 147252
178844 196289
25028 44115
100190 169883
90497 93043
17264 139232
112908 161311
3294 124402
93990 169122
127674 156153
43476 91366
101792 174530
79664 148756
153799 157671
94468 143457
5693 181485
55281 122635
30011 196622
76802 155949
21260 139595
37016 156749
8934 20441
60341 146848
181419 190440
38827 86969
137113 184006
38754 45664
110879 152132
16316 142438
16316 30667
101980 186276
34730 169071
44587 160566
38212 186543
93909 151590
128136 131256
90824 129041
127914 157133
122452 149840
54149 118939
108917 194692
102083 118905
110413 170354
183988 197290
101762 128455
166452 166751
32621 137861
144335 176743
83546 116196
71582 137875
154520 166211
175274 190577
156210 164173
86969 179789
16468 35948
31768 54397
18496 99611
84037 119572
132028 139117
53305 103231
35682 149246
131468 185971
28813 65991
55945 93014
43262 54058
44115 156218
39398 157749
28820 90724
79638 163437
51182 121555
166225 199332
6618 112694
46226 154123
60671 127261
310 9447
48414 66901
67486 130281
44587 169037
33925 119333
187229 192097
29759 184403
48477 97897
100565 112110
52244 89666
42433 142840
95806 166958
57120 69588
129482 197181
55677 85966
147195 163732
130166 198171
183570 187731
14733 84879
24053 109809
50337 57508
35840 122728
67257 138784
182000 195367
4673 8014
157375 181419
15122 198687
88290 106841
29324 187716
36752 121737
51319 124078
30993 94518
20896 196939
18507 18830
108458 126516
73353 198281
54496 80245
15155 167879
78750 134255
87042 99971
26496 78511
79402 104970
58289 92558
58169 135466
184501 194830
60975 132813
69450 98071
31710 90178
104043 105539
100886 196099
10361 91152
14296 114858
11373 191652
112726 173627
32351 173298
21260 196203
49457 186000
4140 136449
121330 160472
63957 89132
3553 143457
97217 191635
24358 106318
6429 110159
21909 40965
46864 154528
76250 134136
84327 174828
22516 26293
147863 158335
9843 111580
15822 114597
35884 85014
65555 193419
51697 177711
3635 199329
89408 179130
55843 56260
12375 116386
103010 126203
164494 194394
16241 92189
20419 176794
11858 198919
88002 107892
168412 173920
76175 148992
60999 148775
56148 160848
137537 198967
10180 35682
53904 97100
93123 125392
56136 126997
7235 40790
80300 183541
26079 89132
46319 75645
86389 167109
63066 186658
60954 197796
130463 146839
37040 66059
125526 185068
155935 186194
168065 191492
117065 153421
15029 192741
66997 100078
8857 19820
77127 108866
172142 186048
21816 152070
71986 160838
60209 114939
25421 51622
108356 134136
71984 105039
62902 144186
87231 193236
74069 119412
125276 131294
80554 110387
13587 143861
11150 195593
49425 121519
68316 153436
8647 88603
23863 185821
105667 190091
34617 181288
3947 111583
60209 159151
24334 171882
88427 152247
3094 28446
68381 155015
4334 171882
44533 182404
1005 27496
7286 50106
138093 140596
130941 187677
20630 35440
83395 113946
170320 196984
104763 125563
93945 107581
109730 173246
22472 135914
35667 155241
54255 155723
11535 30288
124078 161805
59745 86714
53972 89478
55537 151915
121141 183450
21138 70411
34414 106903
19404 77670
105135 181350
14525 184599
126573 196537
124927 190476
166055 194907
99688 156457
44487 147462
84580 111249
13764 147938
14347 152831
11299 106264
133549 152130
66198 101634
50493 117829
40278 88290
42446 53939
82176 154153
27946 28574
50863 77480
147672 176821
118511 193419
11556 175402
52551 160235
77174 110184
19075 30689
49895 168660
190476 194168
63256 128265
36603 108458
117427 139719
81972 141033
57105 183408
24954 59492
24063 168230
43598 59576
50117 85878
106054 178030
25586 74718
25955 179049
6718 109499
57805 133162
33588 152298
83936 111566
184241 189118
24448 148796
60769 134815
21985 164198
71588 99564
33471 197357
3248 13545
118407 172853
94446 125940
49260 63755
11858 45547
11535 77313
93592 194099
14575 36661
87207 100562
54496 195425
50729 160482
117280 192878
29063 170436
162289 171503
18097 95512
9317 156537
74487 93781
63335 186330
39749 156499
47565 50493
9212 10118
154271 177185
185859 199854
171297 173860
26673 114521
42581 169307
22192 144705
34535 117127
4921 8395
155345 182031
3674 118066
50720 164687
13456 46828
81364 95929
45537 75019
76957 171365
46392 66413
61535 117315
176323 180750
78395 122728
40311 100454
23902 29527
175069 195175
150000 186194
73191 118042
108897 159271
8099 52675
60302 188368
32849 179130
66197 108854
25807 93295
42050 73393
134092 141656
115857 124126
439 170675
138469 151242
79799 125185
18539 135750
20889 64092
117415 186031
31074 91966
12579 28813
14825 164017
107945 173175
171063 172354
7120 77092
62857 184959
88064 193543
25312 124198
115024 154893
28820 65951
174514 194678
1865 89774
34094 112657
100269 191635
88646 166004
19539 104678
1270 116853
110035 116748
180022 197971
54496 156886
8743 85607
137113 144716
17311 162872
74153 146677
11808 17386
146160 177786
41775 187351
37520 112027
36237 189073
101619 127027
149044 195950
23016 56615
64169 107945
109426 187490
70542 182262
74650 142006
50573 97897
83838 100448
30689 97169
57508 178514
53651 56283
153474 166796
152310 193087
15867 80785
29083 188223
95845 129238
102737 132692
98541 148219
285 12905
113984 171937
70117 110210
178973 184771
46800 169629
45242 83065
86879 181067
162475 178844
181432 196724
8806 65557
16593 67985
36200 167730
52963 175624
30571 173812
48652 120630
14576 76350
82765 123757
68024 156218
82358 139899
46698 114596
154296 179260
84906 97538
138533 147327
90497 105685
75844 198219
58667 87556
20162 124334
3911 145388
169140 198172
66597 138054
77459 104057
41713 60999
8562 179272
50654 165444
11680 46038
6635 53930
12284 42418
102109 119416
78956 104678
97435 170803
4045 155505
48046 97271
27255 143646
66825 72964
126578 154521
38999 183607
17418 96736
111760 147863
74847 109073
36192 83340
49425 50959
64169 196594
11472 66854
24537 50793
38591 80785
59104 110067
74069 94566
32425 124518
52921 67240
146839 163563
157749 197654
125500 174270
28457 164423
119769 141353
98335 100543
29710 186194
80063 122625
142328 164572
58394 145518
168710 187285
49140 76547
114864 189921
15867 84640
21817 60772
60301 162348
2352 89791
42433 63813
30978 73896
28336 109466
11150 158569
35391 118375
1005 80251
168871 192741
95013 158732
20579 86533
21308 192787
125677 179243
50802 148936
134694 194693
66119 142371
64548 72943
18483 98459
53059 59216
66022 166689
1423 8154
48301 171297
69000 185463
27222 165217
149560 193634
57785 60682
41876 45422
32889 173002
95729 193204
102942 167202
87716 188744
17549 48486
60302 78333
98285 123679
67257 137238
7946 107470
25329 81756
26818 106402
1607 168545
34024 135829
72926 183408
95073 199822
52668 89975
50423 81865
166055 176713
122462 191748
53624 62206
20340 175869
101728 177786
17191 141787
83012 135287
29924 74532
60194 117166
17191 142553
92879 138621
34451 104462
165202 198031
109139 191004
48934 169221
25374 75837
113597 155444
81133 120663
1012 50487
88670 178630
14922 49153
118469 122765
32130 105164
25586 151878
57051 178067
149879 192478
66650 125095
44155 111841
25401 167344
19910 140688
6429 106693
7790 160191
82726 154528
130724 194253
104678 139660
67230 120305
76435 197265
64877 78223
67860 115208
310 90420
72629 182849
44587 131281
18538 151629
166930 187742
105055 106587
100428 187602
105228 126501
108606 145482
64178 74249
46110 139089
104125 118754
53930 126486
68352 112908
24446 29152
51721 135675
32314 92558
48520 51367
85199 166249
4524 37352
31320 148802
57479 157529
61535 111752
60954 141132
44921 73886
37947 131298
61000 100232
84327 136845
146639 193532
40476 81337
45754 67457
41346 136832
19340 68014
26833 155189
18271 90607
964 184558
83121 125031
5973 199856
134092 166008
117310 196944
143644 175441
38059 158614
105509 121921
31303 134255
93909 107359
117368 153037
92571 197871
2958 149243
17240 47565
31153 171043
158237 176710
130026 169138
11198 136648
125317 136577
46929 99159
137897 190467
23984 127823
53436 66847
121107 196622
152947 184089
73326 128594
72820 83072
19381 57229
100902 191282
85372 151242
96680 152890
28489 82307
113308 138542
98335 196077
126199 155201
89249 140597
53059 119610
67164 149957
30978 97585
76547 153136
85966 91794
18446 119936
39993 53701
616 38617
45285 148756
27721 64100
66196 153320
173430 193285
35899 39182
107616 145723
83889 145729
617 81301
45445 147327
116175 158136
52476 197933
19829 32714
80484 186764
28162 130463
70961 132306
11813 116884
120884 127200
120722 198901
86202 134092
119138 155598
54590 123337
8666 117228
101353 169939
64074 159954
160244 195048
13674 150118
111755 130689
20021 77174
17060 165947
181163 181359
38444 199250
54149 92851
78750 199909
66015 90361
32357 142872
119663 156004
139425 189851
3947 177079
124221 188401
15148 137486
112383 160482
1353 10504
116459 175249
65477 179974
112480 156445
143076 154893
117443 120944
37378 69575
40790 113976
7744 28960
16587 92903
25969 189851
75045 100207
25102 53478
63644 118260
23583 73770
150490 194459
125510 174614
109216 174011
39985 184771
36397 89595
32890 38684
172647 198070
14922 128912
130064 173295
14353 58214
54427 88831
22734 124402
1597 66144
29951 197384
13016 113641
3359 84448
10783 131180
45352 77470
91834 138623
144698 185143
56428 91094
111728 185524
113043 123259
61915 89303
175749 193170
93976 121586
4140 43944
84347 101268
43864 48010
42582 181220
6930 102870
163587 183101
138471 187490
101403 163446
6066 199658
136244 145282
14349 98835
37751 43978
75237 198149
103353 135026
89826 140974
77015 159722
164423 164700
64566 71315
46802 114358
135100 193611
56931 157213
111600 178030
32691 119818
21156 111755
190744 193799
29568 80035
168760 178121
69369 95294
7445 154563
62895 117391
340 12932
71159 187508
41246 164303
138533 193240
102306 167639
8383 81945
97813 105712
186687 191635
118705 152243
61655 79886
13779 165961
131571 152000
18784 142375
82286 84517
123679 161350
2496 161795
64074 115378
32789 46164
28633 167712
91038 103021
154296 187381
74644 159806
51443 118124
15568 51237
107805 180972
118776 164461
91071 168252
37980 116450
22217 155531
14763 113978
12553 54531
73354 173850
58072 146839
78182 186022
81279 110789
131298 197279
129041 167231
44939 81945
127711 158911
36066 132364
103450 161325
80245 149943
49354 50287
68448 180024
57506 197138
37688 126758
21563 110292
118802 157967
8154 58329
88818 95073
26360 160455
28393 28854
10010 80414
82689 171902
17249 80612
32966 60009
13587 197695
20291 89361
81864 169916
24750 148419
12430 154880
30703 132668
8471 16973
38312 177263
12375 89878
81647 102723
121371 175644
45828 83521
19226 148796
104673 144919
18344 139515
8559 54994
34761 63575
870 2058
9338 41876
31418 46698
17442 137618
30683 102932
33036 100207
77563 101667
42898 178143
51703 160937
87762 96780
96171 191983
94737 118511
35586 62164
4454 151227
28288 128356
131155 163482
48486 82044
15337 68888
89774 133880
26130 144706
33569 42176
57982 66413
8502 192423
159371 179424
32351 136842
65974 195671
88371 90560
1470 132842
45925 87878
173295 184139
86971 152250
103387 109209
17171 61045
51461 65136
29510 101826
179441 186915
93528 128978
177273 187738
53651 88022
12090 32862
158335 167651
61193 150542
155723 192272
113732 155524
108832 159998
33379 80090
21134 84906
14402 102973
10093 190758
46076 52552
144490 182994
23490 140568
59654 140930
168328 180732
17920 71888
86349 124580
106318 110932
93043 178512
3262 156743
5339 79985
15701 78116
83322 154979
15699 139950
88290 129411
13764 186174
50544 138681
28196 156153
65335 198244
76137 156612
59514 99194
121551 177168
35884 89994
37552 130489
157112 195910
143282 164882
46396 114808
91005 192423
73014 155025
24867 143020
46367 85966
7290 82044
25421 144240
19644 197306
43687 62857
31729 158731
71733 75240
102785 160165
124592 136894
94891 178990
23130 25329
15670 172157
55086 115065
141496 152870
130631 160104
140849 159575
20514 187018
27347 196068
16750 97461
13482 83446
20205 102575
74465 113308
23530 83209
70281 164230
51822 127176
143673 176343
100385 193619
69940 185872
119668 124246
182348 196289
44487 51604
176891 178622
183705 197543
140597 146928
2496 138176
50868 113499
50862 83838
40991 115959
15400 29646
46720 84141
84580 142010
6014 10942
244 118263
62559 178164
151629 168445
66144 144091
14622 142745
38330 127150
36283 77448
2292 61249
113741 145949
50868 170984
135246 178716
36507 44698
43777 65020
120218 189073
147938 154543
179424 182258
108606 116023
88765 198269
159941 190758
1661 122481
20223 153656
96489 110413
82538 123145
124329 172035
145029 184430
109715 188193
69450 182227
149194 149246
11980 157749
72964 157193
57394 192107
97178 197863
69262 86064
31305 116426
18891 179397
88565 193860
10782 32219
37985 156227
176367 177028
43170 118154
3945 43862
89361 122920
4979 43841
71888 108201
10732 134430
57799 79917
121516 172030
66756 145795
14157 193170
24358 199331
160104 170728
270 133775
26818 111625
8162 130396
55943 131373
71159 122556
65577 143444
6436 109613
60041 142274
180095 195854
147315 185414
55331 58020
102236 139583
56283 118558
2042 34764
129362 175158
123064 131302
14229 135445
40455 144723
54590 177821
109117 153319
78984 97483
49183 87714
14974 139089
61704 197098
10307 90745
171949 178419
88356 160851
40853 156967
32412 152409
37458 198043
38125 116241
82526 181838
121225 174032
50715 148459
11561 86579
145540 171218
165686 195891
78989 127807
35930 118263
38055 83012
21308 198272
127711 159223
80417 109210
78984 81153
12081 15822
61249 94272
95415 121449
144829 158288
133533 183779
101619 173668
13678 14904
45925 186431
64200 195424
163085 171416
3359 4732
104530 166071
14229 77112
11245 118228
137829 168869
86634 118469
32620 155177
86400 96345
5344 163446
140969 194911
167569 188199
72721 92105
84271 171662
92668 120218
80910 177817
29955 45913
117217 128569
105260 189118
30581 99526
140304 182740
44951 156933
117228 119523
72454 90482
2665 52049
11410 77819
72711 87762
34558 147890
36619 84141
48289 183541
57985 153941
71731 197034
95512 199248
80818 110035
48520 198054
92851 176953
2256 193190
9957 128136
28226 85998
21766 173678
49395 193368
29795 125752
40028 198054
76244 139680
17005 184732
85311 100482
88667 183599
32351 89718
100409 157624
48685 153345
63914 141708
32778 187098
123715 198508
32498 188638
122625 132248
89595 198827
118234 178086
149785 160368
15350 109749
42446 67299
82481 198919
73607 105668
7522 63608
50729 73044
15162 81447
12625 71927
56297 197512
71094 195459
8036 102147
146692 148775
55142 57810
104012 196099
150953 178841
107892 168128
35097 60105
19829 125798
144352 156430
21094 190758
12863 150978
132399 185038
136894 143214
24848 181490
65172 138842
83148 163168
107271 118263
75051 89633
14813 31170
107799 192847
22023 160818
14756 90042
37751 63216
55878 112096
61446 133101
100416 190440
8781 90946
75647 83012
158911 189513
106318 199069
30107 170489
42794 103231
163241 194440
35440 132224
87544 160458
71568 106171
20770 195044
25401 134570
51604 163520
2677 170219
37088 147431
75198 136894
110067 120373
107488 126501
27992 36237
78958 143529
63324 65030
106705 185859
118666 195903
50011 124309
28092 163779
125392 166072
62457 84016
3166 139629
144490 184723
75784 108897
85207 113513
3262 195609
109073 180479
73880 190107
21388 34210
119333 136321
88916 108654
58381 182133
58742 176860
30801 78211
14870 153319
1506 161350
164260 189170
51182 163654
46510 78166
79808 153718
4673 117549
118073 160996
57080 81256
22777 172206
135462 174530
65594 131281
87881 181515
113985 150016
169814 169830
89774 199390
139919 188386
193383 199448
181199 186875
66126 199027
162298 181809
2804 41337
50011 183330
107403 147585
17945 51265
13177 81484
46076 119224
39280 100902
98598 122752
9801 110911
89642 99485
78750 193113
112048 139562
42005 88868
113403 169221
111978 175733
9212 141593
80598 89175
155509 158988
729 71094
12736 65102
7953 123289
4201 60875
173762 183135
130967 142713
75015 121827
139261 183705
155190 159498
76370 189150
94446 149580
124126 152434
111747 185463
9135 50360
94604 141355
116270 194011
69478 135100
75608 106737
27551 154886
58405 138016
21352 30397
13104 121330
140693 179998
74493 140919
50647 71294
132284 153839
154886 187776
84776 195910
4901 196496
40066 72247
78750 134596
46938 94468
109899 112876
54564 55249
48820 56466
139719 179066
77919 84321
12740 95232
87041 96924
105780 134919
64390 137861
52073 112256
127014 154379
41421 60479
4833 110368
62528 93823
130352 172633
39890 48702
113801 160561
50511 109217
44525 87762
133407 147010
97920 197641
116175 131757
4787 30230
87762 106300
93261 171416
27721 107740
3678 34110
110525 141107
56228 192206
39956 112892
32772 137471
12457 172648
77655 156457
106513 190093
31418 145616
35948 138549
102234 123839
68082 130166
62726 87006
14904 144820
97538 174781
21372 55424
75507 186009
1315 27946
109139 196988
67054 75240
37605 93513
85014 153065
161618 184540
152132 187587
35546 138082
129362 141204
116179 153320
79091 113732
101725 121195
14132 192086
116884 138653
4298 179977
126392 185143
38974 93673
29387 63669
59032 152132
57757 194644
152832 154151
127863 192272
88303 142780
30978 97717
84430 161864
40764 94412
163820 176445
30184 197004
44939 156150
78805 140708
153361 172736
190851 192186
67523 121642
92529 118122
86008 175246
4701 138746
87584 104678
163363 169122
7425 131764
142343 164602
52049 150026
74680 78761
8326 53559
54708 182057
22508 179585
37712 111182
35840 189000
58419 156710
71582 79204
25550 155505
44643 147224
13969 178552
60364 171799
38055 137225
26988 48301
32570 124221
9604 74019
97717 197912
84859 123214
114772 135903
85832 120118
46396 65637
80149 115984
28483 163755
123714 191915
47948 95232
32862 112451
121812 167103
172922 197839
46110 89590
22777 197281
131210 188095
34251 43698
3642 126466
39085 87042
167172 197695
169729 199909
123248 163563
61000 98784
37204 152247
46392 72686
91548 172920
15937 155970
38627 118095
144297 199533
139929 148782
155463 176388
23148 47145
30494 112291
93375 98456
72172 133386
22896 57302
142504 181424
120554 134273
18542 94324
40790 58180
79275 183361
49887 164721
31729 107883
185369 188205
90946 119791
141401 155365
17090 28813
175441 176601
16894 94051
80488 194045
46270 111064
144381 189259
72250 80818
36565 148957
166916 167850
169674 186031
153959 162082
84380 106836
109466 128657
41682 170170
8857 179351
55794 160191
31871 103763
153681 184808
161294 187490
8777 114218
11655 28162
36661 80590
133189 150128
43919 135710
2830 87212
9722 86284
74618 93786
47965 102083
62067 124580
3417 124870
75096 172098
28112 77970
14576 160438
67771 152448
1354 129400
46802 54676
51130 161734
123714 196914
107119 154354
57151 75645
27721 87047
79270 79945
123289 179705
48685 163280
7092 111978
27138 138061
76663 80341
160992 165167
2243 78395
145740 195035
37454 148957
55945 146539
65436 123541
57585 116768
94171 177333
159954 175004
35726 58030
62771 123258
14265 144729
144705 189042
136244 183117
2843 193144
98871 160838
116265 176311
153676 185229
32185 164033
42288 156430
94615 101634
4954 96489
67050 72711
72534 132131
125563 192732
52216 101812
139497 183090
7098 137944
20259 26685
4732 5099
76461 159498
16659 196219
14281 148782
44354 153799
19340 76835
107805 154675
53994 184139
32133 120909
136832 194686
90222 118791
97530 131981
33423 190240
116684 182227
138469 178157
73211 100054
84448 194502
67224 95328
68082 153316
137861 171848
71305 181000
129350 184959
50720 78628
20941 73472
110640 182994
5482 179217
107791 172819
130044 134361
39674 79912
5177 138152
84841 98456
89932 96002
181040 198708
3689 133601
2243 44707
1827 103364
33423 82723
83148 144694
170556 186676
113001 143673
34285 47757
50305 50862
178332 182823
153283 177826
103409 134407
83961 160915
127896 178512
43578 178304
20162 86562
81991 177273
28283 84736
55242 96465
51955 128479
86008 86191
38179 100428
78276 97664
158144 169772
20100 86562
182823 184349
66195 181304
5595 50220
35087 197640
21388 110664
51111 134880
100608 186364
105955 119277
118666 137694
33945 83714
52523 125480
86680 127530
105365 108154
63207 162497
56836 102870
100551 125729
21875 192915
83833 167103
24709 83192
78863 151073
126864 159285
79091 100988
54177 59011
24478 163820
71035 156246
73211 81200
94136 170219
899 79957
108578 132870
124334 156225
66119 169974
55893 187057
15656 168693
51367 153458
88644 122635
9493 114570
23016 183035
98225 130840
76193 190758
85244 152895
28804 167651
179217 195791
51010 117104
77752 167785
83795 85244
116321 183117
6599 63198
143536 163693
6865 91795
9843 86149
78628 146909
109817 139597
42288 161558
6455 71655
32284 175408
151419 183389
92852 115379
45838 123303
73954 118791
119832 137828
127200 151941
60486 88564
115524 130932
50106 115426
19404 172113
34202 35097
120967 136845
123619 164798
139572 187155
9010 113743
34260 41332
67164 93273
28197 79985
170309 181246
73095 186223
59852 132920
16659 156451
68111 182889
78325 117821
92134 113496
158856 170237
112451 125985
22147 84996
85749 161511
109907 178344
145616 194115
143364 166072
161007 177610
50467 166097
90946 152306
96695 113308
73886 129279
30179 159935
133321 176579
184610 191470
36934 66749
137905 158237
121251 183988
110072 182406
124845 190132
122975 190440
74898 94960
41548 166447
110591 116537
125752 130381
100201 133191
29924 168194
15121 126266
154511 165360
35695 102392
91912 104617
152000 180838
158136 167817
22720 49325
9413 171769
62556 159060
127480 164126
7896 131258
87543 147672
68444 193966
9689 14296
167730 198736
103021 127705
77015 91544
143211 144142
158121 198901
19213 141668
162927 195574
23210 138016
106989 197769
32591 145762
67257 167197
86817 134858
31162 175143
686 34110
57896 152590
95070 189118
52090 81324
144838 163753
29510 109503
41674 191272
85405 146229
77655 175727
154278 163753
123632 184021
71695 112357
118123 198047
96782 109189
126382 144729
14349 72269
38569 135515
91490 134163
83895 100231
5104 98522
69805 179705
5079 98456
61654 117357
11245 51914
116756 190892
130999 183389
117584 139064
182728 185001
23778 189000
37771 40476
57120 83347
50538 88858
98584 184693
66292 72779
23727 175979
113984 139176
66609 168533
135656 159175
42387 80341
129553 136283
172922 179928
82735 96994
60813 120302
84093 199779
119930 180111
47924 180732
80417 131102
56298 164890
2707 8395
154186 164017
60706 125563
104023 148965
130044 145310
30274 73959
44369 146365
78191 101361
145119 153361
97610 169814
50750 187742
144928 193508
116646 183696
60302 197124
153692 154522
139953 197709
8502 71210
57829 118066
64954 194538
44076 141353
2602 199399
23984 44571
179000 183514
3813 57757
23506 183334
140553 153361
38754 149308
45068 58214
48520 148336
51072 99101
100970 124002
90222 95117
122824 175441
24165 169717
76835 197575
40469 99863
65798 154218
33161 45642
136742 180784
127530 185508
141298 146848
143095 177832
65447 129856
78190 81498
39245 46300
1357 142424
252 102932
57904 165224
41447 83732
48075 137694
111850 154428
77902 164622
76322 78657
51319 189747
54174 96011
2393 74279
50601 168660
96656 126103
91570 110292
118697 179441
89987 99352
114660 133957
195286 197870
46457 185095
54472 172257
78891 164112
4876 153718
133247 193508
75618 154123
119831 125024
96595 107753
72126 77174
23817 149187
39182 152034
110549 149821
51558 153537
119489 142748
107625 142780
942 88183
41287 199914
70769 165007
145979 195472
118212 169974
33022 129908
162067 169844
92227 108665
155002 157652
162770 167879
25329 109925
96078 170803
17948 157375
3319 7116
39985 176371
88326 132546
117596 199331
29518 78466
881 190476
47966 169088
162770 170384
17222 145975
86455 93123
9338 195657
30149 79917
140061 181405
161468 198841
15842 86374
111224 138493
86693 166548
62045 169103
96599 108202
108143 134880
59492 86702
42691 68861
43476 180138
35489 39541
6437 151071
11980 24711
57398 89303
44874 79546
20471 109531
18019 154606
76198 130153
61535 148254
35899 150852
64312 68219
69545 136449
1661 96812
75645 122081
23440 27306
32789 125100
10341 71294
85014 160899
7286 160611
61735 151810
148416 174032
2055 121551
126355 155149
63193 128868
101523 169315
137259 164589
129543 171622
80208 102805
117758 139886
113137 178514
52670 72737
151915 193544
30016 109484
138176 178113
48046 139366
30148 49425
34986 41204
64390 64741
2677 75052
617 81905
39684 161585
50864 112126
36590 104256
29172 86203
139372 189914
96345 117845
95576 123289
11400 139487
40845 71354
20579 96020
93990 186979
9253 157722
78908 95098
69347 78263
38720 181407
25938 162999
49485 164798
40991 173406
38251 78512
89167 118758
19050 196289
72507 110304
2230 49325
90361 102182
35519 117127
125400 191659
81736 110638
17278 18072
104568 118558
50862 182392
4157 10671
17920 186759
23770 45473
114995 174530
70195 108464
69393 113043
29288 83452
79361 115789
41693 180104
78761 188202
107010 155375
134734 181620
1902 108202
38569 99926
144820 176802
164382 183625
67985 70212
135772 151149
69493 159061
114483 134786
20855 130707
97423 197949
30235 136894
46843 127482
81685 111382
23130 100746
59291 131990
23437 159250
16409 152623
152064 184540
34404 164333
45729 79705
11120 114739
66292 169504
7233 113597
42055 149413
19792 123632
23863 127135
64548 89589
108153 190244
62556 79540
38355 153345
55281 180281
2202 50946
7092 71257
154296 163808
149012 149640
61450 70088
116207 191787
75573 176832
2055 70970
6381 184147
48010 143068
14974 160733
53429 143851
84161 141006
121114 169420
72676 100669
81865 179347
16768 172982
68744 136558
86963 181199
1597 129874
63811 157133
35763 194500
8289 76688
31679 69108
75080 173991
84520 196427
8814 155758
13988 88290
251 107693
132957 198688
40932 47616
21887 147791
86106 107777
58709 194535
89393 183240
132062 147299
87716 113532
124329 146625
89191 116175
78989 130460
18177 109466
110698 153491
61450 198883
112065 198817
5669 176039
21613 30423
4650 13764
46165 111267
6932 23039
99756 101414
20921 68744
6932 98332
67836 171882
124967 198602
26519 83745
96668 148319
10023 186379
13923 122966
123937 145913
146639 182456
27255 79279
94996 102234
15337 185059
138470 182518
18819 154290
81638 177567
634 120393
16436 95592
28574 167309
143076 172188
83629 152242
23693 50868
63207 131150
10657 134919
116426 147921
3813 63581
176672 178812
31303 111214
78071 78166
173073 192500
17060 108286
117013 169883
81389 154068
85318 103763
20923 27815
159604 169875
56729 60706
133214 135018
43865 167446
88371 166489
67828 113202
8632 179585
4201 123560
53701 67629
10415 160047
83936 98060
121900 156221
162689 170946
21374 196427
73298 88667
87681 129171
76186 163241
1757 69033
103482 141132
82102 165647
34761 94200
186044 198149
109809 156464
36963 189118
37751 171035
41602 53450
143141 162274
33192 155524
64437 189668
155170 178622
2602 6585
36507 75757
58944 194650
127634 134201
19188 79361
61723 126570
43858 189554
57105 124583
30068 132399
51182 181994
4860 74754
86535 126203
167432 196427
137944 198093
66714 182231
27981 121737
13764 111248
77112 92427
2550 64433
111708 147629
44108 89408
90688 106903
44108 64305
90735 146053
110952 147465
31429 73199
60706 64700
126830 184686
124927 165113
15363 145288
29705 101981
6279 46429
42964 192332
127634 160950
2665 127621
12618 153403
146160 184003
4298 29939
17920 75952
8991 183954
32057 142504
57967 105703
93625 117584
3858 79341
135311 142748
195286 199503
7444 103543
134136 185510
74548 92668
47269 158826
117812 184349
101381 184241
99611 122561
59492 167122
41421 167900
63321 95247
137259 156410
17275 163142
3664 143880
140619 192740
134746 198827
63193 110865
2527 168850
89393 170457
10448 81647
90538 141543
83606 159806
155970 177940
46405 63957
11813 163617
189660 191282
67067 92634
120944 188192
5362 24284
61450 110490
177436 181568
2804 12191
43373 104477
92856 143861
73994 82083
54562 129740
52872 169900
54918 110510
10703 171218
149044 199562
128863 155170
77015 177705
9880 129740
155049 191936
99082 105217
40783 144360
134158 182612
71888 151236
86212 112574
78708 169729
66505 170897
46828 151317
6930 195482
79912 120516
109897 111181
62705 138825
152115 153136
58935 68012
39175 115524
92099 133615
17094 54379
44874 195120
33993 90919
19642 86008
28813 141638
83732 155520
20021 120423
80130 140857
780 68828
189922 194160
27231 131294
37376 147224
111030 112574
95067 108286
101311 105178
124576 197054
111728 185368
132352 177092
46038 145695
98665 195753
3678 126012
85311 107517
56729 127160
111357 190586
67456 173298
47624 138842
53651 194625
120373 187215
8035 65591
27213 37467
57043 85774
76328 148077
41673 145729
10681 189212
67717 128742
97813 157071
96065 183068
16109 46392
36815 146558
110591 121032
17442 93768
36814 135202
84727 186475
12039 94483
15279 147722
73772 99101
56615 80586
12122 167569
53450 128337
47287 87261
5352 87664
116459 131732
6107 161311
12 11150
93983 130403
60209 87831
87152 160048
31768 33738
82836 121452
84736 122131
182456 196393
74532 86395
34202 59017
36184 104901
13543 98456
81877 95254
95896 119773
69189 103702
143279 178157
18750 111181
43778 132265
164638 186658
116535 129398
35564 123762
35049 59232
181951 183090
48625 97530
21210 118264
53562 108854
83883 98995
165647 176680
23312 93592
137874 176891
168652 195172
46316 87264
633 107945
8313 79488
28387 136939
129693 145686
25900 176988
85998 196012
35407 137875
101497 198618
147282 166382
144367 145413
153655 173385
6203 115227
72822 183830
82646 196823
24697 134596
37748 57941
1865 157882
16928 68321
87831 170598
76496 174384
2123 124527
19924 79530
19640 102583
70856 111728
37550 52758
161242 168708
24153 143215
94136 119463
86191 195589
81447 99539
26692 172819
118553 130064
1188 164112
62379 146053
97585 127331
62937 82457
37309 163845
16894 175934
13914 132931
28975 141720
80208 144065
64844 75211
125317 173582
130829 163946
52317 65436
9256 179066
46287 67608
23280 137539
110459 170156
17945 33167
5193 23767
107799 146169
124981 182555
97217 194867
99082 198378
121330 167862
64147 126213
82083 115868
99101 110167
62368 181736
93505 171902
106347 189157
9256 110027
140127 175754
2054 30011
2495 112064
120356 127761
4742 194469
10965 93924
124025 124298
38657 189554
77795 133526
20233 21442
62726 179358
22876 148335
139992 179177
10972 93915
121032 150676
36511 73831
188193 190739
123748 186520
122246 156210
68540 198959
126529 136276
54271 187852
8845 10933
50902 176792
23210 93776
73831 144916
5210 64390
38630 100399
50811 169624
142371 145249
144142 161870
61657 172920
34848 68046
102878 143673
140484 158732
6201 30893
1655 10030
65741 145249
87257 163386
6967 51561
22763 50054
70803 179928
175924 194599
57374 90485
41583 44155
137113 182810
54168 175402
24318 166383
3664 66049
124789 169883
50767 53429
107271 185974
96840 164471
70957 142625
38566 167712
15957 145979
186764 192696
83697 124239
96782 116219
26775 33925
21791 95294
29851 123214
45170 159575
93625 139526
91593 141235
64990 78223
47024 95016
67423 139919
130724 185317
108116 181994
18539 178669
98927 166689
29597 138093
26252 124198
33501 44284
135827 198919
18072 74997
82024 192272
139757 175249
116874 143039
61450 184726
161436 166008
66749 192322
1668 75188
15513 69262
39099 130999
2098 77313
125049 136494
59017 86225
83895 147180
71775 78657
18705 39266
52266 81590
20691 42829
35056 124457
73795 85832
39693 100311
119424 179998
3635 11042
120573 184707
91164 175360
79060 160244
128868 198918
100795 155564
10532 77092
138261 139597
74847 88409
122246 167489
148829 176832
77736 133214
143645 162227
175246 177290
166430 199465
144408 181970
6585 156981
42176 173601
92307 197384
160063 195032
23925 186475
22483 101292
61071 88808
71855 165366
45315 104016
10362 20155
4395 43862
186119 189259
63036 175436
45538 86743
9695 16768
145679 148432
75237 121367
43778 134604
22023 73461
11400 121156
79070 116932
6718 35850
129467 184647
34529 184686
47458 169076
42659 161219
158668 199265
62026 134162
82857 100437
45907 119191
24412 182655
146356 187072
105087 138533
189105 199413
19292 60721
59788 77470
100167 111737
19055 85746
149324 153425
54466 118697
102932 103835
80417 106123
133249 156719
28288 71079
37414 172184
19591 22147
113137 155612
104713 199720
10277 61446
86175 87041
50380 111752
48642 116715
87239 122752
117561 173671
38284 156225
150388 184139
37367 72118
36915 197912
7095 178746
23677 138152
112694 131075
126389 148796
100637 101619
114705 118112
44091 146887
127160 169899
121798 139891
79070 118081
83910 177233
95454 164021
79525 93406
29757 113921
1902 170372
17584 32691
143094 172719
99394 105039
175426 185068
127863 156753
78251 134705
59795 167817
1004 120622
18446 89560
37980 185184
140742 197689
13154 150305
56624 128978
83697 184734
108628 151151
157408 162962
133162 144978
23409 31729
1597 157413
110057 139009
78692 116426
9710 16187
63755 112142
86365 179977
150235 196954
34472 156612
90831 154691
112399 183116
64706 139089
44628 53939
98171 140718
23436 57181
142477 165508
12039 17763
85442 164471
55592 70961
56948 63671
66022 108885
114596 171830
98952 192915
9502 50360
151245 167424
13845 53624
32413 98225
128569 145529
44873 150118
107616 188286
62121 71177
99577 129693
58910 84776
159433 175327
20282 193144
24867 181297
74450 82646
21215 148077
55426 142232
35641 130631
127611 155463
12434 198378
21372 130425
80850 92205
52860 87748
14066 82765
1980 27760
64913 78315
89705 138533
42231 45729
66491 106952
70998 192696
5339 185876
53652 182740
42418 91988
104016 147474
82938 113818
15287 96829
111064 147066
94776 143138
64304 100637
37175 60536
19910 106210
56624 152871
81996 134163
142801 186412
145244 172099
47394 78166
75499 150708
19900 118041
138510 174985
11048 194813
53037 138493
106215 170597
85486 146169
94253 171333
75013 81440
15540 57508
26775 111164
140501 157652
106903 178662
112855 184089
60194 62458
14042 71855
72943 150469
93559 183198
168445 193636
108665 190817
13482 103523
50026 96280
18819 93721
41557 79917
60842 179260
14922 149277
117457 127674
45907 170498
41154 130363
57967 172583
128608 191233
51262 104713
124239 166708
123289 195238
155143 164382
14347 164394
85010 166916
85607 172246
109469 134815
18394 37547
78463 167709
93673 139390
3466 116540
70845 188737
21352 160868
71159 151488
89376 152525
68744 196177
21094 127822
15381 91610
40292 44939
5973 129126
129985 174205
134110 156430
77174 170358
41131 63216
122462 122921
16711 128631
151537 182945
36661 76831
80586 117421
110964 189925
105531 189227
70769 173675
81587 155520
24115 32316
76966 152574
44418 153941
29699 145679
36735 118263
13676 183075
48026 63438
196444 198967
8035 179609
25773 135375
136725 189150
125134 135676
41739 121812
8835 112096
13897 18299
151739 177839
20896 41518
85612 181838
136962 155530
21072 127863
128214 168545
141243 160524
66413 79165
24284 164873
643 6588
144186 176970
100445 152623
140930 193680
163280 164545
119588 123337
54607 159896
19366 33088
126375 131298
170728 178350
42184 192107
127176 137557
95775 194169
57081 192761
75947 90825
56105 79267
19144 59405
1282 48642
10517 177263
17480 92844
124105 132349
151878 158114
54149 134783
119966 153020
57469 149275
138914 151740
114941 163230
93052 146160
56117 82787
78511 164540
34200 136842
70068 110932
102196 138493
60388 119459
41338 42313
105263 170420
60190 172549
20259 179756
5169 138621
95223 194011
55688 139597
138469 157449
81590 189596
103543 137720
91894 151810
113405 134823
131943 169305
163235 198508
69666 186031
22498 42888
117086 196099
58024 159298
94031 133191
117776 163375
98871 126679
89949 103230
63612 173078
142352 180777
66443 167014
74999 137260
63449 166523
36141 159418
54596 132028
59312 106790
73354 78302
88427 113371
25456 135215
65760 184732
172188 189127
164186 198083
89212 193269
55524 102583
1507 48609
107121 112496
134783 174711
38179 101122
79435 159694
40079 156168
115325 173812
117400 151891
21824 47616
115325 152968
22186 122925
50113 99863
14870 190786
10146 17171
133407 149744
194258 197004
103013 122181
92307 164305
119432 146917
27799 49183
29418 183830
33379 68495
21372 165507
73044 162686
128783 140261
82083 132701
81437 139562
105193 197808
90993 146677
140904 198602
92889 184960
21211 151622
29108 193619
110451 117104
75015 185050
16820 160126
10681 160729
92215 111708
28966 89975
42263 109907
15287 75034
2067 46948
142780 174479
254 198929
21830 128608
96712 191560
43476 124758
68078 137079
61136 104016
88390 110942
55331 140168
20855 144887
119382 188192
127936 199235
35515 82888
132650 181040
87411 154226
30397 119659
106638 120293
41674 161345
34210 63935
44263 82687
162379 193544
134167 182335
650 88634
166452 195114
107066 127611
24863 62206
105427 188223
49389 169311
76831 123926
46399 191596
33569 106650
18748 140568
35405 125746
83895 159911
120909 124443
13273 89167
24431 58289
37124 73014
25401 45237
23128 96772
63633 125276
105427 143704
141196 168533
7203 66705
48623 170393
115730 122131
29739 71114
187707 193057
35751 76239
43003 144879
7790 24480
97036 158856
80746 88390
4732 125468
38590 164622
107416 199332
144530 147890
38491 52921
8234 28747
184028 195472
29302 79221
137159 141720
62680 113144
22191 184586
24358 127679
20291 187963
8092 117363
52317 155704
50729 174736
59514 134648
92191 127888
20453 70542
114325 172527
85941 156019
25938 119092
8806 175626
38659 157133
90993 145838
48301 139148
29288 167944
94047 134786
137975 156719
99729 172967
121827 151696
110660 127447
53939 164390
59291 157355
63885 155692
378 185367
181000 184679
3676 179243
97257 97458
53438 121519
23440 85627
19910 196166
32284 84206
24153 33220
5933 129820
76470 184734
63120 172099
83686 191983
131487 132131
144240 164145
39906 58170
69070 149275
77752 159635
55056 61542
71690 73886
24899 29829
8777 68894
7451 59217
147629 153509
2243 152239
99912 141895
64793 67040
110470 122635
13163 64092
143475 175934
31844 72250
152843 166523
71240 159280
169629 189890
79512 147273
12039 185263
89572 183135
147066 192101
64376 65576
73261 148977
158486 198687
46043 197017
10030 94949
71982 126103
66019 160594
52758 96539
44577 180551
19400 90482
68356 103863
187680 193383
133526 194516
26818 198059
70169 84772
15029 70239
20843 193170
60479 136019
115857 130647
114521 118334
10105 103010
100075 156324
10721 144820
126570 156989
96280 162590
102249 184021
42829 114942
58405 86197
34979 132349
98703 179217
60841 92878
16461 130520
60449 192173
73414 184867
114285 169242
90688 98366
34851 112855
87921 139953
119489 186898
55432 178199
70143 132306
40990 77388
84193 156218
76193 103950
20416 135120
122722 147315
162038 186224
15869 54590
158328 183016
25105 63969
90361 165879
116077 194492
59070 195928
134570 179513
43021 160464
50070 161218
148506 191684
121695 187348
126570 162582
46977 185413
84095 85746
49001 181729
56608 97169
102147 141514
145803 168040
117829 136009
159610 170198
53873 186040
15228 123679
155143 180297
35017 104772
22727 97483
20781 48477
78601 159298
55699 130999
35097 84191
67299 147348
135482 142713
78601 89099
45852 65760
15568 119622
26756 198018
182253 197299
42231 181952
25807 113930
52387 198272
43 184726
19699 41557
114524 117621
14276 61023
130068 183498
73008 129629
36522 120002
15543 79337
136561 185714
15596 73168
86202 136960
131726 173406
39935 133325
77083 127761
154896 172035
71655 152506
28058 65398
9069 100454
132399 182333
75906 152843
6883 144694
58027 74192
84430 153235
114597 156288
13678 58404
58356 160996
110780 138621
137861 169190
22100 148536
10096 136962
133002 158731
79058 131661
39760 145417
1315 165853
110849 156749
24750 150522
68750 78908
113921 183140
16616 104026
68653 169708
151827 155049
145303 198018
162049 197808
84119 198708
105217 164116
126982 189659
76578 88565
98332 165089
60904 187381
33543 54077
60289 71294
111145 162794
126382 144036
10634 161242
58356 76684
124002 174687
72926 138582
21475 193212
5742 111659
108286 192390
187177 194083
60954 186477
108789 198171
68108 111774
144373 181900
157537 186354
133533 139545
143141 198217
48520 105730
699 97412
152448 172845
81865 124860
9407 169203
5987 72654
119310 139064
113872 151461
3961 176584
80073 150282
120366 147259
63087 178608
51997 99413
5933 17065
2098 61255
84576 118775
66290 188205
75471 126203
31373 186958
46590 104816
47948 163165
11150 194571
14596 196752
57645 139583
17147 87141
39483 192105
88411 134248
170900 196166
110110 167556
8395 185175
45810 62771
78620 93776
13754 41548
83883 184004
63195 156612
19451 137954
69688 145404
153718 199561
124281 175105
3094 11796
132692 157032
110591 135420
21594 91586
10362 131485
121000 196622
109210 196657
107391 155375
78116 184141
98146 139176
26111 78191
103230 190449
104625 134092
36983 142976
73795 120623
122698 158731
98703 152315
21245 130052
9604 70502
63036 177052
50956 82649
96615 193955
96467 191765
101450 132672
124862 169088
133113 193059
13211 183379
170690 187631
149267 153938
132233 180396
79267 154999
56859 59900
7032 29851
158220 168952
110471 123714
58641 189983
4174 126046
53802 57029
33738 53435
70615 176223
129883 158020
181120 185974
57769 101792
164033 167469
115827 121898
101605 186658
11251 120909
57479 136754
42581 71959
163750 196657
61190 185929
134163 194844
44076 136706
130854 156430
144555 191868
34722 82723
1188 172593
122752 194039
118269 185676
20843 111983
59032 161301
49206 71998
142745 147648
26988 75835
74567 183294
1754 61193
54652 113802
130330 183314
81756 167695
8853 153884
99277 144978
50989 199063
23016 196244
97483 198756
89393 146883
1624 89130
30411 159742
171307 192340
15258 193799
131487 131771
179358 192632
95210 184693
77083 104801
107526 196449
24964 110210
108229 183062
107209 174944
65239 128891
113513 183349
100416 132446
49365 109108
107391 124398
19404 86300
152506 176907
60671 101927
29793 75777
77819 130985
99713 198901
4448 153799
22777 67723
56283 77530
106903 156063
4223 141430
86400 117352
37924 155505
49282 187229
64178 135184
75097 128569
86559 181951
14894 113499
45982 186379
12419 69108
6190 18507
16454 59795
10293 164126
7999 30031
140557 147863
15259 194948
616 93729
47213 152710
5693 88730
51518 173489
15400 153342
14016 174246
53485 65447
10721 113387
11110 180388
102264 158226
35405 40722
26868 157950
60289 190829
103951 113217
53652 109133
9846 160411
87460 96806
151042 196594
29483 192761
29850 73959
111280 169674
42472 117353
3544 198531
10341 188674
113202 145945
111675 154893
83430 179928
138623 178889
5339 106164
21887 191428
11655 101284
48711 192403
1662 17214
91214 120356
137400 138634
71884 168689
16284 21213
72172 115351
18116 142438
181951 189428
165140 186000
19626 149258
31048 153922
50485 163563
52248 58935
131618 166489
36483 196327
2125 7917
37844 92129
53141 65760
11208 172719
3961 97933
71875 159575
52542 154521
185713 198047
128437 129398
90474 172853
100899 157457
28223 42111
40953 52244
22751 79957
92099 155541
131380 180479
65533 107741
27496 40451
34559 84839
7308 171621
1353 152188
10230 195175
29850 107683
31136 107211
27216 140568
63808 123330
56693 189073
112726 141008
96637 127822
22751 143492
54562 104593
64346 142929
146053 164014
4954 174786
15845 70333
24709 184100
81214 146558
87426 172982
65020 195889
140597 142955
99245 170498
56297 153200
47487 117344
118626 140930
8191 149809
13121 167639
117273 153648
44628 105487
108605 185646
189664 197034
25874 94791
15842 152446
4045 100757
15708 155002
64516 138123
42900 159998
129593 144389
7172 50720
34558 184894
122070 157981
2331 55426
7222 66650
12768 116459
12768 24781
103238 189033
67666 165219
26130 71626
76966 168205
26989 112657
46682 91593
136495 178055
13768 155246
60069 169428
101381 172194
28815 140974
24448 145745
24431 116753
11512 60194
50767 170081
46392 145236
60059 78556
148435 153623
84193 155293
17549 144937
104713 118215
21724 29939
141107 167913
33757 46770
74896 168285
23757 199248
100394 154221
66196 195564
184821 197512
20406 189922
97278 127705
136036 195954
167007 189460
143591 146757
30738 160524
52193 114325
63614 97393
42869 187677
60999 198428
163336 175749
122070 129584
180104 196987
14596 89084
60041 104139
34848 48973
65884 111859
58476 195044
121838 148568
25557 49282
109487 112126
165498 198736
91904 102234
38888 51072
38853 87802
107020 171601
44707 133638
10272 146641
15420 153807
5212 19050
33379 89455
18753 131775
34745 170712
23228 191492
28882 155612
39983 124758
82237 127480
75608 128867
27991 152247
88415 182728
39010 88868
55754 135100
29841 141719
67454 193059
28139 81498
101620 167202
120356 184221
54097 135194
2300 3813
1357 98756
48499 92903
92320 133277
100394 107477
71116 134552
40809 125526
5255 171043
10924 56289
63581 73523
50868 105255
9696 136495
86225 150513
142713 177121
92574 168657
17699 195557
53037 132848
63851 121842
20923 172564
35751 194058
5875 88160
72844 98651
70542 158665
35771 120623
131726 152146
92129 187834
49140 115413
48609 100987
157529 177549
44508 193543
14119 67050
3813 143733
79165 105441
124054 192881
74553 131715
142818 193059
135827 136914
68722 121827
108715 161007
55748 160992
18483 43201
38601 166447
63000 74909
5933 182015
91967 127708
124829 167578
21146 159878
68509 96805
24759 110459
5288 102932
19044 147224
46257 174068
24443 45329
72534 125277
42263 55888
1437 147531
23677 31058
50344 163013
115161 171684
127341 176740
88072 155524
68911 140596
88303 101721
110550 169844
37039 147035
27416 153139
9437 117986
133247 137051
74718 108049
66613 137557
106171 164345
16124 152525
444 179756
159671 169242
88564 100559
72844 85409
107721 147200
119224 136112
58370 81389
115574 170233
148562 159933
21079 136914
86395 133604
41246 47646
38055 155862
131757 157274
48114 106790
90050 162689
59205 183198
111214 179218
104788 164523
4960 134858
85630 128067
8647 119635
80511 101503
34569 123084
61970 128014
23130 156415
2804 30644
60536 135899
53450 87170
148343 161710
159913 191748
35079 63671
2684 13147
152310 188768
101499 156499
22675 189584
44296 83732
129177 156063
151017 181246
117365 142515
42005 170649
285 128776
103981 136725
15308 159913
35170 51443
54085 159828
17763 159745
59138 189468
94324 130942
53981 145095
10093 83273
32316 50409
110086 140142
55141 156529
10752 17090
39606 142552
86225 161998
16325 153628
13441 26599
48746 66451
87265 152531
100269 150464
9729 12740
23778 34977
91904 116975
57017 62237
57762 181667
13241 194435
9212 154698
94027 100902
15370 159896
101980 176796
135566 192298
67629 187547
33518 94567
140735 191492
95806 164398
60302 75901
25652 168778
29597 76978
42812 155531
899 22051
98429 119382
69484 125940
10415 85084
51622 152039
24829 147431
21974 22019
71446 134858
114073 169916
50215 78190
125203 127109
60721 122590
4775 72603
68675 157529
47565 122688
56517 198504
58027 112284
69632 135488
12330 33423
71591 100166
106790 125741
82278 196941
40883 156630
111164 190310
165367 196327
100334 126194
50360 124125
101619 183651
48889 148049
161578 180479
140853 175733
4208 67608
10293 179592
18801 117344
173924 193544
151115 176821
97360 183318
49183 117749
184100 192115
1104 9696
63411 142729
116032 129629
107123 168443
122181 180402
13768 122237
121240 187450
90121 93722
65951 120685
85042 142857
91593 108329
13744 84193
12191 123669
126365 140771
85803 160063
119443 178126
54089 133715
138190 164589
19477 113387
972 71626
8167 16026
132038 136776
117217 155198
107350 127914
42817 157793
125551 144879
262 118483
957 19699
119951 120293
37769 139526
70195 112115
107010 177996
36183 56438
83209 199470
14064 132364
41054 160524
29433 187677
118879 172010
6437 146359
28938 105625
18085 94455
84517 149554
37352 41444
174037 178371
63526 152746
46682 166310
75045 87765
134919 141997
1282 68224
31144 111728
40951 56117
64929 83012
91667 176794
134126 143524
52185 166422
164017 188109
55707 63000
64490 192173
45259 88415
56531 109073
44115 111146
251 76367
173762 174464
18801 62533
270 100268
89303 97747
8099 159354
38107 176792
47210 145799
93764 175246
147369 197575
54077 82846
100369 172173
96610 114237
6618 157485
86777 95210
38462 79058
44740 101284
56984 73095
74077 81685
119523 135137
24413 160905
8597 63885
33925 96128
132319 138579
158191 197161
9695 68357
97373 113354
79512 137797
127200 160373
1865 47042
19193 135807
59291 77120
19213 120220
102707 177233
92091 132870
116076 124281
52073 187091
19711 119382
65642 176973
20067 143646
29793 45378
101523 163864
112342 127896
163363 189336
89221 142936
36978 75328
80130 176992
41111 174812
32481 50003
9853 179160
11789 40292
44465 116802
8221 61450
18891 162936
39398 89680
40590 73637
57807 118666
11230 192423
47629 191936
88214 187716
144919 189687
128912 155800
147224 172202
74255 110833
60585 67240
51253 145803
85666 194844
43688 139413
83301 172559
50868 129546
66783 199503
131155 143983
98952 130619
26236 151474
4463 50388
34618 90993
124745 166503
22509 199750
92386 151317
22472 88495
8666 78130
101395 123679
66827 86113
78013 150026
9354 114218
1827 104987
96825 140992
110086 140085
2331 37238
128763 135445
22896 94925
30440 199503
102109 108366
38630 161744
139543 176286
64219 141382
41154 144347
5255 10911
102805 197931
96666 136002
9933 120516
22100 156579
17614 46914
66205 126303
99896 100862
7178 56289
111984 161542
53335 87271
33325 115761
8289 66445
57622 176194
73199 185922
138825 187748
2379 50003
135287 140371
180043 185175
116241 130426
7989 57411
2362 60706
51319 92405
163006 192496
28804 127744
18225 139032
1004 60749
29445 185534
25110 55286
108639 188049
6812 45451
46074 128728
13460 46216
44632 62826
5339 110643
141069 156168
162566 166156
134746 138154
29909 138533
15708 128291
41036 139845
127113 156288
155400 167308
2112 182495
90130 156451
55943 175905
72325 145909
82787 88621
150118 186869
21355 94411
55524 104339
4833 103620
129398 165271
38988 49895
18340 43680
147034 180972
53405 173406
26015 160594
20688 35391
5344 19315
58289 156812
99748 137680
10529 166330
28912 66203
10456 38566
2516 179729
63758 156749
111198 141997
118073 183608
64758 144820
30389 79705
148424 195137
179520 184693
25732 182518
72927 82911
28177 70845
120622 193371
124030 159285
180662 187348
56301 112110
44232 87681
34118 183364
168726 177817
54440 96865
141353 150952
2288 194206
123248 177215
137557 160071
94951 124789
48148 132848
70998 133809
53624 188208
45732 131618
32889 190602
59251 161590
88550 119167
17616 52675
94970 108639
33829 79588
105087 120100
82195 138366
6436 17875
22100 38990
60978 155895
191872 195032
46367 46957
37550 67556
145325 186764
18538 34324
40063 188047
32351 54978
64877 194601
25597 170811
66445 109215
35490 179397
20075 157131
74279 193142
41615 190744
19865 111859
96578 189428
180822 198893
116232 194459
31937 78126
10180 65722
70324 161542
149744 183001
77388 184592
124589 175426
28718 39541
11858 156608
82066 194894
110839 150087
95013 114166
3564 112064
19395 175626
94411 187999
40254 161864
175843 182133
126885 153139
60222 188193
56996 90485
38679 152434
32772 158771
75947 115963
57411 108276
38238 55524
21985 105045
69033 139225
24939 182404
148005 149855
23530 127967
114853 198248
2877 197062
149243 155078
79445 194137
52495 85311
78325 117274
115764 147282
89845 199156
5973 6276
14874 133809
12121 53537
18137 181624
40111 179729
794 176302
151827 169842
58170 97928
129362 141838
57526 96865
92356 186364
133879 140619
69786 141719
119917 168252
33605 73488
42356 152593
122590 143937
15363 110174
50487 173155
117029 142328
26582 59205
119917 179025
155898 197639
24019 38355
89590 90674
156218 196261
118052 191983
176810 190464
25629 171184
73674 133386
194099 199211
106520 158853
29306 64233
23728 180342
33569 66294
67770 103863
106977 115549
171874 195891
14016 162608
101905 172736
102805 121177
115957 140738
157896 158069
105484 191383
9253 170377
34202 175545
96507 130890
89262 177315
151017 188958
54562 164204
71882 83732
10729 43841
50729 146761
57912 96020
19182 41549
39985 84109
101458 162686
17249 21506
6088 185825
22751 118563
170354 197261
118073 124195
34825 185186
89638 122294
41775 106727
166049 184721
37998 81214
60795 160910
63815 190061
19626 177910
71585 153474
50902 98254
112908 126883
49617 183140
53305 70657
44607 89737
61136 190213
61645 74650
43944 185976
100223 145142
56531 130696
30423 170096
9932 152276
37414 59657
92770 169708
82176 126950
153025 172573
35695 139025
21824 100621
24284 40486
23703 115434
63512 193983
143945 145114
46110 76845
46749 96352
53422 136009
69278 175426
39801 64706
75905 109499
44820 74077
251 50634
35726 116876
24063 84390
6190 88048
63669 142688
47329 96457
59657 152735
189105 190792
25421 36216
49041 100385
119743 183779
121177 143463
121910 138634
116219 136121
10259 35832
135844 137244
19451 52307
23280 175622
161603 198378
49739 81991
29580 90685
26492 128959
176106 176802
29327 90915
56096 90198
111627 183608
9436 64548
95594 144347
118609 195733
6726 171694
130657 149246
98955 193987
116579 134746
42127 86349
16615 176445
54994 108283
1747 145289
160778 193823
119899 163226
132197 133886
9235 43435
32699 85010
46103 176598
97483 122143
5860 68275
140738 177268
82090 183956
123214 172163
86971 160480
115305 142732
8099 176124
19884 88002
56894 130355
41421 74961
2513 63876
60795 199394
108863 168441
113403 171619
41336 126382
95070 95242
153230 191894
26193 79338
2647 94996
148186 177290
41047 163672
17688 183722
54596 64326
28058 132374
13608 94468
25185 175707
58748 80818
58072 102845
152843 164078
51262 152430
143698 199156
92182 99611
15244 127679
19336 198826
81866 152843
17730 130179
177127 186330
66451 105163
113248 172157
38958 88022
270 35926
10287 19226
118769 180616
122925 180780
104754 143412
37158 192990
90254 144186
171662 182781
63611 78276
650 85274
130460 134083
6489 186680
8312 71733
48746 60055
22751 142580
58180 191916
190652 191326
119459 174234
13169 167850
118052 121091
107319 126758
140974 147125
103238 188348
142713 185637
59234 162643
86455 171558
133395 143755
182360 195286
15867 154086
140840 153610
23778 185268
49690 111708
158921 195013
113115 182253
35546 133719
143829 145098
77974 124025
64043 139543
12502 183669
58667 74072
160235 176546
97393 191608
114367 183222
38827 170995
88598 152531
35258 172554
71731 130752
26783 57585
135092 153648
20735 154619
191160 198314
112627 131943
46877 138746
6817 115325
53141 147451
65606 167942
71731 107993
12040 40883
69346 70957
73432 149634
95542 102147
145155 182781
25487 129398
62302 139929
3294 135766
52073 118815
17947 40790
95739 188199
60185 173055
12512 56301
25917 51130
89041 174677
112115 161670
186029 188286
29924 113932
125563 139585
82823 173684
82481 180231
85683 100409
91896 166330
34979 138322
171582 181297
156803 163259
86197 183816
12150 62895
8040 70897
8653 192254
110253 111280
54353 110982
82520 139110
123937 195437
11385 45623
43412 99971
39281 42981
93453 100399
35283 187580
77345 86743
73211 83844
21909 89937
110614 176579
127357 157529
38646 140430
62366 168778
6279 50489
26755 92653
30011 182295
56148 155412
16195 97818
7522 171117
8271 27041
24443 166112
71732 133809
61000 120385
142170 154271
6253 123408
139368 190086
136048 172032
92481 107123
104312 166489
9508 110974
31659 72650
167628 168055
59804 151810
56778 71731
125678 142369
72941 104772
146511 177597
39536 198967
49063 94457
29035 63489
101383 129874
73959 172585
13344 34722
65172 106805
176988 180171
90864 122913
124195 167772
26820 131764
13794 22660
74019 141520
32697 67164
3021 176620
24374 176923
7571 192173
91031 136434
71294 189272
153139 171845
129883 169691
25130 135026
91794 129608
104678 155481
11854 156803
37774 141787
109499 118912
50210 140930
75080 108526
31779 35407
40853 106133
84008 120293
43907 179585
56996 113399
80663 89796
102511 123294
85803 167137
68377 161937
63222 186403
16526 90331
61436 97552
53936 130284
138493 164646
92758 157808
79585 86604
177854 181405
35695 81523
22622 35884
5352 64216
15403 155025
68711 188047
21436 138910
777 39944
28574 161396
63713 114539
40963 109573
22472 82818
7953 13651
19336 150993
30354 84256
75616 197831
146715 195657
72325 81098
137901 139757
123912 194571
45170 129708
58379 128657
60321 137113
59375 168441
81847 90735
37088 92244
136647 151522
11525 189069
50912 129731
82208 172244
112774 175069
26285 137471
39732 61120
63981 168660
192101 193797
70239 197208
158476 175980
167618 183678
9841 24020
35930 180976
3674 119990
78325 108967
34529 110831
123367 171230
47575 85199
1045 197261
95807 156382
35049 88260
11120 115533
52751 193204
160397 191748
10470 53141
121330 170734
122712 129381
15602 118095
43715 120356
26211 68888
29136 195459
152567 156225
65421 78302
54329 164423
27213 102803
35407 177543
102299 152546
54928 104477
4921 116148
985 74324
43579 67186
9932 45905
43791 56729
56975 74465
6276 69122
104339 175897
32016 43831
6585 25203
59851 65477
61136 109096
81864 90289
88667 151988
24105 177215
184599 191954
6780 155345
1546 54368
82857 191294
153493 191372
9931 93408
26013 116876
176926 184501
45237 96193
4595 138837
66243 132692
44714 119489
12812 81847
18752 118928
176311 190410
33845 135807
76239 94437
132692 137551
61436 198540
105072 161024
13111 90915
61073 85832
94083 184976
186687 189361
46348 148627
22955 81833
50467 161522
39284 96829
27594 46930
81744 148723
99748 105678
112081 153139
35499 72348
134065 138422
51626 56989
46843 149383
21460 30031
64676 90331
54329 120245
8080 109073
98567 124295
14237 152247
78302 164725
152751 155431
51722 51955
47454 57536
48078 169939
105600 197261
121382 132842
40318 198483
112750 177028
12150 101469
1237 1663
91163 183169
35884 42765
61476 73954
71089 178358
129663 188787
43115 88495
45673 50749
40722 85212
5108 81904
62067 148362
92844 122413
102325 172354
13674 109502
34697 199329
84810 182902
3154 104002
162770 198780
1740 154898
8777 18269
109431 155692
165961 196966
34569 199051
145236 171833
39003 61000
45673 87732
126517 184150
15469 26229
23986 190732
72208 191740
88638 145795
68075 177031
21211 149987
23737 93479
12768 63849
1270 154197
4768 65030
11606 145031
18695 183116
93797 168230
42362 44709
116975 186555
158186 191635
15193 176276
4265 63669
35253 124518
70331 127480
29522 156068
107128 193087
41533 156154
112357 114525
100394 102045
6654 73248
9317 165184
96468 120829
141719 172682
97837 125185
24497 112096
140574 157896
58281 162067
89482 134880
112624 163845
107281 182834
120219 120456
8978 45387
72650 125084
15062 126213
59086 84380
156049 171619
19919 105175
104514 171331
123997 130355
17901 184721
115380 185310
14973 85084
171503 179126
22516 62642
123183 153425
127634 138497
64770 118123
6327 10517
115769 132003
153082 192091
118407 166307
90214 117782
123669 161194
163870 175897
144988 157896
187942 194394
170873 187157
24948 31357
34110 182450
36216 39961
127708 173259
64376 177472
91227 184657
7713 107805
136434 139978
40278 82740
1150 20453
80838 189150
139225 197887
89158 114218
100435 153839
24572 33220
21478 197424
90946 123101
65104 198269
74832 113946
8743 55972
50220 70753
2446 144813
66285 184540
60479 177611
163300 175426
60171 162071
31835 87411
137829 182586
22627 59039
50485 175956
139953 174925
62045 118262
54781 117776
9689 197055
121293 129883
101905 142576
77736 149776
65439 136449
14899 70196
111906 136662
19395 120562
96011 118005
165778 176135
66284 140849
59039 165476
123997 177090
5078 182404
121909 194246
50524 138177
80707 170269
101734 184157
139961 187462
36983 112666
33518 96915
113279 185859
8014 110048
123762 164393
13346 137618
12092 67423
100166 161044
68884 74873
4551 132352
3450 40764
3667 8289
114036 134255
54427 165637
18886 55644
80138 185001
138261 168992
2932 61450
40661 129498
3793 142745
60017 174167
35157 93539
7550 18306
18814 61011
54496 87752
59820 69786
29031 197896
84312 88218
55529 109613
35402 130352
5192 182612
99589 124105
134083 176557
69912 167883
51600 54353
17191 72692
81996 181826
150263 190467
163682 187655
59465 152070
21644 129341
38888 47860
69070 139023
28798 112404
70174 82191
147044 147585
123541 140757
16894 35389
62053 158070
62418 183705
5595 152872
92558 136900
63352 183498
14066 191604
33325 41186
12733 48250
124967 129735
102541 155531
134639 141787
41186 122248
39220 60681
13897 163475
9468 180388
97036 170930
17137 117368
135903 185835
43217 164049
29199 139583
99083 159911
192358 197438
77919 199775
617 136747
107581 141746
21529 199779
89228 127708
87264 144149
49348 169939
85761 87681
3813 135206
68627 120002
90474 109393
15179 147629
28658 193236
19254 134297
58573 197887
18830 180789
108477 124829
83389 100836
84172 124653
121293 122549
11078 29597
127482 135823
148303 169708
131458 153959
2639 101499
46888 47860
13451 107534
147579 177051
66947 148049
113248 135533
5933 122036
37256 125677
11198 58135
37650 188401
19226 36626
45838 58184
9354 153505
100970 188234
84709 154315
64499 146120
118626 146428
175934 192969
151993 183314
106727 162763
70710 148303
102234 102859
129177 163842
18095 147267
32013 64890
29883 172573
36815 83189
99114 164947
114294 121742
181315 199848
109973 187060
35628 35977
52620 113399
49457 84114
135566 140017
74531 111747
71232 88072
69182 153715
17616 161353
18236 78908
107681 167202
5662 118505
18886 165570
191853 199390
7120 28386
84206 100121
46933 135712
101355 191190
60465 143785
67049 164333
118776 160037
185724 186112
46285 194538
63977 127247
81972 94011
152802 184679
142305 194343
110879 187873
4290 113956
5643 153807
4919 48333
33588 45899
49365 77249
33738 55761
10782 57260
188049 196419
169738 178418
33192 92184
8844 17064
78055 122296
156730 191449
99418 132920
41204 65083
25404 93913
68024 129809
140849 168853
20265 48609
99136 140261
12382 182655
140067 150952
67985 138638
80025 112160
3490 8429
175250 186646
129411 197993
23693 115336
73017 155444
86535 96646
146093 194099
38684 58471
75883 167489
88290 97056
111978 135243
41896 44076
156324 173730
3875 102236
75301 170925
88667 159049
43021 79836
1096 177420
37238 59783
75080 168484
10529 62646
73786 117845
125248 190467
17180 190268
1649 66820
122410 175754
68644 75096
47864 175430
35383 69499
58558 128867
128265 136906
30909 87581
18100 38330
86200 132224
29063 62297
3858 124419
44512 105156
93976 119284
25971 177817
141638 169512
66928 93729
181566 198126
8080 164825
155787 163235
98429 181287
153959 171327
142622 177786
33595 161533
1270 80616
113612 179928
101403 129597
116269 120174
26811 181120
91140 119457
5199 23628
27374 198737
55331 77372
7117 51262
69575 171212
24697 63508
23527 150163
56647 119688
124105 154294
29869 50586
73637 143728
116256 136914
53039 132079
44530 115827
107271 188372
64559 169748
77513 108639
139562 170609
37985 142164
2288 65071
130619 133296
18137 153207
53930 163991
21436 153911
6298 138466
50684 95965
10259 104287
170643 191067
69594 131875
120927 183906
188451 189127
101185 175754
76814 80339
63813 139916
144391 155400
45838 162755
147462 151315
22727 72630
95845 121726
109393 171921
57017 135203
24798 72179
46110 172139
56757 117596
65239 184272
22654 153136
142727 189045
69546 140608
18507 152618
23390 169535
12769 64559
9335 164896
119457 143131
70456 89349
141430 159432
75597 178844
38257 72705
3427 187664
56271 173246
12548 116754
71855 180905
11479 192505
141543 153409
83273 199277
10277 100704
71117 123839
130396 175161
56260 148757
51737 185508
40447 187999
24579 190792
104801 167619
157706 179928
154425 165201
80616 151863
113330 142840
63079 120663
60706 82002
91152 165725
20320 96680
155263 181013
30901 129796
132723 160937
23757 40651
61961 151474
14074 76814
106402 194947
7178 139140
18458 91966
60055 124226
99206 148833
152355 156962
40953 129576
44664 199399
35683 127150
101670 180789
75499 172133
128455 158240
16217 32130
12579 43589
19708 23791
7315 46429
57645 178966
165188 191394
35714 96610
82147 103231
1278 171842
13510 163378
38819 187742
67423 169102
13941 125423
17584 117942
3676 186283
32541 33401
142439 182282
32284 45279
47817 183956
41896 157901
7609 99688
11517 110167
60602 82553
128578 140553
76330 109657
98911 116180
71673 140711
154151 169654
33017 153491
29416 199265
97697 124576
22794 187849
25989 138067
9008 122246
180138 189025
133299 162962
19385 164173
117086 190002
107651 184959
20469 119889
72365 133734
20961 151908
73936 88557
80642 94391
120084 141857
25129 32314
191004 192178
61180 152574
37016 138828
131380 181718
134994 175694
87831 108843
107740 138013
16636 113387
8559 182124
20467 26372
68453 117353
80618 168693
1507 111383
213 178733
25049 173619
131256 176161
80414 84382
81546 101596
70856 91587
24933 60282
136960 138685
79530 186956
70195 153182
53040 144530
159498 196559
33466 154632
132260 184647
88402 161637
25524 167367
65637 102221
62819 77092
86120 117415
87257 157017
53241 182439
3448 79091
29883 189774
23839 41346
92130 169512
147252 194496
78795 89949
6579 195031
98955 185273
47929 135515
23401 35916
79003 153224
30096 199448
72629 112102
41292 179718
123644 124745
135261 155030
87706 184496
33401 180941
2398 50380
33588 98813
2065 57506
21646 169809
118005 121129
101414 132210
53285 135712
60702 188974
54282 92946
37129 191765
54364 151908
10277 53460
6353 42691
17395 187508
32456 84344
125622 183538
78186 189033
157131 160041
159817 169095
100093 192712
179589 183988
138334 155704
12804 60999
71555 178199
67829 89975
122096 194343
1820 24318
1248 110849
105468 196559
56244 152064
15865 20921
83137 198043
86197 110734
1353 92218
139629 159042
189554 190593
74553 196885
57140 190459
62323 119864
70068 153827
33441 191812
15365 186597
62121 189906
171034 196450
68939 99206
1237 180757
16939 195606
9256 35882
15856 78211
81489 159933
141382 182136
68260 175602
60190 194730
1096 4329
55402 124829
59628 165992
809 64793
141949 184089
80464 157397
38362 82208
131757 149656
60241 138108
39206 67423
64437 117464
43831 197614
23960 86200
100593 150260
118558 192315
117289 130044
39985 166752
34735 174270
45886 178682
34986 166595
103140 104016
49432 63087
66901 140559
59471 106215
83953 153405
70983 168545
117344 192230
127124 190002
107681 178692
6327 165401
84518 183514
99418 166591
37088 149620
105734 177832
25129 125475
14379 29274
10660 83430
56022 154675
67608 167647
141577 195120
66273 189159
70972 191787
30581 184263
46510 195139
70919 87101
48410 64219
71381 107066
140718 170814
94615 157229
117086 144753
73846 160482
50749 182780
8559 63729
132859 158668
10963 184959
114002 125400
38879 58077
25247 70281
71670 152567
99407 106264
87316 105231
58256 158826
102682 151622
79512 92464
71210 88414
14060 24061
21836 125985
137129 188368
2019 36141
37175 43180
76803 106748
28228 86378
166208 178113
11142 149656
52963 109616
9731 155364
126917 139929
53335 186720
112745 156227
10028 160568
94776 134239
35499 55496
19919 84475
58292 86034
53405 193180
22881 166591
17508 130333
93673 127061
19460 164049
14733 129330
17718 27671
86846 121177
55062 113946
56138 105106
75759 96489
40457 135899
45664 77662
22039 22573
73929 114801
114615 130330
55224 99660
160415 198531
6932 124605
25076 136662
137522 146132
51430 110253
100061 166596
84390 109320
72654 172788
34383 160158
185309 191884
25807 155206
35623 124078
61143 132661
84906 120119
73959 120657
11142 63541
177873 198967
66063 71655
50950 170377
22417 26775
28231 39890
92856 153483
21329 175243
131943 181764
82024 188276
43790 68216
24320 172239
69898 84493
154606 157666
126625 157924
4140 22761
62573 116427
86526 123492
515 164602
30389 63424
114525 117081
58814 128455
63876 99643
105228 161931
73707 175402
19896 80025
115536 165401
9468 161463
29986 116019
130300 134186
71393 119899
59449 167239
34679 40932
18864 89361
65953 111752
5199 126195
40476 148103
79445 172870
106201 125024
11294 171035
141418 155791
109139 144290
26884 36507
36567 185219
47629 163888
143589 166419
60241 177550
130759 156004
86162 126382
113269 185263
24773 122070
61255 168168
54458 123183
91583 161585
12176 148775
34764 56059
93146 186427
16989 39956
113158 173055
42189 174614
154661 187834
12420 149246
65069 176383
161805 170321
25948 106201
34559 151085
96002 141599
14899 33673
2830 45631
10009 199331
98375 186040
80337 84719
112760 190629
13313 87831
170712 190373
84636 131302
108749 192761
43887 92704
15381 24630
31202 161618
62007 73533
57769 101077
39536 195016
150619 160838
110238 160472
28609 190652
102019 159433
81885 193190
143150 175455
49728 59145
65711 66284
56265 62996
57736 181428
74999 91627
2516 100991
18344 129946
82687 199940
56022 69454
75616 134015
80789 162414
24165 34726
95775 128221
51703 146158
107616 157135
3668 171127
62857 104585
62642 183239
13169 173836
124125 153440
12553 50616
131799 169819
136647 170848
48499 136834
112457 144683
113496 197241
31191 124419
22011 63914
65757 120516
172383 183913
21944 48102
86191 92715
61720 156445
138034 196077
33770 111888
40285 55207
65696 150676
40257 154948
48921 184501
61694 180822
13346 128139
9068 83838
185227 188205
98400 132514
81471 120623
3094 188794
49365 59743
17061 45886
156449 172719
114513 146641
641 35157
39114 171034
87195 169674
11038 153320
171035 191000
65402 78191
57240 143524
122246 153282
34200 70550
19688 127200
76725 151865
93613 183379
26319 175274
175161 179603
8230 87319
84426 119284
32789 34104
1282 80176
150116 189212
3224 82911
91570 180019
5482 58123
15400 35539
17734 99688
67969 79899
134815 144462
18891 88614
17150 147044
131662 138106
6718 75174
160955 191491
159933 161070
38601 122288
105090 167122
32316 40043
95222 153320
63669 188104
85274 149330
91544 172357
84489 96700
102325 140161
99442 105717
38069 59986
1235 10942
979 98478
10285 101450
84256 108369
14132 178092
21613 101742
189 116612
4979 119106
81644 134858
70803 163524
115054 137790
25989 191241
108480 133715
76179 116874
71616 167639
6930 107516
56989 110741
72634 145316
19400 128486
75664 156802
113137 191667
87977 94318
46500 69640
145754 191376
10752 101505
120548 163077
144988 166235
87720 178732
140067 160826
121594 173684
33993 185211
87762 176068
118601 164737
148820 178701
23772 96280
149390 190086
160455 169796
1763 46888
23647 194148
56713 74697
51576 160104
46957 162715
72915 183318
39094 186584
34977 103807
68356 173100
11546 85438
170995 185231
72705 108139
22761 167542
12250 89041
103936 120456
95906 103444
28288 180835
131564 164204
44961 157449
18048 195589
63931 126359
80590 128050
131256 137439
91097 186646
19374 178199
127993 140840
22516 26646
12559 127476
166912 167489
6604 186223
30985 63729
54282 153866
79784 176783
8979 173155
75118 130154
30667 155232
69493 184715
110982 171149
6014 131352
65077 152832
86400 148684
8447 38792
23148 135647
80237 87849
23280 197623
59682 128136
110225 197654
70753 78847
29189 176475
139525 174420
46854 67985
16315 54771
34514 145950
110665 131485
169670 170384
61143 145701
136112 143915
22904 135206
97530 147909
68437 83340
74873 154980
72844 81879
95775 146089
22781 180732
129949 140501
90485 99162
56755 96915
9813 157732
113513 193465
84654 130198
102110 122267
28107 168992
132474 173926
56297 195363
54472 134101
39536 137609
100483 174011
19212 50183
93776 125579
94737 98354
73949 79886
39657 183977
98995 129397
169138 195168
5846 145176
90511 152242
102707 124110
28313 178733
71733 74070
136493 161592
48835 193955
167542 190915
56258 100232
149482 164017
4978 75883
63776 132849
74138 181000
60185 170787
102392 168349
9450 85409
32739 43828
10917 50959
17240 104427
176890 187631
37508 183169
42890 127309
44799 123097
164545 165998
24901 108854
130688 195229
9436 30600
136121 148441
2752 63526
6869 187707
124334 199220
176079 185310
51479 155078
44643 190034
97265 161142
87581 193738
70195 179510
4830 34472
5099 46667
46807 47042
75803 144028
118766 173078
48609 92117
631 68453
3564 133728
74613 123723
141274 156989
30671 48410
21402 71393
110660 143860
155758 166652
8502 87387
54174 148476
64810 168657
67523 186056
116987 127480
104968 145945
6269 66445
136842 169149
34653 78315
17474 42189
30760 61328
147348 199336
45937 195772
133214 166356
82689 193248
18766 30910
37649 168368
11629 30068
12176 173467
14790 144839
113799 156238
23875 113217
25247 43722
150710 193076
50487 57238
42111 129241
10307 134440
167080 192755
23562 64867
95752 151236
36156 86389
942 135382
42511 175954
16500 102110
723 169037
11038 24917
124620 184496
138542 140795
32570 63160
119864 167991
62877 186736
143008 167556
83578 180757
98552 99539
151993 182030
57012 151988
25748 47024
66144 160205
176413 181952
147579 171093
15987 197912
139481 165089
54340 125677
100970 160836
98478 191484
285 65472
1290 169435
17065 69583
5620 12254
39337 103013
138370 144462
52546 169654
58329 171019
24048 111413
75757 111015
165992 195763
92500 164589
4830 100209
55426 94209
49498 119663
16409 31858
2941 182646
140626 165105
92047 146531
144394 153037
88214 138625
63007 137436
75174 112223
108403 129796
9991 112284
62579 187630
1124 179066
54562 192374
33220 51723
86493 134856
63963 110612
19244 121298
21816 129028
94989 150490
33102 194374
41623 155246
34730 129440
35763 148973
14768 24579
109502 145327
95210 124470
151745 164947
62943 116592
57398 191031
99969 141692
42551 163693
144447 153425
61197 99660
59966 89845
102812 181112
78302 125737
75992 93453
118390 196966
19213 170994
100565 164984
38405 163156
10408 181624
136110 193783
85966 113779
22667 134167
6279 167193
111364 183062
62275 154979
67659 157924
90131 128075
2517 145482
23357 48625
97945 183135
40788 84201
119899 195879
84327 159269
1815 129856
133426 193419
136080 198025
32522 43589
167014 185783
17590 148833
39649 101927
63529 187716
164627 174479
55739 99194
112081 158954
4497 161995
110506 185275
20695 181667
57807 114761
96465 166466
24917 167580
121240 136004
84691 196419
79918 146558
12545 50054
36541 173259
13104 159992
64433 184736
7222 130626
85486 186386
106944 178344
74249 128369
17689 135018
40331 40760
68884 105806
1239 128860
170551 171773
110057 137218
36141 175252
56816 145289
118553 189670
36170 132356
38600 55023
84126 175877
91366 160014
10192 84109
10624 21460
159021 187602
20265 106114
91120 131639
40036 103779
29083 107239
18962 83446
54619 104180
114527 176383
27138 179484
71296 71585
112142 190261
5269 131661
63207 195325
14753 84344
5012 129649
79400 125700
107075 130967
23960 51529
3088 69493
111105 125685
28268 142477
45075 177549
39656 94041
153385 198967
31956 155400
131458 184795
50184 85774
10362 148766
144009 173489
110591 142321
45414 181809
65722 187619
29445 51359
3359 191724
104021 184089
6647 157815
35389 157453
4479 124198
152252 173351
24427 97178
38999 122977
4732 165719
56442 114854
34810 150320
61436 106965
40863 94098
38591 89502
11559 44035
162590 197821
165167 174290
33089 160729
1170 114679
81495 167580
126941 173055
64123 199235
124653 142197
15823 130985
15403 59207
34617 134775
31153 138320
117029 143679
7653 41481
1187 138322
4768 97786
86242 185976
43688 144870
119851 182358
190786 197858
5880 54496
119370 120909
100394 105093
49634 179125
167138 198929
173836 182092
41090 101771
33551 185367
46057 169530
49728 128035
36063 177543
15869 95864
128997 138824
99045 142872
57983 101237
83101 170237
130872 157529
51034 103140
104524 134823
16124 43760
46807 150895
78480 110638
27815 66795
123737 162872
28281 43747
94391 177883
154469 171307
49728 137834
122064 133423
26100 193180
46977 191621
159770 184311
84733 198737
40600 162921
4700 178030
42900 141408
55684 171134
35110 122131
85383 174270
28534 34514
57090 66820
40862 143698
94445 105182
54187 177268
8777 74219
26236 79029
13561 163277
138468 183016
19699 32366
50479 78511
19714 117157
58641 174615
7761 68744
97928 103671
190531 192633
21470 129350
852 99114
34730 199716
4201 196083
61527 83844
118802 141885
150018 155049
78692 98935
23368 149044
34543 139907
118803 135246
17262 149025
63092 104008
156293 192741
48046 113458
96076 140000
99128 183943
7939 90538
4544 166597
24497 179252
84286 114646
105938 158018
97530 184254
20146 53904
22622 125120
44111 45032
56470 184715
90474 181016
26833 123377
80029 140771
113824 122635
19296 73130
111888 172955
78844 97435
58812 127069
38730 86794
2062 150818
105324 120687
4272 57505
63669 114164
85199 173016
65131 124221
49634 52729
157457 166516
115536 127266
59196 139916
83936 105495
7598 117658
35110 35759
112064 159413
3729 6181
105839 142424
74737 184028
985 102940
4950 199779
83125 158853
90383 91894
14813 156816
105786 186047
93885 145338
39606 52042
106587 111454
8263 176492
50346 173730
45068 178807
114600 130333
22734 27039
163991 165862
70881 130755
30411 129819
15363 88972
58518 149776
69501 100368
99165 136776
43308 139475
50375 189168
126382 161206
12506 106693
1716 117768
82066 154360
13919 80138
8191 37159
8986 86579
32185 152671
14168 114858
78533 154151
32403 79400
106569 175430
899 47131
93014 173551
39935 133257
108500 176730
152182 179340
8397 130672
15856 67347
6176 156969
81546 98001
119523 154866
20453 72662
4833 119555
172462 189366
74324 195382
61674 178199
40783 155277
30486 139372
79705 189822
36195 82687
36591 107531
26424 93052
74896 186839
117415 156197
43688 168794
50167 87134
64219 193379
3914 187586
69070 124350
63411 197881
109977 188455
144481 185527
49690 91099
60044 171799
81906 183389
66878 121369
128878 151085
71998 194451
2725 170328
16276 174391
4491 125308
176796 182949
72938 119663
54555 114811
79029 102795
102336 118553
141903 166958
65417 133325
42981 66686
4664 78956
69946 74997
75907 172357
113486 151033
59346 149918
71959 167725
14601 186224
6635 194912
169190 174568
20364 89041
45075 170094
54601 72118
18817 176557
121041 193368
83072 191197
104002 110561
15028 134376
34050 89873
44511 122413
153342 167938
18542 187102
76194 152958
115020 181611
8494 197160
130705 150542
3667 112523
7935 147556
139006 195035
85131 130941
17060 75555
35017 157996
137679 145392
151745 192651
54466 182153
117720 163991
73717 132514
29028 120356
38776 95845
16058 41674
100757 128831
24419 150513
172099 180280
77513 82923
123715 195448
45102 66022
30671 137335
24652 134919
67379 190279
93352 109139
75443 160604
40451 161284
130068 193120
12625 70344
85117 85174
120878 121371
70466 135584
103010 130268
73384 148432
7451 142513
27799 74284
38754 39929
189315 198550
25913 41467
144954 174820
83899 183318
72603 80962
33379 193566
171848 176913
3299 14353
37985 142463
145241 199914
41716 86265
101728 188823
131352 142245
69000 104638
90864 127472
15419 124004
62528 130750
105667 120673
112666 182078
9108 193713
104139 143654
129482 196005
41941 189042
76191 97773
67513 74532
84605 90357
85941 161518
14066 26016
26103 27306
163744 193480
20936 179609
63390 185974
13510 64938
3635 24660
14518 74778
14753 66761
11251 114254
3914 184752
140192 149377
3448 44375
134701 142515
50409 115674
16070 198059
26130 116923
37547 171916
120056 195338
58216 75992
35535 185001
38479 42866
88220 179510
115829 160524
29295 105090
41285 182092
117464 199418
62080 104524
38864 104638
88916 176966
13826 28804
27347 33426
182333 197304
78122 122920
113718 141107
157749 166143
62665 139261
32750 164782
75590 142748
33845 187131
18340 144529
108850 177800
94840 112910
145733 180662
63758 112113
117493 154354
87042 147907
72342 126461
75240 199122
44508 48992
30762 36934
155431 184796
16755 73949
37021 176276
50026 107798
91794 118620
20944 47095
39890 172702
75301 159163
90733 142520
59145 183221
20406 119760
159433 163209
87565 92189
11225 27916
104246 183067
24648 172206
74635 123492
2864 189272
103444 156864
110174 110599
152958 185583
2731 90688
3057 113978
3676 14845
128458 138152
68890 71381
127612 160165
65020 72982
71673 157746
1716 49770
2189 189090
24497 98780
39598 114633
17979 38627
142557 155898
28804 100293
6173 141791
109719 117845
165113 175589
40476 87034
16554 38974
1986 44108
192560 197800
5320 171916
46919 73432
5945 75344
12584 127447
80984 175161
61436 122957
30667 135183
102005 165030
135899 172769
28431 114285
5595 152160
90235 152623
160667 181016
15427 168328
51246 186839
54768 60784
54652 132013
1901 52185
58044 172593
11956 19340
85372 159134
28882 117267
108715 121368
152272 195079
64770 158006
154349 187128
102787 107066
116179 151191
45937 121740
13395 117315
94291 153404
74162 159049
41337 178761
117013 178127
15112 150591
11192 109987
114513 118647
40809 48199
57526 143072
11561 177038
153610 172644
52113 155188
25731 38542
93786 193717
58920 78956
86258 126021
46103 72671
83661 116329
32226 83661
18948 146909
100056 175426
129649 145106
65722 75953
27216 99653
129985 154342
136900 184313
152741 179974
37806 172779
12121 194142
36683 197181
129398 140555
52551 64486
16037 184736
104699 175626
13845 170866
82005 185510
39497 189336
123683 155078
137940 173295
54332 113286
76802 164977
66197 100814
82128 161142
94455 128889
105106 146171
78863 103533
134823 182077
51157 194911
74533 172099
9135 68692
33950 111583
43781 64566
163025 164112
100231 170974
108374 138931
163983 192531
14825 31725
134373 138176
15925 120685
134596 160292
160601 195382
60185 181358
74465 97377
92623 127357
15100 51479
106201 167453
32714 43612
73772 102607
185317 188437
55688 189473
108897 136248
13111 131660
148335 156935
61644 145945
83891 97359
63659 153421
63851 161297
48626 193756
98171 152485
113799 198503
63914 150347
112878 155399
115924 120373
63811 70508
38970 194496
23817 164746
27747 84719
82843 150382
27820 68711
5099 155626
31074 165701
20998 116975
67962 103442
145194 168788
123309 176862
79402 172340
59581 159061
27222 114547
2665 4994
21944 48701
8425 180231
111737 189088
19026 53851
135488 166136
24873 47965
24961 104665
15398 129684
33664 154979
116368 176312
57260 111216
53040 134691
6886 62379
39082 174736
9718 105106
61679 131626
102287 115191
9913 21585
135476 168708
119328 144716
40917 48333
29969 141746
71616 108146
71840 199409
7423 70508
35079 109244
32133 163923
66218 89228
109501 144402
32016 93827
121804 153667
17051 138456
149646 168789
10220 69108
127936 166377
57120 167389
79361 138524
101334 104901
38330 66829
25996 131681
75597 183200
57675 120462
65439 87001
96962 143444
132554 144706
22399 103013
53465 73772
49193 131487
187586 191222
71631 182439
117191 120373
75570 156483
5973 73890
156238 179935
124295 144191
5794 92134
86684 129809
57676 176992
52353 85683
2958 188594
17331 199394
98052 158220
11208 147126
10440 22023
26046 190091
4578 140771
42765 74340
141500 157685
37223 176891
6279 106728
66923 84463
128594 129275
165211 199779
80628 109087
148416 152604
34535 125857
4773 15867
129241 178365
34354 184679
69756 173991
97189 127109
22472 109304
125093 155246
109907 197625
92955 191748
19460 128821
20453 142952
66756 156026
63366 179694
28941 49770
101073 185175
20426 163693
47327 144481
137051 199216
40974 137400
35170 136293
34131 187043
88522 191621
39337 169143
156803 173786
79052 193480
43484 78186
70088 70436
37052 146639
76960 152671
60606 100166
102013 121909
27117 118264
144214 153911
6780 77234
42288 129511
49560 141638
150952 172883
33660 39914
169325 191492
170675 197149
88606 109466
76861 179589
134136 191105
10932 188740
140365 145438
77736 117403
92002 199122
89130 157009
11842 163277
15650 156749
144225 158850
126359 191513
44206 175626
141430 145069
97980 157453
45032 54313
86158 92962
8341 157517
153301 191470
34322 164725
13233 109469
133614 194500
71354 196857
33946 112064
20453 53908
18144 102221
39801 41014
69242 108578
128391 171601
12039 97033
57145 128742
118970 185929
138945 153667
8417 109906
10731 140608
82520 118102
104524 145750
64268 71775
112645 128608
17211 141865
148336 181583
80436 182902
171937 197318
28960 113698
8007 189336
12716 173551
110404 163006
33441 168263
100757 197186
27961 195526
37039 86641
40563 195224
28804 44564
88290 103196
116648 155206
128990 154315
100293 177895
18483 42897
12978 72692
24653 178304
27778 153509
149482 188803
94648 161768
80881 189670
56864 135382
86774 125031
19212 101647
50986 129126
45886 72322
10729 35152
14813 124237
114365 196857
62433 100123
13862 186224
59502 181729
71499 127823
159671 167682
17019 64314
102643 195448
21764 163300
86265 176659
148973 163795
69304 93913
23320 102973
135420 182125
94437 125590
63993 118879
48704 160292
165703 179603
72666 83251
138638 140040
15604 37688
121764 164721
37 13112
20375 33501
41693 42709
122698 132137
94371 153807
131799 162107
131466 191982
58812 98620
27700 147035
5973 43430
22283 172549
19026 150624
35638 105405
103546 105039
40648 134815
77655 86639
13318 127621
107653 114808
20728 168693
12168 148756
33441 192644
56624 68960
19142 75590
116979 151810
74843 117421
65588 67985
91545 148802
46140 52620
50611 83112
15208 128867
160706 184046
12095 121293
12168 170446
41832 74465
28189 158144
57055 111220
40722 61591
83056 134815
144141 150852
89949 196060
137670 181962
71582 199292
20075 121088
45847 153886
130854 180627
30207 39674
67897 86242
43795 104742
86820 100886
82607 114202
46007 79472
48626 134532
135647 197188
21704 138621
127603 139907
50703 85346
160488 197839
76978 81926
100190 191317
98526 127994
14790 19788
45029 143755
39900 196036
60837 90482
57985 151998
164365 165685
74485 192632
54278 188647
24413 82088
68437 119701
75848 78450
45170 93245
20375 81468
58002 130330
118275 189090
94677 159432
70538 117013
122931 165508
40845 162234
73831 177111
70333 133026
10890 127763
36216 83672
64948 80962
5860 110395
41589 57941
94042 161618
101211 130026
63716 65069
39606 126047
59902 148833
31389 167011
63984 125429
130300 132894
4664 174245
94408 169717
444 166625
1986 144600
139183 195574
39217 97013
150794 150818
20937 45847
20155 188797
37522 67717
73052 164021
89265 102317
58997 183062
92544 187462
2398 90033
128843 164247
21375 194394
171772 181013
144297 149229
36174 132305
2453 139916
4394 139110
27799 109104
53362 59490
81655 162335
110792 187091
138253 156935
102307 142371
100311 177278
84660 139456
178179 187742
93675 141019
48410 171398
158472 180941
6568 176796
48500 198025
151115 198873
11400 30412
75097 128928
84954 153721
9760 20633
11410 62614
72154 73851
36722 144698
74931 78191
66794 137954
134273 149633
47929 196850
34535 196209
93245 198265
3227 63508
42888 82073
23440 178102
92244 144921
36283 39298
68522 170848
45925 54401
104282 119818
46915 104665
18990 36269
90690 104638
56692 110304
32425 100975
21707 62559
23182 189908
18589 193508
26193 195929
37569 139254
142224 166591
63041 103987
87316 109323
70538 170737
25808 73326
54089 161868
165359 193738
104125 190685
47223 192091
63969 103473
47860 62037
29352 39281
108477 118963
11400 129934
9690 152243
126203 136124
64939 66756
159298 161234
52407 86743
21263 121642
148552 195079
1597 72338
7444 156473
35759 98300
1315 84909
21217 175249
3839 185825
113641 117169
3869 23437
163312 165862
185821 196466
56271 66204
40246 41985
57374 150945
20471 139588
42313 193182
15381 130718
17899 19254
7649 21263
5273 156728
132080 151236
118662 146757
68356 113907
77300 151354
22721 142505
137298 137861
114258 136297
22375 152870
12548 195346
129655 163375
141091 144142
31779 56526
20453 75927
52307 127163
44086 153136
44076 128175
12473 87839
145089 151386
110525 198516
34836 119610
123797 199909
95983 131732
48033 195763
43727 102973
21875 155838
5007 83408
93355 106353
109677 127331
152058 187677
84986 178102
44299 189921
101269 195424
109817 157516
148499 150591
93885 183617
155531 190133
34735 110584
72864 99144
106184 137618
123755 170609
83209 166233
113612 156738
75383 152545
37650 95272
129424 133734
113743 158800
20406 165645
19182 108062
9023 82846
27138 188464
358 148432
5693 199000
61436 120939
36237 140724
12271 93764
121519 128326
46630 49255
84576 150281
50064 68818
7185 78211
52463 188737
155381 158633
40311 197926
131764 156328
76496 149207
37309 65522
113824 153592
1668 171200
46877 127091
187415 199063
60795 91240
121673 128891
96465 97944
12579 88594
45574 179441
11142 194458
100687 139978
116078 170358
105717 142206
19596 21836
91743 155935
47723 197575
17253 110643
71655 180687
62536 82836
155744 173671
32513 78805
55212 165089
119505 160883
103699 169844
55695 100201
90893 119635
74138 144531
27012 186022
127331 165636
64209 88653
97217 99671
5987 111907
12950 48560
98285 135064
28745 107037
4920 16276
182022 188451
73268 107741
29186 164540
41967 172010
32755 87134
32284 64675
85477 184796
104801 180203
78325 96053
14464 61723
48375 76818
52546 174733
120754 158428
54043 186009
139456 180478
110506 128683
94077 166147
163142 191601
132080 195766
53334 124105
120878 160189
31153 172880
72755 126501
25955 27859
34653 197885
134143 155188
78492 132197
100961 119791
78071 80672
58779 164540
12769 98169
378 155902
112227 167453
8978 104498
89175 183688
108482 195346
115208 197611
107963 118269
24709 89911
24446 84759
69189 134226
116127 142936
41531 73954
78734 117013
74916 194394
69894 139475
173668 196070
92781 158686
76339 180625
24334 96001
35840 120836
69898 102542
77234 188563
131072 155598
113907 161398
82646 129007
28805 157517
118483 122718
19924 127490
38125 81396
29699 138193
641 114715
881 135335
49001 106077
115763 153628
33752 153610
43795 154919
23390 186348
133748 168692
105844 131875
43776 141638
34490 125873
41336 67925
51663 77974
43412 86880
81522 130281
25494 26372
30288 145503
32412 181647
136832 143088
88089 128567
2828 69546
161294 170045
37124 78885
25352 76250
75570 184382
71569 125857
94300 198031
1932 40043
96465 147720
21491 33167
53760 109809
63489 123010
91548 159387
7328 97033
14825 105290
116646 187695
55201 63892
175379 198404
6429 12365
14423 119889
14016 35362
73851 185345
190597 197069
27570 169974
3864 76551
149308 161366
133407 165433
56094 69786
131660 165474
73212 197689
67428 173761
73558 112113
50054 79683
70674 183696
23663 100704
65735 198756
159433 161743
36578 110184
3990 132210
45120 61880
80494 164735
85318 161814
5056 59011
15155 174311
63079 101283
12931 113458
2194 189554
3837 128978
70753 72393
128390 139087
30985 61890
104761 184752
28879 99611
18203 141353
9802 177263
20265 196658
17194 174294
50402 169037
44206 189714
6306 185345
81906 147031
3124 53450
24774 90235
35124 63216
91988 117224
47629 165690
73384 152443
39999 118212
159741 190261
87808 104057
98288 197279
2243 114518
51237 63358
105186 176323
10349 59820
61704 170105
62117 157004
6370 109209
33545 122143
65234 178755
107740 117911
151941 195250
62650 174032
115512 175330
116182 144352
16763 105178
6635 78870
174420 185399
26481 34836
69011 100757
175924 192220
33663 151915
43284 110561
59710 149669
30011 76227
43156 188386
11080 139719
168830 181112
32446 55524
58344 103346
13362 30929
51503 130426
16594 99478
86178 174925
23210 89036
94518 197597
82823 121180
29810 43528
62366 185378
8576 149681
17901 163966
21830 29661
22573 27257
103699 193139
5169 180218
86106 162619
64447 187023
76845 112370
11988 13666
175155 181489
75972 168952
40331 81137
3729 165363
93264 128075
87207 147051
616 118402
38217 103835
87540 134570
61071 133804
48226 197056
7857 81736
80720 152972
24059 188388
44820 74864
126149 177092
28228 61664
46502 55331
62409 190467
52512 107651
143306 158335
24411 116791
25047 87104
34595 85612
85651 184153
71840 188651
41797 118182
116427 128906
27269 186379
62856 95542
177854 197892
39785 45120
19169 110110
74249 121894
13104 152402
55426 78579
176008 198909
47788 133214
55094 66928
76375 194374
32668 68888
126907 160160
36075 153425
145404 176085
47955 162274
1188 25884
82358 120740
4208 191180
69958 117029
166751 181131
9416 178677
79546 161326
144690 175877
102655 173762
21211 80409
37256 75241
141857 169263
80626 182077
17618 103361
56894 155736
114067 132080
32513 190032
89979 158794
144839 165453
134063 134994
21213 188098
81706 92879
72468 134175
86225 150980
121293 182318
145240 160818
71745 102157
25352 178540
84531 117280
119787 188202
84103 95294
43901 148219
33023 162789
44418 147052
65926 105780
132106 194601
47955 97871
76003 119424
51034 90805
80468 107470
31912 147052
21737 43308
131140 179362
112331 158351
167382 182077
79152 106728
22727 138288
17469 186759
49770 177379
11221 120740
52927 109977
40536 196857
24860 139919
13233 126074
45905 138645
30486 53678
76322 176346
9208 96351
6181 12073
132786 161772
21705 118390
78116 185816
48839 67423
154245 181120
56647 150266
15701 188257
162347 193983
47707 137159
86930 197098
35482 135992
32261 45170
48010 158701
1968 15165
72985 181647
20237 65577
39709 125277
75589 85683
55644 126269
82875 108854
118651 196844
3393 11858
138568 175274
22501 197669
88330 186392
141303 199463
68911 76249
39082 116682
24579 96619
14865 178164
1845 174479
90864 198084
64637 132197
26300 106114
118245 153207
24443 33606
3354 66290
98122 124298
157314 197247
164051 170496
61527 186745
12545 197702
58805 195889
93890 187587
56164 76322
31758 166652
170403 191783
73010 108850
67860 148114
103016 178030
28086 53701
57942 65991
1461 41408
14232 113156
154698 182421
25539 180022
32603 164341
40494 166192
98004 100482
41532 103895
108749 177243
65081 85174
111674 183804
23868 64463
71159 135585
81847 147674
50059 55748
122209 197695
61515 172459
20193 133297
20411 114757
34618 49940
50796 155769
8915 61515
16616 26411
150094 198172
33167 168184
29955 94470
121486 187200
22955 81799
50196 61591
2108 180218
48510 96056
24939 34811
115163 164423
44055 92758
69379 96806
69898 187671
36162 112875
80789 133418
70373 145326
121041 140095
194883 195609
109183 117127
83557 141171
30486 67504
61698 191604
83921 121554
83420 112480
26047 70674
24443 62566
128319 153797
19340 125396
56442 65793
16587 68466
191868 192670
5019 187963
1357 83049
59294 67608
68961 118666
21824 143750
161236 163966
119935 172257
108531 156579
5479 73326
120969 139712
41879 149906
4661 155904
66203 138899
76502 140711
85191 103230
70881 165058
25312 103519
104617 129715
53761 164305
147672 186127
104495 115066
145095 173598
31633 42472
70169 174989
64011 132260
74235 171558
64588 75767
7178 194934
111146 174089
103769 199409
77458 99671
59120 116684
133682 146158
100881 188768
192992 199561
30201 67257
44718 115395
147863 195299
28658 66418
149792 155412
12220 174967
35735 46630
125661 139221
35571 46843
90824 106373
69000 158047
11351 92990
150040 165916
14354 100061
118228 134629
56864 155669
61748 148219
87684 136973
169443 172527
30901 144247
95232 129448
43795 195200
13666 116666
29152 156407
32527 54562
131380 150888
3299 128078
40043 146746
102061 156164
13924 62418
10470 87576
91654 193544
125248 127055
30571 62043
158091 183294
83017 184726
12284 110901
84353 145750
32739 50757
18144 171271
119724 171043
141428 177079
18116 123975
7051 65402
155564 165827
122758 199724
48685 142090
50196 75607
17990 196734
32943 160472
3618 150128
617 22129
15365 54999
5548 149330
154245 163835
72628 119899
36156 88486
54935 170191
135187 158136
106024 146531
32013 48801
61818 124110
43134 166516
138824 171482
24709 154441
139132 171365
11556 116453
21436 124076
30046 86389
7290 175642
93860 157314
105685 122621
15075 83256
21752 131294
106387 165356
39033 97483
28272 59576
23149 156630
17688 34339
134177 140261
93264 102161
11351 111176
22051 23189
26822 160915
108665 191382
70970 71317
1624 15725
124295 162546
87958 179362
40469 158754
137335 141194
46888 71023
490 189311
11655 101008
101146 152882
51752 169527
127679 157787
128357 195623
75664 125314
48286 148723
127858 178682
16567 181246
69545 162968
29869 153543
80029 131967
5134 189000
34523 61249
82331 113984
17935 96078
134186 161593
51265 67821
106186 147180
29482 118505
91081 91961
43908 51086
122081 176974
147705 192992
35110 90255
97111 137901
77248 140192
164137 195674
53131 149478
42971 88048
48460 120685
133751 197004
38355 195104
53422 159302
121838 132109
79695 146531
7953 55648
23326 166595
52343 97933
122209 181755
164014 190434
47475 82452
57874 169530
41545 41636
8086 85632
17254 108850
53939 66957
46226 77395
22885 49617
87985 131885
77037 191449
44833 144838
140771 153523
105261 108965
135287 151369
43352 193307
58085 58379
13460 78066
36366 194784
59294 156331
25996 122204
82915 83125
10649 190811
16325 190057
92471 101725
75237 99624
150392 173385
52193 196185
63089 173189
47623 155970
39095 172585
45617 127847
42772 96780
55402 112125
98703 168981
4438 76175
32063 36983
157981 191715
50736 178682
90762 189774
6800 70110
134704 145979
24221 134338
129049 144725
163200 185038
38332 131660
129501 176312
104928 190107
32403 34606
83998 127259
60693 63892
59875 192868
88002 116916
84129 85389
17214 114257
49728 114319
126977 189073
140568 150972
126950 195208
56531 142459
4421 145282
117800 190251
18506 177273
65926 185482
78708 112565
84727 85397
14622 155294
79918 84185
101130 141826
27472 29486
112760 158002
20925 92946
31633 90365
71588 96569
69675 132661
33159 62409
766 33325
19750 147602
87695 156473
22781 137189
103971 170803
9306 29063
73393 139266
114858 167034
122234 190057
133395 154624
83524 108099
177 54271
123275 171093
56729 144383
77388 108524
116269 190604
65202 184626
14599 175497
191538 196944
56931 83475
21816 33930
93245 180760
130107 179986
50802 171097
129883 195442
61258 130688
103439 142424
81799 105820
97276 150087
56293 181761
122805 163226
130363 163036
94648 185048
90185 142454
88949 175528
51265 171252
15050 58824
70447 89666
121887 198691
44117 69519
17875 50104
46513 87257
160631 187112
89758 148833
97169 153105
27966 165031
28386 189287
475 83998
18817 89424
108987 190744
64776 164523
52627 175980
26833 152668
55032 137145
91193 118267
2058 34468
131577 160482
52670 70979
107391 131631
18261 124762
48837 63036
38312 180333
772 83192
11885 131352
89102 191308
49210 89102
165603 183345
50571 130705
123140 129735
18353 172554
79670 196327
72079 144928
68377 199771
59706 77752
43715 147477
109729 179493
78071 174414
96128 103084
42529 103546
76814 92019
25342 34260
66748 102287
42823 105072
6587 15420
28713 130052
33569 121601
92320 150023
17251 147117
91490 153414
63092 174892
38067 110027
87078 95487
36917 123797
206 61899
17096 122081
56298 98648
11080 93888
49120 189361
105798 155321
117911 172125
285 126892
56232 133249
11132 21737
83544 103835
175602 185581
85727 86503
65641 171034
96898 181474
21607 179397
129177 191742
34218 95210
41408 47101
29416 161295
8958 18269
89925 107403
105656 156382
92851 179727
34737 140795
122966 184950
37399 87101
97530 171342
45819 91031
55726 139481
20506 188122
75905 175271
17891 57398
53908 143781
98813 125557
92281 94324
66609 71647
49560 94286
8654 187351
68585 143282
768 116427
63284 105261
8594 39266
44218 185229
50463 100444
91896 133091
163587 172282
71680 132692
136610 160883
68505 107534
33466 106940
6771 28854
69594 153915
37404 134430
38212 99076
101269 167254
47882 116270
60143 137790
108149 116648
176534 195910
46683 194060
7857 51019
51461 53340
22876 43376
41458 178199
99624 130814
24423 145404
110337 181430
1453 100988
51646 183067
49014 106300
29340 168738
167647 177524
97118 146575
38027 181718
2054 65853
91551 132062
18353 172691
157973 187887
175433 181199
58082 159323
166356 197514
11562 23468
11708 172194
4673 134722
6107 103871
366 100933
81726 119899
124226 156294
64832 92829
95349 107960
81678 150235
126440 160540
108843 170210
111305 137850
183062 198287
1980 122586
49260 150258
768 89799
67770 196360
88486 145452
137555 174727
20799 78066
99589 127008
1924 156154
40676 150978
38566 75705
10832 65002
15198 105712
9843 77198
84353 127849
21766 24719
16217 152575
95487 105293
1264 19182
103923 111145
119831 190242
25915 138061
106387 108255
688 197863
46348 128242
158254 165024
49394 158476
146639 178792
40951 96137
84636 114544
120462 129254
94324 158331
75730 101762
172788 191134
17465 26622
46271 101383
120116 177374
75907 86048
37598 64844
135018 164005
40845 147664
79688 164077
107864 122213
123140 165440
48761 149906
37748 176728
122936 184100
17074 97837
63111 67877
35667 152755
39109 111859
83452 160135
37657 91548
93085 148936
33235 166751
56472 129629
70247 151242
91790 112370
106098 119296
3875 134296
119224 193232
72008 125551
5066 15365
85039 110525
168741 198093
13361 169203
38835 165603
504 139064
101140 174294
20115 151845
34811 153631
140327 143673
21846 169419
160057 179694
136117 178774
62665 177397
114793 133880
99356 198079
78726 162347
56216 80176
72338 126929
641 6712
11914 111224
28377 96727
6220 99688
48459 161772
61255 87481
14664 110968
137747 189088
105839 106621
57803 174944
103473 123139
196729 197799
47214 103441
60842 133066
51097 67770
83672 194592
126737 198841
4448 188081
23863 106069
5352 178543
4215 61120
81438 108229
53690 178889
154628 188860
78734 105514
91152 183958
25156 33993
32207 184586
63280 196535
82973 137694
98665 115176
61559 76978
14787 128050
81685 97711
62732 140161
34980 176647
101671 167618
121615 196444
106593 161558
134556 166382
98332 131789
16731 176383
39635 194060
75507 118527
115513 161070
44345 146154
5479 198085
29517 166208
165474 179916
41154 91320
72409 166800
136528 184498
17474 29681
71884 131055
117273 135346
78839 181764
123062 142164
64823 154441
105561 116241
89147 158701
152258 192105
8806 102743
80624 147579
38033 194784
96436 96668
73438 79918
72949 149656
104593 131952
158642 161516
178765 182058
108531 166420
66847 124846
22432 34336
80068 193090
76330 143261
109157 192696
29969 55353
63321 70319
101211 132656
117438 153800
32366 190640
45623 147213
121921 181712
56514 78556
53201 111659
105742 168388
152225 197921
50386 143646
9460 88727
147585 156095
4876 140470
39097 154443
61643 121812
28886 152741
15157 89557
148880 182896
12971 152755
13504 130333
116219 158525
146237 173762
20954 178608
60614 86265
38128 177111
32750 123695
60017 139844
22728 169420
144187 186869
115196 154543
15743 194458
107119 163204
132305 161919
57156 137897
21770 59631
31858 125411
31173 84891
126521 186283
45237 169063
5829 98332
93318 96193
44759 156430
124395 127807
52248 156158
22511 29602
89359 156457
126259 138542
15552 184693
41044 191449
185273 199780
74219 105458
58850 132131
43510 51443
12999 22217
33023 124086
12370 56755
15420 199175
1104 121436
50155 71591
36195 172963
140853 148915
56972 63575
81437 187199
9708 140484
42529 80887
34455 159878
48329 54353
143733 151044
146805 148103
93768 198361
19596 186890
90470 178770
26140 116884
81211 117777
17880 165879
36992 193232
60241 82062
32639 107693
90690 159059
50544 116721
55027 74967
133159 190213
79512 115706
56401 175426
56472 141182
51706 66198
68890 113653
128997 195945
6780 181932
99922 150257
9134 115438
125311 175897
167236 195526
176012 185413
6437 91111
55905 173730
3359 101582
35738 107128
52172 105703
20937 156615
16712 44902
5662 165307
111768 191894
140904 197631
84392 113513
4257 17508
30360 110395
106458 151044
14511 134576
124470 177972
22472 29820
46164 159874
105539 181942
17398 150263
51996 61136
42928 127083
100223 135128
163842 196907
67896 141577
75645 112785
68316 173519
43760 168208
91017 111463
141845 165603
10301 87264
87344 193204
59611 69545
163779 176049
52048 97377
25329 66503
133240 144462
15867 146443
170814 186969
72393 147588
75906 125621
59346 167825
3664 128076
64210 179427
45075 104115
84463 139790
140793 144191
59839 194948
128067 193486
65172 91908
23015 118182
52289 65538
125049 173821
147108 181414
33036 77548
78274 150266
97458 190426
40738 110301
51626 60160
79664 174182
95687 140095
83588 84206
108832 135341
20544 185583
51510 84619
72943 148635
10349 173903
94662 167880
3166 198494
10782 99834
159042 161430
87651 128262
20467 194608
18399 110253
100669 160224
2362 30211
16894 158784
64579 107010
53131 127432
18966 36170
151309 153020
6025 145438
30397 120526
16376 96462
7178 88271
75713 127247
21072 100411
179923 193371
73831 167387
35940 108768
310 13196
84150 175874
131964 182849
51570 136117
116001 175379
165997 169257
76305 166143
68140 123248
73033 171143
38600 47303
33569 85738
36655 100746
28882 191138
73851 187253
21443 56713
41941 162912
174593 193680
47279 96666
61947 134701
84256 173492
79429 194801
22880 74138
50770 85442
68640 167618
40064 105668
15822 27677
34468 137146
15258 196667
3529 106705
72665 124343
14077 189865
62328 62604
16325 37872
36162 179971
98169 130706
141618 155481
110073 192097
166754 199682
49808 95845
378 142503
128878 129184
53562 109041
116877 158365
86248 157671
160508 176413
50959 64357
34620 80073
135476 144064
56948 177078
173442 175379
53423 75590
124791 130214
43115 129343
46399 131783
92728 124280
43598 88083
23635 47700
14042 20489
47507 52351
31273 199175
70142 190093
54253 152239
126944 171505
5626 35546
85547 104699
101505 159444
162106 177052
1554 125400
86693 157609
35176 160480
165703 167353
19802 102068
93592 149436
121115 137045
87257 107246
77092 174498
17524 31418
100621 138100
166430 176871
113289 168184
15316 36683
143314 163226
104631 112549
36113 136259
46542 139660
97555 131653
682 57411
47691 185876
129400 177452
81556 169325
63324 186541
36507 61888
9975 46367
58203 128075
118791 148972
79955 121838
46577 140470
31838 79975
89376 112236
57622 98224
149258 197195
87166 149012
89561 107119
62058 172554
108650 182826
19726 178199
158665 197583
139108 153922
55727 167367
81866 86502
29510 131087
41606 74613
20831 101734
3418 163189
6162 187018
83557 137404
147490 155769
74061 135445
106264 111949
24028 26140
132910 196327
140792 144383
43609 107276
17659 178455
157361 172244
17253 90085
84495 116945
44685 60536
53947 165226
34453 80672
40142 104768
51202 56117
122401 185974
87732 139559
64159 138100
31768 155923
122972 124402
44615 150624
5269 39958
127483 170977
26861 131964
10724 59502
100943 103387
155791 158807
135710 158677
166461 198740
4654 144887
136499 143781
57271 190498
67836 100249
29986 84029
27673 191715
109677 196712
39541 142025
29432 102507
144142 151413
169657 197724
42658 109605
8375 17222
159926 182872
34928 138123
91586 162420
123407 123408
15300 128302
31783 37129
46049 134629
18239 196327
96829 129829
95210 98843
19626 33724
130854 174489
154779 188758
14276 70073
82846 199576
4921 168439
34109 129934
5477 6201
71016 85889
129408 130425
102655 167581
79975 162604
1162 145756
79152 171556
31305 39866
12468 54200
35386 152968
122069 144536
18188 106569
20202 38128
46914 60293
94564 147556
4934 62877
112234 130463
89678 121840
42474 193139
95867 182792
4664 136285
98324 164345
46957 124868
8835 65727
43115 78913
94268 130696
5339 72674
127823 163833
67164 112922
57024 119791
71654 141514
94592 190804
19944 65884
104704 156816
47149 193113
150611 168789
24478 79801
87544 91170
39534 39773
7761 116822
80168 144839
54187 124095
45041 171218
67226 118041
124789 198465
159168 198752
26427 76244
55023 76887
110506 151767
7098 80037
42433 49075
14664 19408
27739 145754
124980 193945
13821 63087
174268 180111
35930 58360
23908 190640
23527 71697
62094 166433
34455 157993
56228 168010
102068 120369
144451 156749
11132 112533
55007 75608
32395 194148
87830 131618
13340 102655
107581 118701
130594 139545
33233 59492
18628 178078
164903 170728
6202 76261
46494 127711
17254 68060
49389 67934
6986 194093
122209 168910
8040 33781
51072 162675
93112 117596
64346 133271
9991 65697
28758 89845
62393 153509
54652 140108
28718 72792
1968 174230
1205 36567
88644 135679
77079 174828
75823 196915
10440 46644
14172 38720
18097 32223
110599 194928
22916 156331
110184 124001
72742 103051
43760 78175
162872 166969
16315 69763
83135 114679
99303 168853
37862 110599
121436 186437
35682 113121
92959 180524
777 115215
60749 135334
187922 191833
103574 141182
8597 10513
145447 165603
49929 172202
84567 101619
145037 180784
33724 39825
12932 137863
2123 125487
68219 81330
68961 108541
3057 158243
160540 196401
91523 107206
32984 71871
71315 114751
23514 101614
113100 176988
119935 134023
62329 136528
10749 128076
50586 60863
28196 51509
60882 76482
45623 109194
14349 80274
75614 157489
48516 71478
151463 189286
128425 163165
139384 157924
98440 154520
3676 128010
10023 170398
32219 98134
14281 192095
40883 108031
128134 133707
44404 73896
62646 181097
126830 130515
26699 103562
89167 191985
68075 93301
29181 196070
30258 88603
76354 189309
102083 150242
23135 36141
21134 177748
67822 83578
47629 87065
108500 199352
59657 100535
84495 168688
17627 55707
109733 122722
65990 145417
127266 192772
47101 70217
5501 171618
87017 186764
57055 179463
114895 127476
112629 120815
28523 120685
39486 155541
31844 155113
51955 96658
149505 187586
41583 164933
55972 162268
151281 156599
19750 66951
11221 179891
149365 182031
43791 141607
19192 171601
25374 119196
8614 120673
41934 112291
29324 36926
47406 117127
8736 70983
102013 166409
80907 193611
171 18095
45062 92431
45498 93888
78333 193623
96780 140012
133162 173695
54278 54731
20937 177593
93014 193975
35232 81926
100009 111024
76893 176821
77015 132702
37682 134186
36499 160205
132739 163363
72939 124868
4841 135122
76186 137272
111305 176168
107895 137790
126830 151805
9992 60557
125080 140311
76462 100231
76393 77724
48582 146867
83917 171143
37376 75799
1689 138193
40457 60441
11432 102805
37688 72953
61721 87958
134143 148692
38886 184626
162151 169257
158022 188218
79729 167911
13138 133957
17395 128227
31556 187849
8013 141132
68448 119381
9447 91741
98122 175373
61679 94327
11999 39534
5451 57411
64483 182146
3544 140584
92955 154295
60217 141956
65077 142537
24750 192764
13241 77289
146761 188344
9125 117214
17883 93415
144465 160915
37753 194115
39999 189472
51966 73786
43795 154741
43262 167588
3001 54174
47924 191850
134297 178928
138178 188049
19532 97726
3875 104266
114942 119286
79754 157505
29451 98354
32620 58656
140565 161353
42566 154354
69946 112424
69346 84762
270 41609
60009 127253
118159 119851
145909 196795
5374 164017
38879 136061
125024 127786
29609 197318
178022 180789
144132 145529
401 2453
2271 46800
42998 154948
184313 188883
23677 67344
55508 140849
5990 18085
127357 136994
76482 179366
82066 190579
82307 96868
59736 157808
67496 120685
125840 162945
4920 179606
20481 22654
58573 119543
27981 85685
59291 135623
125984 195468
32316 86279
42263 91381
54802 163779
154218 181602
50463 54409
27169 148679
30489 155723
77161 149802
124554 125392
4157 32458
149246 194286
20489 134612
28574 164321
160568 179721
19186 147034
168079 188794
1980 48030
13240 128594
80464 120163
48441 75241
54182 134629
43808 121840
129612 165947
169268 198363
30876 115426
23441 45275
85042 129902
139880 150490
36452 69940
95007 180203
2123 94067
70167 72742
12952 156168
143314 178610
11400 37619
6337 102655
9064 70542
58812 146755
105810 195424
17718 60826
50955 154296
74719 86966
20355 139108
58085 166761
30978 153261
4984 96128
692 46360
45237 159314
67937 199724
95328 165847
2900 99729
87134 95393
6708 171921
12096 119773
50113 190838
159535 165360
67776 192954
98252 168688
148317 180627
105324 164451
34836 187759
39094 196797
174781 195993
6175 123407
22498 156838
101289 101401
81016 100483
111380 169149
138623 184969
12438 98270
129362 179383
11086 100559
9416 143834
58757 88601
117601 161937
67337 143704
3997 99748
93215 135122
125411 140047
45942 185184
97674 149053
62245 87878
15712 80245
15045 27380
24901 126463
15287 21567
155499 168194
100990 170643
60503 69501
35882 180685
59257 170609
164173 172731
159739 192220
31376 123780
55659 76957
135615 181736
68410 125423
46374 67049
15198 63326
76603 153884
79029 157409
83998 118254
28377 78973
119537 136914
88930 100975
86859 122248
56399 86743
51919 186979
54755 155149
72521 181310
8668 146225
30911 126021
49833 136139
140742 185487
116283 132399
13452 149044
25548 197208
98342 158668
65561 129238
101582 183898
113755 118403
54051 91381
55147 83251
81364 85356
13207 183988
1040 183198
4479 116053
7325 69369
58805 89996
50722 137679
106628 128608
46205 157449
73044 111131
7178 146976
90140 163654
24586 130300
6175 188014
115827 184318
766 137460
93976 185086
68316 132422
166070 199561
123994 175455
37206 83732
23863 61298
23436 193066
50922 91904
12576 90693
8040 195397
15228 190404
144668 149473
77444 171902
106452 160326
181507 191105
50305 132899
118260 148807
69453 178680
21209 101353
82888 163065
25131 99136
98470 193611
55758 77819
100622 171773
82138 102005
23530 145297
95223 135347
14398 156221
93323 130724
47059 104835
63170 90745
23182 165787
154779 199976
56902 97726
187720 197438
4979 9053
39928 176802
22881 72311
31094 189569
36924 64675
34154 155970
55413 142552
9760 138776
45913 95964
48418 192954
37014 78274
84271 146301
117986 174375
151085 173819
54607 129528
137366 185095
16859 130099
20520 138621
16992 182872
48199 96678
30790 68894
41557 164460
42566 139403
39640 189660
5528 154360
72953 127892
22516 88984
37454 84998
126005 160611
145751 183101
83011 182896
62133 112027
79483 161463
118939 173895
122496 152832
46038 103048
28486 58024
49881 157799
87679 131513
15639 140095
41876 190736
36337 114895
45776 121241
136770 147273
129382 195468
68966 154319
62538 65239
8047 140142
30914 194883
21846 93382
84857 89502
123492 129110
62399 82002
14790 114925
139998 159806
169542 178765
57470 114202
22371 41682
3560 92281
28274 144275
6587 8010
36938 81681
6531 106952
26356 53624
110413 190014
145909 185382
62726 156326
72985 198505
36591 121084
131059 154886
66243 85566
62500 147125
120981 187809
127599 177215
82002 140420
64490 147337
56715 79525
46951 135482
117986 163610
46325 100190
18610 57736
131967 186049
115378 119256
127174 194253
121338 195445
69756 92103
193799 198829
23482 118626
110638 125225
182577 186412
44260 137870
5323 198149
22817 50184
80341 183618
70970 71125
49785 53037
71680 161333
13463 16859
11441 176312
50106 73881
77608 90915
114925 125593
3325 55242
83377 101355
127634 198877
21377 95864
138082 154750
13862 74609
3689 36299
15025 142170
29659 141496
111821 155509
118563 191540
12430 83414
82314 88411
113511 191067
2352 158708
92356 139074
121084 145574
112549 147849
120548 193222
75087 175545
16636 142325
44218 149914
100902 138663
50449 116844
13781 17147
85813 146805
49609 54708
117421 125022
75757 114649
3914 73649
37070 51646
23902 151762
28919 158144
74778 180957
21633 38600
122179 157516
108376 173812
58072 122652
69353 141638
158323 171043
14601 87216
90072 128863
23326 60899
20468 89774
32772 119221
12368 182780
115364 150258
108930 133638
42869 55980
151845 152959
82399 159828
10277 129707
16109 198438
65232 189472
72216 112065
21213 171710
10529 74604
68352 150771
169441 199265
16626 110404
83209 133057
45473 116172
18217 105659
982 141196
50887 112110
14616 62134
35018 169654
171383 180814
37018 195437
45815 172104
60057 154536
26843 145695
26369 102019
57769 152644
62225 158114
28426 124457
5013 36619
39985 51190
113367 139562
92498 163475
89996 93156
36530 144490
51372 130657
67257 176105
62406 197017
26646 44802
30389 123434
118666 128296
39392 40476
8777 26800
52649 98522
26211 31358
15121 57113
72507 81730
17614 173173
83795 102798
153203 178761
56428 96723
143131 154642
54332 166909
115781 136321
82082 144804
38332 45132
854 82024
153181 195564
26427 199164
146093 185300
174419 177038
125873 169061
11846 77112
46929 108944
33213 124457
176890 192222
33161 162541
131648 194343
165064 188412
50722 72767
7744 84650
15968 30411
53340 169920
73959 119173
41378 163524
33417 40863
26811 128236
18886 91026
115845 189793
32739 39934
72322 178308
16836 26582
66512 129424
10154 48447
54089 139535
50268 84752
117487 122296
45299 94470
156969 170615
125201 188192
133775 135373
177136 191449
181220 190258
17300 113387
75152 184618
122131 148192
58386 86559
31357 44386
16973 149745
95731 136061
786 189670
16867 199836
346 122016
103460 175379
3997 188936
14470 178113
33720 81303
170237 184891
36735 131749
35543 86817
31275 153037
17467 123737
72982 162460
155113 169773
140857 167496
12931 97329
137698 164398
146917 168217
129568 181932
24405 184032
104763 128058
16768 101898
68908 123010
129856 177716
81548 128296
172711 175956
11770 166523
75019 105340
17768 41430
61446 165153
1187 80059
81610 108850
46656 77079
75618 122577
65439 127024
76887 148732
28047 83629
86557 171710
25346 196083
71029 72982
75198 167707
10127 95454
26555 72662
73896 130361
104454 149413
175953 180551
66059 164125
23158 122556
159418 199905
32265 39175
145089 161819
4743 143604
174464 195725
76551 194098
126917 165421
94922 152402
105039 131321
62037 198116
106210 189810
378 177498
114821 120584
67920 146692
43155 78885
97252 136036
72348 130947
10900 136742
44011 75589
1004 23856
46930 137034
116021 133526
26255 82823
141921 196450
170636 199051
91001 96690
171684 175007
163241 194453
80707 114404
13456 137115
70174 106233
157924 179688
17812 38591
68078 102524
89960 172564
15061 57229
73772 132980
42440 84095
170296 189069
63216 134372
77320 110451
23856 167705
145031 150572
1133 68509
136276 189841
82679 170269
109484 136755
11438 41444
65421 137089
4421 53464
19244 99881
36075 179326
91227 161306
40588 62573
82651 90733
24053 69442
25354 90050
71437 189513
50611 82140
84965 163165
83888 167709
93385 161307
45226 108531
100679 120516
51108 58773
44989 48685
1162 186189
50493 179760
5672 114527
108031 178182
39160 164746
887 179142
129528 143170
31373 116213
48059 196767
13754 51340
67794 160464
145288 196558
100001 137694
98378 183335
72034 150708
44867 186875
35855 193154
35731 91488
92088 133549
21582 31048
7317 9991
86537 178126
145742 191422
110780 134529
8717 70396
23494 145116
87170 116136
251 32575
43262 119378
9353 141982
6124 194693
6371 102109
19142 104429
16316 144152
21836 122256
83606 109079
68722 89767
126500 180524
20781 56557
102966 199848
169221 180209
47393 195482
79670 95340
173671 174783
89459 113043
12287 81324
30752 98378
108139 133355
21805 97664
47098 162936
3427 31319
113217 195990
149681 188669
21138 87248
5635 196844
113283 171416
48499 130358
20695 122571
27708 31768
33076 182432
33693 49740
55264 188098
27231 33329
10732 109366
48436 137522
36949 166909
38852 148441
25882 178510
117614 133719
19367 161242
139525 172761
75514 120500
155701 195609
83973 134083
166920 174786
5503 8814
87361 119424
113387 189783
22254 197281
90919 173125
65933 156537
112872 193465
96065 185205
35899 55541
40965 90992
10230 134869
41535 116612
3004 114597
14922 38487
18929 86120
44485 87752
176312 180058
35276 69632
111507 130985
74020 158254
24286 127247
19497 100311
18399 61569
98780 133828
47842 67877
67454 174527
37875 61961
19144 173565
115379 167139
68888 146676
9964 112065
132265 181060
111364 199876
116283 165926
41021 158114
33036 189807
14664 47751
122205 157858
105539 157068
135571 151908
106575 124329
6949 122070
97432 191787
132316 163675
42581 53482
131696 185318
112342 156858
80487 128221
19131 125840
80063 166042
153559 163888
37882 156579
53802 153834
87752 115540
37975 122379
50059 120941
46132 54440
16316 69850
136121 178714
49219 50989
44664 92741
29451 157708
8395 81482
27206 140626
125746 136523
3735 124350
117273 197656
8402 164260
50943 165778
19870 22876
8044 151213
66933 82973
23960 187668
69796 133172
30166 77459
71210 127295
5624 177031
44091 122945
140557 142989
86999 164145
140325 199302
63368 122966
75864 176659
4257 169569
48075 162490
115208 155050
107777 192900
12438 80270
74991 125225
175142 182518
47067 159498
49636 136124
41397 74847
57690 191282
142091 143733
7927 175069
145555 179616
20259 136463
37988 194469
41111 147460
24726 197017
76814 142907
50956 84490
11813 153679
13104 103636
2158 185876
37018 150560
53678 134611
39737 123748
642 97538
62940 94566
53761 163186
7092 194725
35884 150944
58935 127031
85321 107020
105252 195139
1649 55787
126776 195791
13163 137148
10192 154129
35865 110638
83377 170302
27366 45209
118935 172779
154634 184244
120360 171063
93052 101366
42489 195459
167569 194256
178515 199423
74265 97013
138653 185222
109668 175980
138663 157376
134398 148077
31074 188718
160915 187287
20789 83395
41784 60702
169629 194049
54329 88049
60374 139285
20141 99526
117082 190107
19044 129688
78905 181900
67616 118112
149957 176683
185095 187009
51779 150676
107845 178344
46457 69224
20371 88486
11295 60842
21220 26622
128930 145743
22603 155290
64535 126463
46854 148321
26356 50228
7571 72268
11149 112494
45120 184815
77648 109073
80177 93408
61248 149044
13313 166713
75571 105055
72534 187034
123342 147460
24711 192331
133615 161802
32849 106539
118018 186189
121141 172406
83408 103228
124886 127843
132070 189714
65561 188224
66700 195221
16466 198404
132511 156210
81447 157187
46766 95362
5273 23029
50485 54321
12548 126945
8700 122772
165603 185054
158665 196758
97874 104593
12555 121742
20984 144186
58364 184318
121157 172644
61559 91639
19775 144214
91988 107984
190223 191621
20457 59589
128437 164153
126363 144152
16888 137537
74645 143306
89589 173408
49545 128794
48301 56831
49014 109089
44766 151354
132233 177875
107651 184261
15255 167122
61414 174311
33311 129151
833 106728
74424 102643
70076 142438
67946 130154
5546 197911
24759 49765
28813 67367
82481 155820
135488 141713
55086 84222
42711 67717
161533 161916
43744 44124
3253 129126
106223 142438
41075 161234
88730 94728
141107 163397
122275 130107
55027 165589
96056 98718
100836 171242
41779 120174
124182 155241
24948 66590
29850 147552
37312 152832
36245 173675
61427 192095
69787 183222
89175 185965
178658 192954
76945 81938
95003 139089
63400 163437
146093 173474
159696 174391
80672 100775
13924 146941
76657 138016
73564 91163
48499 93244
86971 161803
4980 147907
26685 167381
121714 141183
16763 100229
1509 125429
74606 123097
93052 115970
26193 51888
95098 101632
6499 38542
118402 162426
139094 172922
34081 110301
125503 185581
48375 50718
31170 82361
32793 185309
61179 135476
116753 139928
142328 171857
35499 86450
47166 143364
79400 142114
57128 95806
75052 150346
73886 153511
163682 183466
12704 51561
105976 131102
113952 168441
47690 124980
136244 176525
4265 188855
77648 126243
120310 160682
43698 156556
52399 186855
72939 89049
126997 148584
17948 61395
177 103152
32316 46976
88546 166447
1707 168790
61714 134648
23984 49898
60250 86279
1932 151003
100214 191470
57109 171076
63369 137555
5331 136834
37180 180784
63230 187671
4926 119924
110404 142001
32057 83026
164984 195499
56029 169654
50538 106937
58964 83588
11142 167723
54621 175733
52751 55934
94740 149914
59109 156088
32931 164518
22011 150404
133144 195448
61644 107949
102704 118402
119106 148105
33425 139543
181616 190654
117104 147480
143304 174037
153544 179760
143249 177472
66761 88595
6869 74011
180205 180524
26386 123619
115709 151359
41765 195905
87078 153063
49325 109505
60217 178952
13904 39785
18538 60862
133159 151967
33417 64392
20012 126486
143943 187462
13721 114751
22876 68812
2352 192271
50261 121369
13786 72507
14448 105175
7254 121812
26386 84337
55426 107597
17606 49726
118304 121157
138663 158623
61282 137551
78073 84759
105646 108403
12740 197038
119343 163205
6186 17883
73734 166049
98300 137956
88638 193110
15419 164790
84349 164186
39033 191837
78750 105378
46749 107720
160727 194830
41406 110253
14102 55659
88185 189621
149630 172669
73929 103485
52381 161995
1852 80176
71861 127765
182495 188538
107526 126594
39264 175402
86673 139577
106186 188998
17278 154462
14470 105494
54059 108396
60875 179715
71441 81681
79286 127711
44213 122256
64732 193113
44615 135208
99165 165291
10180 26230
21567 99641
43524 138079
162984 184382
2058 132480
23791 182610
98378 173482
46319 144901
130172 134701
49735 136248
15982 97412
4954 60489
131107 169311
139775 158954
115200 141274
13207 187730
68897 176371
144795 188803
162289 189123
76198 104990
25434 67770
62400 87684
25226 46502
35832 108291
80574 87207
12512 194031
23146 63508
109677 186562
176196 178332
83395 144298
142553 178329
181726 184726
72148 99889
70535 113176
130352 199437
106202 178367
12081 86607
30389 173820
67454 73378
54935 92925
83468 147356
33282 44206
3124 137117
126486 175118
5176 50718
36468 158048
82507 181199
177 47456
50116 169227
29791 199750
91097 128972
20376 149560
13904 39448
62031 125840
49975 158172
92838 142936
10504 15783
6481 45415
43232 61120
83260 145756
128863 152928
8271 38256
7085 32261
48075 65730
84114 109622
49394 70345
56442 167594
100193 147066
30364 176105
13318 174689
40648 153844
174789 181304
931 163025
42772 181956
2639 167897
47856 103936
155392 179715
105678 189402
31847 79670
51955 143602
53235 105703
119668 172809
129629 131086
29152 72488
12757 177610
71490 172415
24964 138807
100400 146531
66612 197597
122975 164869
17191 163656
40494 65733
23116 101395
73651 131626
133295 197890
26830 135566
90140 115064
105561 192850
37882 81710
55837 82457
96489 149724
65873 106737
75908 174606
166448 191383
8834 30211
50219 143008
114694 175749
44266 48410
34928 135863
25386 189244
148775 162124
38994 107020
30096 61923
13518 41784
14134 41346
23399 154979
27269 71163
114856 170988
56591 190242
11855 71381
51956 177379
139588 150230
114694 188678
55520 172383
64100 82393
26884 119816
4555 141747
37734 58027
86117 127843
10277 27384
35894 55141
178335 183705
106069 158377
23557 127476
65420 70088
84327 180532
25671 126074
46598 88256
36162 67841
98332 128256
62087 194286
79611 133614
32130 90237
37649 124316
70359 71210
164646 190237
57422 171921
32787 104514
56117 112930
146805 176797
67321 197377
55787 159800
76835 89500
64392 138326
27910 98478
137226 198531
86374 131931
35696 175433
1569 173173
116886 129597
7992 73044
42121 198404
153203 166831
113802 173882
9930 103013
149255 163375
41434 120120
134734 180464
45279 78501
117428 137115
142061 172779
101898 171826
30876 53595
80616 184189
133172 178485
44055 63620
13591 84095
6986 149897
98911 126724
33244 89147
42472 46453
136725 187531
102942 131216
49887 105541
64782 124620
33426 161205
142921 142955
27570 153740
36201 80616
31178 197584
85286 100970
117842 158018
3837 132370
48160 92648
9695 10750
14672 131696
143346 199181
24931 54676
48803 174727
3243 42897
10965 99403
73212 136315
33656 124846
91005 176611
1437 155034
174391 187279
167796 182383
88730 121826
3124 23043
147543 156415
128384 168135
100551 184107
103971 131851
17206 182057
112353 144367
155307 170496
93273 96390
5374 145594
64683 186676
132660 137747
61964 198059
4397 60795
20375 70081
51265 198453
44091 185706
58148 154634
134376 150981
28387 114514
57294 139221
127369 130854
110451 190760
78657 142362
102104 169311
91941 173678
40451 136817
142150 160091
5050 38257
5875 64450
129126 167087
242 110911
38783 145417
1747 114445
116987 191226
11219 130872
8789 133162
119951 147619
14066 124256
99303 99997
7291 124620
42494 158220
58997 143567
75255 80890
59736 83976
141630 162366
96649 143076
3683 25884
64412 102374
9809 79205
151151 196123
18025 194045
18222 20303
75555 76033
69242 147966
60160 167787
30699 131661
159595 180260
11556 84668
66745 122712
20735 96861
32862 77547
54280 67836
1604 75848
11842 105353
192423 193116
154325 195250
61060 89666
13793 26482
56708 66451
28426 123370
5685 107597
44698 70159
76687 171916
5677 152064
157875 186223
52701 86535
59963 80341
54781 139503
63957 102076
35074 52213
44704 97151
58047 72686
21359 51622
101747 164869
28272 191725
21704 118386
123550 199390
31956 133013
81385 154511
81770 124457
46942 185816
36444 124078
36306 100249
42566 111483
28228 149551
76250 125602
285 168204
1569 49629
40563 59136
77839 159975
61045 104250
12473 185390
41853 192331
63431 148594
74532 176490
13177 180253
81330 117064
53471 115709
18533 160708
28882 119865
174820 181967
38412 80488
107358 153799
24848 66542
23287 37976
147579 170979
5528 95468
74100 108099
53241 97689
51888 176613
22706 91912
47456 170934
76033 167431
69242 171751
9140 105820
43841 153782
93694 121838
41822 47303
105855 116175
93136 153779
66590 183655
54942 178127
51564 53450
4773 145077
176707 188998
151865 153975
132869 161806
24708 176402
46597 196466
104928 132415
135675 161104
32787 89603
88315 169071
9776 83322
16081 184278
29916 198691
66576 151364
15403 91073
84859 88684
100368 168903
83629 106058
105045 197745
136628 154779
9572 115857
9710 141495
104754 111709
103727 136117
4201 45836
16999 74847
140437 143869
46287 82233
13581 177875
73199 141886
69594 168307
92695 94042
28486 183129
27977 173705
163508 182896
31741 69501
33724 111624
92852 175728
110776 182358
45114 85397
69033 134238
140680 156550
9516 112331
11385 136764
25474 180548
76548 196070
105667 131368
145289 174986
24964 84726
59882 199561
46396 142999
151488 178980
58201 83468
21607 138586
60059 90709
63664 119935
44213 83205
28882 53077
54574 181067
52837 175980
50771 129593
174691 183361
59028 181568
113202 147463
18095 101994
73407 120357
13793 136337
15382 124239
53478 60102
118742 120245
41602 180036
38852 163369
19486 184959
86814 147273
85761 124749
122545 150281
122539 194469
1239 7031
110 158365
129498 149141
26015 79291
70020 116305
19727 179715
30148 196445
105732 198929
43435 69825
614 69393
88140 173850
157537 166499
62323 63806
80698 191736
49153 160680
135419 199652
42584 99912
58351 134092
175417 197756
149918 175136
124256 158618
115422 199909
118645 156445
115785 167308
9487 178973
10361 25248
2123 101526
65925 176546
101268 197316
3485 104339
78511 199043
151443 167109
72864 187390
120687 167522
18300 170496
110387 114555
137805 153692
75618 164433
51108 79259
111248 153242
149624 170984
124732 167446
175668 197614
18737 116919
106225 177051
85022 187257
6041 29951
23840 50741
61177 105365
3909 82082
80510 156140
28177 146444
4245 194011
124395 136351
34405 74604
20469 20952
42268 195338
49881 99339
40758 103533
31783 41163
77630 96489
67808 151474
11962 77127
76784 169203
89959 109004
22567 112624
48166 128906
140974 180463
12930 144408
69108 70916
15825 43308
191901 194683
47269 174701
30683 168013
36777 51320
72176 86034
15747 147477
40494 111797
20481 148599
86733 161565
83125 153644
82326 199181
128079 149646
29498 92955
141361 183345
50268 197992
85084 99491
70640 159828
80940 184610
53011 132540
89517 161353
62284 166433
16712 44894
76966 158334
81614 190664
25938 39512
77587 127674
79695 163153
162020 190091
14134 46968
120441 172870
85042 129157
33379 148921
18421 48166
56615 104569
78224 92787
15418 74680
33492 147117
3427 152992
47098 58842
68861 111290
95512 100861
28574 47016
4397 17173
32236 145860
25913 179248
25312 35800
42121 53098
44963 82867
124054 165824
40494 198768
131535 161795
25341 129362
55644 145728
1382 142732
128399 158525
168388 174297
6423 91548
57936 104816
119582 134045
9253 147630
152187 197654
19333 132664
79205 187827
134309 151073
92668 165534
51919 87825
61492 157355
40234 186048
109605 138411
37620 45905
71850 167900
86927 197702
23522 118670
69399 95468
27679 118754
17074 119205
94135 185059
32478 183669
49348 70430
31836 81678
154896 188924
36200 74814
148768 155078
19642 89412
46794 114513
19766 105494
89600 114942
47453 65606
1434 45905
26193 83559
29321 108606
141302 166070
124017 168368
2067 6224
7216 38994
63288 83522
7222 114316
47316 62087
13441 148958
135670 195111
35731 37772
78923 128863
54340 157554
124634 173684
151419 180316
85050 138322
29418 60698
160601 175130
12901 60557
165777 166523
7598 194139
10942 124451
79472 168841
18458 143616
10513 90343
41097 141886
103562 172962
151908 185460
7238 120393
78126 119309
32336 58024
35832 91245
4732 66392
103074 118912
47139 190892
72711 125953
103425 105806
28446 115406
89412 125659
80881 146497
39220 50107
15045 110654
147117 178381
147849 196384
35480 112760
92134 174368
49580 180822
17096 109508
2761 111566
47960 63633
125606 172406
128662 192992
98139 114660
96758 115325
173619 189016
10385 110451
144509 179935
43247 103230
127641 137954
9317 151873
81578 106202
171603 175430
21567 58949
15988 156148
18716 194644
63335 181281
16195 160790
70674 147329
32539 40364
95510 166147
664 78761
3664 138044
3827 118190
15003 24610
79303 131959
116659 195203
135992 171429
80003 88185
10385 155892
34764 147747
55587 72629
98270 106887
88785 125100
114446 153520
82128 110537
251 55605
124895 143673
12297 173671
99029 133719
107066 163578
129684 159990
97560 199175
26503 189244
152402 168724
69645 139315
1888 112774
11450 62007
8312 51100
135347 185455
3266 6190
173430 198322
44111 185668
64929 153515
134918 163055
103187 129255
114660 169806
100012 157489
11200 62819
128227 186271
63389 156324
54332 150984
51265 52147
35066 129615
110304 124027
69477 156981
183187 198940
11562 174928
173212 197796
33264 158377
16942 42121
154290 172563
103253 125392
146269 148203
76603 166894
150258 196670
158323 186008
116278 180838
6276 148827
55695 119965
37180 41100
7761 35495
77015 129761
83382 106184
113139 194599
51130 199171
652 68509
155626 196602
20079 77313
151743 177121
144347 182354
95938 109108
69935 80663
131361 179441
124343 162186
27661 32445
44340 128867
74754 127661
81303 105159
4674 130373
52275 171694
38156 89589
35183 133268
19884 34384
33573 117800
152589 161734
20774 104261
26001 160488
106222 128369
116232 138478
164070 167578
7140 48275
28975 87820
161537 164485
138034 170821
79489 108291
33281 94300
54607 161482
107721 130033
148045 158172
33192 71307
123629 187253
9317 134231
96191 127711
29951 195241
41470 49833
130109 158121
20926 194500
101671 103691
107625 141640
85117 135528
92274 165367
152735 199820
27041 55293
98643 100009
23043 130602
102511 180765
14157 75516
6110 60105
95242 159108
169645 195445
2015 69756
35832 77726
71163 159553
74011 133023
102586 160368
41054 88229
39448 47280
77015 110267
49617 72115
95463 113698
24346 141092
59502 161524
70020 134587
24059 31033
31521 192761
9722 37411
115163 175282
99004 170609
19965 135772
105530 149275
38569 153055
11893 149152
12744 197512
36366 178938
18915 63798
115406 180351
79445 178745
25102 153613
70091 115549
162354 170104
19788 150949
130898 152443
340 148611
21367 63195
108573 160950
83526 195763
78269 125396
83883 115139
143365 166523
192088 197318
6790 191241
66974 92829
52542 196080
62964 90915
84726 139621
25434 150772
72378 194911
93875 171184
60918 72755
8080 88740
117768 152629
97928 179374
32911 199437
44709 50171
6146 25222
13764 196038
63038 127473
5269 29898
159326 198691
126911 190760
29487 173295
92065 108854
6000 170328
22984 40963
13988 45896
75953 154353
52399 197368
34803 71850
52927 120807
71353 119443
106957 179130
6771 83990
30581 192406
827 102743
111405 121838
148957 160387
21811 45334
1400 63087
13744 152598
134309 172075
76554 171917
173061 173125
116417 156612
32591 155176
11033 141903
87587 191492
82765 117582
129254 162773
85282 87101
2202 105744
15743 58597
11322 109499
136834 162503
139503 162371
9487 81061
66825 170095
25524 116128
140162 187060
2297 76803
120175 144297
37222 156612
132356 171589
27910 132604
81526 181199
14179 192178
46550 128010
64758 100471
72217 160488
11400 169030
34773 138828
84476 138253
46852 193465
25913 174413
1250 178610
144690 192553
13780 145803
125808 194168
113532 199855
62832 178889
74814 74889
44696 197756
44799 86148
20579 99024
46509 77514
31783 67305
81505 182360
37637 81906
53039 169356
72933 123370
46108 184147
53572 144530
178042 187181
113135 143463
91680 151275
48405 75555
67224 107912
90292 156608
50887 168978
34154 163580
54531 84950
64346 146354
86212 121789
109893 177290
1757 180825
19251 130000
163128 198070
2696 60682
28483 124535
56731 125551
21884 158091
99418 149926
23436 99243
91914 130268
43668 65083
82532 106806
39746 159168
90919 99804
75757 163869
194039 198886
77182 171842
131692 159720
67841 156648
113799 119515
17111 153523
21290 85369
178472 184548
16973 19877
50722 103221
46942 161319
20925 184589
105378 114726
28483 143518
164984 165221
31112 111747
8167 108404
75507 141308
15595 46226
43908 165608
67257 147976
47965 55038
29969 184166
4980 182839
117086 118736
39606 157417
168038 198610
52129 197377
119416 188633
68309 174736
134705 169639
40883 172233
136911 166930
134126 146788
114600 123025
88950 142929
144049 164021
145240 151562
120909 128734
49210 94359
17211 43345
87819 186677
51019 150384
16905 53438
92598 183335
33197 150330
33185 134612
97136 149044
107232 138542
94051 129675
82024 126293
21154 154675
95265 175956
143286 190404
62176 192868
79974 159049
26293 100675
8858 57967
143631 147431
88145 106184
139126 181942
63254 196445
25707 67217
135551 147277
8794 106246
5793 195437
152759 166377
23401 57875
156630 189847
78252 89718
21881 107693
34295 86782
8418 65951
122902 171949
56029 140037
117910 199750
109189 145608
75555 135098
147435 199235
98552 173031
24284 110732
22734 92411
84216 156947
11995 24899
80910 197612
28259 47565
52327 151805
32219 123397
4257 156533
137598 138044
63288 195352
92695 195980
37543 176890
131090 152443
93375 105433
66116 166812
71177 179802
303 92471
75050 178552
58817 151275
62101 118705
1575 108843
58060 129874
10724 76376
14119 139317
77270 154068
20277 137404
82248 83101
41558 55264
25696 185176
110643 184997
44108 177363
72079 73739
28438 50771
104763 164275
55044 141382
31947 132474
24660 26645
110561 199012
57363 87802
40176 119092
40790 153371
122366 172736
139317 155341
34003 66596
44263 181728
74717 172157
63959 198149
52213 145110
17137 146685
118647 143771
37528 181428
37774 80490
98927 132606
180488 199399
33795 40652
87706 161267
46262 199448
141874 161693
13293 54508
119864 180363
20994 29327
42581 84963
32575 174038
74817 132480
6726 11930
58434 70629
159741 181070
67476 101994
148553 153807
23490 165142
125873 182972
32506 74618
52668 149536
48876 144106
46251 136244
78928 180464
117365 157566
61305 132137
116608 140688
12636 110304
85905 106952
78263 129152
49411 144795
25374 98953
101048 180161
13102 52552
132184 159990
160002 160637
41049 183498
158377 163244
26200 134860
78073 121776
525 75241
62995 75906
131716 172809
53353 127259
46348 171542
12739 64219
162067 178805
1248 57131
143370 197438
54319 60842
124789 138673
69488 172898
5477 69389
43662 45836
70159 198045
98572 146012
15400 135901
169651 199409
50215 188472
83017 92894
23490 60065
5227 22039
138576 187181
46259 50767
25989 147105
75516 116627
54828 167938
171503 196240
91993 164687
3504 137089
6991 37312
16084 129934
122179 197296
96820 157787
73277 148756
88213 178774
59902 177731
850 38072
6870 144225
9465 146154
26427 78849
58842 122994
74229 188998
133627 182022
58184 71546
23604 100795
59032 84136
15291 123259
4153 114761
86896 123191
3564 63557
79307 148077
29274 155640
133799 143457
34989 48081
179584 183618
175667 196712
19555 45617
100385 188711
57644 179554
7539 116923
4474 161805
82147 163127
52399 77983
71647 140532
89642 122212
12952 94466
122430 189272
82862 85746
31348 68812
7557 142818
47788 191686
10772 144954
50043 143072
3946 196077
119128 141894
117194 173895
14132 191438
64342 122267
10800 129151
74154 91017
33022 132295
41968 138466
51182 131815
86964 142781
107835 190792
6543 68075
120369 144183
74019 180988
43722 155616
14762 66609
80399 136628
46634 177800
45483 176490
57941 196710
84799 162566
62087 69758
80065 184006
124829 149535
3208 196710
135176 172691
89448 189221
169283 192540
134856 185799
49330 62366
55478 83557
191625 198708
14349 139021
158743 197265
101410 108978
146133 164798
55129 179484
37605 66873
66268 190279
88145 173104
25900 115245
20079 103214
61000 198799
31063 91570
6798 13931
69242 131721
98438 187740
18150 46132
59209 104326
1005 60704
5344 103924
55945 174397
166287 177452
109236 142504
42505 191376
6581 101395
52818 110643
48623 93389
63914 131725
2062 25640
158722 185345
6007 52463
46360 156456
89742 132316
33663 93710
147462 168236
5503 130424
2055 152948
133493 153282
103640 154979
152637 158172
57874 170708
32391 151109
13082 111164
21585 63941
65420 90300
140557 181139
38179 133293
87078 128689
137302 147108
115904 131302
107534 118524
48331 98843
99688 196953
172647 199215
109527 174246
1735 143044
122037 144240
10362 177180
134611 155662
87231 165109
75808 82128
1946 85081
7140 11587
36634 124126
25808 26524
4822 184099
14134 164060
1924 134610
2194 6601
103207 105110
88925 134604
58757 166913
10660 51106
42897 148855
8143 49785
64483 178004
60071 177052
43778 54849
29189 172315
39477 91941
169203 194308
60274 68075
84845 130771
16670 26016
29488 114660
100902 166079
95223 102592
166461 183524
166238 193120
82237 108898
141361 145681
180773 185369
69499 166672
95346 148552
84897 92244
46802 98507
22011 166660
19192 130703
11886 199704
60986 156483
43344 196762
57238 154599
173893 186969
152315 163589
7095 62450
178375 186745
116608 195138
140948 194948
132290 165174
31305 123161
61569 126137
135209 148607
12292 34260
20303 97441
107533 198438
161931 170962
22896 160548
118245 128445
50647 102267
41485 51012
85495 171117
18326 166652
18962 120929
69924 71998
66496 108789
20695 53232
8636 169748
138079 166535
21770 77701
67121 85383
119224 120188
137100 164746
126951 196401
70535 191193
21940 45623
105186 167467
92152 146805
108698 150026
26582 36175
9271 55727
101130 128527
38312 65651
1065 103482
44588 167913
71613 187157
19254 99731
1175 129874
41415 119523
114294 166265
32506 77115
58023 96465
91795 168994
70944 156612
125169 144142
137706 164078
18366 151477
27746 72348
75492 188883
138753 168804
125760 127177
158099 164559
108283 156214
32772 54993
170457 178931
12590 104021
52115 69763
150263 155580
69111 152567
95829 188678
50996 171117
132806 180281
78209 122266
110187 174489
64463 172126
665 57785
57090 74662
49962 105804
64404 190531
60301 102647
41353 163200
12250 77063
94996 144721
23146 165739
95361 184732
85496 194599
124633 181237
46205 164608
93729 148375
58398 181008
121986 149744
101469 166141
126803 152232
22186 104993
7992 166164
151222 186364
106411 155802
165024 199264
19169 65103
66445 100715
153937 198244
7973 143943
51819 145098
21557 171333
100368 147419
30968 82758
128313 197800
108464 136814
91515 113074
64353 177663
1651 97377
88301 196036
18265 188958
102196 138888
3909 170175
59855 113677
33333 64209
8632 65928
70199 116756
102162 189705
89910 178812
2444 134918
129381 156467
107104 185309
3553 69913
60396 93710
4544 42262
9812 145244
116965 170358
117099 129934
87527 161242
72010 171603
39999 108398
24860 199901
41730 118234
77778 187827
4725 124895
91249 170302
25034 54077
90032 147938
141275 163235
137926 159280
79975 147174
32405 64314
53235 77331
22368 119635
68075 162097
148103 179652
78984 135077
104997 163835
58027 176539
6895 119659
14203 75799
15157 119604
93823 157150
149267 162242
160158 173044
145466 176710
125685 172525
40615 96666
133332 152403
9436 192542
28483 149126
21079 34969
35603 51737
9328 132474
77761 192496
69940 77590
118774 121382
153072 183683
9218 125227
59765 137148
94944 164046
118766 194350
53939 76946
46992 79338
79680 122752
63007 110722
48750 102973
65447 117887
74869 173730
84176 108062
126486 130307
24732 199216
84271 121083
72014 109366
21415 107589
76555 93841
5446 37643
75616 158491
62046 168853
98811 184564
62672 116666
100249 194965
59710 154260
118784 157135
53123 93976
6952 165359
13147 52077
120690 134621
129984 163446
50177 87104
42082 98366
80756 169772
18771 193508
104956 136162
24478 48208
27166 135790
19393 86389
22420 181718
17508 104128
61735 139803
48436 104364
187677 190790
130660 139526
133809 141460
54776 186890
48301 138738
84353 129701
91667 176379
17267 161024
4876 113533
118233 125300
76175 173109
100212 124762
122621 198906
71959 185080
146233 191684
94023 134296
20628 90745
5482 180120
95902 127309
21209 61843
59526 191983
46165 126141
47024 77847
105294 128479
80721 84103
22395 101497
138688 183335
44707 194240
88177 154691
41951 118563
101826 162905
52476 71532
40584 153361
19559 36444
28795 48876
22655 49109
122664 167353
135899 198951
13384 29883
78773 139845
22431 198940
83917 165319
60792 186074
156777 158731
52687 93382
121464 163820
83148 121628
39182 58189
81389 90472
16376 148622
55690 193465
50514 176792
16143 30623
55659 127376
40883 148813
72172 103707
140310 159269
2752 116771
81969 156815
46839 101775
84016 111638
117015 161244
86945 88445
13581 100590
6332 62237
131232 181131
109117 186549
77286 114942
3426 165508
66445 165012
67433 172244
51626 176922
169061 182742
50099 61950
60166 186475
91941 125656
50516 93014
125563 139649
28718 44432
10307 181335
65522 114214
121832 168660
54340 97800
155263 189008
15584 185001
115764 154345
162733 168657
8893 110387
156283 182823
132415 146149
71949 116715
37129 158062
12584 85094
25882 47046
20457 151447
52176 116884
39095 66313
90205 127863
83732 97282
118030 149308
77775 191372
47316 167142
7989 78854
41223 173582
20936 183343
123015 180750
180189 194206
103010 182551
132310 138469
118934 197654
111725 162968
121798 184377
79270 186493
58709 65784
43304 175622
68095 118052
76746 191180
116051 156802
24497 123600
142325 191030
152601 199533
1421 107892
107845 148307
20284 199394
20494 122736
13945 176196
57198 197715
21582 127185
22399 72400
142677 147747
40326 196240
48436 84397
44588 103792
46634 82145
10393 109484
81408 95687
119865 126015
8092 150045
61700 70345
48093 94566
120532 122539
37418 174689
106202 170345
31956 158374
69011 122768
50003 104655
140634 168184
130396 197048
14865 132882
64724 161295
12210 55353
4950 81222
11559 24567
17418 94679
19819 72671
25341 115833
98577 186279
25557 138356
4700 36830
62877 96799
124393 133332
62553 130179
71661 72686
41354 96646
115208 180352
25366 87271
23440 34817
145594 154902
75837 103974
32049 43304
53916 70081
29708 161919
70062 165153
102104 180132
64376 160865
61054 91771
39704 179986
16705 139454
153922 159922
15296 90825
82499 176652
100187 159298
21053 47475
83603 100362
39627 163369
62035 88727
49696 123669
11888 54187
63605 154893
92847 101505
93909 137144
50228 65690
39961 142544
60749 74748
79690 152124
43781 109371
12442 25076
148112 170728
62121 90626
55426 100930
23399 24531
1434 86592
31066 195613
114357 156153
76835 161215
117812 147141
84736 130485
11260 73949
44530 122903
6568 164565
11704 25494
142552 147362
186164 191608
137441 191596
96550 138579
115706 134630
35940 59261
162963 199453
55249 123507
134342 184592
137618 142570
104956 166024
61 127858
91526 104246
59576 194121
33390 134783
95954 172315
164638 195559
57483 67496
45836 188462
114049 138836
78903 147917
30408 184141
23500 182577
115533 191125
131178 155241
38462 161830
90893 145773
42069 148506
119849 122070
70984 183696
112236 193876
112142 124668
48822 192505
159458 180941
80480 186379
90516 119092
28320 141720
122209 169411
139585 197260
74205 137975
29243 188437
2690 45574
43404 102147
15804 71089
32943 51808
63088 167202
139300 147273
94891 150279
11813 118890
64994 151762
9295 115434
48732 146158
86879 171155
28647 135901
42694 135287
82066 161332
78263 132756
71354 158395
17606 24158
64159 116781
69640 177767
131485 131526
52204 187333
181689 193139
5973 69168
2550 151198
133341 199413
175269 199053
8138 81303
121382 197585
22340 176286
53995 177910
111408 159298
39398 70700
106727 143311
124967 176154
139543 169521
54897 126734
4427 129543
126052 157924
106114 117005
103425 154173
51000 193525
12740 64771
158172 169965
148435 162023
59198 147252
13411 15291
173009 187128
24813 131458
98056 123330
29934 83125
19994 56894
29984 168992
122982 173627
100054 173542
47825 166310
55566 57644
56109 97980
26361 165211
119200 152601
20811 168724
58239 138776
71435 176647
44142 179217
98171 145869
24739 31556
1845 125888
24310 79754
6993 161565
57435 190739
56283 115635
80589 197261
113625 160937
162087 197614
39010 41383
22916 38637
155400 170761
52228 191160
32062 181647
15148 164593
113641 152360
156449 160988
100293 164136
30408 113388
104366 137680
107037 160322
55496 183858
55520 100024
4524 161785
35334 155209
187415 189215
148342 162905
18261 60962
13957 131775
16949 139384
14576 150950
34009 107895
67305 72879
14229 176159
112604 118190
100741 113279
53939 182512
71626 145653
115730 132780
50487 154050
41602 52361
90134 145913
42111 191675
166660 199494
60322 168830
25731 102491
22744 109343
15588 186112
99273 115970
30968 178033
58843 127200
88188 149170
25900 90535
5197 51925
51977 146511
63392 80510
13754 190248
42474 75341
22739 172593
39033 167245
114527 166647
47101 74519
59631 88588
84036 133341
58281 154330
86747 88788
88330 141222
167000 183524
49929 72173
11885 115725
53231 177111
14310 40790
33100 45847
117304 126359
58437 99159
688 170938
9733 191371
22308 88022
75341 86177
12999 104048
114753 142989
90718 182810
166373 174928
105255 162752
38287 125031
3947 108207
120423 174251
83383 194500
26714 96489
7116 156970
105279 184254
45925 70692
15411 109499
158810 162097
25081 135679
116923 157728
76581 122946
123544 141382
81556 193253
3011 131458
121465 161670
178308 194166
44608 55027
46084 98507
37975 168123
82762 102162
63402 127863
43733 117986
47210 182433
51980 168388
101264 172633
62556 191052
140304 194576
40590 147989
98332 173696
8751 98835
60059 71988
103578 162808
132046 197931
65997 145762
23757 121556
72010 145901
109786 139919
14203 182222
124211 187229
120859 171063
15015 122913
62964 67320
91332 147758
48685 64841
43906 77630
94704 186029
73425 187125
72689 146464
27746 94362
8743 167951
2187 161793
34009 182666
143375 146685
24286 178389
3529 137032
36634 149953
70710 135041
80746 180130
7939 80640
117683 188638
6817 88989
129810 173068
12075 116535
27169 38580
20575 43862
26994 116753
124027 195988
45997 163755
46414 87006
14994 41968
22269 128302
96232 97151
23368 32213
19938 51822
104462 142200
26502 128067
62646 188723
52618 196449
29540 160826
57803 89818
35731 86025
5056 40966
17948 126891
11559 112791
26124 34218
70117 191467
76581 169720
43778 94732
92391 139503
123060 163869
41879 170444
80956 193955
39392 179640
48510 173085
3897 137828
73493 112745
68115 171429
15605 100675
40311 168457
41090 126247
140969 162832
41448 157652
130068 163676
77168 107799
71816 118005
100070 157068
130453 145594
7992 24990
41823 129810
121714 156085
37543 86255
151600 156529
131028 136499
65359 164608
22113 82702
20016 74072
6896 195564
49770 186261
84072 179501
8115 83936
66050 119578
67088 159635
89028 177826
16643 109893
16784 58047
63246 142206
40372 64092
6870 98395
49066 124280
134640 174568
44117 190314
84136 107449
24427 105556
96083 136048
138893 171802
12134 101620
66416 190531
32513 149257
20542 67049
52097 91017
79544 125551
25550 89690
97360 197099
105410 144149
18793 25047
54077 130146
125276 164334
96358 176620
71033 154097
80136 160189
51019 97119
62478 116148
19236 79540
91293 169805
125311 187178
118987 196005
59620 60606
70700 116633
76945 79716
78352 199215
56078 122081
9572 121258
82651 157474
81668 107104
110527 163888
129437 183498
65508 150944
64990 197638
1040 175220
135950 189714
34445 88667
33011 157408
107589 193189
43769 103895
45120 47685
129984 154618
50483 51106
30689 138849
39453 191241
67419 197821
60383 134734
101984 190570
106790 165748
17465 24303
49487 54999
72665 110936
125064 136297
49567 151003
21093 107532
60900 155143
84931 127786
134570 141177
44032 127634
4260 79705
48333 151032
24320 196298
112853 172761
28523 63342
63078 151236
86247 151191
6903 37411
17508 92807
22186 158550
119443 173249
65118 126303
40883 172923
13666 93073
97817 167991
44076 183285
24115 63413
116592 144587
97491 111364
79492 121628
86607 117242
18983 98995
75503 147738
35926 88639
86634 194284
39094 164431
104310 149044
103035 196177
143095 176664
173175 194765
89502 101862
12005 51702
101588 121486
141865 155331
14657 166045
153559 193843
178841 183809
88842 137404
15370 121930
174297 176609
122803 136894
87762 120839
122198 144725
45493 102812
78352 103569
25024 184157
94679 188228
33829 52624
66873 109495
26130 26956
126088 171342
6441 9710
161916 189515
50459 77726
172340 194085
13082 85979
25557 139326
39684 65701
96785 153690
5197 138708
86009 177420
2667 22192
45625 76375
27950 45743
178469 185038
58180 146918
30720 144347
33829 83093
154022 182823
27771 123715
45407 147463
80414 80973
20725 148303
70547 164077
105810 168911
65020 100217
115814 143008
76555 165599
12081 19553
38994 184033
18196 196266
154734 163520
21887 51942
34817 38846
162 20453
79782 89595
33107 109087
87261 139970
33264 88704
29387 190204
11225 133079
85039 129798
96962 169781
31331 130453
67347 79300
13196 126139
50436 115066
42557 168790
15838 66901
76376 188406
21875 46763
88072 109683
80170 152574
128608 178116
12613 32049
63729 164949
132664 189631
62117 88536
12950 59888
157375 173219
77084 164947
30771 194496
62368 103032
18224 51888
116749 166563
30749 113399
137314 158472
27673 73996
116987 169173
105093 149327
100259 105219
40588 48779
70567 81153
139367 151222
120456 129522
48250 159367
46234 90600
14232 80398
59011 198689
105159 181299
38990 161927
62964 159417
87968 105600
3510 5331
46881 126594
84668 107955
23566 159553
149104 177215
34523 113134
54280 158825
58935 179740
35188 195674
192540 192912
39533 48208
97396 147531
109525 197098
213 4320
14735 36468
85249 101728
111755 175356
9776 109163
42496 172967
16347 109907
57055 63785
69403 81214
82846 173311
18632 142001
66576 165294
94279 191601
2707 154997
14599 47226
57874 144081
63099 105742
22881 56732
56022 84834
105976 111520
19494 81991
4237 19750
9437 119329
58637 189841
168257 182030
45384 115725
49153 114813
82868 196438
14023 101211
3518 168257
62058 75668
53271 144383
10269 164033
46262 123691
48682 140487
54177 120186
173351 174265
122401 141897
6865 160969
79091 168787
50059 157120
109146 193204
94446 191240
163813 188192
189 171038
46001 158437
23047 75837
187887 196831
133486 165363
44643 82527
55316 146113
20826 150676
71582 125904
58281 167605
3018 139660
22611 22744
15029 171778
7790 88650
56334 186549
8035 26551
143680 180687
143644 159496
60698 124709
64566 134011
84138 159059
22057 193738
128578 155112
65990 89188
6812 178831
56715 144264
62504 76461
102076 114519
83240 164455
2725 127938
21220 97809
8806 199142
101361 143073
69366 177273
95016 182658
68245 188647
120900 187580
48592 139543
67723 99179
111468 170446
95224 126266
8030 187181
126139 187868
5061 199212
22052 73384
57765 92117
175924 178316
81577 197911
24137 117005
27708 120128
5439 53201
12415 96812
139349 165777
7584 124605
34408 117005
76227 146754
53098 112526
39350 155113
94835 197796
52066 163209
121832 195321
36372 122803
92520 131885
22128 152298
21154 124997
1802 52090
135409 189272
167817 175762
68302 165476
123619 124370
24565 188395
99124 156947
145310 185090
43247 125899
52539 79588
62940 160162
13287 178807
31365 198438
101760 167651
30184 73258
33770 83309
6089 48460
60712 84654
22288 172845
105260 193745
151317 159715
662 149216
162186 198783
34535 68247
118666 168292
49530 182421
186362 194366
41378 190217
111146 132832
110027 192539
17395 139432
27148 91834
899 59203
15162 46244
47624 178139
75087 77030
100679 167417
115097 161291
2271 46873
99423 114941
37748 188181
160502 188711
92100 163156
61054 174211
8432 131075
43212 175163
54689 198730
23778 109850
171657 191608
50100 69756
158172 173555
86163 122248
65673 191240
62328 169469
84447 191954
17812 151671
11241 41375
134007 198906
39933 82843
57925 148599
229 40600
95196 112331
49671 198752
155294 196938
10385 153786
58001 84520
69340 92787
60702 136250
105656 132297
56999 123407
20115 190622
39143 75647
94041 116634
19069 74909
103034 145142
7444 53500
11373 153353
80464 161273
91301 101596
45352 163082
40070 196987
12798 72008
161168 183952
46694 133601
8556 162963
61255 189399
100143 182450
65827 169674
81355 169569
25017 68352
13794 23699
90135 151915
23130 148108
122412 149879
58621 70542
1509 199367
1065 165930
107992 157229
83112 186905
56257 103253
140012 190821
102524 107445
136561 161904
13666 152305
76505 157274
64933 112399
23959 71294
70369 172920
38474 75823
28197 187223
147472 180043
12632 181774
124788 139456
114151 187720
11472 70994
176730 197376
80768 190579
54771 132761
51693 151275
114555 163853
21245 74081
31418 104227
14469 173408
129784 170320
134610 180338
4220 155188
94358 162475
7571 175631
139616 177832
162069 166330
124981 162547
24838 106458
10730 141006
131648 146106
40953 178859
103989 176159
50275 117267
32534 114778
42551 160010
50485 132029
51771 100012
76814 185206
144298 146879
5846 89082
51756 192173
138784 156872
26855 59855
6620 164112
190739 194987
48746 150385
7841 55761
42231 71063
127811 135950
38887 146444
88727 89652
99846 134918
119109 163065
72447 192107
27471 52327
73536 83017
35855 45342
154391 183646
31117 98784
65557 151598
77655 80862
99403 165295
88611 121921
138240 169654
19205 102973
71884 125154
21594 96435
100393 186049
48010 198211
20922 28784
108970 132480
111357 134204
17991 130358
11230 105841
37723 183408
75159 190223
7286 8671
72016 152629
133766 153421
113647 172282
28450 134136
85042 199449
82069 172923
65704 90461
80176 182916
84227 190829
51808 184304
50331 102317
20801 85997
105883 178127
44752 101775
17601 98254
102061 166543
17214 124184
61654 83517
103346 173118
39447 193248
43217 49991
3294 169615
42160 61720
93264 171284
20896 160888
37857 91193
3175 144064
127024 176037
136351 191078
43733 155355
12457 166502
108885 124435
5116 137290
136764 192876
78964 187157
46374 192930
78935 174321
161518 170234
19582 51605
101617 125314
164619 178831
129643 182010
105742 186977
34081 95402
110452 167991
44013 93352
67112 155744
70344 133095
38985 76802
34779 122096
41732 82128
99036 146237
98871 137192
16173 105070
7140 59341
87876 166708
51890 116612
87837 171799
67299 164375
86120 104235
52516 109501
118571 196657
95964 150985
99339 157504
29763 151537
65928 128565
161823 174677
47818 178840
160368 187943
89799 163522
86225 141149
45776 164029
122628 166625
42817 128387
1250 31998
59205 135116
132383 172525
13579 152258
71864 73929
20416 33815
60282 192686
10649 27136
6930 195065
42869 117814
188771 199053
53241 81099
8467 55129
62406 112697
37442 114595
138213 179606
111620 176792
18353 52038
30771 192140
31273 147537
104593 192003
5465 79171
106054 172843
14353 21726
122321 156214
40066 160940
33738 66026
104678 104770
59209 106205
26258 157950
26123 130195
37786 96610
22956 59294
25175 196244
112697 131223
34009 50699
57807 132731
46396 79863
36752 94720
119094 135390
28509 60209
85191 198778
18723 77161
61951 140738
154295 184549
138288 163413
60488 114679
45998 117191
37204 169134
22052 85923
8793 82702
117904 119539
23006 68627
38428 53423
35748 185510
85094 174366
38955 49075
1270 191728
114937 162547
2731 189883
5578 107581
10972 119575
85477 97866
48780 114595
53271 180335
74765 172880
126570 144583
125071 140780
137831 167139
59514 126080
66107 92307
20457 173210
134469 156499
50054 79517
43427 103473
65304 180104
40845 198396
139899 161745
5269 6137
133108 153592
77766 87316
10259 160082
98955 112495
46459 152968
110932 141701
134469 167472
20544 100868
60274 83843
10411 72985
3827 108767
109518 130602
129693 156576
2194 131038
39085 52905
53469 142732
22814 134072
72985 105505
65628 142025
134734 166108
27914 156970
93471 183538
29665 110974
73323 190373
57129 190086
802 60017
138858 153544
8135 31170
91795 157798
95805 184693
124962 183612
64675 144643
47226 162367
66612 67167
140282 181764
45422 48508
54567 88595
54364 101509
45493 163807
183198 195808
90214 161742
34935 35420
17098 104016
5193 40619
104278 161592
71344 176196
23875 84649
9335 89438
122553 186112
94266 127527
61060 84180
156456 197077
91490 128275
81336 162604
7989 38196
51262 66337
136691 142224
53705 187181
26673 76531
21539 89482
66377 78862
61357 122688
62823 114404
14193 121240
46504 181287
92065 196743
36245 161712
6093 39095
15789 41036
107955 143024
118662 172174
60391 147537
109084 144820
87934 186000
164576 176501
68539 81396
51703 176310
25004 105646
161225 173668
89104 198841
57768 147474
83049 130673
84001 188594
41292 179063
135460 188208
75106 79400
39956 76031
48026 170526
27677 131063
48780 184987
35395 175271
83288 95016
112076 122130
55056 188460
170309 180486
175018 196444
19487 133526
50935 68445
165113 184869
123213 175271
10972 171160
27868 199724
17194 107251
60292 115422
34451 172437
30148 182980
32683 43412
140969 174331
35586 189856
40953 60630
120249 185527
17312 41447
108397 190602
175266 181455
44334 114879
110605 116051
91451 176168
128216 158476
173173 173304
48381 118666
107319 126867
47626 130107
97762 134045
84176 153926
113218 171589
43331 97783
140878 163930
71992 72179
44533 84092
60237 110968
88601 156875
119655 156483
29494 185318
119779 133517
147815 198531
68466 69766
942 197398
122378 194451
9833 137260
62865 153404
854 39607
37458 92617
126284 189906
59683 102236
28678 138176
123330 163980
56472 124982
62283 182834
35882 109745
160838 186588
50344 174115
13425 33329
6306 145868
189856 193024
125475 163949
102299 155586
118186 182262
29823 145029
15927 24480
103456 158825
2348 110076
3947 62385
23839 162593
81902 122496
23703 46811
12010 17300
113243 116810
119816 142335
11724 122652
41337 173666
71393 91818
58326 148278
109466 114874
59341 71835
53334 187562
44726 154325
135027 162420
66332 187513
2474 123130
5129 186048
132664 190413
51443 121574
96695 110166
187572 197614
15103 72926
38328 175402
67050 129738
63687 71788
62283 117528
22400 45729
14296 87898
31884 81996
19172 71116
55249 130085
133329 171230
19488 170446
39732 127531
46854 59271
100909 183524
73000 180363
16973 53267
25913 121377
53065 130696
26756 194281
24478 97830
77590 125570
99364 107107
1239 91653
49439 66686
45922 116754
65256 193840
101350 177436
36153 77015
70968 119182
31867 148270
141618 166525
18984 189172
149855 161471
110939 172406
145466 185526
63849 135852
77096 115215
155298 183129
55224 149921
146641 184581
132650 144523
25971 155403
9537 128656
176460 184100
18631 154173
72268 146843
161398 191851
23522 42519
64262 70359
6481 88619
43576 166708
136691 182787
185144 190223
69812 166448
74358 101771
73393 100658
72530 152531
37772 194355
6146 101001
22612 41662
25586 173403
84016 158774
46270 158805
111280 194017
94079 154153
49305 130033
151219 153922
14983 83125
11057 88220
80226 180524
17474 71078
74754 76820
41131 163971
85734 106587
18239 93036
43117 183330
90626 160643
18507 144663
99946 138850
32265 71041
35667 106703
68909 191294
39226 62457
120673 124139
53059 111421
30377 175869
32744 34779
21469 183318
119610 190036
95765 130403
39337 56185
70547 79486
5516 183599
63646 147074
41661 43134
9271 111801
129568 176182
23562 57175
101130 136336
74896 158005
45414 159121
13781 184211
17082 77120
31770 149535
62101 93394
5661 41645
105670 122213
71031 116884
29353 34285
73339 147133
48908 175631
1096 18515
36151 124789
13941 74326
38730 113168
51479 66117
57967 123900
14003 178608
30610 173619
119983 131140
55322 71569
48377 78861
113557 151767
40457 121045
74680 79734
96812 106112
115763 129817
35884 145059
38985 116999
83990 114728
163408 172126
114613 199012
181195 185876
66195 155812
50647 154892
150205 169900
3266 5257
14899 93711
17768 31944
54847 125204
43639 197575
40853 130557
54707 61466
162537 197933
10634 122437
121128 140619
27661 134287
51435 197062
9933 122575
39677 170873
72205 166912
47220 59291
45994 88290
67616 136608
21731 53344
70619 163482
11250 42581
120842 161189
18324 152443
56707 76576
10832 102996
57825 58292
34445 109430
57045 95729
113952 153454
2872 193090
112454 148476
24334 119439
53570 157725
154022 170119
70779 125248
41457 113900
17681 198314
70933 164390
120500 148183
84701 134869
48511 93827
101219 102507
62162 77015
75457 80300
68738 78628
47709 128863
25421 160354
39008 44707
147174 174332
82149 184549
79429 88845
21653 182002
26124 115132
30408 154686
9714 160708
57038 177420
165636 169741
73203 134143
104631 133303
15205 164608
70392 84879
71177 144446
40220 116754
41444 190742
43435 111040
37419 59502
57426 117273
63241 120175
150442 151576
107253 110732
136879 166076
56297 152852
24989 184349
46509 100968
74019 185919
26890 99165
15243 166419
8736 193063
19497 59718
50116 101011
173071 190964
120500 129022
71030 192990
109202 183334
30273 199855
37812 88177
171172 172922
79843 111674
149689 196005
81808 86203
12548 124923
20453 73999
24383 159715
63326 133477
29432 115529
19142 98202
59260 127163
14953 107616
51955 151373
12877 159896
7522 93124
11841 125737
164832 188109
121486 151097
20544 53010
53279 153429
164305 170886
105261 134227
38957 152182
78226 166448
136250 162823
142570 184042
75383 171643
36949 71206
6836 36452
6710 21213
8884 81336
9135 194815
141243 149934
119848 173519
142059 199894
113718 120024
105938 112246
121827 186267
19333 100651
4501 165064
20929 176609
155625 155935
2619 40257
19048 109073
130026 173164
106841 152716
90537 164207
39785 164061
169179 199216
89187 120119
22660 119101
19162 72671
74847 143203
162851 188180
71393 186341
41958 193189
22254 180961
125581 154469
9484 158486
64233 162749
84232 130064
124030 129120
54168 195972
53595 192314
18483 59244
71851 182282
156188 197188
68207 70961
40287 69787
16766 64810
46450 156475
141801 172583
146354 181963
5746 153082
3829 129184
7790 98101
147174 189329
85022 144000
43376 187584
158 94737
46630 196446
10103 81495
83672 99838
94704 186874
30164 142206
3812 140508
35793 187696
91642 179207
64234 65628
23836 59261
52964 71003
69405 198886
19366 88662
65428 164116
44115 61215
10300 149875
104968 124020
2024 104139
116037 138653
131298 170806
68417 115139
43362 87460
32248 61215
29757 35592
115380 117418
185065 194575
39211 91163
34977 196467
37223 136736
158853 185257
53321 197241
38257 137677
127091 191775
56692 99035
11742 104835
15605 120926
67622 195397
84153 102092
51190 130468
115077 192097
78612 178746
133355 190587
51702 189962
60900 72237
77000 137926
47873 119200
71732 170545
43952 196595
22646 184915
95829 125566
127357 186719
41496 117289
91469 152506
31214 44260
132923 181994
30156 64392
40835 142729
11245 169375
32944 133095
2136 93694
76879 149117
11314 111382
80900 159922
39057 140574
61510 191233
1663 40856
160937 172200
30040 129151
152212 184382
110831 132934
55605 194836
53040 178502
84092 97130
131453 166225
165947 184061
107211 187981
17551 79267
104461 194765
609 187584
14265 63374
143662 171257
81505 181544
172962 187936
22933 110664
5105 122143
14616 73648
4934 141340
101661 102161
71246 160691
123607 156719
116480 144683
12034 128689
69324 189329
12284 13619
168204 176910
139640 197852
53637 179126
75234 166652
14762 130309
79964 135807
156473 156632
74709 105717
35260 147849
145862 163363
48026 193022
10749 87810
39245 92854
8653 175592
42088 173184
158312 196496
73377 166535
102611 153282
340 146189
62117 127655
38958 89944
15801 73786
59793 127176
6107 13074
51779 153013
60698 192942
31779 34164
3829 112472
88502 159911
8257 122037
86148 125104
51706 71865
135868 191537
51996 185430
144969 158226
54689 67550
77030 187025
14738 101414
20389 187126
66594 69548
42614 84489
35717 101826
40535 170119
28609 152720
22734 55676
24453 172104
55956 95067
68391 151359
37478 136662
105537 174593
39448 77454
42152 169071
9583 157787
68993 117274
25386 32171
105780 179959
23635 43151
55683 109139
161064 184736
113621 115438
17544 166461
38731 39245
37688 48555
70076 133667
127645 198219
97214 119182
76839 165508
93012 156088
121869 166543
44916 161904
14157 121096
10669 198059
131368 172398
32960 79152
82396 105804
142504 171379
141063 152593
82520 180235
152298 178866
108885 151197
167799 177549
81222 83881
9139 11198
67 196953
13821 140016
119447 140420
36156 62434
122936 199882
9484 22208
16454 156297
136755 163854
89678 168163
35374 180019
64675 144257
96242 123544
86247 164416
72355 96358
141801 194997
57109 125229
22472 162175
58824 110718
6584 16290
26523 191705
79865 147259
163204 167238
158911 171223
7984 26427
81770 131457
21442 111655
138924 150230
76982 85442
137585 173668
54878 151354
29568 143688
5624 163021
76827 105378
60250 187651
112495 139974
6800 55611
5482 106498
90130 128053
8343 163055
105649 131931
10702 16187
59820 195184
57497 144481
150281 154928
20603 191667
149509 197669
146295 169263
4188 29237
107532 164502
134995 180203
58597 133476
50604 190851
133418 196174
79089 81337
152623 197658
136189 182646
105738 166141
54091 71499
29105 196123
50718 187972
10749 162708
70890 135868
81935 121342
20826 150727
68423 182133
148880 172403
21263 70815
76981 121258
38590 66961
141599 186832
93533 102196
44086 86337
36565 93314
26111 151282
86876 193611
9957 102936
16468 171665
162299 188500
28790 73881
108628 199783
144937 166261
9975 38629
9880 94647
70550 158477
79465 154520
29996 150944
15686 179760
133486 136708
63799 88140
15933 93860
23566 49691
98139 121506
33835 178682
31150 83895
39658 103442
29815 62121
33514 175658
7837 49991
26285 161158
4039 157376
91966 179075
7947 100861
59581 146028
12699 144225
85796 124583
162808 177920
78259 116450
44131 94728
134063 150979
4234 191449
117 52115
20843 60733
101955 164559
27138 131796
99083 124386
5272 184693
174448 199855
5104 31249
63806 96559
67995 84029
79342 105810
43742 168726
120981 188914
64043 128403
100020 185565
32357 114916
147443 153316
46108 187049
95809 143567
48252 174489
14242 141194
18458 29369
35683 69457
69593 78923
103901 110942
95991 122721
86070 150939
112627 160331
27178 120305
76671 180335
46542 90966
82021 129810
29708 152878
32062 156870
20146 139544
42787 167137
149482 176823
118062 152160
24427 189443
55156 172075
61000 99864
119094 194834
28197 31104
105440 159298
163205 197692
33795 126154
29662 135647
26627 195790
105860 150320
148627 155519
26060 192244
39970 124078
134083 149302
118403 126453
6037 46976
51707 69442
77655 185420
27216 175425
127819 130947
3837 99387
142914 147672
70174 185631
26822 78865
69321 69756
310 130697
23272 178669
133271 192426
71831 145540
4580 179520
180013 182495
22161 140757
42900 177805
93675 182822
63391 179641
10285 152516
21469 174512
83582 109431
95393 184968
38887 108315
19518 57483
153565 156297
19582 62346
62156 157485
91412 136894
2348 126916
37448 167709
86774 134574
89428 174530
151161 165476
110073 142695
43927 195382
3381 126625
474 45907
80274 174718
56131 153656
13690 28092
102398 129819
26016 164130
61153 186541
40758 142830
74468 189440
34782 115959
83017 161340
18100 167298
30827 84001
11769 31844
91118 150794
110132 128632
110452 141331
37827 134177
28426 141590
98980 160955
80494 175971
79282 148005
582 44715
42459 189631
53327 166211
97023 111131
93947 180209
89147 154410
3337 78259
29760 195151
29186 88829
67580 135829
59234 115209
108006 136706
46327 192426
147779 163336
122935 196080
100232 127950
41848 150474
129163 177168
70944 115835
114445 158688
36141 125402
99070 193655
105668 106003
98667 163654
29759 152433
155112 167079
167542 188282
29476 188276
26230 146278
36155 120788
79488 181560
77649 128545
56164 195971
55981 111984
70031 71240
150580 182555
161912 162999
122168 192969
145041 167707
171603 180494
35965 102845
134785 141956
33556 109087
48059 187761
173684 193959
30057 170446
164471 169039
42928 105130
17395 60170
125514 185420
78331 82138
139455 182318
110591 141603
15927 37096
116585 174627
47603 91094
75522 178139
16375 167951
139165 150388
136944 167639
19532 160609
6000 97889
80409 126318
20925 147806
59257 66968
57104 193180
63851 103766
169655 192632
10415 64626
79030 156537
19710 34405
48352 190426
107239 133366
14756 34948
54878 153897
12001 121832
105090 163147
165208 182133
122721 140831
15759 29681
65359 76824
147892 193371
103863 130837
117252 190685
97689 136940
20293 104625
61248 111969
130839 157749
9308 123550
83976 124559
16029 133091
82854 114609
38879 168653
63914 125847
49035 102932
97423 108282
119935 136838
54168 87198
110180 120008
65402 170227
12931 32285
10234 156730
15631 58356
112160 169424
103482 154539
131631 147138
25165 97945
64516 154164
2194 61777
19721 100217
109516 188208
49035 148101
117224 159987
117311 179640
51195 95864
37772 163267
19910 97936
63413 143954
383 10055
18773 85010
75616 86809
53052 148059
22895 173627
6007 187444
7023 47213
112457 190609
54074 104968
79600 164692
21759 62857
49 145316
16861 122874
30689 94106
3154 126196
17604 37018
124334 152693
31545 110413
74363 154315
63371 125779
39512 58754
20889 33701
191081 193248
167132 172459
26024 116256
160761 195700
128738 194571
110404 121581
24572 164342
49696 188641
19132 69403
20340 105345
75871 146464
60863 195095
14289 112621
3148 26524
50113 99762
51944 54828
105229 179066
189 154959
61395 73266
22103 130166
64137 185030
50659 129908
127269 174711
6654 130344
58668 168710
114937 166295
93786 154780
139169 153483
65489 162503
21563 34515
54567 90540
193028 197160
139157 194256
70392 128513
61223 189863
33569 172452
117464 123167
27520 185086
41661 55522
58265 168744
125225 168391
158658 177567
61011 168411
110404 133080
126464 174022
109591 123783
134956 147419
119625 185219
46325 188605
33051 64832
4245 153310
91801 106587
41107 191190
699 118997
84250 98835
126461 187737
885 71982
70257 74328
23868 152564
103923 147719
37096 176863
94630 171710
8858 23416
32681 196823
54085 85362
127674 193735
108664 168693
161081 170446
44142 107634
75034 165832
106373 135889
97360 169496
128369 147550
70331 159601
58129 136914
63608 199360
125398 197863
12970 39900
14825 15438
147672 152933
66594 164962
70217 165244
139649 175547
7323 197931
66793 100930
39916 124861
53155 167647
13988 75990
43574 77299
24188 191765
86777 129514
42601 87094
111030 162567
81853 118928
93382 133992
3929 108526
8619 40326
55987 186958
39398 91210
28922 105625
144106 146700
30823 193486
43 176499
112200 181165
41896 73834
51332 120690
35494 71986
133113 153100
102117 187490
73867 168257
3858 179008
28939 60489
50239 51106
17732 33997
155821 156719
37238 173339
115027 170886
5159 124226
192633 196661
22667 156356
56478 170914
15862 187731
20103 107857
27315 153721
41097 57064
22617 62528
134562 178512
87898 143017
20328 68884
113055 187285
74249 184191
12292 104605
32363 109217
36179 125093
16227 136608
62064 156120
38628 95438
78631 176367
29760 173151
148679 188213
80974 121258
153930 187943
42004 186074
74422 178316
114363 151364
21817 43798
138044 161095
115998 168122
69182 113267
96727 99991
13395 174825
65864 83629
5969 31348
67085 178310
65735 123798
28491 196140
26820 73840
162600 191030
128567 147121
95073 158783
7474 22057
84906 187020
5499 81647
92727 136019
46216 73355
41406 196338
33466 59691
72560 161785
183231 189045
78466 153661
75796 181647
198314 199006
15825 78093
18512 107883
23211 93375
88248 148599
2496 13277
57511 84411
41049 159522
25124 68939
57879 102210
43843 90626
13563 40511
3765 38412
27175 150794
19400 160215
23221 179347
32348 153425
100246 174489
71735 189906
94200 188890
21200 34529
62921 137956
3094 19456
192868 193313
148642 192696
28884 47187
6587 186219
73834 76428
81865 171886
46234 63002
33829 187774
19336 128873
41287 99701
30561 124860
152448 169394
50271 169875
36734 160292
27631 48166
39754 143279
145098 173495
25620 44615
7216 142669
63368 158317
52754 132540
19923 84109
60237 177798
65557 181047
183307 190622
55905 136068
65641 197784
33643 38257
21290 183885
43341 173671
19331 71585
134722 174307
43604 101284
38164 169512
75408 112627
222 113900
39507 126625
54481 188388
86108 173705
87163 96467
58036 81847
27961 75826
43542 120956
71831 181829
32226 34927
14689 55566
60045 149117
69894 185328
40974 186462
125229 163940
29924 160986
113496 191196
51222 108482
122292 195137
65257 119889
12736 85519
35600 167417
21696 187819
55986 183655
72839 157397
110530 181304
88371 177893
50242 160851
89355 192091
18963 34948
98651 190600
70257 112211
171274 175274
35953 84126
148679 198497
97851 114854
12 167976
49922 170708
35641 90770
137296 197181
25000 140027
34580 63438
53542 160430
84001 123229
22311 38474
59032 134534
25185 156930
43808 179898
58467 152306
97023 193780
67419 192181
104347 119156
40743 105539
62611 117322
26599 76739
169755 196941
27739 39162
122254 145249
49783 135100
50737 72953
40764 52999
103901 123593
3248 198811
89911 113245
62134 71258
42069 115645
131368 133491
39217 90315
17263 59525
92929 199465
93612 165703
32772 191588
33930 66138
37757 168184
77970 138428
17891 67593
31468 174781
20425 111774
136817 196009
27451 159334
137544 137555
123004 187631
35389 117861
124521 192403
55880 128139
120884 185826
50092 84172
103258 134101
122924 154107
7927 56383
87748 107268
49739 188039
21163 45729
8203 147277
33220 124748
44308 158395
14276 90530
82068 117582
49895 143825
24698 67456
73399 91469
25164 79342
34066 47305
4677 182348
34118 169409
118905 178869
18796 194459
15639 114863
136706 160528
17349 43778
81866 101096
61466 193366
83672 97755
61899 67431
76689 148101
59207 94974
136528 156660
86025 105419
65591 71589
6315 70815
124966 144451
47406 161378
40320 197281
4201 193701
29705 184070
89478 199254
50231 61054
136336 161721
101399 161306
37223 154562
11796 16795
35283 169465
76978 191527
57874 79555
24328 153013
34774 58001
144301 174052
79191 128075
123683 178544
66024 79270
69548 114724
11682 67164
103021 123666
5973 134001
90825 174903
165849 188718
75645 169150
982 190789
39903 198363
13567 98567
86517 138673
9500 43841
104227 195073
61414 116395
137955 168184
48026 128321
96390 199982
52172 177045
60445 132341
10730 137663
108398 111008
21854 197869
61830 143631
8794 112118
15489 169443
45451 86498
149695 171416
116937 151845
34256 83883
111407 143750
32778 92706
51195 55011
1589 169469
65230 176973
100212 119025
92474 153827
10626 75608
142209 186437
59203 180217
123588 126392
38033 46895
153624 172010
26381 156599
111142 163755
124717 151242
80598 199608
35155 120740
51056 62164
137609 178354
8870 106347
35153 76470
125812 150224
62036 70615
148568 168920
163899 176740
13588 161095
70897 85876
51488 132341
6274 143314
93721 192593
121254 178755
7061 129584
31858 58511
57692 108524
23809 160438
20603 196866
31783 178009
50360 115197
111211 191438
20004 167037
61531 113818
135341 144983
118620 151530
45052 194987
80510 90322
42176 188626
97031 168208
3325 166094
124202 160643
102236 195390
89623 100121
68450 74518
110 166449
86820 139467
124065 157875
22626 30771
77115 129378
97936 161271
52963 143449
113547 174989
166019 189774
108544 140311
31377 183231
153414 192863
126587 146879
4448 150368
164198 164866
66522 98202
59654 82869
128319 164956
22763 161138
129198 178078
41827 108201
25915 179698
117065 120503
35726 70699
85362 94845
4394 68537
22672 190463
31048 97518
118986 168788
30596 116386
12370 159660
13313 37828
60585 191498
70110 74376
50337 125417
55478 117484
94483 160655
78122 126163
31910 122298
3341 85318
59611 146179
11694 130647
82365 108282
6528 156328
77079 112272
42551 71071
21786 110997
102196 130100
116448 164692
70271 152802
81337 167753
51068 133295
78870 144784
35518 161104
137241 166022
50659 169976
31755 134175
87527 142734
85979 91037
74520 92500
38518 47406
33501 110634
40095 71851
60979 74192
33669 147133
2057 116754
135433 172527
150949 176307
11556 147360
12123 195954
10285 79902
29295 52496
45668 198217
146917 192724
25249 140508
97943 104910
35807 67433
23333 114098
71443 88183
39990 187562
99701 182630
43476 62778
42704 132980
72474 87706
11608 39541
15075 85698
6599 101137
22761 163954
2235 178925
80353 193076
27700 131490
66198 161895
91152 120705
86163 110455
53093 184311
73130 192195
62504 121629
144682 188095
86641 176704
127705 141264
40111 121810
24410 76960
170809 179427
43624 173762
104266 128659
42362 174050
53201 149092
163235 185359
147031 155537
139891 144717
37331 77234
31556 112425
28079 150260
79989 171416
100532 160568
82886 86815
50736 144245
39650 48414
6543 74591
33401 174844
87881 143302
107032 120981
71753 156451
84727 111986
6953 77249
107209 186967
1754 26955
111462 196185
183175 197784
13786 70182
82869 90457
32539 152662
43735 53570
35726 134677
23326 127518
61518 109688
40398 125760
12095 18639
73881 161684
135488 191464
20826 48713
11724 93904
49002 183655
51971 80177
172035 199079
33017 62624
149092 185221
22482 24863
85858 105410
105252 109190
126303 185698
42704 145573
101961 147645
103035 106511
102117 193378
60029 195733
50902 106794
84185 109600
85525 138396
125230 162996
119064 172963
31988 88858
67401 156473
73294 116269
102726 160992
48812 84180
110654 187818
127135 178631
79393 138910
86714 135093
36380 125570
16037 161982
85405 194200
5913 6710
75784 134799
191194 196404
138106 180200
146002 151878
100580 151474
84093 106050
38479 176257
149194 165082
92695 174697
662 19496
57294 141736
34782 181258
113143 154691
91250 166461
76857 190314
115173 190036
53254 75732
44608 113906
162440 199720
43769 170215
2202 112474
19494 100090
120131 121486
17417 74485
177893 178196
12606 110865
71403 86106
41756 142914
164213 165853
4312 56271
22523 23135
139099 185390
80039 199894
19750 161060
97991 111986
6429 13182
59104 133718
86813 177878
17409 156326
72817 181047
122832 179694
129086 152662
55032 184146
59988 127369
106053 197583
125834 161294
140834 159941
16376 122027
127150 129683
80399 172599
77540 147180
128437 152268
167383 193269
76581 164264
88486 172048
91596 140853
111984 192607
63002 162986
118102 158952
34989 99615
4018 53939
51971 112729
31858 93461
145653 165704
184808 186181
20416 42748
9977 89593
63801 76831
71267 160344
13587 120093
11652 174530
45847 182570
38103 120409
54180 103699
42212 121986
46401 197077
93629 116844
9626 110722
59515 194538
5499 56024
58949 173740
29244 158550
44425 96758
59689 189473
43587 52701
117313 131490
21725 195422
26090 57757
150235 159709
10349 44293
25091 157032
30468 71569
58401 125154
33545 102406
155630 174783
932 197709
130084 140040
64841 136045
78518 100209
123296 135203
61054 185452
366 102200
19597 44124
45547 176559
21653 90438
16276 119530
27858 99478
171250 194535
129475 197921
151762 159983
3225 86526
4864 78578
37442 65568
40447 198278
802 117476
42734 110698
48828 144065
129351 184915
118087 154543
172512 178515
59226 89557
155243 166070
92215 128549
112439 136181
64366 178310
41 73867
53750 55322
138100 159554
29739 168685
60292 128343
171391 184146
29710 170242
41535 108327
24179 92134
63285 109815
61719 194928
43603 191894
48820 185254
16227 35201
18910 91293
24983 56715
86559 172338
40574 73014
110483 121902
56831 167435
17147 179365
15924 121156
88557 100782
86277 164345
4585 162715
127537 172357
128035 174666
34050 71384
13588 41964
55848 86795
60468 87584
83452 177227
107653 186005
63239 167725
54895 102973
69701 186022
117206 144893
17935 137120
55490 88603
19456 54289
56729 191857
17019 162531
129883 132502
3492 17996
25277 74061
34247 66613
128337 148603
66820 161453
964 166450
94424 98522
21644 159711
115351 144034
65541 86258
9486 150611
47941 122810
85280 124281
38864 72999
88424 198959
37399 48817
16659 26596
75573 193942
21058 26372
51982 103450
31689 144682
27402 36216
14157 151901
90292 136966
54332 57335
99613 145404
20725 65127
12250 199042
9770 22432
9964 122643
120120 172566
33901 176159
11885 38693
71532 106170
135296 166503
138177 185848
35294 78130
72589 135183
62824 94358
16949 189165
140596 170389
51354 108794
55019 136112
37817 112791
55570 158805
38776 92524
100177 186427
43777 118033
59017 110733
25782 195589
96266 143457
41319 75990
146821 197261
21209 186610
49735 139686
135215 165801
37184 144870
22689 74991
6798 161935
56616 60170
9853 157363
156930 185875
56127 166543
25475 174022
68212 169512
116051 179371
46047 128425
43265 128357
34445 128450
115769 162057
22051 177287
19721 155310
29473 166449
27603 175161
124849 187963
65045 188500
3729 68913
47006 106411
76177 102541
26777 164503
69894 140937
58074 196261
68247 118510
147062 185826
160774 175271
28605 193110
31914 44770
70324 161717
70271 180743
65606 99734
35408 99356
49411 126822
41383 62749
110850 122920
153282 166904
173331 173762
167863 199097
27354 97189
116565 157505
20411 110950
108978 197701
126356 132415
32431 110732
50441 166049
158792 197715
80436 120407
83010 84392
3803 146920
134045 177184
22679 28574
81638 195218
34529 108293
49815 106123
121536 173044
63372 163813
48611 85282
102990 178358
98567 163836
13409 109893
119489 197050
45342 127633
97800 189814
78492 102935
144813 186987
116417 121584
69499 178390
89355 97418
62740 187126
135729 153301
35358 192088
2665 157406
62400 150194
13904 194993
3113 122016
89781 182026
55156 107256
44867 147777
100435 144970
185798 197077
33466 115257
90934 93295
39217 88832
174588 196338
6331 121764
13516 79111
116078 189516
41 129105
81619 104287
57029 120730
153751 163853
145653 163445
149695 181495
45493 192214
57805 137405
53747 161436
74618 131434
16795 157487
79369 152460
78591 126356
500 60255
126199 143340
6203 179957
100999 167435
10793 98584
22353 29451
107815 136463
78891 165046
99227 156675
12562 15370
11548 38601
72118 75699
120588 122497
51939 87017
5084 144706
34711 181963
52635 149025
21282 57985
41467 61256
57138 94466
106703 117715
111696 181067
28300 155049
88203 183952
47723 105236
89529 128256
4734 196166
6367 152589
26218 38852
63109 177821
79584 87540
54332 124889
79343 121088
9053 72473
87271 87401
91415 173249
64483 174370
70092 142601
10524 66138
17150 183458
22606 134445
15162 86596
70278 172644
1435 154050
103021 156162
78863 121383
131487 159257
35415 199822
4811 67433
48701 114499
179252 180441
80720 134131
84839 96188
57248 179054
104343 189315
122271 138746
48839 180373
137764 192850
15093 15955
65034 118182
32575 113146
8075 89350
117117 150111
43040 74755
177123 185143
29062 144643
14813 125517
42894 104246
91991 199352
11110 93548
45279 168376
62624 124622
18713 184166
15469 175817
49965 80626
30486 56632
7567 29597
60041 63589
134865 161353
35894 107161
31392 37674
16461 102462
88213 191411
78631 127865
42776 164859
60459 173588
60788 137829
38637 112100
73607 94655
21170 96467
86155 96358
20321 40786
130465 164890
12483 166208
99194 187220
142191 174331
170588 171622
41036 94667
177972 181618
72393 192118
60303 87664
76799 157924
657 176907
10293 170277
121826 171408
43223 145518
8986 172284
88145 158122
40254 87983
91675 152268
10731 35460
157296 162706
169328 174729
13287 23555
99301 130697
143075 154221
2620 174689
64969 106748
145639 159800
35408 42286
22710 181942
54213 79131
85397 155336
6340 42817
5287 85321
8576 137634
34445 84147
79969 118030
6195 199783
49211 60170
162440 164300
138067 152158
23268 149821
24510 162049
135203 176939
37000 95929
93427 111405
142998 169655
12196 19497
63937 148343
8830 150385
170258 178030
32848 122234
64954 73685
56207 105646
103403 164341
68275 84416
54118 103859
83491 186493
52575 55945
31591 164608
8583 135137
12617 47646
2965 54210
1472 194993
80962 130451
58555 166430
10662 110086
127641 162861
33901 143205
45858 169819
137435 143449
107634 124523
80720 130461
37961 169076
136310 160354
59882 141445
103308 165901
94874 143245
34891 89015
48879 89355
20889 57759
93114 152590
168034 193204
41321 175728
41292 57961
89132 125405
110718 137974
79315 194516
90543 139978
23042 82886
128843 165756
20609 142439
163153 170565
44351 101122
55706 88723
82849 88006
92557 175356
128473 129007
100362 123271
17065 167999
157624 186653
36603 55480
10093 183193
76359 171184
52705 197325
71670 92273
53868 176860
65341 120008
88049 99102
22735 67088
50715 89637
64623 161710
146088 152239
53496 83526
701 125022
107653 108807
143097 165226
17570 161220
8047 118205
72245 74553
85249 111326
43865 75289
131775 148180
122752 165247
109139 188366
71446 97274
30964 78863
118980 155787
172819 194855
2912 30040
49929 129181
81032 131018
73095 157701
9701 17465
22583 71114
19494 44875
144028 165155
16731 75220
64977 121032
26211 197930
127482 164605
43985 103230
47846 153866
10692 96002
65481 102307
55174 66126
89705 133603
86251 175911
15028 166861
54058 130003
124163 178680
175015 195498
126236 193508
81012 126088
71821 159720
48748 187034
60373 73846
109236 145505
18199 197583
17096 141519
161219 168460
58149 133057
167935 198815
17194 147743
103035 139279
177144 191684
115495 162038
93014 164955
54357 145417
40476 127344
119109 155437
66901 180398
65568 194338
153168 160191
107892 186829
52656 64254
12174 164890
177391 188276
66869 132832
89334 116754
28965 112990
6381 73420
40651 183165
114753 166997
19048 70765
63557 97906
41572 160397
105356 111008
29478 123248
109850 184229
6016 44533
57145 100083
51491 149802
118609 120710
72676 183739
135409 148405
61180 153791
68627 106380
38320 177078
41163 81154
57470 89241
97697 150753
42888 154300
4650 137848
80732 169103
142617 152870
852 141575
69305 102542
105734 181787
147492 187060
131964 149461
102306 133768
49636 178038
11752 124163
157310 197623
47912 124198
119899 161861
3765 132463
112623 161505
17311 17579
170389 171907
70502 147816
15024 143604
166409 186712
104310 150135
18090 96382
7255 112697
70194 103691
92962 171610
14074 81565
96410 198322
39925 92189
38724 92807
66392 179995
147204 181310
2005 138914
14172 197940
142321 173176
18507 95778
198883 199123
4669 71695
117421 135046
17857 23527
110902 129181
24711 100462
23163 35018
106401 158911
106387 163773
64343 67771
189531 190644
41204 41679
24097 146466
88730 188289
77414 96619
122137 186403
104125 177870
67429 109688
60007 115904
50104 193388
130703 163573
58394 133262
59496 176346
102621 123679
54543 106123
119867 177543
93860 198958
18795 35495
146454 154893
169165 198149
146481 163940
66756 127005
49531 149681
49089 71591
20676 160915
51939 160007
98809 102932
146137 170925
54053 75383
3877 137834
138193 177505
89603 135256
51818 189223
63808 83478
23655 169263
132740 142503
22709 180789
49442 187020
41781 168816
28041 40285
75582 135373
19179 62080
34319 150474
116032 192750
30940 58812
84859 103888
99102 184885
151810 177633
27335 120518
39914 187185
182222 195269
157787 185146
47099 185050
33986 53851
30910 164111
117214 186291
118407 154146
65588 130148
41511 192390
130077 141577
76257 124633
89459 140774
75244 83408
3108 66332
107835 188043
73536 188913
13579 150191
115649 165930
102306 194556
8605 29306
18930 25277
76481 177233
60571 61645
74268 184318
2150 164264
18628 162910
170761 182112
25022 42659
4980 180733
79099 91583
168790 171450
34977 74367
45823 162038
126021 156016
43424 70117
104511 139950
173351 178739
18891 27853
107505 144839
8683 198783
119167 123890
20652 39095
77015 111741
58186 72941
124535 164469
17249 129585
97954 155400
5818 163755
159250 164595
40965 71505
137870 138563
132291 159933
33382 55566
72011 169441
87034 178336
36582 176154
7474 129451
151799 165219
3765 142846
25203 91065
41615 150494
35623 61484
46367 159838
26001 50230
61438 62379
148430 180095
120505 147121
29679 69189
117552 182916
25888 176105
15599 89590
5197 91553
101062 157793
1513 140261
136538 199133
82880 139515
6434 23699
68807 124017
14865 92467
35155 191391
104147 117679
23 30667
22174 26988
1145 19179
49260 143269
84307 181729
92810 154180
93305 180342
101862 151942
10752 74976
106038 174230
23221 120001
22601 86930
55156 100600
108257 167883
52618 76097
14689 70244
13293 80730
64087 167580
46500 192361
106985 125064
134249 162289
101989 174050
92727 106676
145325 167692
69442 102875
58406 105182
88066 103084
154970 165309
12390 44537
106210 187093
30273 111487
46001 146662
105163 128127
88251 195448
122095 151878
58155 150382
126977 183504
36153 179309
41841 147337
114784 191077
113134 148043
22508 73327
21704 112412
159134 197100
52675 157186
130309 170928
120584 141538
58173 160244
104944 116182
128445 195747
4312 85615
43138 189025
68946 121141
24058 147816
101140 188947
177893 185692
66705 115595
35306 164518
34780 151315
86363 138471
72295 112876
103546 199381
100190 157374
38637 147394
40963 193696
251 118265
20930 72779
25242 180120
10456 147699
17899 88263
45181 197038
1624 20367
26800 58126
151681 177821
10761 16999
145728 162964
13144 120423
145756 146803
8432 153295
90851 197181
95266 181297
32498 61469
132653 159108
45858 88031
4594 11438
13904 131218
28107 194723
171819 194801
143088 199273
165106 180036
25707 125630
137156 143375
149080 163899
46766 173982
42112 62366
184157 190791
45170 67729
52624 177174
24721 120360
29700 150542
101712 159722
20489 196088
48310 179366
77503 111709
98553 154500
4153 95610
17511 59900
73017 155376
7286 73856
29507 166461
98745 142617
142335 195108
30016 77258
9932 142137
27730 157505
147719 199182
141695 160331
3279 114539
95258 143529
82323 196857
24395 162023
104874 181474
71775 199362
5259 53851
48414 94001
176907 195066
58712 193164
160807 184070
16976 75907
62031 158526
4006 128662
39280 133939
54493 140047
80807 129584
8086 107058
10700 52029
140161 191121
53421 135488
71783 134639
45350 59621
88418 197208
144873 186549
57904 131119
167572 174844
14310 100654
101826 149347
51722 66113
45498 112733
83414 196335
39392 77215
164601 166419
38853 91728
7034 165998
118233 137231
40925 157487
16804 169899
84361 155365
53044 56271
61324 172126
28439 143044
176340 183231
179852 189045
16400 158850
6883 71683
123751 168038
65800 103214
43083 99128
77444 90142
25640 123788
27609 31884
94739 177144
36456 165608
69850 134814
77172 128076
6123 88544
150572 159112
37184 180064
19847 192670
157951 187043
305 184150
34608 75990
119779 192980
5050 117862
168741 195590
132413 191538
44323 71490
185161 198736
136832 169044
80612 174982
109190 180596
40870 121734
39801 177546
94209 162006
122540 129557
23384 36115
34735 84340
95172 148880
37875 143525
18261 61372
157709 169639
40320 109738
140192 155941
55398 113308
78591 179673
22233 90331
88464 122319
131099 145114
59227 76435
8429 78243
100376 100782
20291 131551
49509 88064
15489 72884
8562 113056
45209 60467
7935 188722
68888 121918
2117 102966
34535 127719
53090 111454
11472 196755
117861 147326
189287 191952
31998 142143
4421 29990
71697 110768
46968 100067
18644 83936
119430 187787
16140 157858
75506 129856
47394 193348
34701 68314
14974 158363
77270 146161
109108 121247
43856 111866
61103 182031
36394 156550
13270 145194
17409 109459
16804 165822
56601 105175
67423 117062
61 23434
12005 164352
72607 174089
159595 170774
62296 69307
23416 174768
162 56222
124727 128076
56757 165285
26109 82702
5210 66703
189616 189983
79588 194659
36165 107253
34817 175655
190260 195459
98526 111234
178841 189690
36982 143962
48969 88188
81292 149634
44496 44916
73772 178173
46946 64268
59793 183013
120716 177189
6868 122379
135513 194083
122598 128978
88930 161985
23032 28509
58945 157504
84109 154100
7935 163770
116487 187748
98584 126792
31683 145110
108810 141736
14232 120731
123400 171274
50333 107123
114959 145728
28531 99101
110968 179405
21170 34505
116877 196406
21245 119874
100214 137938
51944 179679
80565 163656
18819 98017
28536 189747
25429 102940
106638 120271
135733 192878
66355 150522
32817 38251
22207 29076
19110 158335
16197 178127
10098 56466
139540 172098
24919 42231
169359 198768
38046 160014
127475 169738
176832 187789
3773 124997
72342 159376
37350 124620
79216 161024
34681 178055
54059 190689
13510 60394
140000 179803
155431 183470
65539 163443
10932 156200
73482 131526
56692 107019
52915 173762
108882 172809
165913 174512
40990 190868
100565 115598
25626 172289
20021 42633
41730 193637
32223 64232
56957 61915
19200 147890
84542 188451
1845 137641
7171 196602
79863 172570
12888 123370
31270 96494
44770 127562
43 81931
143333 178990
2828 165868
31470 167785
83403 137539
19750 120311
23418 125154
20054 172403
18589 153683
121486 173037
71753 194214
51372 61779
74508 176659
18095 187099
55659 110106
98414 189516
128170 132554
26622 96531
84347 100573
79260 88614
19539 133039
178829 180253
15347 155923
25748 98043
50743 52066
90851 148991
134205 188633
28968 197055
41286 180373
104800 168920
22651 127295
105810 143874
134612 153747
135728 138067
113907 133524
20364 43512
57896 118531
108836 147360
33201 53438
108578 170963
6413 67886
63620 135678
34947 166006
50323 145106
106887 140877
59248 153416
59788 133215
65862 128425
115378 170527
49954 188047
56315 140626
115686 194058
50441 50700
15044 62611
104770 185042
39080 171582
13897 82135
14289 173194
25938 129781
155355 191819
58855 76802
10734 42817
280 38107
126848 138738
41430 117014
3495 176810
121000 139334
61427 130870
14711 37262
103425 143580
49727 88089
26481 97727
108291 181278
19548 134694
14462 83143
37827 190055
14821 77079
18040 114404
99510 141132
66402 114257
55316 129344
66203 165264
13780 107055
93244 126808
94756 151762
82783 83776
102406 192189
68236 92471
28212 88765
21220 184656
12331 193566
27747 134643
15893 59743
30844 119286
31274 75555
90106 105780
24690 153371
13588 99021
98872 124281
26615 140437
86557 110160
55787 114050
26139 52837
100145 183705
91458 153230
12147 131639
14134 14491
31094 46866
10028 31454
50511 74788
58997 101404
44088 92695
40880 72079
150281 182698
18539 44185
6537 17275
85851 176340
140708 176351
43574 128791
2387 167298
171643 184568
90543 184090
93053 111487
30167 112331
83476 97518
90888 155898
70409 78122
154980 174601
169428 180758
29025 41131
21847 152890
31220 63581
24860 63819
117586 170979
53059 101391
12088 31303
87694 110160
39607 176427
31150 186398
39303 131522
6396 189616
85092 95949
33423 90756
81495 181998
12901 159960
52751 115059
8331 20284
70020 141957
100205 135466
45593 57874
13091 188538
139795 180111
14679 63366
73536 166439
7728 25874
44206 97630
159700 169465
40511 171013
59795 84350
92598 179468
14594 98647
93505 193358
146133 186860
29295 178302
70984 197370
25342 56657
142049 154226
5662 157180
94324 128285
57785 66035
140608 196102
157768 178164
124002 126694
48310 82727
87629 144245
102587 172340
24709 64578
107457 156995
8056 143645
43304 44742
23366 84752
105095 112064
102531 108850
65335 76172
33590 173542
26756 136415
5286 33693
83927 101980
53750 164278
61954 79585
8013 171405
2288 160659
5050 136600
51750 139928
22210 82068
22761 180515
56022 149484
1282 103507
3566 53090
74707 172527
37331 148869
87019 146575
32293 127950
72773 104347
148095 194210
45997 144498
32726 73226
60830 77778
160729 187456
71354 152841
61847 122130
33662 62418
12579 194283
59725 195459
181974 190061
8099 118420
82132 151865
50344 163759
3679 104339
86918 125308
41533 53663
131526 164893
6146 167497
153108 161398
50614 183304
46131 60301
91118 140627
57238 182481
10721 135180
47565 122848
42486 189045
120574 199051
172383 175650
97396 130976
131074 131087
126001 154260
7051 48806
157770 195066
312 60255
30011 49976
122886 157969
96596 103152
123685 135675
7312 198730
72574 192115
103454 106353
126466 143382
5364 87387
166521 188538
39906 65639
11680 101912
68916 84668
113419 128873
50941 79465
50989 184649
58825 118651
53457 72159
6528 177967
89352 128053
127463 141895
154530 191872
48166 147506
91031 131422
129198 161762
1514 60241
121045 150207
56608 196969
18128 78905
190599 192271
27512 73707
111034 188276
71697 116798
27630 109146
94448 163204
48010 172908
135766 148866
21389 90482
65926 146097
104924 155307
70344 131056
48588 118986
18970 125822
150305 182344
2117 148243
17614 62484
85042 85060
107681 108131
25028 175123
6210 169773
65863 96224
99481 143943
160472 168113
79705 132286
74184 141177
63230 149612
118928 195909
36293 178485
81644 137666
251 103599
42005 59307
100757 176567
3674 183863
38221 177839
105250 199952
17468 100075
149759 152070
78105 168411
66930 169441
91772 93786
96916 194098
137189 149823
11410 196426
57046 172769
37376 143512
86666 166208
53369 151282
28127 122803
18048 174604
81623 195613
24318 73975
93493 170328
103063 163375
120417 170545
40095 137349
77313 142550
24531 167994
66284 102328
66384 68115
4479 92443
86450 183887
68794 69033
163040 196266
43585 90560
125364 172257
73716 79525
57879 184627
53182 194692
7182 52546
53400 159302
47884 131943
34555 46644
88667 90978
18639 117694
51564 140236
41378 65050
186398 196999
139064 158025
85822 115512
15243 155072
249 69756
136106 193154
114856 165662
7576 116592
81685 105651
125145 195737
110334 167138
46381 141291
25434 119151
154236 192206
75595 79267
89500 149993
40256 84654
139444 145762
96356 132265
37528 199880
140742 179731
173442 177641
91727 128873
96492 165930
25772 102462
29756 81522
137755 150045
138491 168055
34653 181255
17641 19132
46728 195424
21478 183686
170974 189688
12877 100834
76845 129864
2128 152315
98722 118033
101144 130373
63148 126679
64262 154645
75770 79152
14885 78885
132097 174601
94564 182204
29823 80359
146508 146848
112461 145745
10765 133023
47402 113245
80857 132756
79978 177079
121421 138370
45219 161326
44826 179252
49129 89689
66782 182227
435 158810
152147 180757
85627 157543
70122 198756
24289 147815
113221 113743
2245 137032
33018 38886
60445 171272
84094 149330
16719 137296
87142 93415
56508 93493
7291 162981
145588 197669
118400 179606
1855 104043
18064 87282
53039 102438
117675 138470
41649 78224
55104 158988
15316 84716
57338 106965
69166 199856
33023 34241
25658 35731
169579 194844
110681 193486
4524 89078
78795 103002
138359 191740
53790 98522
22340 85892
136248 172828
22560 114417
158136 176313
45203 115379
78578 145934
7423 121753
148772 157180
117906 119966
4076 70091
23135 65371
27148 118466
42939 57151
115501 179789
7235 50342
24980 142197
70615 161951
49482 140878
128978 195021
126217 185317
44821 50556
66933 172662
29938 46942
159432 187911
114164 164289
43189 127176
67235 183688
10733 98533
32264 122198
14077 16552
116524 161533
98043 141964
42160 199084
21352 45930
149560 165324
140473 159334
16044 186956
4038 173351
114547 149712
8774 164782
29274 184925
30895 132740
1096 123857
113906 167390
140140 171366
177851 199423
86177 182912
50242 148467
10662 105598
121789 175121
28049 66951
138152 158488
79622 134249
34679 89345
114373 198688
100887 146295
14576 109403
46634 122285
175668 175968
51182 87302
31073 96772
4876 190976
182138 197971
17064 85910
18306 121971
12271 164412
15867 25694
88913 89167
26777 117952
83629 154584
69394 132379
8447 125712
178632 195250
17746 137218
94315 115764
70998 108624
32118 192091
120356 185966
5273 171918
103304 149229
37820 72016
164955 191523
19596 64256
70297 119459
115327 116283
120044 150984
54464 196914
51905 194049
57904 185658
70212 73606
7598 154694
36488 190976
95349 143409
66287 167799
38930 109430
2362 102580
82388 105250
14016 131416
45407 50852
43134 139826
105561 196726
39964 62368
59290 144660
149117 193892
111788 164145
33514 150875
83383 88597
22667 152418
62457 179388
10456 187657
8263 95422
54357 168843
104947 159285
21090 79259
32226 50618
145316 196555
21309 84397
139645 193182
113952 193982
20954 168641
36068 176567
115598 166046
144275 180721
179308 199914
5203 138586
1170 170688
117322 121434
22057 191206
70776 191872
8371 147777
142776 171830
36394 142174
22355 35440
123271 170338
129949 136377
46833 197050
39191 163369
35055 149019
115857 168052
49666 93513
155781 193823
103441 135062
24138 27222
3366 21585
58572 153747
84461 101185
138946 156197
79240 166143
92600 153183
15987 139982
78708 115128
6735 191884
134870 181485
64058 103221
4707 140795
55676 63615
127275 185175
17094 45830
3148 169745
107286 195763
122695 186680
49852 192115
7584 164138
23684 74229
144530 155035
38118 58910
147497 180976
4466 39398
23390 57404
7481 159709
91357 102940
5129 164604
66358 151431
167136 194873
111306 115438
23487 127357
145249 173493
41824 166708
475 40200
45590 158678
63160 112482
42691 171306
41687 101661
22819 175269
11562 166666
95937 105667
194703 199482
81086 142200
24739 187875
82424 107403
64729 147362
70417 79955
101754 125204
8964 97130
125884 167188
29841 41909
47709 184918
146887 176357
16033 166535
19561 191077
149891 164746
2982 105090
3586 162851
72216 146226
14363 145950
86197 174553
45221 113984
82005 116667
60190 134979
2550 48404
501 31844
53500 95655
118991 146909
5288 115639
138912 182002
48329 105191
115385 159715
87209 116487
130309 186901
55019 119778
28079 72625
57554 86247
20548 161951
84668 96296
70411 179730
83846 164782
13700 170675
80730 188484
33879 154022
32248 124881
52191 184742
14808 86378
18444 31112
72168 128262
174414 196441
54278 60354
64137 148544
48310 169750
36409 93548
87543 90110
85249 135454
13575 129655
36963 121253
124836 172549
62267 89796
5439 70852
140587 183009
165647 188418
78515 198610
96280 169279
8969 130107
65500 91551
11249 56508
10619 132392
115681 129864
108829 120807
61074 184377
8252 70373
24282 74433
164635 183655
24404 102236
2550 163997
108340 176068
54770 160063
50819 158952
4059 176647
10589 185227
94139 186192
118033 186883
31640 171160
34773 42589
32167 175650
39974 154170
74207 106737
53661 174251
160888 184453
62634 86673
80680 148405
21759 27993
39998 192088
30762 149579
94974 99158
62045 101840
59900 76915
68522 174405
37234 77563
132480 197210
164365 169248
78772 117749
160575 172174
155158 163522
41992 76625
183988 194534
12699 167759
84440 121737
386 197930
98511 129126
82647 140792
8562 120101
22259 35638
324 5193
126746 173259
91182 144978
99243 143804
46057 183430
58553 163065
11241 57437
153782 168893
61 86098
21376 176988
1815 70386
22584 155537
45930 45956
178367 194448
61720 141245
128227 151223
58155 106642
65489 191007
116637 127463
42460 165961
42658 159305
43478 78480
75522 132599
1763 76557
6709 154278
57505 102598
76376 166960
114650 155649
25626 43797
36982 97872
78501 134012
130470 181095
168992 179894
96716 148219
88638 117848
35683 68329
26130 101251
7725 122019
30667 156624
133412 136054
8040 30069
174828 181685
51367 80216
144273 170241
63289 180777
121507 148732
79337 175838
1507 161664
150985 167654
23983 198093
99367 110638
61136 150865
31136 117542
82843 186254
128264 197241
56424 126356
81101 198281
17768 115370
40372 129460
125379 154543
69742 194098
59707 197195
77622 111407
14664 111799
75759 135653
11142 129814
76911 184089
58169 96355
77363 153082
31428 189688
124208 152564
50598 93694
59913 162996
135717 157374
164078 198226
35107 100462
170309 180912
89096 175497
12881 127055
25850 169311
140524 150542
21374 125399
65916 116579
38945 59471
28610 184107
115132 165306
52351 119646
147531 148257
47454 66297
32041 91873
143616 194958
98789 113647
82388 113671
58502 164692
41518 120811
885 72313
166164 174731
67729 109901
9760 16280
104320 169063
83670 87732
88831 158012
45200 121737
45454 94286
100369 138555
26055 123400
52695 180013
154675 156987
4188 113322
24979 84448
180634 189914
84029 91808
102433 149926
84756 192222
74613 112490
83446 167934
131821 136662
29666 70319
63088 86283
108270 115598
86999 100596
84907 111224
22425 155892
101349 117601
32049 143930
11725 23333
21364 74737
25611 128364
92186 199220
82237 193786
106836 145374
137133 191625
115132 130655
45836 59469
109091 172437
26252 196788
74855 186956
23925 151551
72091 185692
13700 88655
59222 107239
13719 121594
120056 122055
12069 181335
43262 166232
9630 143645
17302 63969
151143 165637
129171 192039
63799 101944
85286 117740
9846 165698
66026 120171
2393 9418
129998 137032
29507 49843
32888 174167
19381 72722
14365 178770
118592 128659
71584 151222
95653 104928
12617 116944
19340 68994
33781 146878
2315 116180
103101 184318
7236 69546
47042 170016
107252 169411
83288 144431
41408 179702
25707 184284
109901 170555
136434 177943
171778 192037
39958 110840
10645 149509
123609 187730
53332 191537
2632 21791
2570 101794
103485 170841
64100 165602
96188 165971
130465 156551
26661 101383
134968 188849
79219 184382
70781 99624
52278 168439
97689 111021
91976 170096
29021 46800
94881 117224
31468 165693
118073 186497
30454 55980
56463 120615
41941 116031
11300 44088
28006 99245
18740 40651
55480 80413
105675 140559
10850 158002
77292 179243
40451 180869
122081 155163
32412 53441
28139 187385
135596 160057
48737 126217
46079 100757
143144 165294
106281 129475
165584 173351
76786 193170
180754 199894
1866 84286
93915 171775
47445 113055
7018 8040
87481 99618
88160 129112
41111 136794
60229 150875
15316 97064
79275 130841
33073 160002
88623 167588
72322 155153
113612 170344
33191 176802
146668 167542
137672 185637
73118 131626
67653 84463
112089 172338
36499 172629
71035 176495
63025 169997
96628 184707
139993 187572
17364 71816
95773 115871
21542 150708
41756 193294
58883 62533
51432 103989
88441 103456
20533 42551
132516 188122
122981 197863
87442 160818
123583 193190
112223 159332
106728 183133
8834 127619
107304 188181
136080 172830
142960 181942
146779 199367
5146 94779
59933 144383
49210 94376
105924 184382
9468 185557
34653 146586
89633 110190
78511 120931
58437 182657
168812 196831
161477 177731
14813 194199
49432 153249
134167 175888
66542 135453
103347 163408
7255 146975
22673 116023
93888 107274
86177 122665
135837 182673
89783 144706
37223 105289
102389 187209
65065 119769
125411 134108
38572 126525
132233 181373
76437 183075
74644 140152
16619 94732
68415 176810
15255 91035
116021 197645
57238 128694
62857 168092
3354 153330
131295 173895
89329 125235
42017 190587
146416 192560
14168 188693
79690 90062
106097 138885
35942 194723
98590 176863
104948 152946
4480 6531
4920 79607
11712 191868
30971 83467
33363 56127
29829 110239
1650 24381
59133 163241
125940 160798
35865 65208
46062 53271
92574 136306
4385 58842
22642 118558
67689 122768
8593 117612
121628 172758
58910 85516
126935 134406
70392 168984
33937 104970
103719 118042
105681 120186
72939 187528
184914 197839
84699 100400
57487 64566
9413 17327
87535 186979
133768 133904
63646 76934
18966 95443
2729 13931
57396 130426
82081 122977
40035 153975
30937 116781
16989 116867
110451 166882
32627 103779
77795 85139
53241 68256
12493 78556
63646 107980
71229 181942
117799 118571
43267 153105
42392 167542
106965 138055
79402 182468
47082 56078
63297 79886
29860 155412
44607 81570
38236 140849
64232 91784
151316 169579
7650 83322
123994 168243
35554 41062
168827 190463
97813 182103
35628 173811
98821 148553
13619 98778
17240 98126
40153 66204
143097 179400
92592 143457
131232 163278
7116 71382
52705 54774
47223 151987
130863 138579
47966 170150
20628 187893
92529 109314
77903 178055
4512 138079
185164 193566
38428 64584
115749 145795
16136 131796
64058 99817
74223 175602
112994 118745
77685 155616
30845 182468
105762 115814
7921 13974
16949 43095
15370 36543
15434 105883
51989 179789
105509 155268
45694 55945
36343 185876
65696 101322
102464 153025
77622 122831
121257 149187
4929 64588
64312 77893
17662 24120
79957 97749
42374 195950
68058 100704
18435 122219
100229 169444
23930 31074
65530 88598
81810 83137
2453 126434
29995 162379
43652 162097
139254 170362
38637 59749
103436 169819
89251 122981
34462 34825
81401 169469
131653 134560
4137 118265
119395 164933
80341 116617
85965 127266
73095 167180
45668 148310
61198 80409
83559 183445
38487 109064
83864 129819
74531 163037
86879 156867
60250 121667
116544 165366
185876 189095
54197 56859
158986 170555
164509 198428
124139 126711
10437 145142
130829 171151
148791 181380
54074 71318
56178 71224
9718 12055
46807 53470
18064 39007
128002 168292
125169 158094
82649 121559
14074 154467
54627 195945
81603 157554
41716 157163
80168 89809
52353 77632
106584 170258
33660 58927
143111 195184
8028 27977
84911 88662
48520 114331
35280 84752
24058 180729
129429 196966
165624 191884
18929 44196
15631 71759
73457 103766
58004 102147
30957 100235
66313 73653
111755 164487
75401 159413
2177 166916
84952 176926
21817 77949
10604 168412
105675 143280
156328 157118
120811 179672
23158 96711
25912 160575
76729 197584
29107 127482
173479 189793
8674 16526
130627 182318
128980 166430
42286 193239
70852 186515
23836 50664
102803 180605
33901 98219
57645 184079
52582 197296
145945 185736
120210 155052
26399 142989
132846 192496
89448 161152
37121 125277
42111 66796
120342 195903
161468 173834
44874 67738
63392 77216
18966 141038
43265 125707
19331 98311
33518 138589
82358 149128
89191 95625
32443 65230
88858 187222
86722 190789
12699 66239
91762 119582
41054 195872
30446 90693
48591 158122
100823 148430
870 196167
106200 185176
4588 43217
88983 187631
38726 56096
124199 168122
4006 189608
62699 144064
8842 57105
68342 185644
117731 191267
136939 194536
64312 157127
24727 140735
40870 118271
65557 146938
58668 164860
112774 134955
92025 116627
34983 171212
173552 199905
38105 67167
183732 185526
8069 85321
5206 72933
135825 173811
133904 138255
71210 110429
13343 60302
1506 36536
22498 100354
132832 175268
14681 184189
142755 199175
54942 140753
5277 197296
149816 172357
151348 193170
131349 173991
12081 192533
130185 195990
108282 110575
51340 163965
57003 134860
119042 164638
17845 183458
57740 122401
42146 190464
136614 166652
117224 150970
32050 179694
159954 178771
104218 133162
26394 151598
49115 144381
109202 131785
34697 182583
100963 173552
8794 114250
63914 118270
57909 98254
62183 70159
30434 93781
51774 136834
64433 182137
74466 167007
60489 156805
52113 180698
116078 152492
40148 100746
94298 105659
116152 139880
31672 152972
20906 94324
58858 132739
46800 105851
26528 192189
13575 52212
142390 159134
110664 129783
25600 198811
164129 169071
8869 31556
119655 194110
41140 92356
45498 192317
65221 178310
34745 101265
17899 121997
36565 193651
113016 176044
5155 41765
65013 151590
66824 182896
124653 136908
16310 197641
38414 109210
89910 103864
88356 89083
15234 55570
20642 92851
21146 193854
48607 98980
180238 185767
4661 150521
152121 167588
140878 177042
91794 94207
57169 166516
34717 138621
39278 69546
2619 139555
1032 22039
84090 155580
138034 184479
63605 197329
4463 104629
114894 187936
99864 119913
137034 171953
92418 146677
117086 188785
32642 164141
55388 177123
139285 154482
39387 129820
29245 101792
57227 182015
36587 147138
30107 47935
111922 137940
84353 136619
99762 177627
7657 50268
136670 192429
98665 128865
136760 139354
55061 193959
165910 180662
31502 156886
41978 124927
31884 86862
76573 189823
24059 165886
81408 188747
117614 177554
110911 125997
46325 191530
84114 92322
100293 167345
50941 165985
193407 199133
7906 21376
142377 168368
18275 136962
111695 152578
74737 125748
136769 150062
16695 35018
51360 74697
10238 185637
81603 97338
98927 151792
55706 79812
23199 156283
98288 114681
70890 112056
30533 48329
92427 106633
91184 150513
168924 183722
60445 63334
114895 189726
59140 170254
115996 172403
53690 160646
62801 161284
85738 170098
57104 108914
45387 123489
31914 115571
5518 85738
69517 184657
102128 154097
23846 57335
166591 187435
29969 158388
123004 189533
19545 36452
8394 18199
76152 123757
53756 147534
45434 198043
117862 147625
63924 108665
20442 190260
41052 90934
22169 168946
69189 155255
51214 153474
104511 110892
63285 82701
32075 92889
80247 94473
40965 104506
25893 136770
37881 82646
78375 103231
41314 101989
57388 92184
23809 34309
92072 106147
113139 185179
53624 153652
7848 151191
34066 197187
104770 144066
109973 127541
39657 125354
51873 139366
5056 50689
87507 185399
68890 137941
105494 135984
180573 191833
8701 165748
65335 192237
19393 122630
33770 166469
24375 153310
65606 133150
134562 192450
149298 167542
111769 170988
31319 52640
38837 124966
15038 89083
26427 30441
50722 133338
21427 84361
139006 193925
123368 181455
71564 172644
52147 128790
4718 199332
63088 82491
122545 160725
30780 112494
20725 29930
56027 92534
123617 196724
128139 130834
107912 126379
56815 116487
139616 187752
28149 140774
18854 132542
129809 138561
83026 118960
11527 13780
122452 131591
137805 168562
111358 160430
113261 146237
81959 124845
107526 190707
9755 22876
107470 165577
80402 172647
25312 187170
33550 164790
95195 138625
74501 190513
126384 197585
100024 102727
46405 147358
61005 126929
187520 196755
46740 132062
150288 193966
134273 194406
51166 100205
13890 118267
83288 175519
26139 140351
160937 162538
16894 75480
136136 175455
44418 55580
65230 157873
21416 122292
46915 121025
41036 58458
126384 178924
138645 177727
153824 164325
77286 181190
197679 199079
150220 173352
24186 49439
48835 64443
46360 86902
10471 88326
45925 133990
101754 110708
12336 187774
148833 192201
67003 193090
80359 98948
67112 190559
56039 191267
41779 114455
14808 48056
627 49783
56320 56948
134429 197724
53961 180634
73621 79240
47233 102935
9644 42278
12260 181000
15228 148022
31239 172563
1401 188998
119555 177841
60276 120310
51792 153261
88176 153537
138945 179299
161844 197048
60648 165998
18958 24567
37383 151988
33282 108119
50510 151590
100311 140572
73536 170603
36701 107205
46103 113470
211 48333
46500 47015
133144 195596
183943 199683
65564 129612
85768 177851
109634 158488
5086 180441
3731 164342
32463 125093
110483 138299
91136 100012
116270 157330
10098 134811
114503 177136
162533 189315
141701 165172
121918 154996
181967 190903
16885 65081
53335 179119
118380 181107
49881 52997
33727 123010
33183 127273
9833 40750
25408 65561
116328 124727
52618 78737
102743 146965
48975 86451
130333 199742
71003 116223
86512 167453
28524 187279
22337 115706
7392 159828
799 174230
21213 43009
79066 157310
88410 143150
81715 166055
19401 179609
145107 184211
77649 108354
7236 116695
70344 126077
91526 152969
3666 66997
172757 182137
12425 37872
64360 120941
3870 48625
132537 190602
174203 181611
84879 108699
93255 182204
161550 172294
103835 128332
3679 142238
48667 103989
132463 157528
26014 129761
39185 152607
56292 153592
85522 170814
49249 85698
151275 187603
115829 177512
93323 145705
51233 105798
161481 164893
108897 138337
55061 188931
102542 115362
110834 186164
109431 173699
102726 110402
92322 163010
87060 138178
151042 189777
37712 75558
113121 115798
61658 136136
159037 199683
28805 199830
118087 189637
57961 89332
7171 107070
52627 122502
105502 119930
48553 136181
56041 80402
88832 171580
37 71701
95610 183474
16284 121260
2241 123544
98665 102831
83829 140351
132751 186597
70089 192173
27707 134576
106952 182473
104585 135854
143464 175968
53231 76808
51646 59563
39365 39825
125787 149744
3698 121156
131369 177832
181291 189962
68748 190413
4611 49940
73710 136499
37520 86686
103915 158328
40966 138523
1640 182125
117086 135968
106734 155163
129475 183031
8743 196983
61738 149809
35124 123634
25915 170634
134382 186341
6745 165295
71294 173166
97271 138200
23425 52635
32752 157397
79637 94318
117365 122937
110785 188890
18632 59651
107145 122913
13074 96779
29684 187223
79418 194686
122842 189747
49115 148551
20633 25837
25539 190819
146080 187547
2678 146938
140644 165507
61599 140857
55042 57043
79658 117344
129984 159910
58555 109706
106989 186623
34383 71767
70542 149081
60360 77547
22556 90331
10014 167556
144531 165613
57736 79065
103924 164522
56601 112787
149040 182222
43320 51012
18483 73604
46681 159417
9017 61197
16708 39958
31590 55566
110785 168592
31130 51100
186494 193508
161081 178737
85270 90185
24043 143314
93040 113625
32476 173601
148411 170496
44951 154669
152225 166696
75957 144756
72393 143686
71118 122982
64635 155838
138696 197981
47497 72625
116243 186127
21647 40066
76799 176572
42769 183804
80625 160411
64509 99194
119851 130312
108208 167522
65257 172622
26200 58738
72378 160017
116695 192149
114793 136707
135515 139001
3011 138679
54967 126080
44533 55251
4564 6455
79899 140057
3466 147560
32149 186687
39746 102839
138523 193992
110814 143673
33656 44526
141155 154180
9977 121322
1616 147326
129457 142570
11742 31090
60721 199733
92752 168052
13781 187660
30301 96076
135630 171882
71940 139844
89611 182025
54952 187009
51902 55706
134604 194296
46663 172001
65332 121084
18787 90674
124078 162314
28058 44851
72790 104511
18930 166328
59108 167389
85668 126758
41218 116256
28228 192568
106270 141155
55676 171376
171045 189774
157314 183486
36517 62183
48652 173437
115963 199741
142734 169739
33688 182231
2272 123723
136770 148565
114726 116250
35066 145995
20390 130841
12736 186345
94582 117765
56457 72943
26868 127880
5193 88895
8632 151940
16685 74466
51826 121898
158569 188897
112402 142343
129498 190809
62865 69391
23128 85710
153505 183021
138044 165852
10044 51646
40340 157274
46243 105531
32522 78775
28419 61054
49442 139105
117904 170531
5002 150985
88536 177099
78093 161880
28391 147909
37036 71835
1732 8853
79117 87837
44541 164390
76986 143860
132447 149918
65741 149366
64570 70700
58553 60378
114691 173055
22594 49965
122231 161982
37748 45003
52052 64968
89216 114250
90462 198610
86595 160727
53478 138078
19727 38005
84869 101632
28281 199334
74030 119459
108795 154410
12525 172113
6066 63709
22794 113711
20284 111389
4465 30876
160160 192585
57771 79165
70618 114570
58216 114569
14888 143954
151962 155277
97284 113245
111364 138081
682 21973
44871 109817
657 164220
116265 151980
92035 100205
5124 114258
45029 101846
89864 198857
93678 100654
51113 164860
44588 77898
63921 66358
142166 147358
31428 68044
97444 186987
9590 24290
16867 124218
15470 75301
179729 186073
11412 93014
35460 75387
3279 145444
12336 182941
105855 169178
11704 166195
117782 167339
55510 156624
74160 146154
77516 95346
107058 121483
80146 162832
53098 174964
24248 165476
138747 173442
113009 135473
87849 123733
31092 96578
90796 192553
16109 27605
55386 57506
67608 187054
99303 173371
6370 46282
36414 64210
115481 137113
58879 71033
90609 152802
108678 136769
44820 120277
63117 111508
35554 55012
46749 130106
35294 95905
8330 18444
109033 120093
44158 140904
8228 11260
133427 198217
42314 169151
60272 83383
3419 68075
110355 127008
10229 160798
27173 82005
81484 85098
98366 147856
1732 118021
131692 137935
114670 122070
93514 118212
149810 189315
74511 112894
189479 192633
174614 179667
6390 132274
40223 51222
61249 135941
85409 150824
15933 151917
151827 194729
168639 178829
11708 151894
47072 192915
87016 164599
51945 110640
81279 146369
59531 88727
182007 185164
38974 116717
13973 68220
58302 70278
140840 164511
5022 188348
31849 120525
42816 188823
42531 162426
67494 155815
138283 162497
40475 107863
54209 67230
14396 35386
44388 47941
24478 98081
57925 108982
145979 190810
44340 100135
82681 123588
11854 55638
109336 175271
17124 22761
41682 183254
173601 184431
168988 190258
57449 162279
3425 27138
57669 122143
9755 100371
37405 143261
26725 27451
43424 150758
97193 193783
105866 110550
47036 165916
60109 181407
56029 154537
21320 30156
81206 135679
113010 132931
53402 165307
120815 174480
31789 123617
69825 106922
7939 27864
25619 188591
13973 88333
72038 93014
105528 148319
96205 186979
5501 111399
51980 139632
165142 194005
66171 118736
124309 157790
57181 120309
124411 199458
67836 160641
23211 157253
89049 186661
87190 186680
78492 177592
46284 69573
68223 78737
94567 171547
42730 128479
10408 42027
48565 162733
92534 112560
9364 131074
71234 124398
13972 197863
58683 80628
129277 150330
151993 161604
39107 153316
97630 133139
163798 175563
6909 31048
110789 161517
152779 153168
96825 132330
178743 181956
120859 159929
47436 81012
20190 180479
42529 143539
51723 107314
6441 40315
85876 89358
40413 181432
90235 175070
146746 191074
14891 31914
37062 51626
47782 116791
137389 150263
42529 180232
15666 57805
62007 120247
96365 135419
148150 174989
101661 121196
18649 71759
40965 82595
153725 192892
50310 79361
9412 85727
28054 192272
12525 128936
15682 57043
51472 79402
23402 159042
136396 162354
10681 107656
45858 88477
85746 85982
21884 149683
5322 94944
40475 169565
45850 153509
33390 37634
9833 101262
582 56728
75835 196423
12954 35926
58637 119134
23737 59571
143164 152173
49390 133486
32588 191383
14957 183254
20441 152920
125258 167647
19652 112490
58408 78071
106628 115981
7752 192361
125620 179698
6654 36449
4169 109729
171281 197940
4875 101077
3693 22431
112888 185273
83505 162789
48975 195344
71534 89718
18773 95704
2828 4758
42619 192787
65522 103670
37365 54928
84709 166176
29189 160491
104593 138953
58814 112265
24980 182503
125893 128175
92499 111797
60217 161253
148972 176655
133886 143156
42582 117780
105263 140864
24186 90171
92977 116877
137992 186839
148791 194776
65136 139473
55665 142914
25932 29199
235 44698
98522 187951
38031 46243
82880 118962
6581 140621
74465 190555
11629 59914
77893 111130
94661 156475
8063 16109
65335 132255
54511 177028
23805 116426
64578 97910
70974 149633
87265 146657
137247 142989
10024 16081
171130 183231
137908 177972
81211 150267
19403 141235
9141 180605
14229 151603
52665 111508
136872 158911
10413 170734
35280 126076
24129 127473
22051 78236
17349 24880
11842 70825
122143 149037
86960 177549
115097 138294
134330 166909
123153 173860
69840 125030
22567 90589
45748 98375
16999 97719
83172 163753
47788 99529
28072 65925
14575 116468
72949 93170
102372 188737
62087 101402
10795 61492
69305 95198
123314 183705
18122 195203
70250 119867
39089 52351
19688 69699
3830 8597
24513 100416
18787 181394
111149 145588
12744 152773
56039 73252
27716 105677
113785 178086
86032 104429
110530 162033
56442 136082
54895 199766
70417 128844
13744 179991
3553 198512
161505 163640
80414 123535
52758 195916
69831 117777
119648 120120
46333 81905
1181 27966
129786 165444
112354 187630
116459 127255
115209 139783
260 125181
9873 167496
53353 111698
50518 157790
136542 145095
24910 127482
31335 107651
184166 193394
107990 171505
35235 100024
73640 176559
135587 137525
151425 181067
136539 196401
74361 162537
128776 166944
156019 186310
95610 124213
146566 178938
110741 129323
22254 130782
107681 113928
25076 153912
43833 72938
36908 115065
19555 76582
27916 196572
18817 70767
81078 141033
102831 117133
27168 75255
136124 154254
18068 163522
143375 178946
101296 154532
111022 167079
49680 120941
114681 114927
63806 89402
93163 116749
102667 185399
378 102786
101450 191701
66525 83475
139845 168357
74213 188129
61180 108722
113403 198346
10370 162186
16861 34897
68248 157517
144619 151197
50918 136832
96867 127994
9364 36860
19488 106344
31139 55142
57388 147482
25610 57113
58843 100996
67235 112708
125557 155634
18196 199355
43714 143915
10719 84952
10566 129874
115318 120927
119833 137834
97119 100192
1183 167906
42981 118708
33390 150099
53241 197810
7238 110478
36444 188057
149302 153554
30088 132255
10524 29547
4702 112234
2563 142830
29103 193090
73827 132894
1616 68001
112089 164992
180006 190811
3698 90373
114451 196426
89227 147435
136139 160487
103936 193353
150361 192732
176351 195105
18137 180168
25161 32336
28307 76946
138319 171769
66589 144600
61774 134238
48102 139333
25969 57066
75578 88275
23737 168138
18610 49867
95935 109906
42776 143497
97762 121051
233 101284
13989 178365
83309 126483
168708 182717
45982 122305
60671 84717
2348 86207
68908 100021
11422 98872
155575 164116
150267 196534
134226 144601
198784 199227
121609 123145
20609 63540
25452 72949
59855 155962
49815 147748
3998 191928
117884 126792
127729 146225
122718 128925
62856 179811
21737 99815
146867 187901
21925 29679
49645 121673
115442 163983
2677 72568
11525 21823
58250 69935
105269 180515
23652 115512
116302 135901
102095 164565
50654 174756
60394 198722
101391 147939
58366 152250
33800 182503
58555 63948
46257 182670
43174 61255
21443 73669
44799 79772
7238 183319
25620 50426
79219 125041
121413 149037
97719 175632
132541 161742
107753 166333
80059 155258
9125 85253
27992 42652
137610 179995
4132 10703
109931 126500
74319 90745
26014 133917
167014 181347
59136 74507
62140 90462
66991 110936
2045 34836
82992 191403
92319 168122
93314 113213
125664 194911
34475 190789
13927 181195
92528 150572
17398 182873
139920 173479
97872 178151
52598 99589
24838 79104
42194 120807
1604 13327
1096 19645
4787 64949
162031 165172
161194 191460
73717 104438
139844 181142
33936 109527
262 56055
71984 165197
157376 164165
126012 158003
157071 177380
101638 160641
98552 136568
72172 106103
351 118742
26211 182382
39007 197703
35930 166987
43781 52202
148529 155241
161477 175560
26514 152623
62614 114967
7522 102993
18333 128326
127285 164412
164420 167109
83694 188223
48333 115629
89944 126413
99748 101058
131438 195873
2315 116821
5924 79279
3560 53056
29951 86393
179667 199843
65020 162528
8191 158286
89361 124667
33936 197910
28263 130594
22051 58177
18622 155496
63575 124696
10344 182262
52343 185249
80058 188606
93727 191538
100757 167887
12333 170094
27925 90343
181962 187142
60185 99498
62284 172715
58718 184496
61713 135453
3166 175787
171034 184571
33353 162298
85519 135973
12551 139467
167037 176126
69898 101553
150303 189260
78854 146834
87572 105028
137296 156017
24386 64304
59697 168092
163270 163432
4860 128393
160743 179340
152147 165253
6048 101140
90762 158679
80911 163845
100355 125617
91250 121523
43021 156678
376 113267
2828 52144
21198 166536
47709 76530
146154 151043
59882 84577
11080 59704
95712 162314
75883 165891
51659 106054
121615 196170
28407 54118
42659 128733
117884 180472
80898 89557
67482 145240
59248 174240
99457 185767
11608 134098
10513 178338
125761 140559
129062 190736
75522 88475
119715 159667
126139 178927
132546 169821
158475 184872
3194 29198
40498 179484
23352 62183
175004 179083
81046 94922
819 65230
25175 179814
132192 154886
29931 197384
105784 159457
23044 79585
42083 167231
77096 96172
37963 51237
6222 58850
88371 155644
71348 81061
13632 139783
109084 178183
50268 60458
62760 112791
76329 188614
25874 122906
88798 183830
35623 189931
65964 95729
44337 53052
41671 129448
22717 91118
71647 171003
150469 156345
17893 82862
156811 188286
1968 137846
76889 195338
22402 192178
168092 196455
52185 126295
22710 123169
121998 161762
7596 41049
65020 78179
88824 163127
111626 192478
2639 143626
111142 181197
132295 163586
36854 95664
63274 81437
50729 85121
107930 199006
20137 70515
35916 194144
139889 148869
48625 116690
1969 10010
191684 192106
136878 199360
61785 89799
86599 175592
94720 121978
6546 57388
29602 116260
27366 31751
54368 149375
73827 130551
147282 157759
103971 175544
83927 123911
111922 120806
37618 113269
9465 160366
7254 130290
78028 192644
53141 60164
88614 131980
19712 71079
42077 123666
474 16962
37886 165961
29679 141262
98254 122616
39180 119965
128387 184266
1589 165251
143662 154339
82491 158205
44684 47279
147602 182462
155232 174632
87876 175224
80270 94658
66113 190128
30913 164746
14157 104013
19775 188696
122513 165453
86025 198950
22560 105728
192444 194258
31662 84430
7857 158393
51659 102999
2123 57259
13721 153916
159604 163513
11825 107252
136054 164499
74863 191438
105732 113407
66332 95081
124419 130680
10073 51873
121798 181868
22960 94944
37507 128527
10513 162632
34842 135209
50707 72325
9140 186775
70530 71159
42012 191604
42809 43587
91380 119537
109505 176776
23224 50441
86645 135176
109469 134133
54636 175762
98300 195799
20224 41021
72935 197778
54931 85738
3894 146916
22951 114373
20931 174729
65201 174032
85735 196166
145616 197262
98376 147642
84936 130485
18984 68912
42304 136250
32405 178379
18353 50456
138683 173073
101268 121975
41383 150364
18196 124138
136226 177910
93036 146479
70491 159601
151073 192365
67830 118997
95454 119281
6337 38110
91762 188837
24510 162874
103013 147043
86277 193720
66840 110086
57426 73396
21644 183720
40079 55291
61454 92894
74148 144555
5331 165811
99385 165662
60794 96494
38328 133339
97483 121092
100177 133569
22721 194747
179756 184662
54137 160646
141038 198168
48394 109183
124982 178991
113279 140818
156467 175598
27876 130703
61192 161291
116683 152564
124289 182432
39849 191952
144709 154278
138807 150983
138240 192347
47013 148796
2446 110625
18794 179484
37121 165055
77066 131302
41649 102343
71190 81523
32243 135903
46300 142722
108502 118215
42453 186549
93375 175372
43233 194210
134801 197639
123137 141895
107755 142999
25626 50470
36970 41448
184244 188995
62553 112858
8418 148619
182335 196640
94807 102932
63128 66116
144601 165233
138547 145860
144928 147372
91038 161695
27148 162193
56776 186956
4588 171815
57038 77698
25696 61972
42157 148565
37031 127357
6581 111594
40222 197869
6000 33631
14634 179718
47158 135476
19636 115379
124747 133013
146101 197187
324 4361
102325 157578
74531 178181
116151 174292
3679 7438
109416 155399
109514 122540
22711 30644
147224 197941
46401 171072
124868 184050
53667 81061
22303 131090
39765 109622
151744 182792
79945 190339
55147 59556
52350 152832
128171 169435
89576 140565
86964 144299
78028 141193
9851 141543
763 168321
59256 133139
38728 158005
35930 53550
134700 187435
40221 129693
149293 163675
146842 176427
42002 166796
95473 144969
107863 184416
30360 150834
92105 193847
62573 127959
153715 176736
38332 93896
26109 85886
71998 90923
79683 168709
64265 99403
88315 194158
564 87141
68946 147441
19107 82880
136503 144297
64929 74380
61723 64644
156544 190404
76818 78170
83444 154661
55665 73281
37790 110530
91883 97920
138914 150987
89863 118095
34558 140399
16565 24053
1735 178115
36155 87295
11843 144381
56707 181526
13587 60202
32032 33738
136592 162832
23490 153457
147619 198139
50811 196463
8969 47582
108795 130678
53098 130297
42446 190264
23082 195791
107358 122139
39650 75295
16499 63284
87593 142936
2929 38256
58186 117340
2352 106127
102070 113458
125895 180488
89502 104458
156405 163369
107781 152933
14723 71864
60017 107687
63469 118991
18225 139213
1669 46285
98658 197424
32729 117862
8035 15690
79219 79887
57740 176145
35301 77622
11791 152276
26361 54571
3632 144352
101497 109579
18637 23791
111134 118742
125897 195606
20181 41285
34695 196009
170016 194354
33936 160427
18424 33167
12465 53936
87515 130697
65577 72036
132242 198688
106318 178708
79836 143612
32231 67588
166982 183988
160647 199880
40232 48377
95070 157534
50737 65440
62043 74406
4875 183995
47033 130696
139204 184894
20563 165440
149874 181939
37841 176402
18150 32115
11999 53839
85102 94324
12159 26255
75555 113253
43233 143852
33001 153866
87897 106912
73078 142801
28825 190310
180996 190260
60536 110461
54270 71670
13267 66542
26396 79622
68111 160009
22523 197717
38853 179010
25481 81847
21090 92961
38930 86662
270 162899
74814 156921
45694 184025
83201 183686
14575 180635
54935 126415
126001 196234
33347 86048
34451 63979
1461 196279
95172 188343
31137 34580
176920 180019
20259 109560
59747 86686
96805 153986
61527 114390
95655 108165
145681 191708
91307 197424
9413 195985
180714 193525
21532 58935
159211 168357
55523 74213
39586 197885
81591 159061
81317 182673
147849 179858
6990 63050
46450 142518
54819 82762
50894 79349
28059 38879
14711 109756
90110 111123
22734 124172
111300 117339
46969 112454
113622 150624
147422 164565
1181 68762
39547 112246
21887 182097
10325 171775
5002 190165
64338 113158
9691 191000
66268 146612
101410 103287
67567 169424
60013 141038
41393 194365
46069 95272
5012 159430
54114 155786
6760 140699
95375 164162
42583 47453
117586 181198
78482 165577
117765 164839
55510 69856
153193 163508
60203 103048
48558 166136
109495 189065
79685 80247
53720 121737
52900 182941
22308 47877
60354 133772
178143 180032
58731 73936
140680 177700
92955 110672
170451 189925
59061 144663
72786 125985
76911 150376
66225 178834
1315 61261
58437 89218
32371 79003
130462 142438
48331 192080
54290 112990
66204 188770
39640 177241
73398 121826
96199 124620
11441 26095
73707 142939
186047 190289
23772 172061
152124 174169
91993 140251
7238 150296
56591 90621
20833 29661
29760 170901
64535 171697
29661 40397
10440 133053
118849 120657
180905 183911
3200 81865
8877 164049
39501 110027
108165 184972
8509 94001
36928 187787
23040 72666
22164 150292
53623 161468
84110 168920
142232 168343
36006 40494
48748 196759
79886 104876
43512 110082
56984 117654
104773 144970
46505 59697
67496 87844
8986 78541
62235 162808
64340 118154
20087 52097
140874 177189
99403 184866
51576 95837
54723 157808
84376 122412
97612 162608
83389 95005
72568 82680
60217 61332
70030 160455
20384 122977
27977 120306
53583 110831
4557 158952
9930 54937
170389 194615
63776 191644
36683 187772
137296 167741
125580 157453
38792 169068
37985 52094
92194 153751
45329 78497
967 194836
100748 181635
71324 143457
20137 157002
89231 191644
57715 70088
2230 94551
58283 193696
55496 172410
44821 47868
46109 100249
37338 138776
37947 173956
31439 73564
89096 145522
109348 174384
70975 125563
126176 147372
47470 89561
102106 108286
139271 160491
164431 199371
113718 138248
54341 174294
46828 56797
91087 197034
168787 199526
12548 147256
154632 197228
6276 135163
64984 115413
165271 189913
16396 131783
107892 142005
35386 124181
47857 160368
104256 164496
113307 153938
103620 107481
123966 132286
82250 147672
648 145745
14787 177158
68191 172315
31099 181040
3124 8569
180013 184091
69785 175018
119217 159326
140856 164138
35090 90474
36353 90383
127145 171886
17089 183906
145705 152185
14039 70212
17300 164197
127705 175169
82183 183655
12345 95731
39536 96267
21169 164825
112533 121134
118979 148992
57169 197924
101011 182257
129798 132128
96520 146481
9919 104125
19218 191449
6423 147151
48876 98724
138915 184431
32989 104772
71802 164622
22573 177736
63099 158661
90631 165693
113816 130750
35854 55283
44263 131729
12643 106727
1707 181137
1636 123588
20630 77915
33946 88846
139325 158783
108153 140328
31505 52963
117731 149686
68466 87058
99082 127774
44510 199724
117350 168869
18571 133023
79307 154321
179142 186453
39790 50711
64209 189947
39191 157027
90724 198424
45135 99615
158694 178033
88356 134519
63297 96498
129379 171212
180121 187178
5007 169964
103675 196758
24545 181246
100567 166071
49645 164965
118199 159151
83026 114443
76137 140240
16013 198079
100787 144879
159302 167874
12548 108596
150272 175897
142307 184021
6581 198772
3273 125940
60631 63815
84983 182810
43742 71459
6726 145955
85532 121129
54981 173406
98401 144601
130985 136016
42345 117842
11527 52764
15747 21595
69610 185974
116771 170293
122096 133430
24323 69111
115788 192314
43573 59602
85754 185221
110022 112624
155392 170395
18343 22207
169151 178217
36124 75189
42083 90997
114925 197882
85614 139599
86519 163955
27446 117365
42226 67482
101251 104409
41793 148305
68988 81570
123050 135790
9069 53693
16164 24980
15436 111022
166954 195286
74160 147794
79018 120423
110506 121306
29757 72082
171274 173888
118375 192501
24687 93823
23839 117006
170156 192258
83096 119424
98949 184976
62781 117654
24882 85270
4477 184089
166617 192741
100084 181635
141837 192850
14924 72926
25915 140963
68505 80874
91699 156875
76293 156068
94990 104910
18689 151792
17490 199273
41934 48159
46597 192551
169224 171882
115866 135825
109895 162049
23663 97372
71505 125846
39883 127537
14974 48840
129582 187199
39449 56438
93727 191006
37338 42782
50456 152573
55754 129757
17019 17404
30849 75907
116629 174727
22756 91624
152976 176620
60233 129204
10238 80312
12134 140762
120369 157078
66769 76915
49498 142950
23511 165151
50571 179571
89994 94982
142362 142804
82023 83741
22399 198306
8087 77270
73797 151987
21363 130373
65013 166664
90768 157397
143911 159595
17018 45029
10004 15296
37816 188388
40774 58408
89003 130004
44533 159065
160082 175344
96599 106436
82467 143073
91245 196220
34983 41866
53270 197050
18019 70644
63342 188921
65348 65420
43864 126166
69668 195985
16151 62614
107845 154625
109353 145797
108835 199465
60378 190383
787 99834
49895 109457
13796 53961
149642 174373
30762 168896
24830 145327
28428 199175
40730 63977
33326 128291
16594 46362
28106 60979
36115 61736
7807 163065
165637 188532
67716 196915
44997 156730
14672 189274
708 1651
103800 141033
118112 133616
31897 53353
41649 91132
170389 196756
10932 135608
127858 155900
11705 124622
147497 194773
15763 196177
62732 104586
66668 79300
5813 182462
36541 187284
49411 74706
43688 145820
149969 176611
110939 133792
42305 76835
59937 180238
88064 94545
51354 93829
137927 148611
135695 172406
22340 177936
20774 47408
39548 106633
34515 98177
96465 102827
13664 183617
135176 137228
53470 134246
95199 190597
17788 191180
51771 138816
91894 192936
59022 131626
99641 117101
109749 167300
7857 84644
10920 41036
81655 118438
103361 192375
31183 63671
96596 154017
114928 166660
1592 83741
108148 155376
50675 80712
124393 188197
115208 141146
31910 60285
6137 118930
134931 187787
35518 41113
99864 124053
74945 174022
85952 185368
23868 143502
5166 173173
123649 129819
50269 92758
42557 100898
107276 164855
73610 120754
31117 189897
2457 125398
46795 163864
168257 190949
35594 140724
120083 175268
88310 161805
58072 134602
31858 143308
11548 141671
13702 95752
93322 96382
77594 116608
26130 74676
29811 185390
18167 46414
123915 143205
76481 179410
25971 144962
103444 106306
8481 163835
59370 108978
5155 68996
162352 163750
29473 133276
127962 134562
120357 184775
24759 197886
115645 179382
25974 33569
44860 46698
1534 62156
3857 27671
88738 180232
148048 196266
104816 167261
28072 102771
47443 199277
104477 182161
79418 86556
101403 170368
148760 179142
90800 95773
35123 111888
55134 157537
78622 153782
54627 138639
134417 163580
104949 144394
101652 154750
138885 181370
30864 42659
190790 193115
29335 197260
111212 127711
61170 88984
85943 131515
80402 96767
98288 171630
77599 78826
34052 132038
92846 139719
9572 154199
138547 154444
185251 191382
114605 135375
77559 170901
50441 199546
63129 187901
56262 93305
11161 22896
40845 89207
70856 137271
30141 163808
13091 154723
138836 142928
103728 158668
11766 137189
5643 136784
63976 94424
3830 174634
117656 134201
81275 128930
33935 48746
4902 176234
100262 132326
24276 51279
6398 150382
26569 37620
39038 149128
3094 105544
103441 112782
152572 197357
64868 98354
65166 85965
63654 83414
27005 61054
840 9308
153747 192524
57183 138154
19374 130473
129444 189165
133268 133922
109509 173761
122680 162347
123015 195199
24724 54397
60203 106846
24829 44881
1076 78518
41444 146483
18041 115077
113625 131547
12370 156573
19738 152243
133113 164169
2397 112102
76310 143646
20660 44284
11154 199771
144696 198901
79792 189621
32248 60080
122342 184732
71546 187616
160989 183285
131640 148977
31914 129040
27193 35499
2496 127881
131047 194098
71344 153060
74602 118666
47732 50275
36722 182853
13106 126154
150168 192540
134545 145119
20756 189793
74743 122920
96494 166856
11292 71627
44926 177851
15948 99165
50359 114445
59747 81925
19688 132596
80921 92320
44874 199209
127373 185414
115358 163997
18257 92529
3904 152852
20786 147506
72702 133879
77014 147534
36183 156764
67781 74591
105762 134286
32264 138771
54515 69324
148242 195066
115809 199880
79729 93469
39801 123155
82702 138993
20221 106734
24159 196804
12548 87329
39089 97572
54088 157417
131097 163759
10064 87934
58035 61880
42694 55841
63839 121910
27012 119906
85344 139148
23557 190202
13550 45994
125104 165833
465 135844
73327 76285
21542 198097
163013 182271
141906 149535
35118 109430
137190 182912
129411 131420
8908 144273
64200 163283
86557 153632
90446 120878
46878 198550
98927 163603
63305 105675
122027 185681
34109 113406
58138 156749
37857 122383
102234 126309
72819 115176
23047 141986
31083 121045
89544 113704
172943 179130
49610 181428
88054 197438
91081 135259
74898 97969
103786 167387
40568 157882
62046 91128
36175 164930
78346 165324
12602 89783
129152 172695
69477 193119
15112 68705
159383 198018
58392 120673
137849 150267
135334 135682
80424 156981
6790 117616
30571 171426
74976 89420
152823 197981
125043 161225
105383 161070
151823 157709
132516 151526
164518 181773
147991 182382
105734 192175
66273 109483
30682 134045
47269 98181
26546 197208
112224 185345
95404 109236
94454 123755
60816 188197
67240 159004
138736 165868
15731 120305
101715 159878
184139 189384
11855 98621
185227 195388
41728 77174
15924 146714
133303 141524
122219 140492
16109 168295
4621 19548
69515 77903
8116 174928
12863 56416
6584 166635
3003 175161
33288 125893
189567 191105
25991 126483
169519 192644
96628 151667
62162 152739
140471 155104
71284 92571
120903 156210
110924 122695
12415 83138
114570 147402
12260 191001
35027 39183
75913 135695
18540 98507
21690 145701
183498 196828
58036 174988
8845 126593
9619 52399
68111 188240
98349 114521
99577 106371
65627 75492
15596 78713
47316 160188
19167 187128
29613 147043
41864 196726
53695 117493
137610 198915
93001 100293
31144 38209
24838 177251
9010 40001
104083 169061
163065 191289
55787 160593
101146 177234
80325 141903
36536 187516
126080 155611
1234 8402
124475 146848
11120 92261
56287 142274
35845 184950
56078 192689
263 197926
25596 61372
57627 178151
65234 85882
77591 102827
11782 84799
94661 177479
102950 191196
88403 161453
46401 59796
64977 155497
42446 166727
85782 197247
4137 151013
20424 56078
134532 155022
39956 108053
10626 152918
4963 51997
635 25597
33588 140647
5061 103806
15959 114597
924 82323
88066 130188
128662 179564
19383 120369
63911 138100
63328 178181
54321 152535
32202 133766
23266 155025
48381 163998
59743 148055
49653 166535
49770 167870
87152 104445
31939 103089
165211 180892
87487 187731
23416 54536
123890 170028
51646 120103
68025 96772
87421 102875
48286 48598
95247 199723
69593 136319
30434 107609
29259 179520
18019 170500
57289 98948
23158 89204
3062 14924
11441 146220
72037 88177
15070 16164
126440 134317
143382 153359
135259 198822
161684 186137
84844 179998
42152 171082
72047 88064
163845 172164
193788 199940
26956 184807
66285 72383
8845 14722
93328 119381
5879 70994
102798 173162
168866 183456
148957 188698
36748 80698
15486 158678
17765 42584
91240 96346
14098 164965
23953 26756
103442 160131
112685 154723
123975 167922
31632 133262
82241 111508
26097 192003
178552 182957
56041 196708
79886 182589
108898 113342
57890 142518
148381 160464
12180 169356
68046 93426
3887 63914
20471 47645
54567 146393
27081 140487
90289 141279
131942 196496
12739 56448
90690 136930
33029 185919
43230 60788
98941 122248
18841 192195
51432 67911
22638 128790
29646 170831
167862 173935
95074 159700
149117 186107
56424 94159
102875 166665
116855 137226
75471 144459
102928 165571
137684 166536
82595 186770
12000 18589
25701 53958
54616 82867
134611 135831
21034 183116
12365 188200
84940 132013
24791 117340
67305 174599
4978 198762
58805 150244
57010 153844
69000 197419
47280 66311
70199 173188
65981 101296
102974 139535
102913 183954
116771 121138
44655 156533
7238 155427
36184 174946
18557 125899
41328 160906
67732 70239
90461 105747
69550 167064
114077 131453
92223 186056
49146 99498
29564 129546
14204 186549
38887 142937
27178 181172
68627 186125
159498 160246
40760 120597
45663 72115
58995 187809
29557 39008
65998 180373
44340 92033
63984 188377
15789 58470
83934 122722
88731 181060
179398 186127
67537 172819
73514 178455
7173 116321
91990 137225
72753 106511
72629 137377
96668 120551
64033 128002
61824 143768
32115 83918
68012 88880
44827 88257
106112 191353
3124 58190
50715 54549
1437 107818
52387 84387
15470 180913
51779 54161
53400 102841
24606 70257
97876 189287
19383 106847
4569 172962
41592 190057
79612 155370
19042 70767
4758 148714
25475 67555
39209 165739
67092 150000
75262 88031
643 63263
101190 106171
12697 112295
49061 146154
20367 94294
28741 143733
72267 78463
32032 49195
45344 120842
125263 134072
48508 172574
28226 95792
32770 97412
110700 121449
16608 20735
151576 169896
55547 134382
94446 173285
105178 125053
85220 167239
48325 165153
24798 187422
97373 105205
74724 163991
171580 180174
33539 109353
73194 198287
118883 162706
56022 59957
31508 93721
45129 115645
106985 136350
72409 147666
33531 152250
89050 146171
84350 147375
13386 82186
50099 161086
51952 105855
72479 80663
88156 127938
15513 113662
72926 141438
61322 69787
82979 131210
48607 198379
81106 136940
31104 179848
18387 165155
58010 116151
59682 112632
5793 177004
125052 176223
15024 167834
47279 106176
74843 124750
28268 117152
21935 66138
19657 87207
74407 142776
46215 155399
44709 179152
156409 166006
357 31358
6249 143282
30561 68945
41062 124774
14201 81211
20425 83208
62491 105742
56029 163491
56347 156410
38312 140573
81069 167897
15436 100609
25796 72117
61103 72592
53485 145991
49671 153804
85926 193717
109508 154891
49035 199642
126927 194366
78349 89642
19487 47499
118478 187043
10740 19688
33023 45246
38212 133142
158 46626
1757 87132
76786 119468
135428 144218
184726 192635
43796 185658
112048 114620
29463 50463
148915 195500
30683 120675
166195 185079
142254 176910
84095 195405
38340 165401
7323 178122
34912 184089
50131 112482
29608 196724
72969 168236
25203 158748
1850 110314
82460 139140
24043 24870
31855 49680
67482 81044
163638 191383
8481 130420
3971 127309
55344 119668
189428 190073
2642 54564
54255 184988
43769 54898
101988 110700
62399 106786
68636 103987
57955 178009
9930 25553
20954 81942
166004 196836
5086 22314
88667 95181
96435 131472
58641 93354
89758 166538
51242 113755
27446 96153
62326 164494
53201 103988
66863 178807
44284 58900
133142 197452
96533 100975
114118 174366
94250 190314
39535 186073
24517 118027
39012 118563
452 70182
46523 185966
82836 92058
179804 180780
32509 72938
10662 97935
42165 131990
57469 117499
80424 119289
127005 153658
140371 167995
15600 161710
99832 143449
153047 193982
16615 78600
81247 173935
34633 173016
66355 110052
14074 67260
120753 138280
116820 162632
16063 154342
149589 168910
67156 162770
66864 182031
48303 158048
26523 156741
79622 135578
58641 118863
53851 158354
140191 142936
45237 62027
7178 50267
1664 127176
21824 84449
131368 162657
4133 131102
65077 155680
113243 166633
107019 170238
150342 192223
23703 103036
158732 171784
41915 150404
103450 184794
133332 177925
132293 168439
141296 197887
72598 169772
148406 151073
113547 197644
30199 70247
66795 133599
20021 129919
2423 15801
122825 137525
61609 157068
131897 182022
85052 139213
101989 106102
58470 70474
60640 61591
29199 173241
75901 194362
82806 146093
14247 181199
135977 183804
21881 118798
28054 157696
26572 163065
16217 186250
67491 117352
39729 199775
22676 67759
36543 39795
64912 189118
64137 109585
126015 174752
120399 157120
17872 129181
58305 163522
141819 152058
36924 102574
33724 172672
9415 173259
43662 72709
72468 191094
17111 27389
24548 194308
113479 148183
115571 171507
154364 163077
7687 199371
85275 199355
78933 161325
29563 31275
32311 192501
156390 192505
5518 133753
82817 153509
71423 104083
41346 155502
62045 141462
60111 80130
97884 97897
106402 173291
92689 163578
83096 125279
169527 198757
16005 121804
70250 113107
59341 164863
32158 170974
33197 143685
89507 196280
23432 188641
10186 91914
53682 189513
42440 180288
75354 115827
30597 102875
34711 37800
91305 171429
68890 132767
68911 107715
103089 133829
50711 95580
53761 98156
6093 199445
76078 184914
65526 85768
97251 196401
47873 103090
62457 106930
74889 100285
102673 105738
47924 69191
64365 67836
32744 77613
27925 193793
24375 33680
40830 63758
147881 187381
22869 165271
10146 166246
34863 135347
49962 193231
40512 77902
44213 98110
73622 171492
134892 151223
29172 120343
92851 154671
90909 199051
84688 195990
67726 143685
71336 89623
27595 188883
9328 121030
5763 147419
134676 147133
42226 69327
110650 199097
59203 107565
14710 60900
80488 192849
33781 124574
75911 82002
2303 177865
3374 72014
124634 198429
15448 56517
35420 98917
37100 165307
3655 84983
91319 133526
4589 181967
7315 61596
94901 99356
127530 188754
21553 102935
89483 199079
6979 173219
8940 29810
182118 192868
34834 157355
10901 153060
16388 179731
59244 98277
36283 86721
96005 120532
90106 155936
34530 184061
8668 133577
117118 138924
189785 197034
4092 17019
21615 46895
34514 41356
73618 119578
85941 103983
89282 96479
78631 123992
166232 178951
173627 193658
181246 181357
124410 150985
107573 159554
24724 104780
42980 131547
96751 146575
118112 190238
39382 166382
80130 176483
52185 186853
143728 170458
91830 103983
44098 167172
8654 163290
97990 145059
48026 80131
2354 191282
106842 188747
122598 177647
64361 182354
81548 188877
23029 99813
176926 183901
147439 192417
119284 148474
68254 98953
149483 170728
142288 152574
17618 85404
44650 159671
92670 147791
79684 85270
78179 137594
11405 83208
22237 22482
16400 165727
55281 101707
66018 191916
4031 40287
56109 161106
123552 135647
37774 166407
4053 160743
30429 86202
69593 143358
36380 67615
36499 62251
84029 123713
37910 122019
50711 52206
166008 170691
32412 166020
25018 32207
50084 53790
88565 161907
51140 195468
25526 172593
58998 89633
6086 87581
162981 191882
128275 137835
124065 124913
62826 138090
46770 106414
72357 176445
111105 190638
75354 196940
146788 166057
8069 122757
13255 199220
111774 167119
111747 131918
41995 156753
42470 54918
61402 101846
97013 142296
29103 138674
117565 156930
4796 35953
71490 155712
76960 100158
174545 174831
118161 126521
187433 191383
51721 173305
50747 108270
142849 174321
48624 199482
106609 172163
90343 134863
20651 120731
103561 131639
197186 199136
49116 179484
12586 102607
72325 127983
69508 100898
89885 169814
18203 172167
49325 168148
138067 191363
43742 108918
21198 139410
56077 58927
37101 41447
19532 102390
63084 94001
92411 133004
48325 112426
38491 83647
71609 188377
5192 107528
117392 136106
51492 170444
40064 156107
378 108635
4544 106137
50264 73044
32675 103727
146208 180064
17172 81945
77043 118991
38776 50015
133108 186982
3877 34813
80146 93696
71704 190107
371 17089
65077 184946
88006 114590
5578 94015
48822 147112
56778 122673
85981 154482
24950 152741
88298 98395
104398 130750
88054 131480
75550 196782
119715 187704
163384 182495
149790 156995
42529 83798
34436 156764
99367 176919
150875 197421
165393 177512
157727 182481
21142 60954
123303 147276
87556 168901
106404 147531
97476 162475
46522 163040
68503 156140
59887 80177
18198 173073
116128 129525
170095 172214
24517 50216
126224 140992
68510 193307
29930 170041
168456 178367
53986 172061
25645 74324
111019 134162
15458 33993
75387 164658
50538 174932
121553 130839
111583 132741
31632 71897
86642 138283
10028 52256
134006 157858
69261 180280
46701 85522
88015 152863
112823 116612
69706 72662
14227 91587
49989 174606
126584 193786
173298 177810
18249 132661
13678 109536
10266 25989
175372 178106
62134 117276
127336 153884
45312 122219
55972 136011
32570 122057
56776 84089
112246 112663
52377 103533
85672 197099
66597 186808
43542 138844
4039 21979
118248 161805
81969 153945
67493 166261
103359 138240
81061 109851
47310 107239
15572 161734
24478 51345
46878 88786
111105 179354
2632 156752
7323 74127
3809 155113
29276 82082
11726 85768
93416 154199
154919 196057
4169 179056
5817 186987
55423 136891
111212 119561
4449 40862
6112 192429
74676 170470
149331 168456
141274 160095
90735 153957
84185 169177
70107 185524
31988 109274
122264 139025
158203 159061
140040 140065
948 170241
46701 78317
21368 113760
164394 166914
40367 118563
59142 172694
13671 129546
60160 66903
174979 194729
141895 159116
10729 153727
105495 153426
3772 89459
110691 185965
118617 156989
30362 97920
33633 61779
70359 176133
133378 152572
16564 83927
211 14934
45106 117118
22927 173061
91193 145182
17122 18814
117440 121726
113969 194458
11604 28795
8858 78198
18766 87389
82082 124773
124198 175346
127472 133457
12345 115516
86248 126078
20971 55141
12601 192560
133386 195106
78823 109499
11294 193858
184555 195980
42866 68107
144771 146002
64448 184627
53571 66443
68275 78690
132295 137924
19559 56313
21427 83254
31638 45342
44564 45662
18713 177046
2843 79770
20425 198132
13988 26288
140437 168837
94059 145653
80025 198695
50422 113003
88275 95316
54562 153412
14308 40853
9912 179935
12579 185407
36866 58814
61492 193434
148627 198444
22927 72887
79880 169443
31945 163230
85685 165976
6123 79119
105909 119196
23192 26582
51671 136259
67242 171719
77591 134285
1377 28975
54332 97574
57546 149669
169439 198396
180274 192741
143557 174251
157652 184961
125984 177112
64366 110322
10730 143212
90830 93354
516 70217
80550 137796
13384 51624
84000 110452
77642 149170
37556 186676
74535 76194
126941 190807
47406 127733
1707 123916
89774 151257
32050 149431
17529 143144
55129 105291
57731 62323
107769 138320
54282 135074
44685 138527
160797 171542
14667 37352
32668 110142
67966 74485
75850 171582
57419 153425
40111 54090
25000 154802
6812 193047
55641 63924
17920 177339
93073 130876
61779 91398
39082 190938
15012 104251
53414 147422
164981 170588
74011 172762
64490 165052
50254 116884
50134 57113
6367 159687
172128 191851
3464 97574
76227 161193
111903 123342
55278 165291
117949 158144
77674 123337
91854 126911
90577 115257
108957 109688
87163 181875
37969 87094
73772 167600
4845 54319
155106 165030
138797 194867
27003 186520
61197 153995
170273 193379
100193 169846
54271 196751
69225 103439
50489 151631
145098 165826
55808 164981
87349 155855
55316 84670
80298 115868
58036 139838
20103 183633
5916 48377
173479 177075
104742 156626
74609 167010
55571 77540
86247 153482
61103 197494
70576 73281
14172 82621
7088 149025
59470 69033
84821 126318
41532 95138
8278 152156
164191 166328
156339 176401
24374 87360
15601 49580
50622 161907
44391 158073
77044 155692
88597 179386
105072 184746
98081 118750
21817 122747
53643 135243
13870 80339
50622 188209
30528 67379
111713 175261
58572 117907
100214 145191
84670 121593
59595 162057
50912 94723
170458 188625
101262 175160
52462 155692
27168 162959
10820 111248
174276 198841
56557 140822
149957 153302
71059 168903
45754 124906
72410 189726
26822 33058
45190 168052
38047 131732
100787 172060
15543 59746
21213 147232
52476 141572
15162 103141
138582 180083
90271 166912
79660 126387
186717 191659
96188 180956
21443 26166
5110 142091
185480 197004
129279 134536
18439 50647
36564 133753
73095 183666
67445 194451
130531 161007
22019 100662
122684 178980
76768 159715
75000 143008
138912 191288
57072 80424
29283 190892
931 34083
34979 102410
125373 148855
113204 167834
54587 134602
122143 160560
132920 144647
17404 153496
29507 65885
91319 133055
101655 135433
104694 134691
10983 37547
142025 147548
6818 7254
70278 107860
22677 86960
161096 186219
58910 135774
110549 172941
188092 195988
77215 183926
131018 172000
135167 171134
35882 149553
65657 178973
26258 146770
144978 192410
61490 102497
58171 96825
136648 180185
14106 193182
103604 128014
50211 160674
41951 67275
2774 75328
55993 185345
66002 128393
183201 184530
74817 85713
56809 146575
173151 188612
60660 149012
5630 188594
123889 182646
27135 95254
84270 134602
9125 169136
36752 191896
97213 131018
33471 134188
32473 124249
184244 186333
30296 182295
96648 176182
158069 180307
3967 89334
74100 109035
140644 187123
97360 197030
11378 113621
34260 181339
89442 101505
189724 195891
138493 160463
135398 160047
100018 142857
107316 147337
4900 197038
15300 29220
47712 164382
36915 165040
37009 63111
38287 88422
125526 193885
33017 75698
103021 150578
33022 170509
45538 169740
18646 124668
50155 135469
72589 87055
1554 118310
40398 130802
84907 160542
47988 71125
2308 98647
135917 158254
58489 89228
100390 168709
42374 80324
35301 150156
59251 167336
125514 170445
6514 181952
99339 141001
19218 194217
45858 134849
77448 82232
172373 183389
105208 138524
46802 106917
45991 152433
2308 153575
49833 112362
13243 33925
23481 74718
24991 171405
143402 197038
149337 159929
45181 195815
31912 137921
33783 46109
106451 192633
159874 187503
42958 78186
18105 193024
63541 79545
22004 154980
35386 60351
20308 37969
117420 131789
25984 182941
66049 132418
56003 90292
51503 124024
138117 178669
68818 91066
87526 144036
151863 195715
131135 154562
67079 79705
14128 107805
64512 136577
27138 133681
160417 172282
71938 170344
82947 117911
3914 194977
25247 146946
95576 197570
127946 183222
28662 144132
35099 71029
49089 176912
135606 180288
65309 162752
40647 186982
7649 44145
634 45552
103172 183165
39033 100571
9708 92817
109088 165024
99885 153515
20059 150099
14131 152629
72496 162986
72245 197459
51902 176324
73915 143245
70629 189422
26394 93168
23409 73121
65069 183927
72551 194281
130100 137067
79997 108550
102346 198873
92878 136677
125049 126206
7653 57167
78541 106840
44082 153203
33999 96390
43217 150717
26621 180189
64637 94796
37454 182660
39361 51130
69840 117189
2679 92977
159225 170098
37036 140663
34485 164477
75733 113100
96477 107777
139307 155680
20205 165667
4799 95625
74583 103671
50254 67518
28805 47836
98795 185826
49003 153558
74652 98949
91043 110780
168893 185021
48908 55037
71732 76750
76033 115689
11766 134802
1472 89194
68912 86480
40350 117679
57967 189674
74645 150215
80003 149205
104773 120106
131095 147708
53308 114691
42402 170358
6220 122613
179700 197329
49019 160891
6886 164256
55648 76205
57554 158126
2462 74847
14242 48246
169717 180630
65991 154782
119779 180378
72914 122757
161590 166138
2699 196068
130027 180551
90902 136112
87299 162546
163378 176335
1604 70189
50586 199083
71257 127194
181768 191659
10264 90438
7921 154250
41607 103450
25404 133003
91301 123658
28531 148164
14064 89397
79165 161920
572 708
67482 141611
54193 135977
8531 164141
144049 158480
37488 106575
34735 118752
50220 81245
79685 105506
147299 174559
2869 114597
125556 164565
124362 166954
11791 195490
70803 181836
6861 134177
44729 64312
5098 110301
84347 150951
8536 104366
16616 134972
44752 111935
101758 107656
147079 160727
167724 171886
14891 54553
48160 65163
63759 92035
27206 101579
93768 139336
62064 137911
107287 163750
20115 51021
98871 145050
130774 149536
97661 163676
145190 161482
15045 144060
112135 121367
57470 129066
65024 90214
133590 133990
160774 164833
79315 174006
142472 148112
25913 121572
27677 59541
9918 161366
47729 191837
118987 195956
35152 138231
52159 110337
5024 104026
3418 121589
44155 109791
22918 113213
61421 164833
5746 117291
133675 153509
110715 148476
79736 168788
112391 172549
46589 57129
93907 125169
42192 133332
51611 129701
116077 172375
13920 100311
90762 175498
135262 153575
1256 76359
64943 151149
7547 173166
728 189533
21734 185859
83135 144026
161244 174131
82875 120547
153310 196064
51179 89603
149214 174375
14622 104847
36704 89438
73441 107286
67344 164295
71944 111134
15840 112256
37442 194423
69583 167099
143684 144049
170634 172121
57183 156523
7100 86191
100706 169773
53631 65045
131493 158525
121251 198445
50177 193424
153037 189757
17435 93469
13941 91258
118073 127860
9141 118910
6073 61060
56112 129419
119889 127098
211 138676
59261 102899
172670 181602
146466 173376
61048 70409
44076 110738
103116 117415
33910 84963
114628 139315
154167 180232
74351 142695
126387 178326
11844 131361
173493 192564
135701 194098
67615 195435
86752 180789
28670 98953
83347 197684
6710 52008
103835 136946
132352 197235
21241 36734
13581 166016
54760 190915
58482 102950
70766 181139
158329 197038
55121 136285
112164 139515
185161 191298
4661 128647
91834 199179
74533 162068
121436 123147
131335 158665
66880 111142
32150 90140
60458 87007
102358 181405
55490 175935
22781 109974
79964 163934
170253 177452
69548 98662
43479 192607
92130 98982
18420 35977
55851 96781
52317 183631
33947 178631
150947 155509
53044 99294
87016 97654
178880 197602
114874 183660
79411 145326
17034 39900
69389 107851
1144 41448
67119 81153
136973 166630
107251 128535
23604 112270
89680 155063
109085 177251
99817 170243
124025 126028
170773 171284
110121 145639
7239 23677
101596 122373
128203 158800
475 114350
80893 94739
75672 185143
22097 179564
14218 149302
126236 176726
31502 47778
69689 189921
102723 124344
23182 109193
47884 104154
169683 180754
103099 175316
33001 186627
93579 94982
22107 126440
31632 92812
56255 145522
31135 129738
46110 183047
94887 132751
6779 194592
61000 129517
32734 136315
88340 88611
95558 140568
20289 104871
150507 159521
84387 175104
12493 131612
156548 166430
46048 84821
20735 46222
38921 191916
49991 109471
14359 106836
53017 68444
115378 147078
72654 106163
98295 157004
73353 115606
13972 139205
108904 121371
24556 119284
115503 182146
86684 93203
56814 141278
30068 127567
102586 182605
155403 198309
62325 112910
44050 190251
118574 123552
24197 170798
145478 192551
1612 105130
66442 196279
92002 191904
43582 139920
29759 86497
62510 65642
66641 129105
71307 168916
35965 123490
5210 136749
136742 139882
42298 169773
24081 103010
70229 87576
152489 165294
10471 47518
115733 127098
19847 44259
131056 155406
22238 167938
111454 168024
81006 183470
49115 170899
32473 111325
160953 162546
28837 170690
101058 101709
80270 185040
161916 192480
29871 115540
3829 97472
1256 112898
43564 84449
27934 157770
59556 140820
43778 47894
133457 140337
71607 157882
6455 48378
49211 76919
133616 146341
132233 132288
170451 198612
50375 56193
39176 48286
6885 60640
85693 170119
39956 179697
49790 142921
170506 187123
66827 184481
49566 153072
71802 99449
14777 118776
70359 184805
26755 90246
81659 151348
131099 170538
127331 140172
66010 74011
50517 64448
154100 159159
17033 99076
17083 178708
112158 185042
39298 102219
59595 89150
7752 76240
10255 142557
47988 103356
108339 160910
12119 46164
67847 193786
10748 30910
96654 195437
140572 161172
117119 159660
24943 193371
33835 160334
14193 194963
38852 79397
285 166324
79407 133614
24642 133407
153065 181840
79863 100114
57825 76014
30809 181430
101284 125130
19385 158157
43484 56992
2183 114018
17996 70915
155634 182964
15072 47220
178173 181015
119557 146149
87065 134981
2045 145271
136991 146002
180224 188794
60486 77358
13608 26958
113955 171284
39883 119777
6985 102110
28316 168123
67756 184807
112254 146715
134694 137748
31503 45815
19309 182257
53124 89994
39704 105769
47868 196870
79884 173408
60603 144406
89241 107376
99639 119779
33997 176239
74307 82758
77250 158147
31934 124667
149012 192264
167112 187819
2272 73888
30561 176433
854 61537
14791 111674
5012 62810
185152 190964
11770 163735
158776 160992
35048 75608
144602 151917
79179 90824
142688 197742
13808 36245
17903 31275
150591 179975
50430 62409
18601 71232
60499 178151
12488 96390
59252 85943
46361 132751
20984 190873
4257 121650
33514 124624
12069 173390
107844 116243
483 177805
71251 195737
11400 160015
5037 67167
80272 139023
63649 103561
144391 182170
5210 181375
74609 84806
67186 175190
40495 197329
13 37175
78913 84468
48252 170724
148591 149205
167577 174038
166076 187293
90446 102853
38138 109688
134676 155340
148635 170890
56127 97692
70997 92689
54002 70167
141857 176255
43666 44874
36170 165336
107271 142234
78274 123657
102070 131169
28363 55398
71423 125009
95760 129525
11410 83604
37668 193024
69777 166538
151551 163668
48956 58020
84376 113297
71975 172098
148441 154806
125899 128824
17834 195066
99478 135875
18131 164295
30440 106525
148186 160698
90966 190582
9783 74553
54465 58004
143616 190374
148085 155072
44997 136840
109382 122857
72515 107740
19601 115325
29070 195980
2517 33050
108473 123289
28272 144598
72971 140127
79792 153315
18483 65324
115990 167431
42589 81092
65015 161844
82186 101889
33107 85711
47735 140108
41805 199914
57536 119847
44113 138885
87152 135955
32050 90692
169039 171402
95737 96924
95223 192432
62409 157235
3224 39625
56127 119991
134861 191062
48553 68943
40498 155283
43930 196954
22673 118686
2138 118980
53281 120753
183165 188789
34983 109799
66057 196870
63425 78032
144408 194523
28757 80468
54282 198197
52176 135044
30911 167375
21567 62628
36398 134469
37613 91966
28771 74487
5489 190202
1690 158686
25494 104073
48408 139413
125255 141997
9701 118528
77213 196844
52191 86750
34993 186044
150033 193987
28244 108845
50571 122717
10274 80890
97049 134249
19712 168414
44504 139300
153729 167897
141278 150336
97676 172962
8562 106370
41361 134700
70301 161823
99762 181873
7638 175667
94759 107753
23039 62454
28815 91733
62749 162909
35703 185508
95063 147892
48969 112493
140319 164382
53784 106402
52539 93751
46215 172768
4252 146946
100308 102264
55510 59102
71768 92205
9784 61492
190 10624
143723 195390
122223 143409
157504 168577
183456 185519
104208 184961
158106 163446
70825 124855
147920 199741
41255 111983
12382 70501
132935 170258
73465 128364
91170 117143
49904 196988
115959 170837
20454 173888
108727 149802
177649 183116
54531 174924
6585 184588
86896 136723
110638 124010
169512 193395
72838 123683
185133 191460
179915 184662
142125 171151
129152 142526
115330 178329
122824 123162
22837 62406
147578 181685
180441 183799
111675 187662
808 66961
24742 51086
86924 152841
69379 156960
17251 47703
35675 153523
122321 183687
137846 154707
21093 68422
140907 157120
27916 55784
13263 156148
105788 175334
37828 65228
40170 132305
95929 197148
9472 79267
49545 93769
143045 180732
6908 19182
92883 118997
33178 40257
66465 70852
125630 149592
178662 196936
83260 155490
71473 142274
64844 162881
132227 148232
104593 154909
92133 145949
125576 138337
12542 22611
66175 122383
92538 177749
45695 54088
39082 186884
104763 145228
13235 162821
20961 57871
163378 190059
118069 119196
124715 184070
99049 168916
93427 192373
124347 171324
56996 116881
59949 166448
45413 164545
39970 101441
6780 167865
18217 40360
23401 88405
54555 112315
84232 153618
2271 115080
43003 46291
110928 127938
32167 62214
6337 64244
129467 146186
113905 153676
10086 123490
24979 43549
24433 142369
40772 135578
120939 164158
41541 47877
42667 170273
42344 84542
6798 148549
96904 181120
59628 161797
34813 79419
17111 178079
28524 178064
88950 117307
11827 139595
34727 83976
129987 184318
94408 199502
96785 157874
20206 42112
24284 147835
5669 78043
87006 120115
107805 133165
14772 57799
62308 148150
2537 167644
52751 133800
73014 107495
1363 110461
31376 183880
3057 152998
90434 110643
67020 67702
54338 81587
118571 195396
23757 192341
187279 191975
32478 137668
60660 84182
116329 172323
64342 184694
83191 154173
47881 102390
66973 195763
36831 108464
9653 188197
79736 156928
153255 169974
120731 163822
80543 179667
2660 89845
78958 167820
98577 102034
105110 156698
26491 86098
30687 113521
64464 126440
12902 155626
2245 154138
1627 197149
26418 179789
41863 197124
28718 53297
59852 127854
128254 186022
86600 196762
20506 76233
99903 147629
75187 175269
121695 197527
564 125916
39737 67621
96326 121930
141076 185681
71210 179394
19262 57080
11080 199597
47685 106287
99316 199123
62663 181172
32207 128589
99217 99423
13969 39522
93612 150551
13887 117280
3802 166097
62227 146028
144509 174694
16678 70417
4320 124491
145868 192816
91335 133604
27462 29699
106738 147548
3765 48880
108789 177978
13603 179354
6202 29207
73954 127284
38745 138623
37734 194425
116953 135651
90271 169345
100647 154694
107016 156457
156425 191267
108004 198168
38819 115555
158292 177052
16871 183198
138623 193109
15350 182230
61256 122488
23224 41463
57577 190032
64218 149943
23784 37009
135632 143346
66542 135770
57679 77300
12483 86352
71475 143983
9001 196335
13154 172388
78317 177813
40499 196885
14363 110384
159271 196407
52635 88345
56531 112346
71131 156339
59405 192714
47330 128337
15296 48277
166831 183415
25091 74615
25614 116078
68427 113824
110121 187532
79918 152553
189123 195281
12221 126139
95356 103670
108131 129111
64820 98995
7820 114739
94253 101299
8964 145551
36961 106436
142963 174892
68062 164393
85307 178844
45414 87204
27520 120987
158006 191009
3502 168866
48388 106370
3580 44661
52716 195971
171778 173639
109688 152555
103519 176060
125664 160843
43230 57210
46949 138061
23373 98584
20140 126440
28670 185856
133742 187155
79345 163954
3393 194995
5383 191326
70735 135262
69571 155198
74965 177227
6620 193853
147656 150442
2864 18464
37613 133424
8551 102219
31218 37657
64234 163180
55316 76284
70856 186709
60872 159332
162149 184033
164138 178024
15867 52959
35258 117461
30610 99234
9008 48998
2513 194111
63976 80981
173829 183169
48331 103679
124584 166046
121667 171469
78031 144598
87016 149958
177647 186807
55156 92552
14453 34505
16610 147722
141226 198322
23875 70801
26079 193970
3808 90934
31836 172297
15662 117758
31797 94551
30024 108339
71741 195766
57435 111026
197440 198438
75354 135286
55156 169295
89873 138004
79281 135584
56121 164658
73414 194750
27993 168290
44869 154353
90144 156150
41378 98749
4246 179729
169197 185382
1589 2162
57875 83153
71854 74328
3827 113205
37204 49083
80699 140608
147035 173384
98888 166944
74407 164979
91292 155437
134053 169821
178872 185368
10750 198819
185080 189877
9625 12370
19714 35315
171340 185254
31867 157420
122625 152393
18757 87695
54316 58621
9710 89344
13721 184133
394 99273
50618 176700
46777 186192
17604 79330
23182 191161
81323 186427
100130 161618
33347 70029
6584 191814
13104 76916
145799 194019
13581 151688
51896 187752
33017 187907
30494 97108
33474 188995
25807 34854
63689 125940
48268 190217
22761 95145
54691 70550
150388 196972
105286 158526
46859 158186
13611 168789
10153 97056
121695 168878
122234 148098
92534 185155
17693 98780
38769 52353
138231 189789
13799 186056
102575 116000
5574 41548
39963 171697
65230 155764
80850 97917
64984 153170
64623 117831
24607 110681
102611 186169
54884 97747
171826 175969
28536 69385
39524 106944
34083 193989
73670 157981
38412 69584
40320 199377
28079 157679
23203 54621
31048 167673
99385 133116
102541 118079
43085 140680
36666 196080
92556 162566
55142 155766
38630 61730
47732 153888
53353 127353
95105 121991
66307 140822
99158 182237
88208 147052
55969 187185
134048 153371
9731 84499
46055 57765
32545 37620
122825 198627
6176 173574
75301 154839
45791 145107
67214 71125
2691 199856
4076 31571
102102 191226
86157 90462
37643 121540
34306 169439
26659 147112
24989 95528
61610 128136
25276 39185
7023 182695
145913 161616
102928 120757
32040 45815
132614 136911
4245 199784
68930 107753
62098 138326
108367 114916
58398 98006
9695 13526
56250 178078
113204 188099
3363 182138
81935 191286
54137 123776
50793 91604
75594 101254
67687 97654
87252 146028
79400 124189
13264 139221
171408 186149
7017 15927
65377 75244
147785 171284
19162 148097
12510 120931
62368 113260
90485 187593
43874 77248
50393 103769
125621 172025
154325 176646
143578 191837
23245 113597
97212 132288
35437 121368
74626 102162
150999 173920
170866 199574
150676 181088
142466 168484
162504 180224
165868 182152
8228 114190
108239 170597
13169 96672
77198 114195
141680 176655
46682 111028
44341 154410
65601 124280
177306 182949
88256 171401
119127 135044
20926 152610
56675 132869
64453 88611
22420 126220
13104 32767
33863 74279
60710 184004
24709 90669
54785 87411
32743 58351
13218 165879
62819 153833
34350 194140
131367 194168
2446 34889
74535 97985
105469 128262
65059 75784
59887 176745
16362 82452
42744 95938
83698 119344
82735 136402
11914 48319
134398 167039
27009 78170
37161 199822
86589 96668
10727 194435
6441 95142
90936 187157
19400 182733
441 104043
71992 195711
52040 82762
3174 192969
126026 171416
71285 137848
125570 174101
29527 197607
88564 138559
19531 121051
36012 125606
21627 115536
76949 98584
38086 196240
87257 144080
51845 191915
60640 86514
109193 120432
34349 59747
109560 142412
159163 175473
12238 76955
99273 169764
10920 107694
18830 198989
32980 75850
77860 188098
122339 125576
131543 179858
23434 34065
31915 189059
64912 101052
69946 112245
84431 96559
125526 161221
197871 198212
21300 31335
39541 99181
1124 87992
44388 63013
47624 157297
38063 48511
1267 85346
37359 42866
9125 132694
73326 140233
15038 195342
82694 110857
119827 152185
124470 196508
12798 109356
15398 49450
40845 106145
33738 54863
74750 165879
25374 62372
32789 170120
15914 175694
156243 177893
133312 185510
113363 174265
6745 7988
53595 152962
46109 59709
116037 178349
12040 88926
127185 189964
98658 189415
74697 144262
192986 194394
51348 100596
34202 60320
98867 166960
24169 181407
18747 100409
79157 193378
14374 54884
392 25991
110814 127920
34202 123212
25929 165247
91260 157578
121118 150205
50690 76462
4237 193021
25059 191363
96188 167405
142732 199950
8310 167308
181836 182804
47518 64845
99165 144556
15683 129111
54691 154728
63762 93295
163115 182058
123797 170443
17465 43403
141791 170971
120171 162700
677 124370
71884 80830
2750 184166
104124 133150
53361 164033
176974 182380
51763 189274
10033 69763
106401 161725
57175 181646
47966 100923
1823 35099
163446 185350
76548 150295
54430 120663
39027 176909
12555 138474
50084 109476
181996 191596
86300 158279
67776 159963
4138 16063
14274 102491
118666 184761
119889 174849
22316 138468
51707 56057
13409 162669
177139 183067
6000 182778
19277 159059
38215 80680
86216 166373
10650 46374
154797 198759
50246 151308
15121 98194
36730 153930
25280 103442
98263 196445
180765 188759
64656 74249
151386 184319
142715 188095
31320 160731
12601 106788
26361 42965
59490 188184
56927 153491
59360 134101
61888 182018
90770 183996
104533 169579
145679 179077
39956 170937
4901 20679
25000 66115
68868 93678
74615 190886
55251 59019
20205 112573
20580 117831
71478 104403
119760 177901
1281 31357
100956 188200
181605 193307
93570 134648
11697 145525
47679 179702
16569 115676
67049 194243
25047 104166
9827 104180
120219 130713
32591 85733
157768 159000
60084 178055
18784 76963
13793 72760
16705 164843
135414 167834
62368 170013
60109 61196
16163 36992
42869 75419
82005 145403
51980 152520
16197 81599
175561 176401
79429 121463
48815 167239
113283 132706
51061 82023
54776 148002
140966 194018
87204 167873
58479 94768
173459 195482
37241 78031
119059 163795
150950 167989
62064 98880
20181 66172
5079 161385
89281 179366
110849 188562
145114 167524
6833 99498
65925 72264
37295 92356
171486 180352
99619 104166
74750 159231
82111 105528
128863 177258
10562 17947
36113 160942
94977 145338
102110 130799
66612 163792
27981 85679
1650 114720
22774 168710
88832 116206
89194 168023
55794 135118
77898 192781
56797 131225
125213 136310
9257 33936
112399 121716
47013 143668
183142 195533
101229 155112
31610 90110
75737 101450
78958 177368
54636 55365
147200 190528
17435 137153
60479 91989
61490 114167
43951 86113
9991 147647
52090 86829
68868 197478
57004 177875
100647 196955
140596 191329
15536 149953
29437 185527
41353 158605
60251 125677
4829 12576
91094 177842
51793 59902
49752 194148
62467 183193
39583 85905
33502 123600
64092 196447
16180 48377
49411 62001
22516 168063
42643 176579
32207 92192
81791 183285
127789 156154
144485 169729
41443 178310
65639 110712
14119 150457
3731 143703
879 44628
72674 150887
26477 57338
75837 178425
65402 177807
120651 191686
32223 87887
110159 161454
11711 19497
52547 196298
27466 113662
117998 199051
91260 196853
92319 157659
90909 115228
11697 100776
7323 155398
46766 193678
150308 188348
53743 119743
17312 58575
114586 172599
121594 122033
105505 145340
64776 99602
136794 153144
27916 186262
28831 155034
97727 138136
102095 136255
150601 174989
44715 90468
24901 39321
13740 192689
24290 28484
37712 113390
73840 90223
54863 167713
36582 145129
82364 117065
5493 99245
22254 95833
16750 38780
90205 101021
32934 67934
19896 181922
77004 149267
59988 85921
104227 199346
25304 195815
13022 89600
105288 145742
44393 79685
40917 154144
5110 10822
25998 87983
27765 105070
91733 171645
99102 148940
59163 75220
20258 44050
11835 115503
34501 111768
18131 83013
129323 197317
106539 194105
141331 170991
109516 140426
91867 171307
46946 142176
71246 98973
56655 171281
123570 169227
72320 177263
86849 120815
102996 132879
63135 82694
6249 76019
88974 147585
127061 190206
19573 152555
51944 68176
88055 143073
51430 190332
18340 90855
115927 125134
11782 193487
115758 163773
124189 124492
81957 171342
148048 197691
120286 167099
37467 96585
77120 192216
8853 87050
98694 141680
140333 197099
86988 117776
42027 169127
136434 182474
34154 82405
46259 196049
2162 98838
38629 71181
15458 93484
109402 131775
57983 170885
7539 81785
8436 41107
20294 78482
109657 118165
106380 187991
18447 20202
36923 68795
64644 108086
158207 179998
11314 78672
149887 178115
23996 25882
19188 54790
151222 175809
170317 175261
17244 122553
35708 165433
10121 33605
35796 77229
37495 92411
70306 88785
28946 30265
114051 177075
39843 142137
41693 177525
15165 102914
17313 35152
114697 153316
38573 187602
90783 139616
5503 54873
143587 177038
53947 189680
74019 119731
94055 126486
41346 98250
9921 52188
58641 169306
41893 172410
37196 139543
5479 65290
2913 199901
39337 44442
3247 74407
62624 72780
25115 161104
14179 68759
18775 148802
180827 194773
133753 199454
46055 158975
89359 148929
102350 108482
50684 76000
51955 194829
46493 178344
45583 152158
69552 130799
51980 125274
151236 192575
138391 194730
78771 88926
116965 171947
19601 181379
130309 166622
21094 178775
115009 171223
50946 184814
88253 95016
38595 169016
44873 119948
46864 153919
70073 140884
45084 149482
120724 147034
19711 40247
81712 143755
50741 104619
142943 178869
105176 118205
93290 136814
45271 157406
112922 177899
50104 135645
91747 156499
15563 112529
72300 147976
55971 170500
57528 177633
11202 121764
30685 162420
53663 153730
71884 175526
98780 149408
24179 57558
144435 191286
93768 107521
72416 175430
26013 98409
95938 129063
92019 101626
28260 164412
66066 85495
27035 35306
119205 198038
8667 121421
9469 185985
83420 109631
145260 169764
171816 174988
114980 136691
11954 191901
169534 190528
122728 195720
32185 61688
58944 183153
2315 14658
20880 24158
66955 176572
115970 166697
127712 162023
13581 43105
28863 154469
115080 190019
23432 61717
36681 182057
1647 71240
106029 184869
55971 176288
41437 135176
85632 130913
101757 150945
13452 188850
78842 104013
10793 115183
73854 91250
39513 79945
69970 191833
58573 114984
45299 159213
176070 198905
41898 121078
80063 138886
17645 164341
23635 156251
143578 150963
45249 157967
51796 82911
37448 115014
51696 114757
178743 184242
40064 143926
171475 196755
34218 90012
116916 199661
106539 147821
127935 183599
111906 193254
81678 195925
21764 107113
112425 184634
24233 116001
64402 130361
35035 179000
144887 170970
86188 181291
43908 198128
69067 144682
125884 173034
59746 156953
119424 185053
83282 154669
73762 94989
173696 183782
97570 154339
1453 61304
99092 100930
94315 170836
52415 177079
55529 61113
141430 147140
35017 72518
73959 85686
42194 81742
559 127661
59405 176594
79957 106267
115946 148005
81854 94922
39925 162365
129341 183730
93493 118162
59265 71224
92646 191000
13754 93882
101962 136259
8502 121567
52187 66442
59375 86953
19927 56508
53640 70322
166409 177356
83324 170836
2116 14396
75304 139583
32431 156031
91179 144509
93827 132508
36548 115228
92257 125761
78956 107419
17809 172525
117522 129615
90936 162463
6760 197312
54105 131612
77234 160716
17244 166298
114543 152872
5230 93354
15801 152065
123050 144615
3556 87041
90121 194146
59270 148965
21836 98369
48963 87055
30619 184549
113137 176733
112454 183755
139544 171927
4257 188403
92628 186987
24357 83910
152872 178000
101553 132902
63614 159182
24708 195860
32019 144183
38890 74976
91485 132554
12122 61481
116283 162452
101050 138078
60094 107741
35287 172398
7934 60585
92042 176060
10134 40148
108129 183885
67014 127472
104266 119628
115075 165226
22618 37550
81996 107684
603 137189
185079 199703
117559 137618
60362 167431
25230 190514
37781 82491
59449 106768
104320 184668
93005 158642
73816 179142
154572 166420
10096 60737
31144 117722
59019 118502
85727 110557
101336 114358
40256 50617
118998 170901
28912 127580
18265 131409
38658 179510
50863 58000
115012 157504
165167 165856
121463 149783
48671 114681
23780 178701
150508 174783
21725 140799
106738 138810
74230 94874
123128 167832
56606 136523
5480 179400
1648 156410
14791 37867
133521 191985
37350 87690
96646 97789
10793 21120
130093 164843
18439 177815
48511 49397
23719 62679
23842 48963
71741 104349
19830 142559
172128 197534
172670 190085
171775 177834
151696 167332
125892 128936
64528 93415
6566 38827
48872 135955
143518 160260
87180 171272
86009 184990
107316 198461
32966 180154
82371 167417
64110 102870
20093 144257
19626 192731
17189 196870
101680 120393
91461 130509
79808 116199
37877 163378
176401 177012
89694 136991
14533 101792
27807 99564
12078 59108
127176 177571
84977 142352
16917 90110
55393 66613
127863 148751
130417 141063
33634 153403
11962 101940
43236 68075
28887 179698
6591 149875
13689 24813
101450 103966
98647 170209
94215 160568
75381 147375
99713 194405
51980 171544
29857 168411
5901 56778
63126 178980
10624 36803
31429 37514
2231 54364
124400 131696
139115 140608
104350 119173
34465 162715
106681 155370
140441 196427
17809 44883
106261 116855
51765 180013
109640 114569
85981 163695
117291 134990
22381 134296
67320 130069
45403 152928
36901 63289
19378 179347
11546 61235
91818 99402
58429 146941
18538 154251
123320 178515
20461 107206
43048 100532
21044 106869
80121 111969
142239 161558
100783 163949
54416 166409
103753 124211
94594 103287
10255 173892
105734 186651
30702 44117
35751 38056
104649 117552
160725 173728
75390 184061
108965 165270
89352 92649
4237 93537
53981 143900
181667 186944
33557 117169
63288 198329
121656 182282
44027 69583
13972 58605
116979 166364
64410 74205
13832 172880
27475 149330
24070 100269
82258 152409
58620 59312
149214 156951
14423 180371
98256 114894
65727 121336
2496 63523
3336 192635
167670 197623
105194 116179
162338 189863
36095 74644
78914 132502
12613 119091
136725 143715
48414 165068
35613 134629
15829 62225
125184 160575
19048 160857
1401 27112
103604 123696
79060 163521
76198 103568
119463 163570
135681 167913
46345 108526
81239 132508
52754 158945
117832 163277
38303 146815
21921 67898
8013 150365
84316 146028
51000 73269
56041 117108
121157 161439
54847 71310
501 167927
73130 148837
68503 198949
23865 112774
91338 117584
70499 111024
6618 159858
25091 148464
44194 178952
104071 179347
24757 155820
11063 66225
160800 187532
86964 178825
19063 135968
32016 66282
81797 88345
90600 198000
9173 18324
19567 137748
41328 75640
91769 169844
63656 160851
64463 168681
45886 49592
40269 42231
68151 110471
17005 45891
39429 61964
25513 52758
64058 158132
8451 67167
154632 180216
183408 187149
187157 189881
21409 72844
46034 46374
3094 183205
190035 197992
134568 172437
38382 150993
17717 80058
122728 156155
27595 198100
129786 197819
41732 161999
75609 127275
33673 192418
105625 197163
62799 134503
32317 157186
37129 166979
112490 154832
38673 95542
64984 90284
21093 50677
106498 154109
19367 133102
18257 80452
125248 195727
14790 22792
7973 187504
59621 126010
81418 163491
6037 40042
42526 110911
103971 136412
133533 166855
61661 114801
126561 155481
152124 189643
15186 127611
37867 109168
41319 97685
1668 164938
41978 98646
121532 156372
47629 151925
11261 92274
117998 126320
16719 141536
98813 131527
10105 181825
57507 141692
23301 83078
81133 196579
43571 50737
8978 110808
164896 178210
16871 84788
10393 92296
39387 170505
5334 174831
62035 69910
151364 156432
71591 133703
4932 172206
133681 194172
36565 134787
44592 154342
22661 142943
11301 185557
7291 62597
68069 99589
64620 92889
108041 164499
52115 162895
50342 60226
34501 129944
41423 53663
18745 188460
13671 93709
33222 64218
52981 191105
61971 91961
89742 195959
172294 199474
103864 131158
39985 76584
59361 65557
102582 196244
3897 40390
85909 172731
50494 105668
88376 101395
66483 199940
175982 192118
77270 122040
31723 167697
103034 169458
71401 95580
84090 148585
20855 137122
11306 30411
169492 179616
3529 19327
55587 157271
124702 162175
38827 162488
55226 150308
90357 178912
57764 72686
88818 186909
120916 178078
111517 129126
17703 192118
30344 96492
125201 177911
117043 150385
103631 106401
66692 124295
129007 167955
10349 86033
23312 36463
43265 57578
62399 70459
7598 96478
1437 136746
19225 129998
6503 167095
87565 90960
124980 183773
137571 144447
12430 137683
147680 172809
17570 78273
78412 156107
1963 115336
106451 173236
96716 148848
1563 34306
79202 192540
85529 120967
77174 112440
109372 183524
138185 191621
17150 95676
86212 88625
42850 136691
147039 191983
142377 175265
15058 73398
88543 190579
22624 40870
121234 151308
96428 147531
79849 102993
91994 97830
33809 44323
1058 46513
39044 64676
79507 88833
153302 185403
5503 95381
76555 160919
69987 115781
84153 151895
69182 105669
74610 174982
57181 112103
48647 59260
16914 26258
52040 62917
95997 111300
3230 178009
161476 188558
52327 110773
120162 172583
43465 138674
24053 143556
13182 51937
49881 122251
44322 91794
49215 150551
51706 89886
119361 158732
1353 21382
58866 143044
20563 59845
23287 145758
57006 120690
108984 114514
56178 109964
130120 152933
41694 176534
104673 187798
97654 194212
75288 103442
70640 111161
17875 138775
55291 92936
2222 122064
1766 182295
44851 119418
12550 136453
27456 97040
110470 156667
46828 186640
98553 114902
22804 197042
7358 23797
34559 88459
26423 71695
27520 141096
51185 83251
169076 193464
17286 91097
16148 108356
34164 196138
10432 137720
23203 101516
45454 119108
5518 110565
79917 81273
30330 187102
31855 172638
22713 111131
56087 158748
80756 125111
129239 168368
7474 198480
115686 161611
98324 159580
84103 153378
112728 197796
2877 187029
20835 46396
34300 138576
17809 78528
11512 77264
957 8227
1585 131764
3942 172177
17549 87775
111423 162604
119936 192744
30703 160442
138322 143984
54604 119779
73876 194496
65997 165464
57581 195971
18190 25917
38099 83148
13098 57799
57342 152242
187738 192135
163894 175282
80319 114959
19780 138422
59581 105696
138517 159271
85121 130083
22147 32163
57238 134185
64902 108628
71948 180235
32443 168551
181976 190091
4297 159280
68590 95224
50935 51338
82241 167484
123222 197742
117133 183279
9335 69409
40372 179046
12923 84531
47213 93705
73827 173518
22866 53693
15382 31179
34864 196012
36097 144527
8877 55318
95307 124419
82062 140114
96663 135259
31505 109604
4220 72616
6469 176079
6865 135342
135515 161716
108162 177147
4329 150028
42067 191193
101202 109457
118743 138623
42888 153850
37924 105777
111271 199661
61079 165151
89652 197969
23628 41171
2136 51374
99075 140937
62902 162294
45342 67403
77270 96174
52729 174232
49765 159853
19565 158810
25807 76890
27655 137941
17514 23865
155864 185872
86149 116228
69403 98915
79222 118162
28489 75176
45426 120630
104148 126911
21134 151695
66107 75093
29352 111318
50107 150599
34342 74192
130898 196363
89646 194830
14973 137847
55061 151588
37158 43597
39507 149716
76458 138016
193493 197808
98841 109089
1790 151222
67002 178540
182395 184313
139346 198361
50759 52565
131785 162147
13516 82745
127332 160181
36201 169881
148716 150033
95340 158779
93661 156356
43661 163779
62320 184732
100567 198786
162963 190840
26016 70829
3425 42114
48761 158728
83677 134990
5255 118220
93297 193144
92891 183686
21647 80912
38217 61608
53332 169971
115056 199737
92520 106873
127432 160629
1267 133591
41111 130233
102306 142346
19927 154124
15839 86988
29650 101632
18383 30533
178516 186874
76853 155598
64218 151314
49431 155392
6220 45179
98584 138717
2741 72247
15725 81318
139254 198885
174498 193706
35386 74949
4853 174701
47707 122050
70257 195399
54517 191491
33621 153611
4520 147550
54053 112938
20967 105712
78021 118986
26780 79204
90 75341
12672 43828
3393 134681
46412 65588
162918 181616
135771 144465
7296 33573
32970 50770
75448 124125
24998 95712
7744 178852
113574 187901
110642 145240
78175 162932
96588 104282
156571 160331
32261 145221
41229 172809
61677 130381
35402 170576
20272 21198
1181 154860
8040 103573
83828 107477
96904 174306
45896 187590
122741 172736
6599 14884
22310 86702
85092 87255
52042 122537
10105 164850
23696 169645
123627 156221
54181 178699
37158 179508
76945 153830
123632 129074
37451 55758
46018 179218
71199 92529
94931 106633
19771 132668
72939 79556
86566 162049
55077 119818
76639 167991
4676 18766
86869 92072
29675 146879
99142 172612
115814 160046
158328 167301
52618 178114
46186 121667
90274 96569
98816 121589
106145 175941
4265 194424
37002 125263
7220 178869
8388 34803
97377 149515
15928 158856
130066 172284
28922 43718
16615 142367
95344 110035
32806 95655
10700 56256
82856 174397
36619 60487
76946 78864
4038 85546
12365 146527
82315 170994
96489 113166
13014 20688
9798 82068
5499 41069
145465 183450
2980 12473
100217 167890
64497 147394
106140 183047
52623 130424
69820 83072
144494 171082
113406 183533
101419 135167
12374 80807
152485 193334
138120 146715
129934 185819
1772 143464
21764 65001
115128 191407
112898 184791
85533 195972
64802 153511
139450 199302
13927 20311
9154 196844
78066 151633
66984 109382
6291 147647
93926 119965
47616 197086
58995 156813
111911 129444
17418 132833
81508 100775
7365 93085
46360 154074
56059 86746
119012 130426
41807 178221
31404 84114
61679 63719
88447 173820
23409 181227
114747 176672
109323 148100
6075 111935
27281 126466
104549 110831
28748 197949
154806 198853
63308 184694
46079 172115
87316 191093
103891 186981
45538 163355
82021 97946
17021 197623
89084 190037
132217 172452
7105 112782
51790 82680
105734 183945
444 174644
66024 157113
44206 62193
20393 65228
101258 144729
71808 179688
58380 194855
58360 114065
84343 151721
45127 75698
57138 98960
50442 162566
63536 107963
22720 137347
24493 182660
21506 51218
30666 76818
49478 58825
104524 131659
37988 148559
78424 127962
17267 92412
58984 121506
50242 137455
93990 105474
64915 194500
24824 163397
101954 164303
25128 27166
86707 92065
149205 165230
5980 196670
52668 162278
7539 91549
41930 87401
13487 26777
22809 192186
3427 39204
3225 75878
87640 106205
17880 144578
43478 141824
147052 149442
26673 153522
28107 92999
144896 191160
28216 132480
30610 168568
18915 142826
47732 170218
53516 111922
25248 35221
337 157032
110075 193346
61661 152084
18249 21815
73718 141243
24732 171959
15077 120690
62771 95194
63808 136920
64271 126074
55707 83565
85755 146171
133068 159250
55294 125593
161860 169805
82883 93907
56667 151227
9937 116810
37036 134447
59212 129675
23414 88213
83014 104754
8666 80410
23986 38664
48325 148482
61776 135955
17404 176888
6842 197421
318 176920
145618 168383
62511 161637
118042 168941
15899 39099
5111 95937
47305 152138
42893 183101
490 111880
5776 30600
58512 70766
70121 88275
213 15237
30692 41447
51744 199043
19722 124451
77321 128458
44296 177973
45636 127373
9604 40135
72742 196366
33345 108624
117011 191705
32025 57803
69548 147320
129478 144383
97530 165975
55025 127447
85162 127269
32241 109717
90448 142091
15560 113423
45561 148549
62895 132389
10650 158128
63575 108492
51339 86896
71310 85319
175655 177250
86455 173889
107740 176735
2243 29881
23833 164955
10176 96559
24323 127197
59540 154345
95729 125667
54781 68270
130829 155954
34848 142088
46412 114760
79858 178825
156052 191530
115866 175806
64987 117542
15148 57098
102935 161085
70145 146113
26528 112488
41739 98092
1300 157566
103622 190789
26386 149991
72311 125359
138603 190531
69349 185030
16280 193752
139528 140856
15398 40439
13456 40792
52933 153888
27175 90252
156574 183047
133124 158794
87360 133628
7598 159479
171542 175785
45114 53082
55624 109088
177099 184401
24499 184775
109733 135767
70552 138391
75024 166112
126243 191114
64175 105289
30707 72014
83888 159509
59875 155208
41559 133581
39749 110898
90908 181278
2985 140233
7349 170526
64458 190513
76053 142952
66472 106847
81069 105346
111182 185671
132546 187362
43901 77378
41963 195229
80770 109096
9154 41341
48639 191659
26376 41169
120086 131618
59050 103308
97232 145078
24844 152710
4650 177600
98342 128902
4725 186862
141692 157134
6325 144587
19897 146715
61438 150866
39170 144297
142059 164218
167957 169821
19731 24159
15712 53272
169289 171401
63023 111123
78885 87420
39008 160930
134011 135173
57064 121680
53028 171143
96739 162497
145608 171091
121112 134246
78639 179920
115857 177311
48992 173585
100376 143400
40063 159852
37935 166019
162352 168640
72205 86581
441 87232
107211 137064
33656 43853
26142 85615
36483 190127
5108 99675
47057 64112
10471 58191
66650 142825
3610 184430
38712 97747
3188 99179
157811 176974
155621 194571
81844 177911
97393 111185
92797 130689
24782 88606
39237 115014
93924 189816
40286 150772
82013 190629
28439 136427
50388 132839
100067 186548
143177 153404
49001 192210
94362 178112
45733 79300
46939 77250
53995 105012
36216 173513
76802 138881
18539 68529
34505 199622
35386 191846
149018 165221
62101 106500
44577 44744
44154 100444
124464 142622
50459 63653
61395 164103
95420 186720
48639 176521
19048 26710
80922 99385
148188 191077
76653 177543
96751 133096
104378 177895
3381 172796
3867 32119
30974 87257
76978 117435
146883 172533
95707 155406
98955 118441
108151 184721
6628 172512
73135 136784
8415 51818
40350 137691
100484 115924
86087 125480
26394 157913
19687 32980
123128 195336
18812 86589
12602 46248
47085 190600
32571 102182
31052 51182
97321 170773
44572 167142
6110 189718
81204 121342
92436 124004
161403 176672
65588 90932
35675 57775
30997 134248
162764 193076
68286 126076
87911 184318
72518 181776
107304 116959
130066 177588
72879 84586
73206 175626
147125 176184
20872 60190
154686 178513
598 66782
9500 111362
121330 164886
23128 51248
164353 182512
71809 109323
31914 173335
32751 196445
80121 106672
96736 154531
25929 130072
20426 159076
110266 169535
11438 13202
100293 122602
20878 173850
47193 65069
31025 125130
80414 148064
46683 81298
48148 125037
110238 115258
4465 22800
42489 103206
43244 134602
131439 155310
130284 162280
84468 100150
98332 183866
12001 183191
56657 109562
72393 86947
107687 151371
135341 165623
141596 150939
67813 196360
18990 90818
41967 46679
6238 21836
11251 93147
132210 148189
121774 186362
47041 196966
12284 51802
10399 189964
13764 194342
86218 145037
30107 98556
22102 120249
46103 172037
59261 92331
8114 71267
45631 77965
77583 185390
106735 177374
43997 197638
8557 52212
86073 174370
70960 155158
79585 157962
47483 171391
135374 199371
18275 159656
31348 114090
55283 121685
1895 21627
79399 91570
3014 118815
33243 115533
26819 186345
130724 164848
62382 113798
146484 156017
50862 118458
16602 31659
36819 71850
50674 65436
120086 155940
148100 153002
25915 43732
102236 195869
103199 161931
114801 121937
103670 172226
155049 194890
28670 187118
152895 179436
127947 174736
135123 144373
7423 175273
22955 94462
34038 84709
34437 114051
72900 140573
93475 111737
100100 134648
62080 198758
90825 178047
124350 181232
36522 100037
94059 105129
88089 141861
60292 71664
156970 174103
21713 135335
88736 178344
20728 168743
65550 141223
12419 106177
43727 160109
61570 184586
44809 133355
13699 57769
120225 122070
73557 171662
6817 96298
145766 163384
95090 192849
35372 87863
49115 101086
56870 122081
101898 173933
82745 195003
168556 196449
57446 153421
36155 146777
41020 95580
69404 189865
169875 170051
14406 174768
73805 75656
114539 166267
465 150537
87675 191621
63740 145686
14576 182216
317 145573
3208 159181
1742 171038
188500 199176
101632 135540
47729 93137
42474 68149
128710 150753
34009 80070
54255 158250
72884 79970
780 187211
146226 183036
167509 198480
8748 118592
77676 107121
1895 189939
9437 198660
31373 33980
4656 180022
141033 176326
156356 191361
120867 138497
108664 183937
19829 189394
81498 108373
159711 188730
5693 137280
11655 115388
44333 134545
120469 195321
1213 65873
3674 51764
54357 131905
24427 102149
33766 123169
30107 93664
5666 194995
150474 171305
82553 99096
32431 142916
8342 75288
5460 72534
50573 186143
25611 137073
6779 139927
84798 146803
129063 176116
85761 123976
31967 93385
83734 144465
105738 192975
18317 92500
47393 177413
166516 179940
44361 80341
22149 147117
22792 30478
111024 154835
168962 190091
48333 162515
36949 78205
78239 147531
34545 58256
60525 156749
13794 78952
79924 186431
112792 147062
24698 150255
72283 165727
158679 180233
42526 93999
31146 98369
34869 178946
57105 117259
1666 16829
77111 86829
60117 74765
12548 19776
64356 105651
156482 181310
19447 163589
7550 171465
31632 40479
52800 54819
9812 132239
76765 122549
133981 195459
6815 134691
4888 196758
137355 193407
4677 166237
2570 30646
87850 98369
14886 45052
51179 183123
137810 182125
9480 24028
53438 118474
130405 176070
165662 183579
3208 75031
40925 94943
55981 123382
81504 89231
37021 39898
13596 49671
24622 126997
53565 160071
447 52049
44246 121253
57055 163389
42362 82249
133992 150005
31365 93677
13091 95057
86092 98724
53049 197611
128631 131034
34383 182939
148757 178997
46795 91028
81504 155938
68583 174397
8334 11813
37548 99624
1205 32769
99021 181603
69194 98522
44510 169915
133622 185872
47641 129693
176223 192497
165468 192686
11105 175544
20301 133748
39344 65398
11388 146132
107104 124364
4427 51398
152791 171365
181875 199678
115270 173882
30015 196940
68943 71876
44504 88683
66290 98944
49363 160126
98379 119418
67612 107470
30535 111841
79930 134317
57578 106213
10738 105649
9282 190602
87650 145573
22308 154406
137737 160691
44145 84402
63074 155206
24233 193731
103113 188789
81442 93156
143880 147598
15159 61668
72037 160148
61291 191077
6535 113371
34260 193936
73384 98221
160158 166778
79399 172057
794 136346
31100 116037
2623 123632
40716 59222
110785 153764
95232 107216
88736 169384
56605 72820
82664 187767
15869 124496
101156 164487
34558 195883
55972 129601
32119 132812
37414 71303
4551 122633
67428 136432
107892 138153
29845 134746
63815 146165
3198 81528
116049 145686
72941 94967
88730 110245
42459 142609
91118 185827
117933 123632
38188 75390
66335 167521
31404 142875
99889 128225
42251 121937
98896 184022
133335 171019
99371 117086
38187 79270
37475 64776
146062 176282
38940 50802
132576 179814
138526 159635
110191 147976
14274 48000
17714 118122
25837 111522
35965 98633
92556 158711
3099 107860
251 56806
22249 54255
13114 197924
31268 169521
31323 144598
80464 82943
53327 125470
48055 187209
128066 182025
124432 193346
79622 113535
160512 172549
40738 170423
127589 184761
48252 128718
65212 93875
65946 189127
78127 159926
139289 170293
20513 83209
82913 157456
116413 137993
36443 140471
180332 185154
81046 131643
123419 137218
136691 169274
77303 170636
36245 38231
18042 190786
32441 35253
67771 146261
17417 19361
11887 45498
148246 186462
68215 121516
145184 166800
12889 41558
16396 113510
15899 112007
54077 98062
125084 150151
6316 48378
23748 166697
68675 96126
8793 180845
39000 133096
73450 120532
65071 85512
11057 61756
529 165667
44867 87846
29093 59611
70962 140762
154852 194045
52933 77464
31199 187123
24323 29765
56635 128659
20397 41442
82186 183528
5994 159858
127457 139783
28916 115191
51878 156550
125586 127746
41255 128219
3660 93369
59090 96479
61603 110483
48779 188509
126786 186967
103205 109348
178991 197652
58023 171071
68708 113139
175589 178285
52755 138893
46737 62566
130076 156867
109327 165476
105217 125866
378 162883
67379 129763
133957 180048
139093 160017
30480 41255
51896 62230
55390 60229
161772 178359
15350 16447
961 107799
19645 189225
7621 28363
50216 123396
130947 137043
22774 73241
52561 64949
244 16048
152632 156811
19925 172098
75799 140639
38238 132056
33382 128645
137244 141783
187491 188562
27545 183952
26220 183977
5520 173982
123013 178332
85356 89953
42095 72838
95715 160838
28223 58500
40234 51932
43906 176091
52625 163578
88149 108845
179114 183906
8447 60877
44478 61332
17685 199771
33569 108279
86817 177984
20604 196427
11580 61779
113792 161024
78208 191288
95299 195035
58201 187793
76173 91026
43548 65637
64953 115927
2123 145341
137695 178658
134511 188803
30720 31341
164077 176217
69709 134063
26055 67545
80422 108286
119095 147748
65181 171340
183706 196915
142959 197631
92557 193549
32265 47536
52775 111888
15017 164431
131624 198404
37841 59534
119648 158419
51766 103347
4514 106937
45440 103021
3529 156596
121535 181310
22747 96585
28426 197982
72839 120947
50559 128873
3166 17185
3319 72958
95485 137115
46594 127480
49932 143097
184089 188243
54847 133146
75926 78251
189 1758
161536 199334
70865 194374
81116 99660
25971 197504
87738 164798
137940 150075
154420 165244
80890 152938
57984 129482
56836 84291
10274 91235
39622 177967
99815 197928
12387 192635
3393 77400
4359 97033
29473 86525
122625 130777
106213 113783
15245 132604
137 70970
159001 174553
111821 131677
1963 77271
182023 188344
128645 162891
54105 91778
88557 139111
80642 196051
102996 181320
30702 31929
117259 171273
3719 45662
25671 43252
10105 127496
58292 166808
9931 28241
138826 147705
4138 108567
94079 137162
31268 91448
94253 113351
26207 187503
1975 188747
83973 128814
57985 60655
38067 157424
5479 24561
81833 128172
70957 192246
58208 144352
77721 111358
92386 134268
26211 193299
147606 188855
38839 94445
148085 184810
36879 185254
77910 179326
22166 154354
113691 135844
35515 149042
14168 41608
102892 153839
52094 187300
24033 129693
17769 51706
79836 171346
20059 146325
25473 89015
78193 172622
37634 171087
152173 184860
61502 106102
70787 179260
11078 97109
30564 145608
2349 196439
52343 85360
60322 125388
39432 105938
36880 70890
37402 186412
49827 80337
8666 132027
48496 117280
62248 67723
1210 170013
73792 89082
4851 118934
75910 192915
40290 122975
41338 181398
43584 156473
133355 171578
3573 151219
54124 114392
82649 169270
35906 136494
27966 97503
66285 147774
48436 117945
155320 170320
41285 141265
22462 60017
127309 157638
47782 128360
39070 96649
127163 158373
24346 89710
42667 137778
24510 57566
99058 187128
127098 127303
91874 101146
43028 153200
82186 164699
77414 100569
77539 118073
58270 166625
30613 114590
55226 152501
47041 142954
9311 70009
19487 130781
97857 185048
98963 146479
71861 188769
84382 93952
128256 172320
122294 189884
118991 128620
178389 192021
22051 196275
144240 174080
61882 138753
29959 35408
47938 77670
35026 59689
7307 12550
19919 145198
53396 174101
91164 168098
977 120503
36330 60059
132508 139160
118220 152563
162599 169227
54096 165822
156548 182794
23047 121049
92752 117163
105778 140140
108099 125743
55605 162351
163708 168439
174768 196977
134709 155258
101050 172681
50346 63273
103089 198764
4843 137247
35916 50063
32595 129759
90547 176797
136463 148316
72301 116721
17794 164145
121452 182440
83885 161378
143039 177673
145767 199227
76648 91551
60566 96477
96782 111266
26645 92278
77250 106646
46048 186788
65733 150137
71607 138166
103356 115578
112672 117457
17927 50393
992 79204
71094 138381
90703 136764
45129 162148
48499 154575
56523 59725
145031 175512
26777 172445
29274 172874
20640 23555
13263 37579
33333 135053
5288 91792
140753 150788
118186 163002
36208 176863
98749 160866
74973 198396
41693 160033
131487 144908
18947 133524
131068 188500
69371 127083
111496 115674
116169 188208
44251 85529
102438 116306
3426 125257
70337 112922
33099 89228
20135 83629
28162 176835
24821 34131
80700 112424
1823 110970
14261 88644
15300 147715
94577 173493
15602 129687
92352 106261
64271 106240
35389 103189
57504 75550
153892 170096
37478 188175
16149 154492
31309 88326
36432 122673
109033 178309
103739 106373
122553 170710
19541 185646
88930 159945
104533 198320
36252 113253
32333 190892
40716 83673
10864 128718
83066 174599
34595 50605
58654 190792
18034 150727
53613 153884
81497 145955
66795 155394
5987 96589
157196 196594
50955 125913
4980 45324
54212 164608
135299 135790
62085 194977
1466 106840
125729 129167
27874 96266
109499 153165
67149 153786
83474 95664
77622 106369
47160 88048
148840 161481
163695 198549
25135 96492
63284 196662
53411 81523
13513 112370
59312 98244
39343 96723
133418 143135
130870 145072
89826 182751
98521 186680
18182 42817
108053 139086
92215 98987
92801 142907
150512 157759
28820 127845
37890 63254
28281 156748
98813 137825
100268 110788
38340 156948
61603 160681
44194 115870
171880 177984
8415 54460
2516 10679
18868 143645
46038 74254
52547 73057
91038 177443
29513 165167
12512 167764
6895 23448
95393 192458
67046 192868
170041 178538
31710 109628
60194 112964
72295 188496
129597 169052
107609 177482
57004 85107
94299 139126
26524 194363
177767 194417
88758 101840
159983 160684
107727 145338
35 42189
20370 87050
62060 115758
126711 128112
110665 146673
96390 180177
27480 72357
75538 92117
61113 115407
99085 124845
131320 168445
82867 177468
91066 158160
158497 164911
43868 47042
19244 123404
15967 161805
4544 114730
138152 158649
69393 179413
89629 148085
183744 184796
88595 106691
172848 179243
3668 35525
41781 178348
67684 167387
46764 155198
26055 52738
138626 194137
125985 179428
5081 120724
89013 132842
138986 179513
49887 137326
116390 141997
96954 123976
53254 157683
76328 192045
66905 73929
20604 109429
169883 194050
58123 61281
31126 99834
78306 178701
86219 159280
23561 191954
33079 195854
6531 37878
59558 154891
64360 90211
74358 92146
50269 122176
117274 182069
129559 174512
25638 102464
129351 158439
34619 128831
17732 37722
34974 38231
110952 124801
93535 188794
29793 184143
96868 162406
10703 83428
47095 72243
110210 126770
19937 104261
173042 196407
16 56517
1863 163397
114650 174717
52141 139432
87690 174475
57152 156815
84644 127533
29613 174126
12382 33926
96988 151537
44648 164641
59421 197886
157040 190760
132062 162890
4234 21326
549 127285
155937 192850
160604 183914
163971 198383
105405 199548
52415 154626
30243 153454
52785 197241
20287 129601
78463 80351
10331 138993
4157 153447
41559 88935
54266 67119
31556 98198
49215 180446
33250 151530
3604 125201
5364 134060
184617 186250
109009 116791
62252 191081
89167 94490
171433 179000
4855 103507
83856 108255
23382 173926
51429 70073
40304 194199
52687 78390
97067 101775
162192 168217
17604 137635
23524 83833
152954 179063
54375 71588
33220 60870
128131 136619
158569 174934
68671 78928
69501 187604
139455 155308
35366 39012
32620 121892
11681 77839
140573 183079
28228 190315
18801 25009
170787 194548
120723 182503
89428 94837
39528 157554
111738 134629
106064 135053
64749 186347
4213 59217
6186 75605
29557 156014
117411 130672
116232 153816
145277 194965
12331 169605
4673 49934
32052 97726
8453 76470
120282 167087
122082 191228
88330 144926
42838 46327
83068 115536
147292 164658
80938 165719
51609 117307
43512 140263
71697 94189
13451 84345
5331 99224
26393 73399
78884 168368
107759 162733
56657 129772
4122 33441
127740 147326
96773 144408
22983 54137
57835 95929
46542 187404
94253 148849
62476 193057
29963 199418
41116 117348
72205 93967
25513 25826
104673 130958
12798 58033
82836 194328
109320 186835
165324 188731
78549 109738
171775 187237
21816 81911
13767 52361
21879 120690
99301 179979
16659 45166
117009 195093
72838 176774
57546 63281
124215 158128
20046 107286
11230 29658
22842 32395
105056 118769
84940 107260
116213 138014
51600 175796
103009 188913
49825 199494
91690 153916
56082 78672
125812 158659
114646 134174
48352 150775
116798 199102
156 10393
5288 196683
98056 195174
72915 142530
116686 180231
93818 116585
62010 62611
78795 83529
64933 112582
14106 199162
27482 139974
62680 133300
129655 189162
121156 138397
10980 192501
14531 65639
21326 50933
31268 38407
159973 178513
26677 76244
60925 178805
86736 190528
13090 140328
8928 110814
75511 176427
59312 122110
87198 128211
111034 156941
10903 104773
61985 127765
74175 164112
113568 198885
68653 141731
132870 170416
143581 190464
79611 145464
114785 179571
20293 179634
155769 169383
54692 128437
41327 135903
66936 126213
12330 160154
142916 169090
14412 87142
23937 110075
43680 83061
42194 67725
18639 140586
12580 199000
31960 187462
16362 173777
143945 172739
64365 101922
23684 80644
64116 142713
67226 78020
84560 109637
62388 170088
3334 144106
115642 132046
95647 154379
57720 82069
88523 155941
42787 85435
92770 98848
48630 52665
55056 124808
127761 198702
36369 184990
64167 136776
17765 146317
135540 181404
68998 186687
36192 163155
66710 133917
1975 158303
177569 195016
43262 90035
155223 165602
15112 129581
27017 53972
104631 188317
21374 195827
61011 158024
133804 197813
117442 195733
39970 70642
46663 159666
90085 142728
34939 73439
62164 96009
62792 166563
4449 40235
50852 62449
59471 151746
26111 38791
34251 37840
13746 96727
51199 118912
74061 159201
41797 69829
62157 143044
82145 106541
130186 166525
452 98361
145119 158159
121740 140076
19792 37151
105263 189389
132284 152663
12644 38958
59890 86829
109348 109548
15712 74323
39956 168510
184817 190459
34031 194904
13916 86862
56193 145457
49690 89772
115097 137714
99734 147450
34764 165098
62450 112279
31024 118386
112549 189842
4728 184025
77174 183475
50161 143703
35045 74814
117907 133413
12739 145344
60013 118246
189215 190978
101773 116535
47834 73457
89440 149194
38209 135650
5072 132097
80344 117832
24115 167690
67504 70267
132833 186654
33561 70369
23286 67050
52143 189983
27064 40447
101647 195301
95762 97518
16610 34124
19447 82642
36501 66195
65555 79822
50604 159055
19838 154996
132776 164962
34543 148445
83899 94337
74285 146770
21079 46420
86815 130124
43773 163241
13754 147919
19315 171678
43413 88788
33529 180161
20023 135299
7841 159252
44587 57735
29063 122860
102932 125820
53568 120393
59217 173267
164992 181269
15542 187748
5657 138582
32714 170337
181057 198278
47725 48477
78868 143094
8890 128535
109241 157002
90072 139627
148180 157191
30230 65805
28263 110417
162170 187586
135259 158333
80866 160480
64366 178062
73298 120781
236 177673
10524 175119
63841 174211
32167 183928
40445 61563
15975 139950
64604 92623
52399 109443
40656 170930
104885 114164
63216 157607
106642 162474
68456 73975
56182 121764
79411 187813
78345 121008
40949 105130
90384 154123
133760 190206
135645 163630
50494 90860
8115 99331
788 106176
27731 80402
81790 173371
94825 161453
7757 51068
151044 178136
16347 175950
130767 182432
127014 165378
135570 177905
106986 162794
122442 164352
47645 130466
115681 163618
114595 127387
173651 188257
30890 127603
102643 172248
40143 71840
20290 25969
22523 142536
11866 145758
124092 152250
62484 134980
10949 36237
153655 185688
34154 157831
137447 192258
2235 106394
35375 96478
18507 96929
12254 98304
163992 180185
90462 128501
23871 88939
145428 171505
23376 75826
107439 130066
42446 178894
75663 82689
43103 111747
106382 112930
137641 182516
67260 72977
40772 86668
101794 103818
139841 173043
86634 183132
90121 193485
77618 167261
29756 109164
101531 158783
64412 138743
79808 129293
79117 184892
46382 154245
31937 187959
9593 16594
41244 140328
23060 190586
56731 138000
40506 149478
96678 113190
54170 90173
120969 162090
43104 197228
163363 174784
26142 71337
59707 167205
49696 136633
56386 150303
156822 174133
108054 117307
45273 154782
129197 139621
47881 63318
69508 124128
110504 139336
35502 110086
83449 155431
22855 40094
14359 151618
106462 173639
1850 165414
32752 80760
5569 13147
46285 162779
189201 197453
7562 146715
113596 191228
8116 68892
113097 199976
114090 173802
67990 85693
101481 150295
41522 149792
59530 113906
136250 183661
5770 84762
16040 103032
22374 59885
59145 114714
87839 184290
128477 136994
12269 144485
87419 185363
57145 78813
155416 199661
77548 106560
28448 78031
5334 22715
98841 163875
156008 192649
1627 130354
124351 168685
111123 193396
29898 165619
3946 23405
159420 167850
89560 183065
56355 174234
34742 159667
116 118849
14338 153897
37451 52720
132441 167639
66783 192988
15555 183062
155680 192620
86429 189118
33312 70659
45819 135685
178847 181299
81594 137355
22705 79313
54701 128058
88422 98674
36726 181269
69077 86451
58834 127533
6274 32968
71794 144660
84357 177227
23757 167012
25456 139137
84110 98421
52543 158437
41619 116219
67494 101791
57140 143561
33740 116565
106259 129649
48191 109202
22560 37048
132255 160509
9465 98008
43205 95003
65825 175597
182014 199027
144245 149822
98195 121997
68204 83828
92883 162322
3947 135301
71478 146991
30258 116639
263 16166
11804 171886
129501 134494
114693 164427
102357 121156
125376 162962
140114 173318
155648 198054
153927 196123
104533 188042
30391 173467
19044 68971
70899 82145
149544 163682
24087 113158
46528 174820
85746 197423
98526 105295
46286 176367
157728 183002
107271 178666
130371 175642
59571 177177
184 199940
41643 148342
31640 191899
52588 116919
15759 73358
101687 170576
51800 167927
17853 188197
9463 10662
120630 193968
32026 32463
1103 131485
58148 115079
131455 173175
18105 177493
75290 129197
71296 142719
28226 161174
37508 190161
14691 140430
40966 178756
41356 42204
20906 144093
85693 131636
29368 151622
154754 159828
61974 130689
63632 178807
103214 140215
80324 127930
125590 175996
129517 182529
130606 132265
3709 147267
31791 192192
65727 168428
16166 168634
90085 181657
62245 114008
21488 124496
22794 127804
24187 32621
67431 103265
30993 129893
108749 164422
37414 133757
76770 138021
98691 124668
11461 169896
45310 133262
80881 113800
16195 42911
54283 72737
22625 199830
91738 109773
39575 77618
30683 49511
61950 151344
33462 169624
163227 184143
22651 89399
77608 182954
1134 13207
147108 182993
73482 191583
8163 163369
18275 62052
4768 167169
78979 115336
121265 167254
83697 115451
65212 95025
38787 190602
91490 142221
123612 193738
21397 26725
49673 144705
49457 152104
30943 37350
4673 169531
86744 117904
49880 196275
23487 195305
6499 74245
120981 152709
3325 54163
78345 173958
17606 105879
101689 154469
132970 145479
9240 129810
115653 181728
91602 187214
33282 44242
81243 129998
1397 26551
94716 161325
90643 107359
22979 96477
133809 188980
57843 120836
84448 118294
67726 105361
122496 165376
86579 99260
2746 41408
100933 152382
139481 170173
46047 99111
43718 60305
37378 85616
178543 191792
35024 143512
139032 178759
47761 131513
39801 132804
122309 191686
33605 176109
74999 85221
56720 89329
109328 155564
48807 190268
15039 112785
46969 68891
90802 195405
106116 131696
6846 113783
100654 168638
28527 30702
34353 135414
58173 132348
68993 168054
261 91583
57972 145574
21900 63646
96226 189764
41636 70485
147497 169417
6779 81832
112188 145106
49466 50449
37659 79812
62778 173261
22282 70239
115921 144264
169113 172761
65092 167994
102607 128586
67666 133511
34787 159745
122213 133351
114898 174420
94473 108577
121921 125917
100999 143970
98084 100987
5007 168518
82868 173500
156068 180434
17094 154182
34228 157487
84841 129926
16033 47461
96128 97384
69111 164765
85240 125201
49922 69911
26285 38222
126758 134037
67040 92085
107844 126280
27388 162541
99299 197941
159121 180358
14627 194338
11219 20444
39038 88841
44190 142206
76845 150829
108503 163899
79484 86777
63282 86178
48073 94047
107531 162738
52486 174464
114937 139292
43959 161463
9851 45878
64254 146582
77962 170994
53103 127261
115075 176892
6195 116996
2639 153925
7307 77763
3850 46103
21222 138261
98288 148140
97217 99867
106240 174161
4157 125430
19556 101229
135743 156953
31439 150602
57970 117720
141695 158539
52616 54118
39273 172462
70189 109492
99021 181781
2871 10134
88564 90952
27820 80600
71866 131783
139404 154197
15066 188108
14808 189417
33487 199394
152961 159387
37877 92690
79772 138412
148751 152375
97749 145579
92581 182666
129410 159853
68254 125055
130427 135973
63078 142339
131749 199139
35854 175229
11816 44388
128630 188257
92711 122635
96644 137755
105850 140531
12147 102482
14553 58995
29700 31452
69320 122805
66939 196729
145698 178603
129491 137695
60490 157127
73399 132240
47868 130866
53690 152414
61738 132322
73396 197116
40726 176821
9899 94960
21724 35826
5269 37270
15017 135025
81214 141750
133439 188104
102154 102390
146779 179234
25481 163480
22556 93455
62823 183070
158995 197881
71474 195715
113988 199716
19485 26819
38837 125458
94055 148648
60820 183240
30420 107055
85018 109637
143616 184047
7567 16069
107871 162299
51679 180019
10002 125593
113952 172609
113409 152629
122591 171848
135681 194370
132392 134952
105804 140481
119728 161558
8008 82088
67491 176238
26090 106322
78243 172989
73455 116175
100654 165051
24488 28041
56816 125719
75752 165404
37029 81957
85081 160564
63526 193953
9325 183201
19333 90921
57251 183140
27876 172054
118752 157943
84536 87006
13093 171886
9368 169542
36709 143164
82241 168715
85765 145980
47834 75351
4544 36762
49657 114726
93476 106737
170968 181768
110808 139856
122680 156228
173742 195747
14713 137244
19758 166208
48430 143097
9695 109276
28536 128389
81228 185161
120987 167002
77796 196444
8773 131295
1506 34660
119196 198832
83177 173376
36726 47786
139186 156410
89987 117471
6089 185336
13098 96252
39086 69829
16241 78921
31724 138685
37528 78765
4896 187959
71399 152637
33966 59022
92543 120366
149950 181956
59531 92535
38105 72266
686 71688
115027 156122
48073 189894
28571 138133
120040 146155
71478 141676
71794 106624
21529 37962
49937 130689
30709 168778
115729 155949
45422 48380
5284 66493
135287 163844
60396 110294
107281 159793
59017 192142
60029 168298
3450 196270
159981 166324
75886 108257
38426 51636
107597 140993
15399 159129
97295 102936
54574 125132
95160 193651
56178 118781
39258 159055
2692 102667
28197 32646
22425 32634
167857 194281
48500 129055
7752 162443
7254 58806
17207 77893
96915 125039
3255 95625
36090 41378
84158 89561
39465 137938
113170 118454
190 80244
56444 120937
146520 182382
22808 59346
28385 132653
83010 91427
28595 159575
44234 130594
81634 110451
20489 133497
130707 145670
38533 157659
136453 199148
18116 64202
10589 69073
113962 154428
116622 178515
41100 145928
110241 188759
53122 177592
8963 88662
6146 33096
112735 117427
11922 53040
75220 191898
174694 184253
64384 109516
8069 162130
52154 71701
9140 185370
166367 171218
111695 141289
97445 183205
56713 177852
168441 175326
4266 43862
105707 187631
43153 58186
43597 52938
61712 176735
82500 163021
11980 12607
51319 155683
177543 185238
573 155937
93889 188612
82088 108117
43773 138936
23873 86820
7820 158183
70331 157761
10822 98676
64683 187956
114649 132678
88547 117108
55802 138912
82422 118234
53464 57095
5009 147506
87021 197038
43661 114135
907 3465
164930 171362
177717 194370
22516 35385
129418 180297
28313 89202
85504 161284
28616 32481
32155 198043
119384 140420
79465 197108
60986 183834
80354 121134
135578 188802
56845 97726
42338 173085
23671 171281
25248 136758
108208 158509
63439 106832
13746 188967
46127 93426
24058 169069
156135 173246
177 120252
75988 91990
34481 160488
27911 169268
106598 128010
86960 183051
60407 143170
6096 124717
123727 152593
77032 168024
12439 46038
79252 186398
57345 119731
13708 82021
14904 164669
13588 107711
11541 164460
97664 162108
55480 138140
166112 195196
21974 171623
12531 105291
721 62559
103577 167796
10524 55807
49041 86760
42978 195031
6780 95080
11163 75627
131320 170867
146165 184410
83205 199137
132042 164981
33099 96856
82359 146208
18541 58834
1802 18081
124480 149366
52490 196710
22955 140550
97612 175635
52657 97111
52937 194625
18844 24727
22711 116796
21196 139093
54981 182098
5259 93658
10730 38000
40326 59665
88475 145065
58814 198161
135378 161618
113698 128933
65781 106184
15596 76677
23737 98644
137019 192607
55824 189090
63216 139357
151925 191413
90869 160002
10774 177736
93909 175034
69763 169686
60634 184244
129783 171820
116188 130330
122945 155047
61880 88014
120729 194210
55129 181121
142748 189524
125117 158952
43478 95570
115247 155937
74579 153647
83066 151567
103947 188711
122590 128519
4902 69781
83799 112990
114521 164281
22353 54827
78192 126848
79222 152116
16998 98195
78813 167933
121112 184065
21824 138243
3898 188372
95157 178680
32133 90725
25971 188107
47958 177078
105394 166138
90203 162033
50729 58412
18787 21291
22510 121804
79018 112744
138310 171916
50060 100167
118491 174718
149932 176647
90936 177566
117542 133260
25784 181320
159201 198794
7140 31891
47787 199171
7270 41049
52228 161784
102045 117503
65784 194587
20181 114588
15015 188301
68171 123748
30463 36507
117532 158069
69650 81599
27704 90946
38487 140611
43619 76893
5949 67431
38119 178966
106196 116659
54702 93860
42033 170925
125475 134017
92793 115245
103771 162686
98054 197478
11789 101004
45720 51345
120223 122586
148723 153305
36231 124138
94727 144406
1612 76247
36943 146233
41317 114895
132375 169279
48881 183035
147881 153717
25671 54681
122935 124648
140561 145868
35270 53441
112100 171014
105295 126283
65540 166430
119889 183556
61756 64759
139919 165381
83717 159334
22749 31274
23421 189680
187752 188950
105268 158029
44903 118960
42902 86389
103981 187036
174946 196963
44478 92097
125932 148973
35965 188058
29608 182202
107399 134406
5875 63199
1716 180607
62201 167245
110870 161481
123407 164985
75649 133142
11202 112045
125900 172239
104235 194250
9843 29636
105514 142385
72737 167530
54695 127518
48975 98720
47712 48501
35003 198915
15071 164859
131906 199331
128665 136259
77594 87548
136145 156451
13725 63288
74612 95247
15595 108506
65172 111951
152441 180235
137433 169138
642 196574
119392 170962
73888 103240
29736 114615
11132 18952
123798 173312
94720 179005
5793 67660
74151 159910
42650 135854
6566 10464
15868 24933
30303 163656
163133 186709
142510 167431
94960 163614
142352 184660
75457 107212
3383 23312
44109 172809
47179 74709
45440 50385
50589 69403
3693 165560
2729 111794
15063 193655
48987 182512
160816 162533
99564 192499
33087 35003
87688 130619
86859 188345
38974 155118
94996 171632
3154 115991
67012 126552
50909 92990
81744 134793
31884 156913
175190 180525
71035 86110
50275 102370
36407 62382
91935 178515
61587 142617
17627 34448
86087 196207
28599 117365
61480 171816
19551 81578
115630 151588
9932 44233
110575 166807
37488 65244
44902 131826
163142 164913
84180 127288
4641 159181
52524 174052
166511 178743
24370 141308
109180 122695
74618 147318
13702 17030
86317 185976
84147 170275
56558 175762
88595 101857
23558 107032
130462 168895
61766 77632
4071 158062
21010 67615
22057 51342
140974 186361
123186 137695
130166 160134
72681 92500
5322 135241
36917 169070
99162 148809
14762 194075
61721 65889
5482 55864
5859 17990
12291 192496
23915 74931
27668 171160
159100 167995
49735 172674
166944 179022
8806 80038
60670 68108
48230 49061
44288 90173
88611 169145
47386 99539
101353 195730
56809 76999
32948 178316
132398 197611
5591 77618
17664 104625
87608 98256
95145 185131
53545 162981
8230 19101
37956 199164
83317 159332
138800 148236
32290 166295
8717 58646
87587 117093
78322 182253
93763 159666
25354 154365
145938 155241
33530 164641
90049 144660
6276 192425
179384 182354
91570 163015
135073 161814
63230 66871
50470 87626
9330 186250
178522 193780
109471 156433
28654 117829
44115 179006
80586 179373
65218 182503
55045 100991
66330 162365
114357 186574
98591 150062
9932 15342
125184 142757
66613 119615
64480 70409
2999 108904
96437 128332
13255 179558
183445 196975
66465 148240
50449 63899
81580 111483
175123 192885
2900 168358
191427 197265
8273 55207
120726 125159
16952 20676
48514 153558
42711 153199
66930 75130
70083 105742
138953 174104
157193 184993
108548 168138
44897 159922
72964 143613
3689 79100
29938 160412
32827 128906
87659 159367
108165 124508
100585 168869
48447 121627
13689 163510
11294 78633
16779 172629
78841 153717
85029 122373
40221 166309
40872 170946
73116 168760
37473 98126
13600 132398
20557 171580
105860 132119
1040 127644
48199 169648
38879 146224
171772 179836
23996 91683
54460 81762
9120 56027
881 1966
71628 135515
54723 150584
88718 135767
144447 164654
71521 103063
144298 181802
49643 136940
89073 121532
111364 116012
92600 110229
10287 25669
130543 154186
18025 33836
169295 190343
19784 25249
47432 93053
35066 167124
136067 197419
38047 51378
12041 91120
41682 132623
78646 103449
4272 157317
2990 164699
179775 192714
14102 111535
39284 143159
42694 47104
30468 198851
132537 163959
50946 115157
62694 63074
127518 155719
161524 185896
98694 103567
25532 196837
16717 101620
60696 189515
36866 141370
73707 117120
66748 91391
24199 174944
67576 75188
27749 42529
119098 188344
60828 152268
126792 182476
111563 190251
66015 127450
67249 77590
33228 58200
17788 151655
999 136832
65369 166912
15845 39192
29661 50961
59961 75419
51190 87051
99278 139357
50659 124194
28102 52307
10141 95510
85435 95847
36901 105722
102056 142090
932 172078
76233 159947
109168 165434
147252 154495
124881 137049
115913 136019
84491 179730
24782 176708
53116 185430
113374 183631
36449 114608
10894 71035
134268 198537
16176 191635
13989 135641
27401 92500
19565 22401
62818 174331
24413 137644
111400 145991
37342 38099
57476 175316
46578 126929
37256 108620
37448 169475
39778 166501
26097 159487
153567 193543
28186 30968
45135 77188
22375 150536
38611 165856
23805 46994
4758 7452
84193 184235
74754 91226
43021 69239
77043 128090
108620 120589
2128 65482
47495 192714
104443 143680
61950 97768
139414 158805
27178 192611
134445 165016
99986 158307
194012 195929
81849 140215
82701 111000
179647 196441
34300 137731
9516 157733
59265 114211
132071 151962
96982 124128
6986 64941
105469 181524
53537 196226
31739 176652
52823 133055
158012 193693
3875 120466
40776 158333
138141 184430
36483 144315
9118 168236
89212 135664
75699 81778
38444 79410
29325 164860
80598 170214
12456 132418
4298 38044
97552 192742
80222 94756
166730 177901
54779 129102
19645 71032
151201 166979
90133 126848
68913 97222
62230 191852
63352 169573
8773 94441
157040 176987
80025 190696
42550 151915
51996 53266
93012 157288
19422 61609
24911 102787
25222 121994
3781 113470
124508 145837
82933 91818
83061 168116
93843 113107
121996 142959
4595 26544
1852 179305
131179 133667
22051 158037
95213 156052
117053 133719
105012 111089
18605 71532
20626 134063
19478 110849
35854 168029
6353 25454
179383 194562
20680 156356
30703 192200
42129 53695
33543 65418
47403 196496
19722 181964
36298 167922
3879 65784
109443 181082
114432 149331
10010 13130
104624 161717
23383 161348
52032 141720
78322 83721
102876 183914
14656 157274
80355 143020
12610 106621
59822 192478
5039 79171
24239 180733
112383 158332
47104 173367
44334 188227
24946 142907
91182 176775
38951 150599
152414 158943
94874 199404
9874 35362
105546 181515
67949 162963
69805 127973
74274 183231
88360 113217
15398 193479
28465 82232
129074 161778
120740 143739
103205 158838
114519 156842
86814 137151
21198 115439
99776 168236
81634 188811
96002 170874
22694 195972
1375 57720
153886 158581
27127 151603
46546 117503
134012 146809
120087 199465
78737 82774
40257 160184
23043 199493
144890 190085
36026 98621
60609 72010
60364 199572
73049 150527
127860 197000
56667 59002
137558 156987
9416 148577
13700 137498
14951 168962
29765 47583
74203 108270
318 51018
18650 32691
140930 174912
170588 180459
69081 72172
89073 187757
36394 171722
36704 157233
78352 177992
34889 72288
93375 187755
851 168457
41559 82755
8012 45695
32777 61446
57935 127197
127200 169898
72424 178390
90923 173287
135715 147602
73000 117892
1138 144555
54196 70244
123227 134108
17494 87248
167228 188811
61588 131931
35458 117157
50733 87650
3668 50680
127033 149656
29002 187730
78043 169480
643 39905
90976 101202
13074 87150
56301 185940
169811 189664
87197 103891
78223 88816
163784 171087
14211 92844
14368 132706
34959 144026
102276 109579
12374 161642
62389 184761
66738 86021
7270 117704
124361 171816
132365 183345
33235 185045
64001 144555
25748 86534
52027 194729
48002 51971
26058 59234
31112 65072
37410 40730
83985 149080
21850 82651
19628 144060
33601 196404
28887 53602
33863 184341
36522 168549
7339 17570
12888 161047
66426 77038
43121 106097
45259 63168
21474 142362
28172 130179
79015 114325
24033 110583
5913 109957
111887 180032
1009 45627
14379 128904
14423 138730
68721 121322
180488 195538
23438 162789
111413 141756
20074 111142
2701 149080
55576 79978
54427 158085
39387 58675
99068 152520
3402 98122
16885 31360
30397 97182
33543 155573
99287 108006
97570 107568
38056 129570
84741 162443
96124 106411
64939 123113
104947 156739
7661 128821
101439 137691
113058 117189
1753 115725
23945 118375
29851 183709
161192 162531
66144 142044
79327 151364
12804 61003
38801 66761
7603 8605
141125 195889
13682 77112
6842 93728
10612 188108
20067 179171
1205 36446
136416 199682
94286 153118
67609 138004
163013 197518
56347 175847
6124 147411
115785 178621
12544 65701
101906 111212
58426 131493
60555 109085
3497 125748
105649 178097
15801 73509
26046 183194
1844 83078
45528 49432
56531 102483
87743 93890
22407 153618
10323 117949
57845 127061
29429 49752
13353 121421
100859 119760
153717 179276
78219 166904
29720 110187
114957 160566
113874 175269
157808 188007
44326 109403
30489 100138
641 91255
183177 188626
173217 189757
64722 166070
124655 152243
65013 84134
89589 182390
36035 56692
7507 65428
1260 86999
10800 109152
54469 173675
83254 178451
184598 191100
48609 178915
55368 59571
69752 83395
164692 171522
143213 197890
39925 152030
125405 168491
141364 153055
54358 184107
13729 108049
93654 100471
88268 114784
35360 180064
133486 173605
89450 170814
17948 116843
64982 153751
10033 174703
60629 129568
70612 154886
145750 168216
60668 86535
19381 174487
69021 90915
141315 160224
25404 169923
60907 103679
27319 80770
178837 189660
32681 65927
24034 165068
62740 158897
85841 181095
8559 107587
104487 112160
45362 123137
25404 185939
52098 168312
58378 63074
86508 95809
20307 82300
115197 176220
25610 144332
137927 149371
1631 134006
10903 69075
33029 98360
127840 170556
48414 139731
27716 194540
158846 182231
109681 164896
95592 143749
149498 186341
40574 126487
31199 68125
19027 117532
81762 129462
29646 185535
82466 136162
7603 110531
112425 121721
20695 155671
39008 148084
7191 182456
44867 150763
31556 166294
46563 84008
91066 179163
38156 199688
34782 72326
144725 190898
57456 197652
67242 138245
24527 161565
50380 197491
46826 185133
2641 72884
37840 148512
6855 134136
66781 150580
67440 160826
40043 180706
148284 197890
103641 159960
80688 119309
20453 132111
31377 89645
86517 128550
70145 80584
17689 160833
10287 187506
53039 65063
49752 187851
122379 195131
38422 173812
7713 80264
87436 122275
33011 110961
26988 122007
21438 184771
39866 150734
4395 190907
127361 171365
47703 111218
44323 128235
87659 131966
80618 84620
53537 57818
13441 156971
7499 154164
559 17141
198242 198429
26661 196908
35055 108728
84691 155677
31179 40945
38572 43418
48685 194180
36145 77250
31597 110952
140351 145911
182839 199669
13917 77721
11789 117606
184 42138
42433 159408
118648 130466
29708 82549
854 158724
49066 85015
169654 171685
48408 65179
133481 141340
31484 93168
107357 141315
9122 100532
48364 111951
54618 121025
66508 78579
64629 181347
85463 109977
47436 194312
2331 122806
39109 63301
6572 15071
108927 150987
35935 131048
81233 108577
101734 137258
161593 168964
69270 89600
102603 168343
17759 178543
135459 184866
7953 81412
161998 187413
45077 110417
4830 12379
52213 71934
63536 107290
75212 180595
121550 159376
98809 126385
42555 196984
19838 125987
20074 76608
131984 152360
77775 140001
56460 108526
120234 167301
22288 161801
114322 125480
18817 100414
63774 135476
27496 122193
60299 159479
32586 111364
31431 31797
10980 114885
1205 16799
150194 178496
70887 74508
4246 21023
65761 160857
112673 142914
12153 42776
59400 160910
91901 121714
97143 106836
74719 98410
67614 127896
88378 105722
23526 59890
56209 170215
85332 163915
101617 197738
13755 111659
79705 101129
88667 110523
118473 192781
90869 108916
42146 146651
140916 182092
74363 168251
35183 67336
70364 82687
53934 72237
32837 37070
13992 92728
2679 174958
41486 75656
60937 118963
81638 174067
2377 118267
37063 98311
94041 114855
54296 70369
103099 155453
90064 189777
68378 166525
80818 198159
39790 52284
90553 184065
15870 42226
26443 184290
76470 93744
76732 176745
6494 30940
20223 67497
40716 185547
14070 120084
5854 194045
20658 172235
156798 166143
161855 182964
55355 72288
54401 92357
78726 181931
41111 44205
94664 101237
65244 111018
39354 193860
67776 113749
105104 184686
61654 62545
59270 121166
318 22152
13065 194045
25404 25574
37160 168122
146452 187907
50761 88949
49115 141192
169570 194425
45742 70542
62117 117669
11287 179673
38302 63755
23630 40290
25835 180168
115904 149029
41443 192709
36477 137698
52098 186641
11260 152550
150825 179616
144381 167182
51185 165519
88990 176860
25586 81138
5622 29445
23784 49370
95762 106288
90062 188333
117784 193371
136742 183421
15135 98071
132468 135162
13810 70142
85243 89996
153343 175243
75146 130179
116537 190947
59619 130462
98109 191286
4246 111726
63469 66266
97673 145194
44030 61923
45242 54403
5385 19555
27874 177352
14658 100127
11287 125644
5662 74118
6111 82090
3417 155966
9931 96459
55837 124784
54549 102957
3864 190776
134916 140559
124174 165778
4765 189165
104021 126197
89774 105704
91275 128545
42204 120628
62382 100164
38387 136463
115190 156405
964 190910
31452 167869
173419 198691
103835 113187
119936 119984
28186 182116
4153 100060
58501 88248
90609 194810
9500 19774
44922 192340
19484 165184
6855 10742
26896 163587
106541 124661
186685 188184
63077 137298
1170 85110
102213 162895
21724 101085
162657 198513
133421 168743
108200 172731
54202 106184
44615 86899
44390 86680
87527 166154
77819 190337
51959 71490
31294 115438
71599 150771
14168 137527
27496 119233
144919 182347
38366 56984
62998 120245
22755 122935
18199 104348
123078 184987
77645 108567
61476 130012
73343 78346
124225 150023
53717 89932
115564 157683
12675 75905
79849 97623
119787 184280
119816 192719
152145 176907
88251 104729
30597 191395
14601 129415
120014 180845
20589 60438
114285 183171
186836 188191
71459 90857
123530 124281
43549 144281
126944 179884
10349 29343
63021 165247
36535 61668
113055 182442
6328 74520
67651 134814
160848 180692
70716 94139
49802 166373
100104 111211
31431 92252
77655 152990
113675 171003
49809 183732
3867 150789
10214 140969
53451 194256
20231 59212
117344 180902
52569 97933
11938 114499
92100 152504
106281 187401
79345 79787
166796 185737
34346 100209
65807 125621
81715 141313
122734 177815
31739 57582
49397 106809
110583 178754
48626 105796
117435 182207
117878 181729
4677 184838
67379 118873
95833 127088
66668 169627
160035 182271
49976 69991
80023 182503
48560 118542
60241 89598
17295 191540
66421 165404
49450 163310
25087 55659
153807 169556
50684 196024
159417 182935
173073 181353
2743 142846
23306 102267
57536 141381
147648 167884
87604 173860
10949 108290
24534 167037
108400 138800
29361 123737
144926 166096
50924 195151
82161 191222
74364 124496
60485 138468
4514 118567
118985 165030
16879 28047
13144 193736
140621 157087
38573 111699
26358 96539
31248 44194
11930 112392
106562 114543
53422 193357
126516 144728
54564 77561
153831 171556
11152 198772
111820 194540
106839 107256
118849 148227
46396 159062
51604 126075
153717 198937
94942 140152
8370 145743
24957 152430
54800 96435
18447 88027
11571 112354
2265 161284
45538 114918
67159 138299
69879 188333
648 128796
40125 161717
89633 181492
40479 112793
112310 151688
119731 147191
8116 27477
27946 63166
34346 49456
74165 116844
90302 95142
121579 146225
74754 109284
125282 149669
93842 150578
30968 37808
156293 198699
87197 115409
8701 40428
92066 173352
135566 157772
41963 179903
119983 165392
52624 100176
80295 137598
7988 54115
136764 142539
22914 141618
26556 86076
209 76462
39503 125037
67495 99457
50757 196487
46502 49410
6421 39693
3495 106992
91462 145029
23921 193371
29324 190943
44660 75992
140001 160724
128397 137349
22167 114258
42616 96345
103309 182728
69945 166094
86583 178329
71246 104289
22606 51124
54078 111008
11382 49431
21372 111605
68417 199368
61045 176931
99101 154503
73840 76518
19355 42251
28360 135831
4676 70820
100933 164768
136727 140314
133437 182231
85616 123221
20931 192690
59802 171143
137863 194541
136376 167825
28771 75066
18465 113799
24423 192022
61450 189564
136346 166145
160745 170974
81768 144901
126848 172882
118960 157865
46209 131875
13581 184049
54768 66518
5344 145140
101450 182012
29984 106481
37365 157567
142679 184079
55151 133312
103034 120114
30645 35107
59270 185890
49929 93324
25732 107689
121167 175269
114991 161803
103117 174768
131420 132171
37826 121898
10191 36155
113547 140715
14735 163308
82989 184707
128510 160191
102007 178973
101698 150566
115758 126252
120836 160360
157961 160940
160235 165003
79419 88844
42745 171553
98791 198503
6888 126266
97595 126867
58644 94470
91317 187293
27294 110849
15135 54844
112648 173492
25331 76175
1083 36068
33918 194214
122499 176622
110829 132291
61395 137099
26661 89313
74724 199825
14989 114547
86395 159520
91702 182439
53421 126632
97539 133124
58824 64608
29616 181432
66930 80654
68888 126860
35926 141458
86997 127472
22128 34564
77301 161267
140485 190978
29484 70364
56139 83478
161325 189307
152225 168799
163464 178308
12970 105901
68943 175701
5503 17256
82988 121436
83732 136744
25812 90446
125567 167887
68316 76844
21797 152958
105094 117933
53044 92151
39274 42838
5197 169724
82574 177028
31735 160387
14157 54303
116975 162728
127791 132316
53372 151364
27416 74411
113499 135457
40322 168871
56817 130866
60805 173619
37712 84394
135031 163966
15486 92435
19366 199951
115371 198116
16717 100490
36628 78863
83333 111695
31094 108465
134063 180772
41901 80070
93408 142491
14622 115550
181617 193366
15489 199508
8082 22612
74909 120792
66537 153717
8313 82523
54893 100135
38769 157521
47037 89987
72322 174072
127475 147736
16223 90042
103275 162335
154041 185631
32643 149943
90825 105119
95610 133995
165645 171041
144753 176274
124758 145359
26618 29710
8132 183927
99871 130551
79394 96232
133990 179963
41899 153897
140118 162023
58302 190617
360 50622
16362 171875
99215 172883
191814 198231
67040 171897
84317 86455
147451 185218
24159 82813
25938 44998
44142 85726
134373 171855
92012 99385
394 32567
143688 171741
101180 108369
72790 148256
96805 123567
21407 58518
125117 184739
58241 136009
13410 82915
6316 109545
6985 172391
68220 86307
51113 126558
10235 33036
30790 50928
169738 188654
67414 131302
11855 27076
27357 188472
18464 46552
48908 112178
12439 99346
114420 141278
20826 27342
8622 172037
68047 121421
114729 153922
68484 153378
12468 59487
137455 175315
135521 194592
36901 107288
136538 164440
59198 141753
135073 145186
53396 121174
72927 108060
52248 91585
74494 88913
77540 110326
110389 193566
38251 46898
57723 100037
174822 183914
75848 184930
62529 65118
131726 177999
114865 124715
36735 68576
51281 188900
179383 184719
53716 114853
9017 40361
35253 134421
108381 118469
62819 161703
141596 162699
31266 141428
35536 123691
94853 173671
39536 145643
66789 105806
90846 149809
17891 18495
3675 178122
13607 77590
75786 172320
8254 82911
164568 198772
66048 98949
146883 199472
3691 111696
14796 129429
33023 171993
12123 194209
46607 130870
97870 116053
45190 145772
37495 174561
19340 64378
69442 190835
17052 152418
49049 81959
19224 144262
163940 195080
90121 133700
3674 64310
58986 74284
9154 94418
71759 134505
37096 178260
13856 83721
104115 145143
37857 193255
27966 53826
114777 159049
50244 177821
63195 176025
5493 164459
84343 148302
45907 150718
73523 83758
13682 199191
158120 163013
58949 108697
59571 101005
157821 169306
45415 95494
98288 180560
20221 152078
101229 152218
11982 167132
81905 177039
8794 108306
124086 178531
28878 128844
62183 100307
76963 87453
6875 65998
72612 194140
98653 132849
56289 68326
20226 40498
132386 152121
31377 85262
173109 198324
66204 171850
19075 159799
15296 178431
16497 167308
88319 123733
26267 63937
162159 179094
8230 180403
60362 192971
109229 165998
128589 144638
4855 149552
34864 35352
87785 184647
136354 163036
5364 173528
60696 188242
24423 185596
10569 72348
18847 76482
46046 115027
62110 69742
19322 67717
54931 120408
55540 75211
72666 184014
14150 101264
166055 197675
31539 133681
39080 111378
79801 134521
16500 103198
80642 165237
100867 197756
163327 177611
787 77571
158251 190240
93360 104511
47706 197116
26418 85670
41638 187740
70257 92297
11994 101794
56055 169433
71747 163899
4896 26650
34426 130647
68843 145901
34459 148321
67320 162370
60816 167742
5061 175740
96546 191376
58762 109215
47037 197461
14765 170227
1479 52785
158586 188591
70546 117133
155032 171013
160303 194296
12606 70416
28859 80035
77045 83177
80759 116836
21582 155175
55494 112342
26961 118849
132721 158771
130880 141895
18265 82116
43666 199971
32593 61357
24989 114574
108595 148432
70508 197948
36505 161106
8314 10924
51625 160235
17931 142585
66105 176797
95700 169305
5284 176825
116659 137762
50498 144332
45792 139953
41887 171450
35292 61145
35402 67637
111817 159975
130405 151229
79677 113625
81453 175727
33244 156384
136613 196524
74719 87872
97294 140799
168548 176495
56283 81361
180412 184707
91530 149759
17185 199087
106402 179229
38397 40880
23500 67384
109501 165712
103318 135202
57785 59246
51570 65912
380 97935
57336 116453
34620 105212
39238 43205
98551 130083
95985 131072
105908 118750
23874 199533
91597 102307
36624 59683
159838 183534
77950 190055
47975 127920
9327 83697
90800 128556
102994 188484
2667 34632
93729 127458
154224 173666
48639 131985
81357 125022
13171 163025
18775 64240
197424 198199
52453 156026
75578 147081
9305 161860
56484 73168
100783 137575
78528 104464
146941 147478
61145 128579
147803 174487
8234 84923
14576 35768
17426 60321
78207 96829
170724 186116
27662 189596
132012 192900
88916 153106
127823 163070
34774 124446
3206 30849
157036 188693
168594 175497
114285 131049
112291 166441
107799 128968
138574 196940
40247 72331
50125 195972
14468 85693
19858 182360
38236 173567
190565 196977
167578 184507
91469 176007
64636 140916
146081 182828
4661 134624
55969 186868
148806 184021
67880 135807
93053 168861
24822 182518
57935 133874
1525 145059
73637 182596
3982 173552
26948 119196
62726 109007
22734 179526
27269 173000
105904 177127
49206 92587
54346 144064
174982 177612
86701 107290
107018 135027
91338 129535
111219 182118
19885 131087
47745 114596
47217 162567
14039 31609
41678 176159
65633 155307
27902 75045
89008 188344
53389 164699
32943 129024
104154 151321
35871 80130
158284 192118
11561 76380
39195 83604
44091 58977
64402 164466
564 197409
70888 129024
24799 180154
96173 98354
457 174820
4291 45493
46463 188770
4673 167352
142328 181265
51810 186588
23500 129567
147221 150023
80557 149906
34500 158334
44117 132498
32993 133748
15305 139266
15403 85633
28152 101122
87734 126685
41758 46420
120651 136271
64453 139885
113606 134863
79 122296
12602 159628
114073 148975
29451 166011
77274 138468
108301 130004
7596 186632
23769 130033
182131 183401
123016 189468
136882 189643
116851 195269
47565 95629
41536 167709
34979 161376
54522 131135
108681 130233
37072 128790
15198 78087
19060 94307
113137 114093
844 125503
91941 174607
141011 195763
182082 194312
45839 72676
84410 150442
54942 117018
21215 45897
57807 175298
33898 137486
103117 199086
23631 75255
80801 164393
125217 166409
92558 104797
3397 85220
23021 187381
145452 190205
53756 88202
6928 104524
61668 114359
67162 122925
172116 195928
148021 165636
101688 154632
129764 168760
100037 115467
79548 199235
145824 191491
33058 114475
6397 131729
67088 68541
67561 152182
85952 145607
65412 107980
125883 161935
100376 188589
13374 132171
49281 80584
38853 93139
66126 136985
22601 194931
68681 174370
101763 165404
70640 140777
24835 50215
3497 153881
104378 116883
116359 131564
88739 122857
49965 173047
60769 135894
114297 176070
39830 175694
14878 106977
30281 107992
94095 194928
42734 47863
123596 172566
70466 92036
61324 97296
152369 162657
9873 40485
137304 155966
74067 137522
10451 75878
61 75956
90669 170077
48418 130115
112310 172930
160135 193767
98651 185341
860 98927
20162 58383
24111 78865
13690 60860
5259 87274
2019 103270
57528 140257
43780 106222
117104 180999
11509 74707
59743 142828
90805 179733
10669 146773
110660 195041
73271 124195
74413 137778
109248 155015
17296 179427
40486 194719
12757 148702
79398 156941
147648 167215
2031 93052
74765 136563
62846 82701
64485 150342
66609 90388
35665 64867
53735 178210
65889 167980
142869 143024
77872 139165
52050 118260
87561 109799
61878 65103
59011 163064
84959 191901
109833 193508
117004 155392
30528 105872
79770 142848
183601 184918
45039 117224
19 124696
126213 168926
101311 188152
124624 186542
132411 136670
7140 59742
111673 114772
19642 66821
45129 81485
135153 149987
150762 171784
65878 108404
30971 173804
96658 100129
62235 98528
28747 79904
99844 139886
35955 139285
10385 18630
133999 161995
74709 127453
42557 195308
70325 95792
70337 95597
55038 159074
52649 135826
33015 114729
6550 126632
124361 166790
60529 100675
51792 154388
7820 95754
88508 112224
169840 187704
158157 194746
49450 124551
65123 192254
41262 196743
46038 138642
85965 88574
25636 157732
161550 186529
132374 159928
146878 150202
118320 134765
36429 44351
22459 105909
38256 93424
42850 132966
1479 98909
4550 53389
184571 194225
55690 195757
94427 140325
37106 128221
50073 171200
13664 30594
18236 61240
79262 99619
136019 174670
8340 44744
73494 193738
152188 169010
1144 184408
24248 48938
52295 154164
57715 174914
173055 191172
68494 108006
20093 87082
131056 184654
56514 191059
37411 80762
118386 143506
180192 188014
61502 94785
123222 137194
1375 50982
96078 131019
63282 115807
19925 47112
55181 84390
88916 176112
74583 147353
43509 81153
4565 195003
92044 190057
76723 174270
54618 188905
87460 153619
5624 68217
5199 185072
4899 174964
103802 167605
62801 154663
73781 145327
63765 128076
98131 167453
40036 177502
2731 49318
90515 148256
74609 149678
3765 142359
72243 175850
89638 114861
117601 194584
66416 146230
39765 137559
27842 69000
22244 51113
101333 114036
16455 139307
97813 116280
19784 169967
70195 178315
172509 182098
9042 49459
23839 174751
169680 172739
52307 145087
150474 153547
6025 124613
40066 67831
24065 138753
23409 191056
4574 64499
31278 187531
148186 189367
38329 99912
103441 157257
39788 193407
38387 103886
47099 81477
5944 75152
162371 195140
33418 157477
67770 197229
62316 152418
103780 152802
106217 130451
46968 139850
134621 171914
77321 167323
25673 192173
78044 149442
167464 170275
28616 38020
175544 194966
28877 173786
82296 167000
69239 87724
97509 140834
57279 154492
33445 35110
64274 148307
35639 169976
96065 111311
71163 186849
122231 194791
128262 182379
62538 195107
15212 57336
25845 156842
68738 146375
53512 114331
74678 181112
29581 148005
119343 186754
39946 189660
68608 130619
175602 190324
44961 61030
88202 133459
15841 25845
85191 198124
99194 162349
119837 182698
77357 187761
1766 173206
924 116893
62137 122652
31310 79349
158207 185035
114762 195208
12421 90032
93659 121336
121386 192088
74118 189053
133182 176313
113412 160647
11517 135427
78660 114569
152282 192990
57771 166081
82705 169356
104142 120615
18637 175522
90246 180821
108398 148118
116306 165231
114090 131644
86669 89557
126797 144523
879 65631
46377 54303
116269 121681
112017 159314
10645 98051
40743 149832
59544 129926
9465 131462
69134 113100
8900 153404
112101 177592
10834 24431
76238 92499
154862 171547
129668 186597
32078 149302
12743 135717
31920 55226
4934 164799
1070 97538
96806 134835
76748 131618
125729 196827
100217 129941
44664 138577
40691 94960
24622 178256
27329 121930
59424 82249
117204 149887
16075 24501
15347 121878
49372 180956
153855 194312
24248 140962
115136 136067
118390 171046
25811 89104
11443 103863
110780 168824
60816 140752
25180 91292
170048 179248
72163 117487
138423 144299
70974 98268
104012 148707
25629 77895
89189 107055
65172 131930
20378 160417
48630 68771
182439 194057
67911 114058
19555 145200
64933 83562
159653 170337
24742 157775
169335 197756
446 138428
113344 194703
26831 69756
86355 148080
146662 156461
90647 106369
38730 186683
25110 155029
104524 165255
62999 162299
5811 14157
7358 119093
2246 71584
65550 97114
88360 188156
134863 194455
51430 116503
48059 169117
82249 157590
161288 188007
155964 168357
164936 167741
190093 190806
85079 106513
93302 193109
84191 143959
56905 61563
129255 143437
111034 129658
11306 108597
5618 66287
49645 112683
6381 163319
105106 178883
21530 190907
58834 62003
129339 132899
147572 161618
36088 85110
99291 192881
27165 144820
20952 80880
24161 118483
42937 186862
76301 89402
29170 95965
70159 139531
175907 188759
67049 182223
35641 96243
75083 110483
31801 80063
2619 121396
140036 156168
174724 187220
30445 156626
94378 197645
53146 85612
22008 36548
107320 137829
108129 115213
156168 157870
15119 30619
5509 37841
17561 159065
52993 127967
40966 170651
111903 121533
152272 193187
55058 128665
61540 107815
73999 101108
19288 185254
53678 59630
47617 54202
89084 156279
5693 132881
118754 170153
157854 165901
107107 127449
20626 175992
79838 139336
60603 165339
155168 162996
127817 172989
94001 143779
153200 153971
30445 121004
20468 68353
18582 67979
56457 86532
25763 144394
25569 183198
1548 183744
12643 107518
10955 116241
43975 119416
34601 135428
31597 163170
75799 140988
118402 123017
116074 124025
1889 130300
73281 100769
49549 92498
32944 39233
8397 32396
28492 134694
73215 189814
109862 137522
29662 131898
41573 138685
97238 113606
7630 35362
16305 83478
187272 193434
101403 150290
115991 132728
50402 161187
48619 98676
121008 143056
12704 189999
130678 185760
27595 139096
95576 191606
43639 67338
20311 70078
54771 82860
559 141968
66115 178641
131830 157461
37547 97176
310 65839
14561 103450
76442 172848
52849 144132
119761 170545
79758 117105
139785 150295
76360 126746
19315 107484
29195 63849
159941 162397
59957 144033
46562 125132
1239 82319
147747 150859
171087 197814
173145 196669
109358 154391
155780 166022
20557 39977
49035 189991
85094 178542
133427 147941
19811 24501
26811 123709
96899 165787
36982 92708
76690 172121
73407 109350
10118 116901
81242 175163
41662 151568
23444 121434
30494 112068
39007 157198
126295 170667
48372 125130
29697 121084
4705 22152
27653 107281
128550 147274
29035 157869
17511 170113
10649 67542
29146 129496
13510 65457
34848 64711
131482 188344
98896 198274
115749 173654
46034 146034
76053 164094
37016 71302
66847 69735
12625 69821
35315 122216
88404 195498
69185 158472
4791 178151
33606 33611
52959 162093
50124 136250
3090 180218
75874 101219
33502 173547
75876 182810
2174 30167
138899 168239
41649 83989
71147 124198
11311 115475
43236 116593
149914 191476
52634 68812
23502 106562
67683 193164
96517 186076
86943 168916
15690 149353
76525 94279
14243 48499
50344 79153
54458 121999
51382 183123
29387 100351
92714 168457
3808 7218
40473 149029
51944 195691
122263 165719
25956 74645
6107 126640
96250 166213
65340 151590
14024 38787
5693 97878
8030 65922
6203 30018
20328 86075
3123 100362
37563 199848
62393 99761
73241 118000
86076 88703
9240 179743
98033 128090
3929 91422
107845 194179
11105 45326
100862 168176
102533 135973
11629 140064
76617 191226
147565 178621
39333 146976
83934 182400
110413 180673
78528 189835
23593 144556
59033 106786
45669 114720
81230 172177
65507 179142
155097 185309
28347 72115
3674 97026
94031 97411
61844 127950
33999 45981
163357 172648
20459 81681
70411 168671
85379 137558
33910 198742
16606 106790
53545 80308
16816 69763
91593 181330
50430 152667
19529 117291
29737 195016
30680 186348
116796 118302
13832 169902
13811 96716
90765 105095
10709 168023
33786 172951
7349 128084
9482 103599
23315 167697
103442 119321
2116 90189
46929 109262
163488 175229
12798 17660
39361 194684
441 70095
76297 130352
85904 99762
15058 16456
79855 182512
1133 16282
155053 182069
27972 191464
160716 166994
126283 191489
19827 112331
67010 120617
8748 142142
13467 183319
99297 100060
42392 121688
58190 102135
36380 184927
54067 72357
100038 168441
54844 172483
4760 67367
182208 193636
29850 74037
7193 119837
168397 171340
92668 134875
94461 129740
33417 42647
125437 197858
51706 58969
51637 71031
47396 57382
124382 196170
62984 136973
90982 97674
63912 163875
122464 182400
143282 189872
128814 198647
147881 196323
40322 140841
181849 195035
11916 77910
20258 149230
122598 148437
60490 94123
99211 150282
26948 60403
11926 130956
7919 197692
20058 159000
85409 191070
112922 176187
176776 195351
20039 169809
59783 112106
145063 177593
39033 45411
70002 73840
91933 139025
163869 193850
68400 128694
44612 68759
10269 80982
29077 136742
126990 174464
38745 198034
143473 160482
271 110184
16989 191396
125468 144188
59845 163701
10624 161701
66108 137159
64929 101540
83874 148603
8547 104461
19069 137480
12740 107592
91391 196616
62663 98615
56522 144080
13896 88301
79728 83061
133935 188931
18753 62704
83634 86736
131961 165221
26285 97669
111701 148552
28831 160077
49001 156560
62636 62650
4296 90315
113148 148336
186621 188625
50230 113012
44660 106971
100963 189327
28307 41816
70389 73121
98629 193116
47757 119754
3909 45061
71802 119008
38061 113074
47310 145916
64929 92676
124281 154911
46304 69346
3655 27744
13752 17660
124560 147531
169299 185211
39032 197261
109977 136227
46506 179234
75772 192341
13177 132589
58437 171005
6234 9460
12464 91293
83605 133430
86197 150686
106587 142712
31295 173585
142328 148456
63514 169409
44194 132193
69277 99797
3864 102078
94791 148004
164234 164873
84906 97712
47253 98219
92668 187599
21538 29105
11351 54489
16565 138281
45751 163384
21633 119734
166461 173365
135955 188439
521 84983
125810 159694
19830 100747
114643 118334
15382 147251
95597 109224
64490 171452
118560 198568
42897 178545
159535 196157
65735 155632
82351 130703
70255 83017
72755 165467
179678 195208
144389 190109
41468 189515
70642 80001
41361 116193
27225 60979
8451 42683
46962 183198
3636 191222
75727 176888
82911 142277
63937 171226
89818 100652
76039 122860
42189 134605
37072 120912
14140 57825
17836 169971
40428 106438
59175 61193
126558 166078
13013 55761
181344 182733
60702 190195
52692 73000
46864 123670
80409 110255
79584 119278
58738 86311
100030 198438
110210 110874
64011 182044
13246 132789
10681 110837
14529 186969
68854 161855
31175 188921
132297 174111
10742 170713
9484 188733
104835 145147
28006 173026
182673 194760
73412 170241
11922 45827
11546 135271
38259 185767
101429 194912
110874 146893
1380 142840
50448 117731
27284 181829
83484 108291
44617 123723
48554 84875
71855 193820
75873 88595
35807 93342
157712 174211
79974 92163
14375 141353
129350 171699
65628 193956
67131 88841
81885 150136
36827 54346
141458 155991
127091 167418
2550 7873
34038 83774
134724 181685
18105 61072
155033 158284
1507 98077
8735 24933
49843 183428
38698 163357
6778 43698
30395 178889
72570 182823
4524 187447
76576 196931
41682 156606
63222 178930
165464 170027
27512 163890
25548 177983
44952 73269
134320 178542
35726 82328
31083 57267
62504 121370
49219 126004
68437 185745
56731 78472
135976 191775
77224 172030
143985 181998
77698 178214
110195 199733
9977 166476
194366 194756
6100 184341
71341 71384
192611 195780
80922 123718
134680 140365
104033 175545
15650 100997
162237 169534
29800 180472
110076 115499
161234 177796
11821 83143
119200 198748
62540 133992
123370 197801
40142 187312
143117 192173
39959 183221
1934 194492
104245 113139
38063 142945
51875 86743
42996 141986
17256 189632
62991 158779
53521 152976
16593 80639
115293 198874
4215 128943
31539 174709
13559 177189
85608 147648
77869 102234
22916 56170
69186 175560
40472 101588
45861 55880
75443 87351
44496 128774
15062 84598
110691 128856
2921 3166
27992 113518
37018 123545
131764 141037
50955 136922
25910 43735
95025 139556
74284 154459
90235 109705
34851 90935
148832 167344
13511 50219
79843 103146
117428 124520
58238 198045
48685 52979
88298 146373
22164 142933
175273 183207
156324 196544
28609 36532
69639 88502
95644 116250
67347 136123
44489 126080
12439 84108
6430 43715
94378 186667
36202 163312
103048 185107
33702 191428
134580 181802
104016 189013
92393 98508
117587 176302
5439 114799
127625 166997
98821 193971
61057 84756
61503 74230
8736 107855
29476 194781
72440 170105
118065 198503
58479 139609
31320 40241
42776 72122
911 103871
3402 4009
86639 119923
6726 32355
174234 192846
504 16586
31048 55518
123493 151033
5669 188324
165662 171712
71473 84300
24782 45225
14227 41900
66462 140627
11014 128437
56517 132188
54952 149241
1315 84481
143068 192745
174296 190263
31274 82262
67156 138787
48502 50720
41617 160017
121910 185209
78093 177181
12473 182771
188252 189894
33672 57210
12525 119270
97040 168979
116634 118219
69515 104162
70359 177645
56378 168443
18359 46888
33836 180959
78719 113245
65550 95342
10361 71798
29960 197494
131751 163488
95393 174291
47472 76784
151183 165961
6263 183075
21469 158891
94209 118010
72283 149490
73640 184643
7011 36722
101638 192376
20994 59577
172950 194057
32467 72838
136443 151598
45751 156101
14562 161327
21372 181496
5061 67291
73564 121786
128954 129429
24576 83444
25351 166057
71697 183515
116031 144030
155936 171817
102034 198017
134878 161481
66486 138807
1234 30492
57771 144750
64650 81906
22299 128972
6965 127807
23526 177032
99069 115549
19819 191178
156285 191904
111731 128933
184927 194432
45930 173808
35415 167482
170096 183567
117011 156824
62033 65697
174623 178754
15845 130735
16502 70515
129330 146890
45729 167429
132106 139501
99797 185020
14002 116855
142601 170288
64178 80454
67725 182877
2549 131624
15242 45537
142477 163764
70311 164855
40853 93386
51944 193653
1400 170433
17845 36465
115490 134011
80324 117858
138894 144530
58621 78070
120131 142563
35043 64636
8293 39109
65244 65397
10328 80887
95420 149992
84787 195671
88704 95706
127285 141143
19918 134023
41292 171410
33088 42828
160868 175013
249 68010
31534 189309
168458 175809
3397 145454
102267 147671
54813 182204
87087 158003
16069 48267
18347 104289
104270 174276
35235 183287
131806 147277
97833 193170
23738 144804
44795 108366
14211 158934
159715 175208
77985 121978
100090 130646
91099 151081
48630 82029
144272 164962
2946 192423
111234 182679
64771 67761
62902 102055
33412 120909
23333 181343
32688 155564
37199 38724
5398 151183
30806 120753
22147 76905
16799 50427
11488 133366
54555 157670
120884 180498
17616 168493
85648 139289
60365 115653
145695 173719
51253 123924
10980 139933
45861 146100
176996 196407
128216 162656
25249 154929
40123 91867
8245 32243
65793 121376
22388 190264
11283 181405
9256 65413
47746 156085
43150 141736
10074 52032
66274 107286
91523 154445
20128 92412
103792 186140
32127 32778
62650 92608
30966 142274
85102 153707
3003 175287
41286 120840
145259 156188
44184 131692
76424 159004
57704 189327
38532 133768
13667 106003
67405 174986
88186 115595
77866 159201
109335 170384
25354 72030
151155 175227
50680 188816
26780 65281
81252 160797
3580 180897
78168 88683
118095 169539
32207 164542
108086 189351
25059 184556
31930 197852
77424 193388
9866 140948
150122 186515
20937 147936
85269 122857
14012 90322
73157 161802
93817 150404
31365 130043
136288 141183
83377 85349
91990 174358
41602 136364
37339 65555
25248 98785
100519 171619
38286 184860
26185 154167
102278 187043
83888 134019
112632 148233
49895 125816
23102 121753
126720 173109
61327 95512
87808 126879
12960 145725
8527 54847
55529 159210
17718 150588
15229 17034
71704 153270
151618 189147
24698 107894
50063 170685
118029 152843
36372 131499
27911 34588
102102 165072
136960 140889
97552 118353
22794 84173
26372 198374
10471 192323
25968 100622
44341 73663
37771 167676
56197 156967
56720 105451
100902 139887
53613 93864
29068 111659
108210 166147
64722 80326
73977 187155
41140 168480
6747 84108
8951 173206
17302 39908
153831 192506
29407 60721
57166 65172
28605 47194
652 5174
48671 140740
121685 179800
37986 63013
129557 180705
4038 164916
90511 122423
47097 181198
50959 103160
32001 176037
8114 17852
82382 196446
147648 194393
83715 189170
50191 87850
139097 187362
98551 151711
13670 184146
127641 163199
28778 44867
83526 110347
21442 61363
67347 162025
75612 133378
141076 197562
18072 136183
38888 97588
38259 131758
71032 94385
177234 179522
13559 181780
41806 139093
41319 42653
8118 48746
5527 97783
15957 39408
85060 122217
133139 177245
103053 180396
166108 180425
20244 179386
124881 150426
61333 197570
43579 129807
4234 150093
12518 133603
67454 118472
147443 147775
1357 13174
138684 186541
42871 113622
78737 133463
102059 172459
33414 122577
96666 102790
147619 199378
22876 176397
188406 199341
76398 120967
90648 167764
17027 184946
72456 103346
50011 155792
27716 165955
163800 179698
2230 60066
117142 143808
82746 118527
26015 30917
8034 123552
89906 162365
5636 184807
62138 161823
19955 191386
20267 86378
97849 151865
60641 90703
106106 149689
119948 164812
11926 119037
39094 109187
24329 137828
1079 65946
168820 170338
45493 143080
32860 105293
5463 179760
138014 170804
54601 142912
4589 42236
80468 119547
33601 77665
179927 191872
36823 103727
5483 29028
32965 184707
66564 68025
8583 68666
111951 123211
76014 126227
39281 65917
128934 163521
40477 129708
18830 165798
42075 60403
141668 170534
75498 118542
168055 196528
83119 188877
91073 192945
11294 196301
65377 157063
61840 145236
27578 102299
20426 58777
142661 169122
103886 135919
111195 156433
113917 149293
58840 70515
65104 177225
21498 185760
87526 116464
95983 101569
56729 188520
80961 132767
125289 189157
50814 126077
5891 118473
57139 150676
53080 92728
54713 186685
35435 148405
19556 182582
39344 177653
155753 164207
142544 144604
62037 140913
69974 157854
60241 83266
37712 108391
132214 156154
96345 154490
99277 108321
133667 187646
54416 67645
104673 176361
44752 119989
49910 199139
2579 11254
8598 155015
63649 189208
22057 142018
89434 100075
33631 131274
69935 109170
33210 190776
29557 77524
63242 190597
76159 123289
64710 138747
4058 113612
88683 187000
112888 133959
179705 193922
97855 142504
17551 118593
89690 173039
155261 177701
66794 90514
14073 180464
58961 129007
23061 80618
180171 191280
72300 146141
67337 161690
120981 171511
46412 191948
101656 178181
26123 98428
5846 188274
53423 120248
39538 186437
95542 122465
65256 173858
33316 156548
19995 157257
20680 107909
15355 65751
43352 116055
71584 112445
13482 28708
31391 197034
24980 85401
119820 161174
28713 90788
16755 126373
4727 69108
7117 192013
116395 126433
108373 112984
117974 142001
59360 107540
20370 172627
171577 174982
50022 64167
110870 166627
79622 115753
95181 180752
132780 141442
18068 66463
53145 159709
30397 59770
37036 153923
67284 163308
118355 155862
32983 127344
63920 110698
122137 169488
15198 178476
84799 170251
66243 171930
149956 179647
72476 163384
175749 176121
18439 86298
13390 37872
56679 198149
5298 35066
29784 174251
16552 18704
179599 186719
61129 137748
99227 190490
22399 130558
42720 114218
31277 119917
81688 130985
163835 196186
22507 81833
104849 142748
4009 75088
12576 96583
63787 148064
66927 194423
12729 127135
100697 126500
51073 117848
48289 60092
110673 169299
18929 127138
124410 159718
5716 179751
67484 100902
33898 158265
159036 184280
6712 129860
25826 101274
40766 164981
12244 121000
51778 151447
60089 177895
48685 99404
27060 70301
111646 154909
19431 20944
9218 76567
62650 164109
168790 182061
80621 123050
18966 50656
65034 123417
59802 91299
17189 135793
105651 121462
102737 119553
45285 58861
13241 92782
192258 199699
9253 172468
3990 89859
100090 176488
96316 192568
128387 196320
4148 188200
129279 168513
28735 172032
41119 125229
31100 82622
134037 173412
96179 148021
110647 191428
61674 150889
116259 170470
15052 117476
66569 80073
62867 107755
141967 158486
48732 144606
87095 192553
155310 160242
58942 149337
5527 145981
25593 155787
22609 90343
62346 132252
82379 98295
141310 166008
120632 172410
664 18904
106832 165593
38056 39510
34559 111665
84035 105769
105370 196558
77559 110045
39985 142105
70871 157793
103543 108877
106462 139984
84344 173964
136503 170613
61985 106616
80866 187246
56204 98101
3446 121032
52460 184860
16394 91035
2349 64848
46186 94409
65093 129467
150504 153628
126195 185396
71353 190874
62663 164010
9869 44233
55981 103305
119935 127030
179106 181755
47561 185835
169456 199741
17283 23448
57984 147302
9709 99101
35473 119728
42254 160778
87016 152950
12226 86526
157462 195238
128079 178503
3360 29482
65372 192732
132331 175243
77274 159531
142945 166911
64559 85259
12155 157297
20311 24849
46596 199362
48916 153493
118186 136658
11528 61476
11800 108257
14790 69286
27081 37616
136293 194905
94189 166056
9428 31844
2331 59539
3741 188747
142381 155241
147301 164129
29343 149425
158050 174514
93029 165599
117471 184897
41536 93572
72133 100368
2272 51589
73946 118472
124138 167512
10671 97520
50228 174966
100859 176544
70809 118803
28419 48342
4474 189413
127255 137214
130184 162426
112708 127726
16125 73717
44896 86589
12304 23029
23300 72154
104431 147195
79139 143970
103386 152058
116690 192668
35208 101846
28463 126529
33526 62133
48683 70710
54543 164120
61255 118009
30123 38673
71438 76890
23249 182204
103518 122413
1592 151476
76857 186579
4113 26961
146322 154779
96759 98369
63053 80584
162108 176819
8827 12000
483 119363
6585 41290
102234 154690
108865 128589
55136 189726
103189 136646
121293 163323
1315 112116
75895 92296
68120 179640
112766 185065
101702 175497
189632 199505
104339 152916
51646 59311
31590 124151
65184 149642
12618 76306
128316 192097
122608 190206
41639 196579
89179 140904
80478 184046
21262 120098
38125 107131
66130 118505
96351 102549
129184 184184
123169 175388
69974 72194
42583 74824
40329 60396
70803 136064
168545 188477
4224 162365
36377 172246
46852 99574
69766 147980
16128 93014
77661 192731
70430 70725
80925 144820
63772 76363
113115 179626
27722 168204
94470 130918
45426 146283
120958 187655
1038 185798
24285 121826
95339 145574
40378 142296
63025 112429
1118 60203
5327 123222
50578 65541
103320 149133
97570 122979
97558 99278
97352 180022
51348 107939
143340 154526
97911 150292
14136 105451
25414 177012
13263 32094
45132 59684
44821 84504
119560 189939
648 12128
82725 159367
31831 41779
143358 194859
340 193515
73772 121172
79338 192676
18093 68537
16276 148898
61503 114001
75244 169036
113648 190744
129022 141620
88298 115028
151635 199453
94949 182812
76227 94278
12970 166574
54361 101058
13740 25476
108078 128794
100038 146455
5097 155097
114451 135642
154944 163133
48031 167999
128867 154006
11108 90198
12326 38940
642 54350
36292 134407
86734 158279
40870 134522
86993 134860
45552 75761
22646 197647
42678 180687
22244 144875
66832 154632
55852 189872
60252 182223
8840 15347
39264 139975
64574 140114
36353 162908
139922 169299
27661 184994
475 123542
84636 121608
71601 186883
17369 121083
7438 77901
10303 160368
124385 143664
71307 137198
60070 185152
68666 169269
169274 180302
144142 175152
149823 190221
176556 187774
20996 98953
38883 186125
96014 136900
2931 89996
53432 120815
113609 184318
38994 50227
44833 182254
3793 196193
85943 192185
133795 168916
108450 144600
66850 183524
4188 110579
145772 172434
1737 59913
17443 128545
124241 163283
54601 79083
45045 84518
107514 162936
104573 193028
117242 160318
98464 147777
115707 147200
137036 180956
53865 136610
27820 112305
81023 155307
29995 67237
36563 171643
17601 29632
31757 48104
956 127589
6739 173802
36131 129330
1601 9306
7182 11723
8459 73557
169021 193115
48622 99287
39849 92540
57690 86085
20645 157554
34118 94820
18361 185378
15271 153844
52801 102798
27679 51395
56005 97558
58742 116183
60629 82478
3642 81530
139300 168894
93165 186347
175261 197664
82765 139973
11564 36681
163085 176101
79040 100715
88723 166322
120371 175119
100582 147126
132177 173513
51914 95304
21058 184748
93823 131478
77277 103099
2245 175480
118551 138730
107980 174129
100179 118879
18977 163965
111799 130458
175458 186005
149155 181320
97493 182728
49511 103422
4208 149119
102236 181176
49140 130092
15700 90472
1772 24777
28733 37872
58503 138621
156008 193504
54517 94873
141413 175749
132966 138232
31240 85010
184742 185124
84144 122975
30057 169124
69879 189741
163040 181313
41630 153224
58633 157962
88317 124475
108145 165098
4692 79483
167196 196167
92786 97897
33107 89441
20575 181017
118697 156208
59290 134742
142840 143928
110429 197047
5494 158975
87539 159660
65974 81398
5286 117511
99922 188836
113561 163127
51135 146746
26142 88839
11073 167887
110173 194210
66355 195698
34798 121615
29283 68470
82066 113831
61609 180768
93411 123685
27739 175572
110892 173005
69647 168243
50635 54553
86040 131466
176143 176860
90660 189962
97276 102680
77450 157869
45124 183834
40776 192628
35097 53041
106873 124124
96621 160637
88083 179773
153633 172437
50184 62396
23220 44184
80039 141752
8249 166141
2449 19529
70030 144726
36397 117534
2065 4473
47836 133090
169369 196954
55490 81973
97553 100776
44720 87593
25475 46476
28596 44799
139657 163753
51622 146516
89705 98788
46507 46740
13969 60245
1477 94001
28604 110879
13082 108007
133904 172408
74194 120311
35170 58643
42008 85768
40652 122788
33606 103831
31965 70456
45732 104381
183837 191272
11587 56328
51233 153636
162684 169456
45079 63976
41589 196001
156366 172030
35195 164440
2833 153235
115501 182471
20531 109350
7100 73104
126453 184849
71519 98270
34437 109618
157290 179811
50131 197292
50711 64076
156088 176409
60199 185676
44757 89358
28438 93048
133622 150554
50456 192948
102274 158488
53535 117228
97815 187851
126070 138738
66015 185963
3660 56878
44234 99975
126617 195104
30002 180281
70465 104997
63242 112781
151978 178078
125917 154617
59170 85886
120813 199855
172590 174343
89792 99418
44266 198900
4804 77229
128231 196963
36547 90315
115749 176305
3556 43296
37238 144400
46888 145504
69371 191092
26389 167900
8632 171207
81619 158604
120373 164809
61609 119971
48533 194760
76370 131385
12544 39730
26424 193102
58684 88183
910 146093
12735 89645
64490 120304
59759 61510
124472 159601
24410 117604
154697 181825
178364 197453
28929 191059
103652 175924
5482 127378
3039 162020
30844 91906
9833 176202
141063 145877
2507 138849
39018 169016
107534 128885
12103 65697
28320 186473
84000 96385
46778 138081
118149 120098
70593 72822
154430 198508
65761 122122
96892 100269
92687 145913
29616 89619
48887 117740
13883 70820
55494 67177
48405 61729
5211 155677
65429 129807
101137 165952
95194 178575
8562 125711
79535 79754
93676 159852
72847 148837
85195 95829
27466 148711
26615 128918
97623 194091
3897 48262
137209 161920
57550 186250
1592 19089
71988 78658
63749 81935
20310 88594
145574 191969
92002 104175
31854 82331
73010 86343
33625 104013
29462 178859
149365 149524
88876 146651
30202 112574
27942 142371
78858 83985
141900 191905
1728 67149
167014 185319
81026 124982
6469 117649
26839 71403
1267 17968
96619 105459
27707 182796
55331 171385
50901 53369
137237 161511
35188 55414
135428 155888
153002 189926
13575 144980
17182 194829
39772 143945
41036 56427
41776 57120
159430 189903
44293 166190
8035 198177
18424 42011
6546 174382
100538 148098
3283 62201
60374 86671
15955 83581
5859 22295
46084 107413
8960 67419
109064 124294
28336 52517
66951 107159
107532 160666
59201 91702
101886 102055
52277 64448
57131 123358
87145 140257
92443 177466
7913 18257
119985 170156
19213 121066
37151 197605
30917 186581
39614 137141
37276 60109
68236 114511
31202 121722
112735 123921
155063 188885
73110 127774
31947 38775
10033 134891
24478 130407
2676 184304
31638 102639
98904 196070
62939 181932
30294 85782
108822 131806
61603 169489
25730 77414
74351 106571
58431 82595
5477 133228
139109 140233
83322 163111
168239 194549
73872 154260
55384 134286
22577 141310
134865 135358
54800 126810
74663 91258
118879 162683
76186 186887
98646 163420
32044 180582
94643 116695
21531 130759
128630 189650
56622 181405
13812 106382
135589 139219
128384 181106
166982 197049
6371 157764
116316 160682
34361 124343
92978 119530
2990 144516
57720 60619
147138 192606
151427 196983
44182 123161
89810 166994
49633 75837
183409 193307
87065 191590
27070 167002
105226 110634
20891 110643
44655 70572
51179 162384
157958 199548
826 84180
26885 133277
138171 158363
105616 120106
8622 47050
28887 127571
50941 79480
101448 186354
106738 174213
6345 144188
145162 179410
48704 135028
116753 162739
118250 135122
49150 66782
197925 198172
182780 190967
163180 196916
85621 105261
34183 177940
50995 97717
138555 163490
26300 55108
92917 143138
79849 180783
22464 181407
158020 164532
51774 84749
130924 198688
152759 196692
17468 106969
96276 100362
15552 135904
67015 70542
42202 81902
14452 29675
23549 97969
11158 175190
3510 81329
47524 102785
26855 165813
74383 159298
7256 90189
145289 145748
47341 115014
22792 28964
8371 48442
165970 199940
98813 178636
112782 170633
66052 106616
126623 134677
10303 104109
55234 66066
102250 121668
133644 158328
101350 170572
77223 161192
67726 72340
33512 100881
21619 155904
13538 90709
45905 62827
26356 47358
24209 171426
48008 89517
15259 162246
123617 169972
101250 160836
6806 95157
11104 168163
147567 161904
60820 109608
30682 56669
53324 132812
155560 189714
43949 103871
60761 90993
41473 51097
29656 118960
20967 147247
8279 126176
131405 179915
32769 42142
10748 117390
112260 176891
36659 138787
160635 177786
27233 58843
59795 63058
101366 145232
163859 170081
12548 100306
862 43652
72972 118030
77717 182853
81710 118796
87064 129275
65651 90325
6000 142704
109906 131175
113641 141466
12329 194548
43258 176196
39182 54281
9423 85711
21179 193154
68224 169917
133127 133792
59213 85750
12688 82233
74591 180680
43539 103901
39512 144021
81901 98054
73648 116788
21328 41049
36343 189692
11914 165745
5434 101771
13808 182845
15469 62768
19144 186095
11843 97035
5836 84271
42911 91325
98723 140481
101775 118378
90528 113363
6413 139524
19127 72325
48887 120908
43949 199577
18048 143137
8382 97928
32515 69024
21460 79142
58342 171307
134858 156890
30173 171782
62740 73331
183450 196605
54338 174286
122486 135585
28407 115691
79065 183969
24130 96982
78295 175701
70275 92467
90718 152254
29909 158951
42735 190599
2755 110225
91606 177204
35360 47468
167116 189688
100351 194292
55012 161102
129643 187928
41007 131462
17671 119865
21090 92972
75498 198558
158534 160866
29613 120208
151519 170498
134101 196424
40991 122480
130304 143402
31519 175069
35032 177567
182094 187444
36596 183486
88245 103454
38672 150676
25707 104794
137430 191161
162210 174397
90201 151633
22192 107249
86879 127772
115085 138397
168364 173331
7713 172039
4518 57145
119370 155107
25732 111099
92962 112862
2843 129477
60889 108768
52510 160181
4314 171271
75289 88510
27267 53565
54114 121718
56041 181056
75550 171427
61356 73407
165891 180489
75562 154129
51199 105697
153447 169820
38852 146498
40111 157224
131981 182195
10234 128406
55947 57145
20961 130493
120311 176030
13395 134348
57156 77280
20079 148376
172923 190229
5064 114967
23439 192781
129451 153155
11725 158124
67776 133323
145991 175071
69086 128631
181176 189226
76681 80449
99147 121251
41607 60340
33566 154321
134502 164565
90936 199506
95143 145820
22192 98832
125149 148768
156550 176941
2781 90462
21731 69874
60485 199436
58995 194330
173739 180335
38205 97990
4245 183317
118571 168405
8433 192115
47356 163168
102128 165634
13648 70960
59942 81526
97957 173305
60647 76159
49475 119816
184837 185827
168066 188740
4155 21158
24107 57004
60502 78863
40974 130144
150260 165180
31491 187991
21841 105866
60489 159752
137183 178831
42184 154015
6855 128159
3839 70587
19224 33907
76354 93119
63187 124732
91100 146089
34135 153020
1478 81791
5792 120551
17397 89561
84565 123097
58806 73088
80399 113810
154825 174080
40879 71601
106235 149918
69165 146639
117638 177121
46056 166625
61217 132399
90909 197485
52398 160575
159006 170095
130018 192106
68708 124043
146283 168367
118420 146875
100285 156434
130880 193852
106701 169772
70031 166636
71443 198154
8907 152920
22396 116781
28059 111846
158279 199361
83885 92494
5193 54236
60567 140426
60750 186031
17662 26908
66761 174867
110956 122298
37878 135820
94457 166432
631 52965
101554 116232
74844 187000
33823 171274
103199 164787
10604 195591
136026 192432
117003 135116
57761 196755
11765 64448
35038 194200
128959 187865
136235 199465
16601 75328
113513 146944
37805 126137
157959 163949
22008 99811
68589 154365
136337 151313
67497 180492
84468 159883
29335 167653
82396 96884
177826 198518
176175 195140
1710 151463
145416 159076
170349 182023
9551 34505
41287 140905
36237 180474
86760 177561
5251 15029
114694 170319
52604 60629
10320 58129
98475 130918
30219 70710
48089 164077
28790 128001
109957 181827
146918 193526
96807 132751
151364 157765
182912 195481
20964 149152
25852 83468
22710 25994
42049 74383
53958 54478
41356 63750
61925 158856
119935 128602
39637 143203
1986 73769
58611 168726
19510 30806
120781 144787
93827 199375
52178 78424
52267 63198
141939 165748
139982 195116
159046 168307
39958 143652
187263 188913
18225 97521
124939 195772
53964 141289
67876 197317
171082 174536
69920 99387
2160 70194
75116 138078
9783 59438
55355 198451
140904 164484
144680 199448
83042 96053
182849 199653
63924 153961
117892 170889
119281 194863
9178 141006
30610 131300
23617 130777
142752 181237
118917 196734
8914 59839
10721 170660
75910 130580
112684 137100
28748 35688
41649 106747
25203 141070
49751 135650
72436 75538
22869 165083
80177 111127
26254 152448
1311 34309
18977 154657
101647 102132
65069 170895
104021 114401
41378 168571
54379 85896
154427 193269
94801 195203
115555 131205
124508 154840
150945 175532
11932 85735
67167 111439
84210 147537
138288 157486
32231 157251
152132 191076
156783 176112
108404 189820
79971 153681
12328 54828
34746 97867
13159 82314
49554 93476
14302 95762
6072 27384
102068 147048
114202 132173
2379 17017
129553 185843
53224 58004
17639 173217
36936 94796
186412 198528
82233 116572
33661 189964
90106 100251
161507 167690
123078 191654
4437 142307
9609 198699
24221 27150
90805 176481
89176 176039
91031 185948
94876 164218
95273 153937
142804 164140
27570 149295
139588 153374
59770 78824
60057 118139
74508 197444
51924 53904
64583 160007
171465 181511
54687 139204
86846 151921
121723 132606
34105 148929
43516 86175
160480 164092
32808 184048
9487 33268
704 34003
58021 199264
62421 138497
22069 156473
82869 188825
101481 116383
24666 68215
34940 101671
53542 59267
60360 188523
88614 96008
106081 195250
143664 150152
57650 199137
41688 45823
54770 76474
54387 147010
18675 159896
130655 157333
15448 172190
25454 152775
122601 161345
56836 108869
57912 127379
46711 189883
66839 155290
49567 101731
104429 154009
104448 189718
124244 199971
55706 160176
12473 17466
109276 152041
124439 169750
101596 132212
108492 161888
19632 128972
143502 169208
108829 194021
9972 66126
112027 193105
22382 95494
139773 167172
23927 144315
66840 197696
15179 18911
35713 99975
153764 167608
118723 193783
41380 44386
96435 188940
86038 126196
77724 170022
19431 133801
41200 78511
100784 128337
73244 90950
22027 23280
77748 183570
37196 119164
27868 47191
8597 189545
7109 190949
17096 77070
100573 177742
44704 167940
23272 33519
59113 198822
13732 142840
76670 123221
18353 24229
160487 189892
5791 6173
128960 159998
79637 192658
27706 108200
115733 142521
20743 84577
84317 152787
6531 122847
652 48867
25410 65452
3829 188490
51796 92478
50611 67560
133714 168443
75034 82993
121029 136542
55854 186807
114489 161481
34511 168285
17002 169456
28791 186641
50870 93377
386 97999
44001 164545
115591 197292
14070 47277
130863 184054
110387 110435
16033 97327
36587 74046
41297 170273
31202 141927
91834 134244
18695 173617
72707 105882
76159 119963
2977 161935
48817 107496
42176 186752
111554 167897
23390 159024
28388 83562
48019 147256
63414 98177
53900 159334
117675 182236
18856 53044
70083 71785
22728 149274
43212 67809
24782 181480
127615 139678
38405 134626
9701 64187
15683 44161
11453 27855
65507 88135
12395 149205
91278 196755
98514 143926
115824 161670
36198 56244
99912 111968
18241 181000
26207 48944
55242 83393
155078 158829
72775 197077
98909 132073
16081 42169
101485 105090
15987 123376
27343 129949
39080 106534
1224 130100
22638 155226
91167 128050
21162 97574
91612 179152
1840 182646
8383 165015
103865 184643
152036 180961
28494 60784
17529 187869
36983 175834
21773 25161
90538 146307
47021 191901
195901 197691
172858 176187
58694 97111
110455 174780
132405 168148
40891 73854
49042 92690
65050 102600
19930 125204
60860 197688
195591 197212
19458 176926
121258 132836
14666 159076
6885 15455
77659 80850
8293 140013
110417 191296
65730 125352
87695 166434
11323 74070
167944 194371
18072 129321
46282 65706
8870 63510
15093 124599
119318 127379
138138 162832
145786 195993
38593 116199
10361 52354
155785 178880
35188 88236
11947 83467
60582 72819
139738 159910
36216 144720
82286 115877
18511 56416
10861 79113
143812 197440
14747 190744
50148 103048
65132 179871
135758 143400
120615 146246
77982 94139
36401 36444
138352 144784
114757 130042
54325 76681
30528 178824
89749 154632
34337 172582
24653 24970
84247 196743
17377 58656
20828 199703
49900 88833
56623 95704
53068 111567
23881 69454
118065 128727
59226 61850
163744 186920
59682 97772
36920 169095
146132 161250
130759 148179
74113 178680
177575 190002
154319 194367
80138 92650
66945 94385
57779 150825
81659 90564
73674 132435
28092 55604
57167 185978
81634 136793
73884 189631
106937 126030
19608 169274
188551 190165
20990 155954
44915 72447
25532 129911
26599 112192
57802 129397
63849 196433
92392 124053
6327 71161
5482 136043
69725 116329
74072 179596
96228 148254
78453 113625
120690 129544
93346 150513
120987 146915
41161 91245
102324 123541
96467 193174
126917 127374
64629 168756
54690 151314
77243 151097
7270 170765
117797 168092
2897 138642
28369 130077
36670 70029
94490 129251
47570 150384
108544 162315
20971 194422
5019 168570
36425 48516
2658 31988
37121 163591
123951 192195
103760 105904
3424 171272
183225 197870
72792 154547
79792 109037
21245 145197
119368 158203
76536 101011
23699 32685
62483 163205
46430 158826
91094 183578
45398 100573
57320 157924
42890 159996
19628 192132
8064 193206
25113 102324
50745 197161
9244 15982
37004 53438
32639 195147
108403 131167
31036 145797
48993 126883
28405 111850
15216 21320
4223 155793
133206 181137
180273 190586
33576 93514
45552 58293
31470 72284
107157 156995
40419 112439
115749 198195
14671 172184
8349 112750
60288 103013
94147 129413
166721 188744
157406 183284
103523 150162
60619 128864
4230 62346
52881 192542
43676 166664
88202 96082
43083 198377
65013 135512
22007 179234
37808 198588
64636 93640
171469 193948
23287 73526
81430 118420
151993 185678
91873 132744
82883 155574
10457 177727
136561 140069
5075 164601
66997 81196
94059 175185
37825 167594
44541 118326
127073 161477
64340 138655
57358 136124
24493 52483
116936 196327
48304 119286
7596 43372
55813 117511
26907 45334
81158 161604
186960 194365
13963 22472
124645 141308
22052 41870
86608 158157
28581 50448
25661 74037
33770 84689
117797 144843
84161 119928
13838 168738
91912 103043
50842 64953
32931 41704
61105 129415
8449 130371
117831 160762
73119 199882
47076 192575
67934 71941
74361 175074
26258 115290
116084 152895
147585 184444
191874 194435
7757 100891
42980 162853
74618 122839
125217 151026
96148 155970
80900 81757
131864 164049
101429 135388
123660 139757
61023 161006
12457 46467
151629 167586
184097 192977
169809 194513
101395 104836
55198 60233
75580 181603
27112 64697
38661 69000
55480 81884
83355 105268
65257 111982
151831 188890
118542 168619
17399 44076
32348 186777
40955 122288
29 133463
4589 44403
166622 172153
51980 66893
175809 178591
83684 175334
2537 76974
132319 133396
78628 107363
82337 174448
159522 176813
105383 177516
8331 109703
37036 85770
140371 161039
24265 101762
28112 194590
13945 52230
70468 102147
9054 35110
124878 136814
69422 72742
173531 185399
46992 154842
76971 172462
40562 139254
33968 75573
100968 133056
67624 186944
8877 170179
130052 139067
112200 151295
41116 176024
130424 192128
15039 43498
145125 158279
157361 160525
92192 196995
110023 186764
42651 175787
63164 161220
97274 193460
27941 101144
135077 154973
17769 171074
100038 166744
7233 11113
57894 158331
51274 149478
2913 164557
16214 58010
117190 176871
43059 151942
21713 137779
157229 178137
16377 189785
104913 113245
33237 108967
83342 173542
77001 96868
102681 119382
102755 179388
168160 197440
83797 101655
77652 190609
12618 137538
18948 162385
138604 169221
58086 88022
37419 175496
32041 158173
179363 179718
69315 151227
116607 146375
126456 179056
29232 99387
12680 188669
52900 189224
51737 159461
37096 179039
114483 169591
39350 94729
21158 22279
85307 191262
55424 73687
124396 129491
33347 180527
115245 115638
57369 60170
70389 114355
10745 147259
20285 133591
73881 180969
177554 191848
47611 145758
93816 187279
71163 162974
40306 134407
49879 99352
85677 140905
29815 85636
2397 156027
4382 72320
24925 170269
70659 86541
124372 152115
37525 60842
49227 64890
10318 138154
73971 169443
188841 192930
149378 171845
115981 128888
55551 170555
7922 101523
68745 75926
48378 127867
60293 65768
47948 157049
19075 136554
34501 189173
66422 166449
74840 106930
4536 110942
4762 169738
20966 159496
56328 127298
117050 151461
38840 165105
58433 187229
26545 193113
39183 143693
116534 190650
8310 198920
22660 157496
128783 151626
145220 156752
35166 146497
28306 138283
132957 194175
92184 165348
45271 147016
22105 78660
91395 117586
5460 10089
31008 197210
144053 174419
4695 109531
60828 133133
50730 187603
23502 143642
9135 100759
60190 134250
130985 143226
96272 124717
68275 118975
58533 142321
45907 63929
60898 111050
180331 186047
28074 49083
76520 194542
17044 143088
3802 102124
22585 71589
47168 169740
135153 182702
37803 93048
20563 128146
119111 172848
97458 138324
84245 153919
35714 112286
47455 134691
79654 89013
39649 188072
100431 135187
93471 198553
156311 161802
19518 23122
54290 163086
62771 91056
84002 130198
90735 173276
85941 174190
74754 176341
34159 157732
21557 69328
143304 192287
145826 152185
151512 160774
41378 187556
87593 147314
36631 192540
136946 144278
168129 187284
126929 187732
75764 116959
85904 192136
11249 177034
146416 183273
76875 142929
2398 44281
101064 175274
40202 60387
135454 195805
60293 84725
6279 64316
109495 189135
75651 138061
3413 158243
49986 88415
83950 174111
71861 149660
127886 152578
40473 193075
4480 146799
42672 109104
87576 150893
61930 171993
42095 105801
38362 79347
149126 198288
72616 172222
24357 133746
51635 106370
3632 103463
178831 184131
58386 81171
178086 190098
128962 161998
105113 140399
39977 51375
62346 186927
86923 192628
4074 47057
86734 138741
28272 81177
125847 138762
19327 117129
101791 193107
56508 75102
58191 146543
50187 127845
93419 115351
41545 176041
129264 129478
163667 188122
45203 197327
61237 147552
32296 51982
105426 168738
58066 180280
42245 84725
96069 151567
20213 58779
162792 177972
7117 89499
2665 8458
57879 177063
64584 93272
92210 154536
68792 169651
82968 198737
112378 159874
3082 74612
116905 150151
8916 98004
58883 124540
21702 170963
61686 161919
35420 95603
65163 137991
18717 160502
95891 170836
13648 180496
2010 35334
86257 129457
49931 86532
71297 106281
30540 106903
125444 169173
121166 189316
107514 114673
83677 157396
87057 183688
71359 105250
107256 191357
31455 195790
3313 67738
10757 16396
23117 53934
9023 184343
125508 152030
91961 196150
135354 141676
46526 155621
24870 109646
3417 85870
110895 193840
30425 60467
48377 86965
42619 141185
66841 101333
36144 40872
101980 122782
55454 197527
122413 169941
29522 145769
28426 180468
95223 196460
37882 91660
128174 181120
35328 63899
12080 199445
56515 161637
39295 84931
7233 119630
173632 191999
74452 110337
59888 183694
72030 113834
23426 149821
179212 186541
75975 91140
73903 164602
52620 140630
156423 160464
30058 170809
95518 161920
23306 100856
24497 116075
76031 133406
128730 174601
25385 86639
39830 135490
144583 159370
16569 155661
151510 184401
92670 142068
172075 198582
78493 159458
77115 155691
15806 141495
73717 181421
6395 85311
32809 64578
106888 168570
70189 87256
98851 152598
122874 154192
147085 185020
89334 169309
185251 186401
39350 135326
48182 107281
35032 184094
44627 60489
98101 156656
36047 171897
63559 88186
164772 184960
35840 143883
134765 169950
141656 172634
5193 181982
40030 52495
87062 150542
109409 149375
187184 196404
31161 134015
89996 156231
41415 180875
196313 197188
11916 183249
43828 177299
19644 150526
25099 30863
123550 142149
28375 109194
8710 20996
30362 146274
166731 167188
38105 138567
48375 49307
91630 144602
9120 11030
169299 193659
8261 31858
99260 100264
59395 115247
61518 103689
101155 188947
169821 192595
2464 189428
42176 63766
56446 189831
56298 131972
71474 180592
29662 111412
67153 127936
1946 138147
16868 134389
13324 43853
147285 178310
119283 170389
4397 80356
56758 167124
3713 135501
25966 141313
105850 159692
23682 147151
74697 165536
123627 196785
6092 98720
110815 130876
60166 180470
1240 114772
77001 181532
151878 161157
23960 125754
73073 150718
11009 179991
20990 188741
151671 169839
124981 187174
41584 53422
87094 100221
123221 129600
96507 158313
147598 168942
182715 197742
136099 175850
80704 84977
39961 152137
47402 48526
67080 133599
17956 175968
135919 176042
125787 171394
14119 70334
47179 191245
67776 115265
15631 167144
119932 156753
165198 198748
64789 76470
134979 195529
139156 197235
60021 138579
85220 194553
89749 101772
95061 147451
35793 175342
53402 56159
41792 154245
60952 90357
18631 182963
1572 190810
131271 155246
6734 148607
119911 130403
65815 177075
2348 135785
134401 171410
8312 131502
62197 130837
101200 119530
1134 127316
66913 141611
119134 150453
14470 85989
4140 50945
43115 60530
93945 143397
33323 115258
169149 181066
36996 166652
53765 197607
76471 101898
25021 165571
148599 169451
24427 104823
125311 137134
18264 136922
10424 170362
100914 165647
114242 192868
65828 66282
48807 95742
28670 62613
10437 70570
50973 81442
29959 73356
12185 101712
78555 161703
48394 165768
155366 183945
24514 66107
41131 143794
64409 127615
68082 114824
156457 192061
126593 144950
191041 193395
37820 178908
14377 127024
30533 83679
79813 152433
15148 127555
16929 144451
84632 149330
100101 133430
40467 115595
93139 193592
129629 173105
15759 168504
141158 193713
105956 162280
88186 196100
104773 168394
24601 59514
10725 189013
11782 110687
60222 180437
65201 169911
12506 174223
114636 131952
68270 196044
71288 183142
142503 185411
41380 134969
34439 199436
9409 191470
73438 138292
41691 118254
38883 104896
156395 157408
63150 140962
51714 170362
114042 165727
90926 124620
54362 93505
110463 117858
66384 126294
98644 114409
107414 116074
23526 40416
27401 114716
52298 138136
134486 182392
130363 196856
4674 149466
94925 131927
22889 81565
63164 103096
53375 104033
61503 78419
21841 190918
23872 59102
33945 195416
62829 134626
149181 149785
48734 85765
138408 172769
125031 171026
229 16378
38229 73073
10325 67358
36088 191149
28177 133342
134536 155885
41341 86961
108722 136718
105356 168238
107575 123161
136026 153111
9134 199850
55943 139926
82314 142482
93123 97443
104187 114991
7858 110160
53923 164866
23935 61258
155640 167986
67389 71071
5788 15968
91053 148829
80776 194083
82730 93305
11791 59152
31755 95374
121791 129424
26645 101920
53655 191675
141618 169200
54800 82678
27961 152799
81336 143046
16258 109089
112837 115981
146123 164654
55123 65477
36855 185760
24187 148273
10300 170483
14911 135420
103620 181270
119124 172883
21567 190808
22078 99896
79319 169971
62030 179234
85362 186628
28402 121594
75759 151881
49521 171603
69108 199990
103739 115670
35906 55487
56557 198316
112260 140821
123323 176445
116985 199465
123238 145934
92488 126587
1218 176991
1821 54460
100863 144451
15029 162037
36353 160595
13786 69936
25386 179939
13177 145450
54043 86268
93587 112412
19364 165719
116284 170309
105861 197614
148405 192477
21897 129451
127051 158810
112157 124870
36089 44403
64304 66228
1753 63130
108613 128159
33673 152621
79265 101401
142328 167164
30397 81122
81995 117214
4260 116861
80414 156322
127674 151171
124435 175938
65000 138708
9629 196057
42337 130752
45594 64499
16448 87274
21686 78989
99624 108187
53046 171416
72170 82681
69690 158986
85648 116177
13118 127819
60422 148684
82037 100138
14141 115550
35176 120611
102268 158569
77348 132776
76405 184028
89692 98987
9482 52006
62611 162492
94862 102336
94349 127726
68992 180897
100201 112336
93728 162480
65314 95172
29728 88015
194766 197623
55821 198799
6682 150896
65524 135615
12757 50914
22281 127336
120516 194866
93894 196853
43117 178944
133755 194683
73786 83165
69321 122963
120399 161251
71753 192167
99102 110725
18500 164903
12950 88387
51380 182207
85022 160234
36186 72154
168616 180733
10657 56613
6279 32959
111976 164130
162655 186808
17763 88041
9783 24426
128929 166049
67236 93613
150521 180029
90932 195955
166425 171410
39746 157763
193963 194075
57105 187204
2010 127821
53173 121293
118146 180154
163283 195826
18753 112524
154074 191829
24631 48734
15507 36541
9102 145089
41868 65482
55888 175083
112065 144722
24952 57289
132316 166301
16316 27608
57900 79880
85104 108207
106001 119983
29697 71625
35464 133295
25705 63254
112774 194383
130655 172562
91266 193783
121187 138396
72108 154218
82195 89487
80672 116941
4687 169915
140974 176093
98980 109587
186291 197541
57190 117415
91908 97896
37495 147100
85741 109431
98332 149908
60402 138946
20125 97944
125296 189881
120716 161373
171279 174297
48937 136306
123468 135002
122398 157749
8608 71959
67171 70612
91761 115209
115299 179362
14952 79964
45451 82697
108417 124435
52308 115870
60045 117123
133023 139391
86720 176194
10448 37480
72901 199378
16719 198341
10679 22416
13343 151497
51027 154180
44564 106416
64729 115887
44402 190260
61047 138067
67049 159199
19663 110478
52497 199375
8701 76129
61569 65693
53760 190997
95195 199422
85453 101994
21769 89130
8409 128819
14074 99363
274 60862
4570 161721
57370 94796
57622 73737
47461 193616
88340 188766
26055 176520
72674 130904
79871 148049
7076 32743
29462 34824
71349 93885
107359 184450
27024 138299
116543 173920
17583 142729
12548 17156
10581 92581
104605 159232
133485 195468
73147 197993
40590 100336
38321 127562
74843 156146
140600 162531
34105 106764
35120 38780
3470 13147
75381 111531
77059 167741
116867 121119
8978 149569
49731 97599
146043 199506
18351 81644
106097 136603
43718 172344
26982 140864
80981 175501
10026 99624
30193 109194
21189 160745
63640 69328
40547 145772
29547 130960
52498 136351
21781 56957
10729 66970
14186 84053
82175 118190
74736 132447
19756 50517
122328 178737
101988 192752
145162 186912
10624 40775
130630 157772
73353 158765
105039 149180
86248 101956
70121 177388
93432 141418
7121 149958
5809 92723
28244 168133
33854 71232
161462 179272
145374 191966
32078 106096
5978 119865
48150 156120
45830 100938
34892 42338
129626 132923
101419 103826
59721 115749
167083 184047
82936 119463
76345 112291
55854 63064
63109 92938
12284 30889
178414 194148
2567 139657
129036 129467
122321 154037
38590 182558
25403 194312
60624 77539
73815 156382
26667 63078
64697 71086
87958 198663
46546 194648
55562 96695
5159 116154
89188 96338
72603 111451
81998 160242
19994 153739
68377 199126
59434 152239
82241 154693
22191 184857
116606 188227
55426 111917
23119 34202
86746 151111
83995 180972
14950 152298
14878 20132
6315 92193
33160 127361
66239 187477
90237 90995
120083 173873
96867 133065
184408 195562
89756 161916
23544 48734
170811 176309
71521 176241
106949 184049
85110 158653
129651 166056
98528 161099
82180 191161
70535 112775
29144 193236
119197 183470
37800 95056
151183 177981
71661 161613
6930 188750
30914 38871
88798 196397
52791 54828
92505 98219
133003 197765
777 188507
23266 56592
28100 132242
119385 135728
45224 135203
38130 56298
91237 120008
1170 182186
19995 62982
101190 108561
24334 174861
101021 146086
79838 127368
29795 178565
36557 115498
143073 163642
4551 94611
74255 188742
37734 173050
153791 162182
41337 163297
154902 195141
63246 68822
66162 194536
136879 181161
55841 75065
163552 199136
107851 149016
93297 196000
46828 148587
79801 141595
5622 70953
21716 139487
121331 199723
117548 162533
35362 89760
6096 114406
145663 168510
125024 138887
66832 162648
37454 166529
6667 9508
186579 186903
46835 103258
36910 37857
36372 74476
10895 165224
71190 110096
2354 74992
5110 148015
61490 169631
25784 37310
83784 110681
22649 68417
6384 55880
16749 64219
15418 147336
20695 98107
29518 134262
165378 194336
164692 181187
130330 144450
12498 72054
55 98369
32118 151014
28186 101263
33459 127886
5453 21478
43835 97783
46116 163204
126811 128918
100487 125429
70590 156710
17195 116302
103264 114636
33914 195044
3963 102853
38274 68590
2162 110144
146836 160992
58137 121869
39204 52302
10269 98233
134473 144721
132678 198280
80270 150874
64085 97610
37717 183928
53908 149259
9335 21285
22196 25476
52608 154428
37806 144397
179059 188563
32119 173310
137231 184174
147476 168135
63959 133309
20306 80059
37976 83962
9604 190607
80000 143045
83717 95977
103699 173845
86943 146222
23333 187701
13639 21538
56082 123463
21214 76966
135092 188882
2160 120983
134485 135837
42440 71040
121588 153047
120511 138381
93674 171326
38417 79410
31135 50195
10945 42838
6521 50467
173304 184469
14493 175874
21533 191982
54600 105717
133153 189147
47336 163510
947 54469
37702 126694
89412 114944
55356 81273
77591 183748
4514 78780
7921 133229
14455 125834
171105 175268
114358 128198
98139 114575
105561 115303
130683 175334
6298 195829
28922 82177
29759 86289
119101 130595
25812 144004
95 138824
33927 60301
12543 34202
14718 57013
15831 129171
95752 197772
50228 187807
38819 80632
87795 125953
59725 190390
29093 34816
152604 171002
164061 184902
14273 152831
20724 151988
149375 192023
42505 58519
23425 90823
136554 150592
110896 149589
2126 18465
4249 124189
118997 151728
169173 177891
58048 136568
56831 168602
4061 123657
29232 127707
1228 184032
24143 101596
19934 50510
14406 104779
68521 109833
109706 180157
62067 131978
162268 164771
88127 101450
53224 169621
20745 190002
77482 79638
126038 179554
1698 116077
82177 138003
58748 193331
39737 154127
32570 116312
67580 138941
27281 71394
15177 58748
41339 123578
103462 164654
6291 26009
16097 103807
40368 58644
67834 187869
39191 168448
5771 131783
109895 187661
190460 196226
17235 94845
24185 106024
44989 149199
138310 169194
48508 90488
23272 90912
43247 90875
74323 75970
3299 160862
163548 186250
49282 146005
26100 44522
6469 106732
79343 105759
88570 184647
36429 39948
124816 140118
21324 62267
40028 82739
4443 40863
38177 124648
27197 160681
69376 101481
142677 155194
86662 148429
164353 164953
143642 148491
136456 195346
10623 84089
45875 131815
22417 86886
154180 180230
75295 108656
43334 148049
7933 11612
48640 86110
33800 159283
111173 189931
102231 140017
62252 175746
141542 161081
34483 56121
58126 123053
5695 128170
107681 163824
140443 168307
90374 155845
107481 132886
52620 114674
101573 161152
91097 132318
10772 57606
116995 123169
25971 199516
42658 176838
153866 166682
89441 158107
20931 48299
145682 191684
53090 153863
192417 195588
52552 109325
13877 25099
77605 133599
29039 62810
161218 180844
39166 144262
4331 5211
41061 106414
40731 73398
50664 53234
21431 174752
65477 110437
19988 139023
109899 159908
23085 160160
158661 158907
2315 144333
64411 176041
8012 104590
80711 152831
29306 120113
51553 104256
42918 110096
28424 38871
18104 120277
82658 173217
96147 127507
70110 169716
11517 177082
26658 52453
164433 164607
9513 179025
121907 180378
35682 61135
118075 134249
169534 184411
16362 121719
94019 159019
106573 108306
89911 138657
2463 109274
37074 90130
53661 94285
5949 148728
39684 112021
71838 195860
99457 107263
56714 179000
17278 141410
102348 135311
182195 190097
3941 145119
20181 32871
125314 160097
59204 172340
39097 174965
127110 191363
108249 158838
69349 144418
142931 193713
161784 196078
46233 53122
19079 77168
112111 132664
665 73806
95138 197287
8644 15179
79343 105452
63600 172633
39192 178110
100423 183660
62033 181113
14235 43236
83124 193752
43267 62989
46942 144884
21320 40864
119277 156779
19699 73963
59625 157487
53800 97692
49779 176106
106154 189747
18582 87338
116743 193745
44876 87111
87840 193532
88541 192417
54792 86025
37786 88698
129597 175886
87001 183671
33052 125760
37702 199335
6206 54844
73946 111545
7963 41437
10014 129986
40328 189892
95749 188520
134374 170319
44015 156107
37734 153401
97842 111413
9305 55175
50634 148214
24901 102694
7423 72902
49672 128630
115733 198623
48571 48801
43919 159339
16325 106655
44366 57811
51203 165030
71944 115205
134833 138241
37525 84439
10146 187482
20694 89623
9899 115953
40605 140962
2095 122462
371 35595
7273 40568
141603 195419
47128 174536
60069 63354
145106 163333
17166 115407
84726 151851
43612 117804
35537 157477
35043 156554
11388 189787
92111 156326
140992 192372
46057 119800
48231 154391
21527 177363
22807 199882
49107 88638
46809 62810
52695 122819
50410 79683
23736 28790
35499 83730
22382 121743
20961 155788
22507 118120
156730 162206
111463 185617
147586 198967
131693 170979
17533 137764
36483 139969
152671 159289
88176 100831
98378 128026
5518 153205
174898 176060
89697 118271
17015 168693
17888 164735
5919 156407
3520 194784
90438 103108
60610 106703
19381 69438
26782 153567
168374 184719
125510 141153
14454 162832
9354 174102
108354 138098
63187 161304
7752 108792
47456 105834
82567 163270
106470 150260
27856 154037
32177 117123
58374 196524
103358 169037
97809 150171
52377 105797
105664 128888
12978 76865
36861 72409
27731 144539
113107 148653
603 185137
72943 74978
103675 118652
35862 79787
146382 165291
93296 165219
67969 73754
151665 155168
90995 119398
1751 66597
79178 133247
102697 102755
104874 128967
137405 146223
4551 157045
130258 182873
34833 173762
89694 112816
96056 165744
10972 117855
112236 145985
89033 125913
184 71238
55012 142414
72866 96479
5862 166856
85398 153342
144750 191516
58883 132888
50405 63160
162446 178565
28426 111668
122646 145326
137593 182137
48032 198116
40007 180527
103863 164693
43953 63512
73450 135280
56207 62465
185534 193871
3210 89960
27855 84884
47486 105279
42075 107676
64218 96810
25917 131517
167515 179700
63402 172457
106223 141529
82133 108053
86197 119623
826 148502
48647 181374
86661 197261
54043 129863
50177 159605
19716 188345
21716 80489
104569 162913
32709 65212
106402 162290
52937 103144
66249 116328
90179 121900
79307 175995
118411 161221
143647 150536
63904 184501
74191 198829
191395 196175
162128 198906
71251 106328
152738 171580
31099 75771
4751 94238
25194 86048
63929 180984
88958 199737
58824 76959
3467 7807
9258 164049
46493 149415
91367 112862
55982 155336
506 162440
136197 199053
44330 175602
95687 179146
128955 135651
91796 177627
152726 178991
139826 189697
4414 49673
82887 199608
42897 52374
46626 89203
5075 135574
68745 120864
24826 36299
119370 196394
3360 88599
16942 80460
36309 142245
78908 81824
41072 99485
17178 171930
57984 135036
190643 194644
65922 158067
54937 116204
50578 108614
54952 142878
87055 134360
34971 171105
108119 160645
111146 183266
64064 156085
24131 159112
53119 144026
76079 179160
37275 63374
15125 63269
87572 174595
58465 176379
32893 134309
95953 108697
143164 166748
100181 118062
49498 174959
8713 108984
106128 136920
8624 100490
118717 140799
147259 190706
78090 156928
149482 155245
52155 79974
5595 7299
30775 124020
10734 97342
28655 63633
114049 127895
823 28307
2663 18844
44533 180225
34350 136445
8458 156349
93268 99898
58997 108468
27700 112139
65077 179419
9028 199083
11555 100831
83829 153352
18500 34303
91776 167144
59274 138474
124978 154839
115741 117276
29457 29700
38658 97916
73132 135831
7179 137460
41468 56202
67119 83330
64722 96963
96784 166912
168994 192065
70002 186342
24937 162504
46630 125641
43673 131034
67257 128420
92581 100357
120400 144668
36198 103298
84386 145198
131644 149658
12454 15062
79607 167856
17801 153718
100608 196685
33775 130680
2757 73536
56522 65643
37247 141750
105843 181057
105115 184990
100229 116653
91872 163808
35543 65362
93115 173552
58857 84138
65870 114358
30571 79828
72710 93513
3857 199407
155793 186382
172048 194832
191383 196217
160555 198757
138478 178292
27785 78765
84176 118588
38238 168995
155223 187329
134473 172049
52718 65335
167466 185275
41049 139072
71117 150958
115689 189032
98101 144991
41005 138604
14868 99922
141041 161253
26913 151295
11327 13463
20287 122093
139645 146420
33657 175971
159554 198511
35536 193060
49781 171577
7342 167883
12457 57665
71989 172967
44075 145518
40529 178515
87931 94577
122295 156779
86988 113806
64739 97773
72038 87577
161797 170553
87932 118233
27051 196712
111234 118145
25877 150536
15470 47308
74822 83256
101891 182646
53804 79400
62449 177213
39670 140718
37352 122682
143475 151024
21189 119708
171034 175662
23871 63933
55767 116426
12636 46472
37165 196758
35233 173311
38814 42838
8056 67521
127432 192996
53141 132403
26890 83722
62156 66080
61656 196424
42357 66869
103926 164790
74965 88249
31179 86456
48661 149104
101641 111769
98551 184124
77834 185090
45005 99485
31428 119844
2379 26753
31915 128546
127300 191391
81292 89634
94113 165360
57317 140437
14983 77028
48026 105701
73866 125475
69706 77878
13109 58302
131551 135655
6588 124404
83049 150914
112575 134863
58961 153154
23243 23703
1754 80124
116513 136744
20328 107530
64287 99618
144370 180754
18424 53212
126836 148180
38104 55494
133504 180441
120487 174691
2070 116127
4406 126720
91473 92891
169547 183254
54357 158008
138230 168493
97108 159125
59002 188527
114575 178233
88487 136747
95845 142934
10945 79050
41906 88464
55286 174237
92844 132994
104199 154459
69224 113934
61466 132521
44402 179911
90061 119816
30760 89379
125064 151323
87351 132613
22481 195698
13832 165199
136582 183926
62284 155930
44019 172163
50073 70139
117528 173647
23116 104432
67941 127088
49118 179626
46275 158073
16364 121753
88290 110071
46589 160086
92423 140877
38595 90484
62475 163807
44203 148103
28966 70357
721 99395
19654 172563
73996 141916
131362 167144
95742 112202
19642 77417
16499 172917
55928 103356
10781 165798
16705 25080
178059 192423
48190 175402
24645 58512
30463 164961
135764 172574
11422 28849
34581 101399
60443 99478
186632 198020
102911 125227
129570 149628
60498 116756
52627 69527
59669 106609
117236 197769
107319 117485
60707 129177
79685 96186
77732 82523
38407 187255
40651 117634
17648 101846
42888 105790
66693 146307
93227 148435
75988 184883
86533 175381
103923 154950
20046 172092
4580 56583
11223 98867
64488 102994
53826 176004
171223 184282
15536 74952
134514 182670
84537 176970
72332 116019
90846 114174
35386 76127
22337 81677
66757 134605
42073 130363
82705 99916
18766 127657
73540 190978
44632 69129
56444 168842
92632 96172
41336 145281
6618 68730
124457 197812
68935 170258
141028 181603
110245 150307
58404 181433
37188 62214
26957 65102
32403 191495
6294 61193
7499 120501
142719 191707
109246 170773
93053 154512
175980 183174
21163 164034
3848 132447
43735 176538
24287 100783
121714 162229
6598 120451
26907 52161
1196 116302
26388 149810
34309 193261
26762 34863
71210 187777
50334 188758
122549 129307
63191 160698
118350 166055
21440 168208
29996 112928
46295 54774
97425 130750
17030 164253
40420 179991
131540 152116
33539 45292
30008 170798
40273 70915
3080 84857
63586 84493
43019 115877
42514 137593
101517 147743
136141 163638
192575 198948
67491 79560
9589 160635
45242 140944
133165 187554
95707 127170
94106 103948
57387 121921
130409 140647
12092 194151
3304 103818
52938 60770
45472 83314
123031 131898
13161 22728
12155 195088
59759 82125
73258 101467
23228 74543
4475 143728
1902 172900
27700 144857
44496 175428
183244 185976
16602 129459
132435 150645
104603 154893
8596 174831
127976 176888
16973 19992
4570 173615
66890 128254
70297 94680
27947 109799
53111 126808
143068 161331
50963 154365
46572 48502
31833 135062
128235 185979
63348 136297
5529 68309
4934 116398
56399 192622
274 120442
169069 172577
24732 83358
27416 139964
11515 41559
627 54712
143044 184337
95617 150717
16455 88408
156 107494
47477 115961
138772 178516
40016 191588
41980 68692
181736 194061
58689 152375
38524 188095
22388 190491
58165 176823
48925 63413
101851 190807
15987 121569
149152 152221
87198 195267
19178 41069
65667 133172
78591 190114
9529 37414
154325 178100
3323 171511
152890 178945
113850 185678
126138 134610
21768 68260
74657 139899
29993 157374
91794 154262
23642 107232
150026 191678
33234 168616
91070 123507
143492 148026
85402 89179
107774 171327
76835 183532
185008 186542
43391 70030
24698 35393
1149 198582
128362 136064
81429 128620
47576 194455
77195 126927
17263 158514
168742 170538
4977 42866
138260 194723
56685 177910
129416 185637
30136 46420
13793 63564
99277 110694
5708 87231
78805 181913
107575 184059
29679 197876
45800 130489
22027 83365
32289 93722
49887 155438
128878 171943
79695 177219
69191 192974
49556 146714
87017 110313
61158 126196
65738 175372
30616 38474
45583 126155
86073 123888
54959 78333
23669 93924
133486 161837
94837 117633
32515 160654
149092 170297
80618 178676
135226 157009
79600 160563
110385 116148
18262 127033
7616 112629
99338 103525
94483 199649
40588 119150
43180 81378
14394 90703
15665 108807
86257 113689
156815 193203
2194 30679
32342 108654
98512 120947
66505 97740
126758 187372
35951 83066
42889 120597
163473 169383
105703 112218
81201 90497
44145 152873
1038 148261
138898 144367
83627 84411
113384 142504
39736 116919
37401 111234
98674 141905
100636 101687
35463 149992
162322 169903
125071 159744
58044 176590
74201 157772
55365 184784
103329 197459
45231 175894
104230 117634
51932 71400
60750 73491
34928 120240
158574 178677
83258 191852
29866 114824
157749 182067
43166 145573
6193 107530
122768 138405
17300 53313
149640 173522
5380 189065
1572 6003
10593 42362
103589 124622
50598 169430
21222 132416
39736 155038
67240 152109
2549 185464
127765 154968
123627 159831
51696 112636
152282 184565
166235 193654
24370 122690
40900 107516
9053 32504
90374 99728
38145 83042
21058 155473
152530 189697
22881 36185
111068 114002
164560 177336
42354 176004
59283 70515
33213 103858
22283 170168
68423 71999
37548 145900
88140 162232
2399 23684
34594 68010
38174 43435
66661 135976
18095 96513
48638 171041
135512 171840
184567 187263
44155 170694
87346 118723
53182 77154
8268 94922
107517 133830
33443 87190
27721 174775
115983 170667
105317 122635
38648 161558
635 18535
121540 190942
40043 159958
31106 33329
116121 151941
13245 145555
49249 75706
86769 129944
64601 179340
77365 109729
9975 36215
6921 91488
38086 53547
42531 194418
4888 31780
110958 134421
72311 95607
28189 157493
81991 153246
57259 114734
76831 94736
136251 175843
44709 103794
126078 199799
143156 187478
8143 76162
121417 181490
58841 178137
38289 159076
113289 124493
13767 171237
82156 125217
138809 175346
91925 165637
46898 98094
83371 102061
73762 195374
42772 197071
1514 117849
52212 125326
8861 147672
8653 117667
81942 147859
67023 141143
77829 129600
68203 165167
88386 152258
62882 75516
72348 165480
97212 168864
24610 198230
2157 29564
12013 34594
168135 187467
45405 87142
4075 191476
80680 156489
28391 99218
31496 100009
167007 189374
56593 87881
76953 86098
54300 123323
54110 111408
63384 198093
1143 156752
75772 143806
93535 105256
27505 193135
145186 169810
31532 199720
28644 173819
29984 195762
73834 93795
88776 94315
65265 165570
37827 83464
27630 172436
86955 161985
144072 152121
163672 196228
9013 82726
62583 190587
24006 171134
20198 51826
97685 188688
33381 56713
33914 173428
23678 91743
1021 199882
2900 111834
43790 84146
5660 138133
82081 175023
76186 135577
125482 145938
15189 88236
165477 186808
3548 50743
30742 112305
31428 190986
134675 188877
89333 161085
12153 110674
64841 168567
50370 142224
96422 131274
9988 181187
181624 187879
98400 124765
50701 106887
10802 163667
75240 164871
1470 131219
67077 137610
14511 114686
20828 55835
9306 93881
77083 158978
75957 123426
27012 165039
90802 131329
112426 164363
20745 114307
20153 171117
121189 177525
105111 113115
75913 105408
25912 196929
10411 112746
32650 78765
68908 190281
13013 122603
28733 193935
48496 140246
48998 121856
43680 116181
121723 194851
68608 136093
191904 196305
36131 86260
124921 139432
124747 126328
24719 93687
50729 97062
38593 196331
153098 166982
42576 167497
1655 3301
60059 156518
124583 199348
125997 188153
183697 198937
20830 122179
68423 156939
3721 188802
46459 51308
169580 196044
12260 59553
29340 62250
130695 183524
95480 146843
5949 71684
119260 132879
41674 105296
103254 155153
61656 88430
87088 117621
55721 166856
110066 199482
38810 164021
44678 100747
60111 164536
102527 154100
5590 61304
119673 180754
10186 194257
360 63226
78103 173860
105293 123055
186173 186435
91612 186625
41694 155615
28781 120113
133177 150889
17314 193532
8551 75476
113938 119673
91473 184034
25658 158842
120781 182712
122931 129591
87646 152489
31534 98489
22396 55000
33493 43579
5640 52354
520 199409
72188 186048
84644 103932
88956 169504
55331 175633
48246 91382
108154 139452
126595 132935
174181 185510
67366 119134
3180 136271
44823 75553
101211 137649
78595 165916
44770 165299
2488 110961
41103 138642
140136 190559
88885 91976
29947 75201
46007 50637
98695 191197
10180 40673
31143 77248
37493 140740
17347 85672
26786 54707
35807 90749
24893 184079
68629 121157
169564 194592
10079 20889
52352 87209
111831 180157
52460 58161
29665 136317
49634 157086
149327 164056
168768 170968
151588 191861
75354 113640
68102 74645
101712 140041
65439 187669
102944 180260
51631 136189
21354 119200
130793 185161
5015 149415
80887 152795
18502 44851
92492 137926
101937 116653
137114 178945
490 82327
11931 92088
117485 186209
41436 47495
40143 82118
1810 48683
75538 89825
5117 169654
158991 174213
113437 119328
90055 191966
63288 138618
16489 72702
50699 141945
27817 51359
23840 179012
110095 137833
132214 172867
78752 97689
122405 132012
55331 154053
63337 168964
119408 183885
27141 64437
28670 152547
112160 149929
70953 108766
16382 44393
29634 62197
2536 3062
55459 97755
50110 127051
54958 153111
64906 150979
151562 170617
60490 131559
20923 199274
49856 186808
134055 186437
1921 157474
2126 88309
87389 105444
63191 95453
54168 90124
49089 73988
11367 35375
78236 115003
168956 179063
71411 87983
93475 182387
53766 122616
95265 111651
13897 95465
24185 126312
134230 154832
15157 46297
124881 173876
87586 124870
8629 126517
68576 69959
66000 66049
2177 34398
59820 166616
8984 110741
116792 168414
86349 139197
115351 122678
146457 191748
4758 186974
117400 185539
150046 157474
46286 171905
45275 181748
77901 133589
59038 114514
36754 62792
96436 181831
136140 159332
97768 147143
131544 186228
99385 159890
72510 92634
82722 123600
75530 174126
127033 152813
95375 144590
185934 187901
14972 100834
113704 140271
168872 189596
157418 175809
60726 151988
72285 93168
25099 39488
13240 62885
63787 99990
11879 27347
72133 136087
47200 94679
161 81998
83805 121887
12080 56368
154071 161345
29889 184061
141296 182530
5499 162179
26924 151431
22500 125164
99294 149196
33118 43174
20525 168941
97249 199830
105014 118466
104743 137585
83135 139687
46477 65208
102375 128458
31170 148487
42966 139108
182948 184133
180674 187435
57831 176539
39940 135647
102358 164655
63806 182293
137559 170779
116985 164330
31906 181647
33573 121686
25249 120552
3904 183258
124156 174129
7571 193932
4024 94307
101254 174147
170022 183303
58977 90593
71946 130493
115923 171601
63168 141336
28406 137926
70983 87011
16930 70979
100786 128455
32010 75476
25967 175995
74019 111072
5876 140161
23409 54355
20294 143254
73905 143739
29321 178421
68698 189810
9731 94326
87327 195993
3912 46506
39618 147736
112007 126620
7728 59498
125253 136402
109009 120649
827 131531
118042 199651
103063 132791
177139 197729
9335 86981
32948 79409
10681 155977
90976 150672
27284 106715
172545 189473
116337 124982
7710 11926
66997 162639
77644 140799
8641 129323
135381 172116
64074 112863
119935 155737
30749 47678
156650 162905
32634 138543
7171 86088
99356 155485
38862 177233
41050 129786
2190 43604
71119 157457
21816 146239
130631 192947
40455 128805
84108 115909
54265 176124
112694 198372
12590 146203
69346 174044
118079 142115
27577 50134
5462 59019
53581 87001
89581 93014
108366 137007
169347 198905
22185 27595
56197 73074
12370 196800
6344 66266
116206 125345
118503 196234
149176 195955
9918 33421
50715 65563
81778 125426
44264 56399
72952 174729
102805 172600
2999 24874
133808 185369
83159 111747
39158 80680
33369 122016
31262 48553
6714 129102
126085 177588
57497 58299
10597 95647
10332 32993
2398 26054
24436 35695
94779 110622
32072 43576
47352 122378
66883 68730
19451 101848
38342 192887
48822 77911
69040 69920
109379 125134
550 106734
71084 164484
40021 123382
15965 118149
6946 155902
4096 98629
1173 74468
47646 71137
3768 99734
162171 199502
5666 23184
51167 187742
97303 157017
3348 83856
31249 107717
61358 83652
174695 186903
57676 189617
1737 36702
86441 153613
89769 138283
65104 196255
35739 126080
55750 198817
16316 29717
175540 194406
22586 26786
111000 125491
47869 140818
86092 192002
59128 153319
126720 161959
136226 159870
173923 181480
175266 181899
92975 166432
72332 165990
67027 80409
74602 105035
56446 111278
81018 93913
3495 198790
87965 184618
134548 171512
139025 185831
91134 117119
104066 170901
41833 57703
73604 180450
146466 147669
78690 158802
28609 129334
14643 183133
37411 45519
5656 173836
182223 189034
28388 80206
64895 137304
57355 133591
181729 191290
113920 190739
117417 122050
58182 92025
190460 197019
60544 159990
163949 191763
91130 151236
119829 139891
124697 149560
14411 145754
22720 46592
45075 198635
2394 108807
126945 171084
14085 98809
46607 77894
93492 132666
154753 178455
60707 83538
14235 17046
98022 112336
186235 190085
81786 159289
20289 40132
14265 77479
41285 57512
96812 185339
82943 187228
87128 157870
56312 167673
2292 133283
82505 117352
12387 171584
948 113992
105850 140618
5206 189832
119116 122298
54648 89221
111607 152272
136740 196433
42782 191764
54965 169134
64929 129222
52775 68887
56643 82880
4501 56505
118259 121656
99002 178824
5176 143966
110272 150753
27929 33927
47249 106103
22516 44332
18829 149248
15287 44593
86803 169248
30827 125542
9516 160877
174599 192976
140776 149267
60117 78401
15600 54036
99346 197616
67272 87082
191062 192627
100732 110435
17301 156576
181043 193187
135692 169444
69457 78476
81496 152895
165686 190614
63611 117699
136251 149249
228 73707
169545 197409
109209 170167
32911 119315
21460 66860
66995 198827
50793 64745
33353 83170
95541 142325
132773 143604
31163 77400
101757 161361
2550 151623
132441 155707
14666 60451
126929 140837
31469 129112
163644 179383
62867 121190
139678 199395
53352 131490
39739 190061
140133 158008
151014 182292
49659 76750
103485 113790
23757 123485
58511 91832
46673 106024
50966 122810
82232 95869
34200 51216
75883 85557
92829 186570
60152 63431
3676 128207
42129 157506
16310 108486
93049 113906
105717 166639
60146 155644
184049 190458
86621 125417
12950 183701
59343 71982
64304 94607
47476 87675
46938 163152
30680 104394
193939 198508
29290 110911
24919 110003
27733 177786
45124 79329
83732 96334
78742 104139
116177 179581
37185 170470
136570 155321
29570 144494
18402 184567
100302 112111
64441 72217
115330 180039
23632 159289
9829 186310
5192 26509
126156 138898
101907 121449
86379 179959
33115 118041
59987 128285
125847 155004
99123 194703
7628 96306
37306 52608
67638 162708
7829 194534
100056 185302
47740 183090
73326 155646
32012 182728
138533 160757
19710 128260
81072 162370
158615 187209
52347 157251
126436 196177
143221 151183
47040 152693
72286 154009
122734 182062
12078 34769
13270 62887
89063 144890
118191 141360
47838 59933
110791 118939
51185 114629
45135 125452
41030 107694
5782 61454
77470 137413
121996 171291
100585 128806
150651 191705
134135 160417
56320 76160
35942 126157
13711 88298
98324 142389
59196 88585
74507 152763
89364 166920
43304 159748
26423 167416
61688 79640
66443 154901
82193 92706
109853 184501
42765 122928
59249 94716
111358 121431
119731 127037
65574 186901
8062 166516
88350 134401
20660 51991
78869 180316
31793 199855
6059 87421
50868 192384
72886 84619
66226 121556
161524 176236
48207 99529
75337 123370
65557 120443
61497 175979
41422 161801
109042 141986
188 82358
33950 176574
112882 194374
80981 144836
101579 161124
16895 167619
43521 62385
160769 184914
25203 103397
17147 86072
44756 135584
114927 194527
21607 30828
133657 152709
168024 179710
64923 130985
22814 144231
42089 73806
52478 102973
76633 188841
168432 169806
70985 192192
167990 171784
79658 193928
35713 170036
2955 14529
23210 116713
128859 185090
50967 83995
49618 180835
58503 179555
18928 31137
5019 36295
159062 193881
81942 131957
38010 71029
76177 156076
98667 145328
42795 153353
14157 175984
103013 110669
94977 176156
66895 130297
36619 138452
84191 96857
111026 184508
104282 188821
18948 60692
31757 153267
81712 172165
20662 141264
20741 26710
56077 111781
16816 141735
32005 48938
26917 113399
129671 180777
76997 85042
32895 80590
46290 167942
131266 189668
12757 121339
47249 66329
40549 159036
137275 196939
55286 112963
60070 130288
22947 67379
29019 144373
116926 198217
61114 175004
11450 21829
103426 174775
26015 68412
38055 72961
70742 103826
14957 63625
115761 197460
144694 176075
84317 108247
81303 127515
34038 134166
34849 125820
70535 193165
50586 174510
142515 198267
49919 97064
14773 192772
26693 31897
74030 85559
86575 116284
15948 91144
10569 38317
61363 156587
47671 192118
57341 184193
10581 110420
112724 125984
9513 13358
116356 140841
8237 17019
27424 77032
63514 199870
83546 131825
53690 97841
127909 176093
10543 28106
51070 63023
185698 190648
174868 186169
14012 14304
48319 103732
8793 112181
54427 108130
114424 152593
88328 150958
80372 128014
68687 129688
26728 95775
174025 174044
43143 165961
124876 160604
91790 139420
93841 99190
110896 156408
43388 91976
119822 190390
42007 131749
68762 188284
6232 156947
110612 114095
23268 26094
10114 91081
34214 38428
168155 174203
80935 149612
23432 124705
42308 188047
139285 176201
21409 92683
46014 93073
61 138059
19099 22375
122342 123177
24199 197861
43229 141331
76223 80372
180253 196585
172112 196743
59517 175754
9235 14564
11243 15670
38320 60957
46656 163449
100760 145868
16961 193731
41603 173705
128216 138225
44660 62210
94217 136962
87669 199449
88650 169710
146481 162121
156773 168962
2297 106152
116946 198783
142436 165319
86896 140345
22777 112144
35255 124791
41383 76858
81925 130486
43878 56508
75964 197940
14407 155463
56708 65189
162202 197518
163589 185085
160959 161142
81631 162823
28489 164403
120515 174912
29108 174428
88842 184123
82915 186001
45776 50712
9538 109306
120305 168073
91690 135568
93665 142459
158169 166439
106237 131232
116306 154864
148105 165152
63316 167577
60978 84826
13427 180635
4295 52098
23877 149484
12743 99071
6410 29407
39333 131147
125153 196323
44193 54790
6628 109567
172473 176223
131764 174862
6294 195359
11038 57206
79512 144445
22052 24621
160609 192370
22650 155052
26389 163794
62735 92628
35871 129214
52306 192065
144694 145793
39135 150094
39109 63260
66927 184329
55707 130508
52789 81791
94207 179230
37309 52514
34836 80873
76929 176361
29800 39467
6793 139009
188652 194250
10199 71294
6489 6746
146203 147359
18458 185833
67462 189367
149588 163618
83903 155707
46652 170496
24919 25211
65064 85998
25728 114729
78705 185152
94909 188324
33957 162908
26810 164863
87577 199107
27218 85878
28531 136032
85630 169607
4693 153353
9159 158132
129024 163577
12095 135719
59794 154973
45472 145960
8264 62320
117606 155848
52902 160561
92676 151976
118510 192301
13740 139062
1453 127425
100221 176843
22288 101974
39772 76410
32484 40064
154627 187381
159987 189970
78028 128561
30148 89632
33077 53046
885 82173
12512 123754
20603 69978
66369 138679
122280 187372
143795 187852
154686 165858
82823 92830
39326 44752
5662 84133
55764 145686
88944 105598
44802 146562
8246 112816
95415 121099
29970 76845
40771 116175
47981 139473
23631 124512
78867 152430
41603 101538
51893 138807
156242 174129
47650 119363
21872 169283
117134 192649
42282 162675
47477 58626
34322 124944
192004 199006
685 182717
89331 108984
7507 52016
64411 97971
45792 107921
28094 118563
99819 194440
105531 181786
8129 67576
60486 136403
82081 127747
104781 188612
3123 12261
51778 117460
64532 187099
109828 183612
93086 101700
8467 110468
56328 108707
55544 60321
73517 81106
60559 78528
19110 118453
39398 54484
45145 118647
33595 78745
59882 61276
109836 185724
29880 166232
40726 143482
88557 89335
151097 175435
96850 174752
140351 165398
175435 178006
76663 134971
127889 157811
138286 183956
37950 40329
149624 194493
10437 15098
137218 141385
43548 118125
42572 154365
4175 82915
24421 110437
35152 101557
59487 170207
21602 121975
60468 88321
39752 97360
120494 142513
65969 97954
25701 52474
78210 118697
62818 133941
69811 136542
1968 59066
22244 116722
66268 173679
49439 80816
636 8644
88155 102994
47453 82297
11122 28966
23333 127928
2077 162764
65288 121431
43479 94186
5382 122008
1183 178021
76088 143177
1281 100889
22449 116241
8028 165506
9616 79418
113563 156445
77752 184492
50817 91278
89662 129055
6325 81097
35474 94278
24921 126811
59460 174240
7681 163064
24781 159097
359 70345
57010 151226
109089 178189
119480 181780
38661 62925
46925 62053
126423 144064
6146 176347
185339 189346
93229 185848
95933 104511
75844 154355
58030 172902
65184 102100
35832 188145
15802 169435
62085 99995
59530 81708
47881 169774
62672 145659
56292 162843
77758 196758
125546 149588
104436 139599
67156 95426
34373 78870
98851 113488
107514 124608
96656 151002
27018 171826
79641 108967
107761 139197
156968 164145
9513 150787
23031 51432
55423 109481
61964 157275
61060 160490
78934 187372
447 148215
58884 146464
70194 166842
44234 118730
21836 56752
17153 125154
91094 145661
47582 106714
23641 80756
126267 129398
17079 81659
21222 148620
8551 107802
23794 79535
94041 127665
9523 186851
61476 72202
105056 197164
167732 191708
28647 135192
89836 186588
79970 101508
109443 178741
9327 69289
27991 180555
1019 121368
90511 118408
23933 34947
102243 139368
50762 112045
60029 150310
121116 190742
70825 150520
55665 96039
119723 194011
99514 109009
108990 196759
61386 85782
102995 135299
151960 193881
3711 85212
108701 175545
91324 103891
47037 97992
85911 150469
157574 193388
130949 142339
56271 64989
45952 153683
24777 173323
33268 112069
159677 189810
2387 149750
10496 194146
1222 132604
172554 185397
54493 122756
42185 194225
19079 143428
9295 72279
31780 76010
143473 167780
147794 194658
125884 161030
78773 110636
22524 117191
23724 95213
90144 100182
125071 175339
131487 163786
20446 121550
13807 189170
125915 183191
79989 173294
68437 74104
97849 198680
108492 193138
25414 76516
76778 174068
1836 69185
43589 185995
50154 160326
62701 199079
45490 99049
118791 152428
102541 112322
127635 171410
75291 86451
65800 69667
19468 82420
103364 141224
140044 143428
38769 78584
162696 189999
96960 108249
17386 152026
12682 119378
31346 199448
10765 135228
155459 168263
33240 115788
112715 130619
79152 185545
22667 143965
98409 146721
147567 185332
33474 131600
103966 119997
1336 171741
132920 175390
78251 88947
10620 91366
107214 129040
73163 183169
9076 126224
134742 137981
13427 20999
49900 167361
63624 105727
64906 84459
6930 185993
58122 169226
8176 197424
30448 189147
107108 142912
55658 158800
17979 28176
120970 150292
137555 164146
12459 74219
152628 162278
59770 192786
37055 123489
32817 166224
89462 101632
109299 158732
13353 113616
36535 199824
18190 72258
67637 153398
68495 143964
55478 83262
38835 65054
50396 196397
2202 125163
147362 191745
17782 189065
43496 175894
143664 159788
111880 120454
42103 121172
11310 125700
37004 198467
54002 114415
150552 152632
37025 89987
59307 175504
1187 127125
26762 120331
14246 40731
57894 131079
103426 198188
70463 85212
100694 183334
23938 164981
87669 133545
9630 189875
110823 159151
22583 131230
100519 138934
40248 87349
12220 128351
37988 68287
43691 104057
73155 165589
94572 178966
89564 187738
30611 40472
132439 169512
63036 137300
78891 193937
19104 24813
105433 187245
40518 42236
112466 118262
115682 149790
24545 118895
22240 144726
65344 84906
47015 59901
98668 100414
22583 156319
140840 183873
46038 95248
156478 156864
56603 164094
71684 121619
5277 143569
82992 154725
169738 178499
56754 153055
57635 190915
129870 181274
142417 153827
89262 194094
124901 187091
105695 162349
47834 182345
62225 79837
9864 143679
170890 173576
86589 177372
55066 135664
42114 123335
151097 180945
57387 131934
28491 131597
42084 87584
32342 35787
6586 127037
172112 181192
101001 176283
136432 159261
23337 128256
76147 120967
21320 164444
49395 190333
134158 162787
21599 22103
65591 90944
65520 160851
14605 114475
33036 97869
141001 180467
17262 21395
31394 104665
13327 183777
23630 41484
124461 134556
24239 133805
48026 113184
68345 133755
133875 136914
64401 197992
99539 111870
8477 120722
55442 110808
24969 72284
29694 72702
156947 183681
8278 184149
101375 173294
22399 147710
38209 55103
38427 143664
91140 93765
46485 174527
15997 21010
144695 178292
9256 53975
43429 141278
162853 185371
56415 116634
46826 104468
166691 183988
15025 61462
88508 116482
1737 121530
40523 98909
88544 133652
122216 167273
1104 134771
7397 149686
111662 178421
38727 126864
33369 57333
8861 82072
57475 199502
8619 134541
168446 171769
138648 165985
20078 74067
80650 155531
5696 164890
63119 108701
13273 102396
43363 140977
126078 146027
80480 182457
3226 197054
28760 179025
13811 24707
126012 164898
22920 140793
72177 164699
116109 188324
162899 175700
71810 118511
12434 43532
90033 190113
133554 175850
140738 168225
15028 125094
90553 197442
108978 173308
34319 103715
51991 130234
114065 167718
121683 182344
98470 183591
76478 99815
18750 24815
65092 114657
126524 182456
26498 44246
62468 155586
142439 199412
39016 48619
87928 88798
98745 145595
134325 197729
23460 26124
34737 108347
163134 169052
93474 112963
132079 188570
56915 101792
121112 145293
107930 143079
165180 195094
48778 62449
6714 95177
33701 136798
30284 187413
19482 88683
79217 143578
157687 171512
124037 124480
29738 31048
74828 191294
47869 87563
106736 123294
729 128530
73572 122598
93163 93450
55147 195718
69285 108965
95820 185872
56911 163111
144858 154839
333 149383
16766 75417
119310 160690
72554 121734
18716 114326
4760 121618
181176 191977
26678 194296
144725 173953
30943 165585
8552 79152
87412 164572
93030 175105
113573 193334
62478 133049
2228 178414
135447 158574
168292 173922
50493 105512
38864 107225
164116 183234
51773 68812
17116 44896
121625 190758
82883 96502
119601 192361
10953 111280
114595 136533
86786 114730
10635 183578
34763 79260
73049 138198
106805 126493
65029 179230
114917 181773
114949 174691
23087 181618
119379 142390
108432 176931
79202 133376
93478 164605
79012 114918
71584 189730
808 70454
32073 186677
24567 179226
67588 125914
158419 159473
82679 96480
23769 120358
147775 169381
8 94518
48231 59792
25564 166761
28231 64586
127774 131979
90912 92570
90661 112892
23584 153200
14242 45195
165977 169573
134256 156150
17778 74949
171512 197018
131990 140652
79620 184401
63053 132031
3837 18027
54548 193970
34619 123071
134360 150901
59559 133321
96129 125345
114164 143661
72977 167540
45625 145073
49210 54021
103858 115791
118553 139330
4318 156877
38691 72014
84432 108917
75277 99083
63803 130407
95787 163656
25715 142061
54320 109616
174666 194731
59333 76033
180014 180685
94903 153374
155189 185954
86485 184014
138673 166846
40285 160573
52667 154634
103863 130488
121034 165619
32011 68868
88782 138497
54862 130703
19162 85695
73493 94784
106705 163285
50762 68067
78928 174906
95686 139432
67898 105711
49591 62704
75430 175545
50070 189240
8254 163279
47225 184189
36960 191078
57900 180836
17958 162999
19099 164217
17263 85584
84378 144273
149133 185011
165411 197444
129200 179142
50102 114861
83519 191272
73089 166796
161462 195573
63837 100104
16711 160000
56328 109965
11003 98960
45642 64602
12416 15982
96280 172129
22830 102583
55996 91258
158637 181057
120582 186653
104182 184022
67119 139199
3829 29910
57038 131773
58028 110837
82367 107439
132294 175545
121392 131048
34110 181189
88132 145955
14227 199207
57740 149866
84620 164749
150984 168070
83431 156752
81178 112663
27555 163524
83611 164014
131407 191428
29791 188707
4403 156870
150429 185042
88218 167907
97342 98029
133577 193490
162558 175561
156955 184501
41020 103151
128591 162210
153679 182860
39403 103543
88727 90394
47213 80378
144445 189644
66130 67018
149117 173707
139317 199573
168410 178829
69481 150075
46763 180861
30083 115395
74170 147938
15038 43385
97337 109335
17150 148695
25494 82544
15668 91325
30714 46374
30889 160943
60497 184960
1253 194836
24020 124376
46233 180239
165623 188554
163163 170694
84386 191331
9951 52620
8066 191966
30440 134748
100147 168830
125647 163386
195644 196166
23441 49496
7648 140240
87997 163036
136175 196712
75713 167263
35506 158829
14366 169339
90383 146727
45003 138860
131079 167148
164872 189877
162872 182311
39466 78692
131597 198454
22709 187440
9574 31858
22984 131208
120840 184587
73248 180115
111458 167832
71119 130901
59666 169444
116651 162749
96228 199995
95977 150760
36324 98584
23607 89996
28748 184839
65891 165003
21602 31299
20233 21086
3878 7299
20737 53623
53435 112973
32837 112271
57941 180540
77220 98685
5527 81971
29071 66518
48975 55875
85622 180332
10890 39639
58843 73473
107877 134230
58518 157284
118122 121616
40107 84598
21095 26834
132741 169454
35672 183958
133966 161307
77128 140553
24566 81942
104000 186981
92953 167955
69811 113478
75439 182062
19690 83121
55690 111387
68106 142412
78622 96084
17481 40494
8304 124499
93587 105599
28882 197749
39583 110521
92430 192531
19063 20574
42968 169021
144714 180121
49672 80189
76708 147251
54587 83577
65844 167132
30710 53224
36812 118697
71669 185658
153677 190460
37780 137192
111496 181804
22761 86444
32407 80464
99021 113140
60146 159448
91349 121574
4700 65890
110237 169454
16520 128733
170451 184562
113010 177423
72461 95344
92695 121276
55751 62283
65761 131868
54986 116417
78566 179305
71986 146895
111267 189295
5020 98643
13410 127724
126359 173033
36141 74556
23438 97348
45810 89255
67002 130723
41050 73013
22875 28363
21634 198786
72114 137435
84241 181433
11437 149505
22384 102095
37262 125598
128041 155053
15511 158604
4707 53038
42598 86158
133346 187730
63868 195766
145594 162051
32635 49003
1851 149194
124673 154345
5520 176301
171620 180351
74931 76940
4288 160969
52753 111290
124849 138124
37768 149461
200 163015
26823 54548
74010 135018
98478 146414
31914 185597
39114 58521
19404 60679
109846 195762
78173 113205
145796 196572
101955 137176
73157 124180
48623 115235
63827 132214
22830 151480
75936 138061
6446 54091
80609 160888
18158 162890
86809 125844
10647 129860
178095 199051
46425 163642
65530 155309
10191 155703
57450 174958
19738 87342
20696 21629
40120 69689
156608 182046
60197 176445
125470 177680
132171 140685
46962 98488
128468 136036
70293 155392
7238 76602
77870 97944
16456 172342
15070 95634
66796 92756
78205 114794
74351 115718
74540 144033
128248 168640
131687 185011
44784 48685
1406 37310
116032 134370
46462 61656
44835 45751
12848 122716
7444 164331
145454 149880
28588 158099
720 198272
132081 150619
19298 114049
45896 158053
113261 174086
11515 115289
20059 61165
59086 142308
74048 168710
126901 129334
100969 178990
90300 178922
84875 147186
34863 135702
92633 125746
6396 107819
89377 107016
188873 191267
45899 183894
105656 166034
39382 97620
30931 162069
116438 117101
45213 82758
9460 101227
95819 146612
26119 191948
7026 169883
5014 51576
52361 78717
4245 64062
100411 103325
13065 121957
155284 168510
46283 160769
12584 155315
14989 177146
113928 168022
41983 67164
79877 142998
144102 180698
13374 163972
45538 102632
48647 137856
115639 169108
98522 147266
11912 34608
98265 153283
87548 125377
140885 152918
101954 136643
61054 103465
174988 199558
86266 162832
65555 131467
106481 182431
13810 168650
18348 148977
65907 92099
47938 68132
32767 48397
37187 80711
90538 170681
82273 88731
29129 141158
18704 97729
17217 140884
42116 101097
28825 141080
97290 137100
91214 188757
35586 93050
9243 37070
72767 88686
18567 160086
165853 196980
90090 177121
94083 190381
76750 184517
98360 198229
78550 86671
108620 164262
67881 117552
73227 127518
121467 140246
66878 132076
16431 48459
7885 29738
11243 43922
89574 164896
29629 185971
19189 50125
137791 141735
112306 170317
32453 192301
67248 191240
25998 83088
43673 115521
47519 142719
45909 177600
57134 150580
43564 129657
76836 160937
133758 156499
80612 81134
9287 190776
133205 184453
1600 60322
90879 136879
25247 185675
5626 15206
76286 125203
158020 186674
28142 58305
151317 178583
67743 173043
139271 185584
43688 169973
7785 129902
160910 196826
38807 136376
14290 145928
85796 194052
97222 104499
167238 190869
17730 112444
143150 165983
56708 138440
78842 138073
75829 128978
24800 60813
76599 146586
133342 187425
119233 131273
4133 24995
14574 171773
43418 172776
128258 194625
78225 89212
84115 182781
29995 40613
12420 65139
145060 176241
128360 128639
41592 148283
165281 188366
159828 171325
88083 97397
88011 161326
29555 139577
12769 150014
2527 20121
30610 159130
23158 75236
96700 136201
145228 167954
10344 76660
147450 155000
42399 165536
153385 168990
26935 118402
93895 151873
9996 21830
37423 169417
173455 176305
119965 129088
68256 78586
71443 174501
52675 80905
81605 135587
130898 164815
90762 141531
14524 177936
10765 37799
8710 150561
81799 111209
159550 160988
29440 116748
22676 30323
32193 146754
112193 147708
6601 176752
32710 179688
80513 187669
32533 91990
182605 193558
9501 199798
83722 102619
166078 174484
66513 122497
114221 174604
9367 155258
154353 187859
23043 91424
139555 164989
2972 95869
145686 177726
62449 109016
57145 139343
139852 197208
21163 194335
119913 150908
31294 123345