1
100000 1
795285932 957970516 585582861
93349856 634036506 453035110
34126396 31994523 100604502
234760738 249817734 542621108
646412689 28492780 602632297
213500298 768820204 697808098
753041955 585126461 450455977
236696312 482334538 632719211
298704996 869119330 933404114
6977991 814763202 865241839
171432881 749621470 453778756
365341213 298362082 166944844
231191390 819795579 361415646
109747451 99585092 407943839
103848421 385451171 909990148
369319644 648245888 284027113
866647391 46654552 783543540
493303705 575770529 134031070
990307112 406448196 84611066
592749116 314797776 890566476
674996843 664130526 950746571
925250736 388302652 619927151
206468299 756528252 74684276
49203558 710026086 244703907
830075810 310727955 85675980
918390409 249957310 930379756
108449460 408157429 298471886
486845604 682560971 895619255
391735568 174648506 397478786
381469012 224956459 719595113
286665249 753573823 733953718
695822698 76667861 654049436
681802744 183758720 573528321
782893941 262863730 175452091
496348124 407437181 289854268
993631208 687194506 738908273
598020238 235809993 735098955
348195935 905005353 824970419
833223566 60062915 245938494
882403818 34467368 864411347
338715135 430747414 287484583
71069472 226541099 980472440
609004943 940992571 770854579
337882805 228306011 703771909
536045484 424806516 949921299
981987993 690256940 492688426
153407200 284412919 149926919
264814270 799925830 602764446
578722458 282116655 802099969
627694430 460027313 964029981
626563708 428853029 388690725
235493870 148532577 547099690
529908599 97613238 811514914
50590821 924602213 117734861
164112119 673715057 171779360
850488739 730661141 453290810
640389325 68212356 413140753
409760584 639830322 502564736
568132202 269953851 594021782
924255163 12327652 730448745
773869166 122998994 731980933
950034367 576567501 806248900
286501362 825276600 688227492
365260635 119778234 315143362
466825638 169820594 487182120
3484630 775340444 940439931
772751234 282811832 537500247
818150683 191825997 545119047
979926683 114257751 934712197
671410971 320452650 903735581
686066793 545098869 653876785
213579170 164109919 401486939
818739736 173461957 579153816
836043811 990456049 569462919
986224887 614068 643111853
348059918 524636385 20912992
120117054 997612044 389747629
943520428 892994062 866267851
330190783 257109965 62196678
258633898 942755630 609194872
84564737 91969690 785879795
521828280 876198296 74316370
816690353 571988889 822308461
135034324 137859287 708402051
510330567 590347116 177303722
284602384 566585408 936767846
651325257 454340903 227416584
997413271 579064766 810959828
783757514 740739735 215984311
765523129 334702822 428414718
721218382 697801251 400957212
470406376 965953266 555742829
484779555 129927269 266186631
241266931 68747287 363016614
22585366 631691672 594768704
247083812 631832764 236456621
7721109 76228245 760038427
677641645 63215224 245824373
72370545 972187337 33729406
923026480 354794895 76082500
552070932 255555531 299012686
718309417 521209849 230035022
578998028 142068763 776693898
947451608 613152854 618702544
507526654 260916298 842478695
507850824 867043303 437077308
204451095 101281557 104078666
707577342 462837684 380424119
454814084 441417711 501463916
927537643 782839238 58165865
723019672 701642483 693830224
105675387 65082363 432311310
781913386 364323393 859629660
925213847 117326729 266992705
205718272 204235259 575832441
481695135 150519597 452991960
197018781 299085574 496743109
268227631 938972143 991348895
80943908 475808013 867607278
924866553 919087451 590907304
105128697 54318806 700235246
580451872 897677788 15846122
100140141 994678970 809134796
911280105 253810544 178575192
436383774 521453189 516854671
229509408 928411292 430613729
968990653 62959284 176777762
406919288 2314313 419212169
284759615 994841203 841889393
843026227 488561518 306284028
454200826 747959430 784374109
841128035 596751693 710678904
771385010 522559454 166211829
203901283 318587604 233754555
62795957 621890096 789991777
582177668 65452690 803132646
336730606 61380746 53839920
627255918 511947770 539931481
987184409 915601010 570292350
169042105 61073976 545276696
86019028 914122100 199528037
73574218 638914080 72972420
725003955 925371323 252548261
433550699 128727266 955938726
611684318 264371717 621609600
638360085 42672287 665055833
88029013 450139320 705849060
626713347 606907788 561333669
339699535 279995032 219321646
719112790 769005091 337352358
256287095 285201412 424971817
140529481 721221887 693101194
322119408 490941149 339492674
997525838 807308348 77892576
10002396 492080329 666964667
604509817 107354053 78663096
577280546 228872698 543189555
284756779 142224154 374745382
945820704 73864104 944109232
262298393 396776692 306002884
169379374 470497096 895226828
583275843 755420240 324825305
656783995 866616964 702201721
567945747 8399996 717112652
877358886 595499669 321455482
712308209 111225158 942881649
144193987 283968123 123940587
955321749 114929002 797163846
594019365 166910922 292431670
302533494 649431082 226161867
770530217 368164906 218610946
738194420 681007818 915808162
283450553 542678844 524557080
269639388 972097649 975128350
908496944 54544899 99104722
681057736 454811020 890505735
297083132 47337803 3807155
358153605 827982963 140466536
684095277 281272327 173497327
795890631 474417266 592362342
757704655 459225330 602269164
10382761 120123666 80792472
948228268 741976666 970585914
160045822 585823118 38684919
896139578 396442646 625464884
593269304 159014493 461479973
136843584 44913399 330989881
391541578 965274018 854829815
924172364 42836793 965212976
384194737 225567963 732363533
267930513 716114302 110373808
379759538 837643439 601170349
949332407 939215632 436344399
666430218 804745462 165950383
994031334 998452141 254194771
928363301 174484941 858872154
870559510 190108532 946413444
442697755 26614158 192587044
790880074 992660672 356681425
840081098 999455946 442073642
861393416 719307302 927781681
789262019 870535450 266467544
286480450 170937380 845436943
752991721 116066793 410751046
936481956 41580226 921907485
505399561 238836384 214289692
876803188 986180220 494246837
375442872 327696198 881044229
853995721 935575986 244378798
239362341 25409494 708705238
207371533 427849588 352468587
299147754 928091906 74539964
830353157 299708182 377040284
688785773 546970178 429151399
729627019 905874275 575757257
355569462 29635852 123847257
941712822 280477683 191735734
623403479 285042337 41078352
116396351 640563507 466609283
371178705 782269302 844420824
336808455 468574364 650911797
549136331 124173718 413600440
965835850 619106699 204095531
273506211 47659674 761052404
468213197 1815992 558260221
993828765 865984448 578158427
737507241 772482077 796662826
791388192 720081872 211564862
391079829 463102056 75133802
713219781 988670177 354549587
669108025 337064353 712306873
910549476 133815413 772830248
966417932 322468580 544518647
332091877 716070802 438508549
350236225 432074125 748621833
317457352 595295870 136674237
205986733 451450815 713962536
407104143 727264603 803303363
969380073 186860433 660904107
611072118 323142470 436019893
588343096 895205588 435874
326283245 308071259 225681936
461588882 843702118 622753913
651397897 702984810 346012478
499277266 474364121 474765466
725449223 229460134 548868899
508079792 852266893 967635537
854725078 790232588 182204745
707435606 91048514 304713332
553462378 712807629 679615069
664926227 359905654 100273738
878775497 806528433 252188235
722408848 333310361 241206079
866040317 213814138 158220114
26226563 49621604 262897676
510173760 656350429 912398903
825159146 78198716 488999385
445002643 951482263 676205431
618121922 208773243 771318048
747704681 412293741 530833445
429123992 261976301 158453521
704436922 738328947 5953697
958486184 806341966 923891022
826830795 950761026 114447237
835822550 456497252 234978881
188856883 863406382 747229579
556152900 498806645 53921577
598509918 267574609 985125921
910894217 130307805 490122159
143171768 860514523 498906879
716806128 570298515 600141462
639362057 340696084 810943524
957161300 475209597 657830420
875106572 772314530 957799499
542001424 458209399 891816852
973727854 588273030 478796089
963369870 170894498 798493949
925023116 509677794 483258726
278304807 807214179 265471644
901795907 684683755 297760792
822286180 835021998 559741412
520332086 672966010 256888294
294846763 472309605 83197117
766162966 306798268 251785565
291751878 360613550 343285529
958880263 579984033 86519602
148578017 161953189 248315126
411281012 745122940 164073400
758511779 229730155 68965204
445461013 437656494 355281184
582624278 500282414 446434187
66857303 222086735 894310083
451125671 418197538 971562912
826561919 627150493 746812123
20972273 919909014 945597897
822050912 618142807 408431021
512153089 6330865 377698143
320632895 809037759 418744974
916382757 957392814 897356828
449920675 577909930 802638839
788807316 586405096 858851904
647737533 964017593 236801619
524232414 235602191 293062061
467975319 521454127 31165166
417532243 360916347 718197581
729223044 856998797 434131719
777583839 177215428 902486082
501856351 987350298 137039296
668143326 573510887 28955006
973807454 423076025 635540030
606011277 711890569 29100607
90137896 690147183 460219456
145706210 930774552 495744935
195130056 53992714 279340713
407059676 351492250 227268503
488229686 350948014 362388455
817364173 944506245 407083673
298775766 807464398 893271900
452651788 270874491 896478772
87946147 504988121 20812641
804258674 579196799 55926488
375767056 240756713 698086909
73678414 838842599 699816232
43226844 809851739 33318206
265518424 214061901 901115118
21882877 667154083 163619298
256135680 135528741 508482316
718825964 122824732 605557720
234037646 499326438 751044796
275139575 823450567 396098177
180162221 650572325 652027025
803079055 771330207 122978730
835147672 879717936 175842194
333975497 116070149 621358005
27571992 997385005 334961542
618257024 727296111 974985653
402982778 425904456 767741192
212954978 81600593 635760237
741541582 891819497 673496394
260757540 109415691 748605284
829445037 323821937 912995414
734717549 644687060 864929067
129981882 854942461 607665448
840348305 44097647 372807202
572030854 459967386 710303128
397897455 74041730 543271261
695294275 366394187 13585139
912224883 451034639 882971099
526350075 113321496 465492204
388896443 682454310 957321378
889817696 493641365 759466878
164272995 467600762 189125618
787906704 560221300 698423334
289998761 661330848 867797300
987431941 577858758 831764920
519151495 499154414 467694547
886625773 784933416 636164778
288187517 346071904 914520040
263598427 891990632 93053577
299496923 946644279 484044963
261846370 805817775 498976917
611871397 655338677 717461907
406936666 361203124 30816384
530757561 913703651 348981305
195249057 523502759 227761953
380990401 856665975 277403790
365436049 300281010 945236377
640116562 752890318 945008067
296641124 596776072 10899674
554724287 205145276 91926217
259154084 773174285 436398872
524606470 596115913 814073098
258045858 741536135 511201082
693532952 764334960 527015393
481223755 851405188 18514813
99915275 315933049 237937327
434222401 742800803 261246928
328786222 712921644 624440558
396232693 508159580 594287057
570073085 369106688 456881239
800942073 590975123 355184454
377753674 754684750 487205269
290894296 329233929 269942642
247538338 129553265 774473159
206785808 338817025 128370927
797662466 575379544 818394863
741057474 198803134 205665554
232341238 793070706 519904272
296889215 778017216 633064117
816267011 563324548 640799178
303867539 107939087 894027897
208432166 318092217 244258191
387493096 192673892 324557359
15191689 760229059 573523188
135917419 294539550 48872110
58546865 594164665 313679331
748846217 135591568 684907325
932503106 808304440 527076988
110152642 937075684 13169872
616396766 305307028 504011128
514015466 472949775 365830215
197958983 55165334 271096600
925267987 512957813 122500131
882739959 70161976 430256336
528008852 79545125 619571745
675862179 737071174 57562304
162915636 160199682 870957171
604344408 326240903 91462297
266493008 127186396 599226355
820814900 446863451 651028618
640086326 849051496 664021648
242329714 832894596 561107986
408427798 483736219 975499151
475368059 319280490 923596926
631924051 460452529 327899537
610561240 666823010 64671796
654586204 794664845 106551233
818982730 223110563 671641650
226586581 284161612 709129316
87174381 168638768 257553274
186630878 592697161 80600295
168075622 2873038 438642403
483724666 740206617 637599912
504564682 312737284 35046782
248545713 309350265 759088046
303566540 754827139 922995699
487512424 76428684 738073939
250636897 992041933 284063364
845923902 849595796 671150922
633281747 709939880 863187150
212406764 456489494 123240112
584719405 241387305 695392488
159976144 975399366 285220694
887588450 152725050 76675731
64035859 178158234 851078441
330295664 638923667 804187231
885021282 611181411 989122949
309893263 471537429 133523720
503260608 739462365 326515425
751333320 432190231 292322121
537377910 579800791 530208579
470040006 86373782 642136977
42800191 955010559 463887247
788699799 346090161 648232591
268830491 27772220 98061499
245805719 724022357 897603725
923972954 617615339 630418447
22275263 821155204 721856853
881994345 289385259 618740490
43198431 819382051 812037475
188109614 505196410 557233178
699552991 474840200 983625664
298668350 194872482 628492896
468027936 681594897 874288855
527986559 97970787 504669821
373620340 438460431 357887167
344733679 719550381 112313264
920983900 172684373 354123990
442000551 744826434 532005813
309471503 711443654 429982328
873559879 816580415 590661740
39403247 488365604 94553481
337710224 271011200 347112584
124469868 829517022 433979662
928690670 552543518 885758835
1235946 706157458 933476226
582605435 496043327 443721204
58201193 201415220 556670062
388457631 668548027 812224654
535252889 671527524 474637858
816033628 55417727 218568997
286749454 589720101 140674381
996081045 309268943 470423569
945801848 749740261 520455331
130380269 30998324 676481264
653770973 858256589 256943695
762123506 170057261 333665422
591458887 14682844 592975437
438076670 100082623 241270488
903452470 980250995 121827951
495475899 126128312 695472980
893506934 165325235 535126623
769446962 313383963 546397165
757429971 293587744 446129354
896278008 518079974 507042130
261704064 490470737 591916368
155308128 411872350 204666325
989848389 643576792 545719501
801325519 944169379 146574716
927741858 74958005 296618390
829653607 848262678 917418307
445541033 364938258 845805127
545179180 286874458 881058292
2754426 303696046 779591310
320571903 899232921 630219579
622687986 708605988 525747313
929066493 159553112 479476614
578296492 520057604 370574014
356954682 592616814 819128302
583503591 405026213 488922557
345505799 933727701 202563940
748933239 256415500 613963047
411211819 250785761 919136931
832734539 441066404 46865930
341639230 799621068 507854378
757232668 980788168 871243675
409343829 414548900 712630453
850826208 881270974 700100071
163321843 531855083 39749508
135555899 539331014 633701411
356476596 933833605 107765664
938654765 907354172 472775194
107064620 564735673 977579311
490622789 16479358 775718152
154785699 440211187 935157154
703066091 165744099 80346223
504111692 839156387 284566044
363527356 669219685 743785903
426794469 697756796 86237917
914576023 352794611 915194536
724085842 922711647 572972597
408031980 340012324 673020489
771716956 952880024 815401487
523929617 936714132 580911523
38546365 662992051 73466219
252082631 677703980 734868441
988840091 308570854 244261532
801834280 97044071 465973314
105702499 816440738 680481547
755797020 936924823 107918827
476396216 178632824 745178074
321549249 970044206 31081879
49382425 348294647 854852540
60257560 315001254 384897084
402482554 462446417 156304376
262204999 570335494 442437192
607660630 732077572 850961305
193334613 182518553 187979290
84791618 654436820 935056899
410753814 665408938 733510170
258589021 534366139 980142695
626160204 153671484 249310440
495155950 684944881 272706093
493460064 274154962 716014770
10090412 965195684 863968184
499561877 967666251 308842146
727579147 586905284 169625036
79308612 474303740 371048258
630900313 321214426 686055206
455598254 741218491 268540924
490523712 907638182 324400672
213907621 413061224 916261972
518840705 114518079 254697684
409486794 614097318 385429460
617199615 317690559 750845198
317001612 23557463 891246046
706768884 424993183 294721069
8695125 607661655 928859046
736371599 835705734 799582079
52660856 977767507 651124015
800122509 533356861 894253959
970829345 969518984 307298630
832945529 857769526 247087743
651831074 861067882 378301747
235154329 683563240 204152670
666676815 269108475 727744047
811294971 774090950 824065468
707790785 731062591 900157628
146865585 674576271 104328975
970022337 673728014 694002948
42329671 331714152 846764061
473330302 35824891 622312633
391766764 786365312 141102355
96779973 976705430 316872439
350811990 802601465 446143048
188592093 215601773 141905500
844511703 579184667 941092399
392836532 569998399 538798023
980849170 292624015 891713190
176678230 275919523 981452587
885503942 517380166 865960427
316905717 801611993 934581620
363692735 863538119 123662532
502866993 80852074 151136695
809763993 242251928 923568933
726197069 777621770 724138175
426717340 908111216 863919401
598409868 392747974 96961971
848988297 423671208 14945047
283960237 576140134 132702394
488322781 395765839 722443971
804245086 721920438 281493671
627666622 409123009 883063850
685637052 398866784 116335741
724600232 251064359 506244434
26870011 665233376 949439930
602806585 352194058 982748549
655070775 237691219 695411453
67878777 682259766 884607950
498503464 976447539 752775879
324474225 697115550 438404342
125279834 150084428 48690765
39956218 326808977 528951656
124683417 104359116 252114611
952687430 577186272 145668163
417305280 487096273 398370582
719929088 797940629 747843987
580027275 450033924 630651895
797005281 780179899 165917699
950705815 445478870 703217037
106323670 895171130 525432379
661051532 438211092 300368694
35128844 741183219 397853519
233291547 476078963 477488537
253524015 918532650 389431174
106681214 736243579 394422907
584615760 968188935 692377512
385123110 65015165 427499187
296225446 203805386 131167999
910568697 884968439 488249062
98433586 711642514 227746886
689024924 686650291 641180590
22932394 54308262 844814262
358102728 261530104 135209737
845011302 606210987 220337809
73669588 891010113 821581473
595076080 222433532 629624046
231875999 873008988 933828358
250180427 352788129 831471931
158435089 846799779 966937834
639930411 3044648 297721596
921706559 155357534 139577989
580051935 269137895 857397689
187364857 118032515 709805235
930341337 27681228 141522640
15956152 384659715 848239575
846571918 255477113 632276010
347646966 16944811 187095435
284936197 56263020 136105947
796413702 452002959 564880035
122030010 800651998 68244921
511365210 481331845 835389432
388736388 551085057 637444033
117095851 485337126 540992677
237887233 660465943 46562851
780871219 840983577 975764688
930913658 707491789 559903980
323873102 491819409 690781796
33447745 65310776 514302907
909779886 431233244 457707813
736691577 115923129 526422169
764935082 976783824 476271425
78910051 965580338 86748119
345864933 653154389 159272239
70525764 135497187 295296179
670355806 679760958 628530544
588793237 764668242 349165212
408992977 641444618 569681065
316644047 487173220 542831335
650072069 461923010 106492059
851580447 753529912 122851168
915679227 702992685 698916441
942429870 825667446 591991695
773995963 929315303 230879256
461784080 484853393 953580472
245343109 444328940 363925049
888434627 486940738 428133274
446665485 783415470 102097643
335596237 458234365 335569630
714154134 273685835 401902658
163894795 737468465 991047637
509241268 72083844 97951867
893108266 91659287 100105056
463723880 103685265 799496315
793276164 400126515 871630639
139710404 597398528 64404084
629712082 602998820 603102938
353954673 719421270 131244840
441102414 379673044 938028775
714403943 805611583 454124989
932106843 983379654 774233009
55239803 308839723 644685429
335489452 377577220 111240259
620535283 544830077 228426553
166140258 705165232 517746926
240781088 909754443 116198604
375932035 907712792 597285504
394665673 123357166 818841563
299110343 616435189 242836476
866747347 460755939 907478447
602332331 824024405 878779150
667570850 658819288 724750726
690092970 597794767 28189836
653903309 997596658 706340901
890626742 744609017 287169808
31088245 193720285 293421844
754517058 818630985 331769776
989493377 364883950 376908532
6556040 194782734 934007971
153815116 608082645 705818425
430338918 74716780 152336745
795609471 679863265 32917811
98524063 801131404 569601448
230997172 403935666 450791704
487098457 366034277 169016920
397341481 334618074 774807770
348303473 834120892 609448939
640190407 91221925 948481449
56488296 167052653 169017588
810069356 663398699 53432064
723668399 87597497 292168202
475788930 710751262 455282394
521475287 651842899 474641329
444726404 293310667 231465414
810614025 550127661 122210617
370626529 461616250 119066986
304133583 728230915 728519068
636873048 522517939 565791188
716328133 331162800 48766522
236779871 424410834 643520276
58821683 8253947 219497661
323646570 226810757 823935280
147354744 820511515 274361983
310791488 352318696 128832213
8299923 534063428 802100304
462412302 188650860 138712095
408244633 571855941 755561271
247079497 537152602 599924859
894807263 717311263 865650861
380284107 77390472 426351920
925312439 796760809 45421708
468387228 20123575 493657365
989090635 83604337 925683580
336146289 618216692 460940492
615683222 434245762 761818706
687346882 448495473 310864588
123666470 434900128 22394554
348717183 184547422 860413104
663706947 494025283 893381017
740463141 987595250 388536370
94628740 468915703 906758176
113669678 261259074 467804106
632295732 429979713 562600500
84446671 424951250 934718473
333154770 800801837 364549612
237911187 357629711 836571442
180531127 82011731 548127255
679919809 122435172 569732591
547556857 208202515 972727126
833468715 375138838 376990466
781017363 879339361 693039113
875139327 158580752 253691745
110385522 157243284 274843786
211818984 186293158 646820987
164142683 816274954 815133660
703847447 80909963 190209201
829839316 674254861 530554118
498165815 810080036 605306363
815911873 622199123 482008349
731361497 992303073 947091999
606118438 690407222 682146375
670575153 347042200 927978015
673469560 339451556 162089272
472191734 73321814 503500181
474817290 677944609 325150964
855052486 294928601 635032128
60314355 377895080 544748834
79661615 333297890 495792218
485238820 40380477 61085229
395928981 893027458 308246619
82389284 692205349 927981407
918364265 96955134 660360225
637888347 544459924 412834919
496832859 623123952 595192667
850207886 793410426 961940357
44047803 482897882 976084958
869533218 613811693 699905142
202120588 345236735 649620068
510702777 538339044 161985842
66436383 483745511 111134294
870768982 965430081 899126903
368763500 766990485 90547712
541755366 693773681 185283722
42028540 266012797 759803019
470039364 471825556 562714327
561296425 654773573 170452446
390732457 400346767 985627126
303754671 415985367 438912794
831575232 363318956 728960875
641975062 56227043 847425963
677409303 695038832 359327003
70772317 354002758 101474984
599108439 728404274 415070154
305100495 270578414 777103091
914362309 704980312 973178063
647145068 937676901 161462131
357944766 87512088 625711790
712548074 151857566 984349008
375617211 333108786 704433388
749987147 710962214 420861681
138460786 638920648 761104727
90966348 332411019 600138002
404456327 690945624 850040559
352699013 873150512 137217505
719532005 754658900 890087914
793253262 735958147 979733565
565210546 100344359 693663866
719896690 454629125 545985356
388509962 19574893 389336282
331642423 193555835 229987621
366932310 822653967 522129427
206164050 243248743 147709679
166371119 82855381 317604347
906698073 846237594 108599066
545127678 827720428 579574436
896703082 793112954 948846500
565359037 40531056 710741110
361597989 941019569 822816526
663606238 140712839 641288486
404499880 165627642 174211616
194181873 892649957 743937341
827959968 670809983 868704078
969219482 177746324 774364348
469948247 46914391 441156077
391163514 726239153 772649234
255046107 476954730 655621841
305939035 807873857 803734960
841599226 482032731 251258749
573390109 256805216 332288618
868253265 842211135 503601664
970635050 896696177 208323285
394966219 728326405 612483158
473087862 495725097 826178355
302550088 835504321 410032406
539991949 566355637 449533634
174008639 877130288 214423806
860345542 649252434 148604290
937378677 268438908 56027635
688460744 516030284 938575923
398585961 595433590 110154881
763860982 908269915 553953485
913932588 133871736 306084084
90060226 819390458 172134062
292907427 482452834 972065142
551208305 158214411 892329618
469732588 98476695 977647253
238411494 876928440 484394989
949863985 375364113 999086627
28636900 445492166 57184151
425689202 539026034 401538092
253164777 414642708 87623171
402559419 241096660 30266145
342185272 999466711 106389694
901058675 767407868 697889971
360015275 849738493 156819248
147746438 41127742 308034406
985046632 890949719 507294618
747401602 892398092 149027517
814799481 757563699 503703167
481682167 660725160 5638424
972657073 85068029 20405269
274796224 231557515 896534803
160545470 589274064 780862406
653780028 566690337 454466340
119385981 833409017 309346714
255164255 323358638 130833665
51270577 256022467 450784243
686069196 852442674 668737754
490822013 67438668 119032752
898386592 971894065 536687537
640743666 575583372 17647321
678556450 553380476 617452511
259779090 771531100 154164462
312750915 460891752 1679695
660146764 378833337 258303887
612745501 447286055 201126777
713363254 717490291 91927283
562087258 387195336 72670118
564852025 584203557 544738967
844403809 545055605 595016134
21833792 419246503 937732488
504803700 46744734 682546314
415410649 400830389 272354893
802425085 17439966 383426624
846666926 72541521 370228863
258906986 786989426 705560474
674585778 111308231 828393291
624813934 789401015 812477810
357039137 143247463 47605080
378278218 586277792 363512350
873498494 690196540 188000513
891617660 836597989 735172306
498885034 746668526 513818935
678321204 195719504 871339002
144796859 67753684 768847524
833428091 491429705 39711044
315081566 216456682 47036629
849447049 214179101 951110186
44996163 338868427 332941445
553388913 427589822 875535611
583074770 508309128 271993587
39321248 808839964 694604127
205195749 307209235 383298103
925714196 838422254 51329185
929643817 704086195 356401418
293364102 133654018 858287383
395157577 469172971 955078872
429520110 798120571 472163615
960609692 415156661 364037804
200593456 532794158 743102880
534211672 394435754 992470805
856084565 557568201 286389162
860226208 88703430 780697625
455803043 84747224 462360908
646879296 882982227 193763673
585698675 315429295 344898148
110163669 85973340 352101316
709656613 317440983 329097422
478798403 647060047 770584681
457538651 178933456 740629322
476642996 377470703 480101819
45478504 780411013 934195297
978830811 378557676 660191749
467013808 294801573 686624943
849842840 61587757 80574838
720678212 684523874 436164913
390102359 550921917 860170255
805196831 729511584 171784435
33436988 153308283 911251731
652376434 728092377 838927341
470484488 37365109 135538456
72191273 253398109 835924516
692738367 393342201 388856231
411086777 609074302 34773472
649715626 164752975 729137330
483100677 398320110 399446327
476676179 819355714 82555101
616243819 147848992 568503222
394009507 427385805 337568796
697460535 299240862 268018471
121814525 27824235 789924866
199767568 535844374 555924752
415524530 980908797 603091482
126444910 281080560 832111777
279484009 755954847 479182105
230393232 656998124 306635834
745156039 984061731 527422192
214939857 131680929 145737277
915715259 79512774 485377142
185388355 964949256 765975088
477934499 94264587 870281936
732215964 907871490 343154754
717087513 373045064 761863296
69727803 590554938 582152066
311774120 957060109 322076028
914143043 169119969 764299201
761888313 995707053 751854702
684725186 186928799 852225000
388149273 546272321 240777602
130311939 215801027 850474042
149117905 254193540 848656610
530452018 28222260 387509692
594875990 614478186 396115351
501873197 862925204 592326390
139340792 657074545 949452394
92573170 70596494 332098383
427521016 769801588 771880418
513962746 564461415 441087900
825884151 439625898 884053945
617294720 79189225 134568604
340405868 689705810 79634081
483156434 500184588 730261466
555511084 369919929 137798236
942702535 890189659 837800943
591957561 686973497 631130400
195381429 824399252 138548086
464520346 539945876 977869850
932235137 59499094 892699085
133316990 556307931 164299106
326551245 176799196 173910700
346454337 761639583 242096876
371539452 557162259 960919391
304994549 908314405 84675178
269085407 210777576 681887358
591461470 294689553 134400576
671112648 325155441 659737342
572817675 100317984 539633807
688255012 181071418 635449477
623464439 165564833 183825267
707309035 670529419 773773537
968516082 649762955 362516271
904659703 992061988 605180256
44232045 886090690 927477999
30465806 87212377 48814238
688755699 827878967 619303396
284172112 699145494 226353775
823515952 614327645 447306651
663688866 686111573 32519237
534764290 954553132 673412230
585809361 311032572 689242701
324371087 518558050 262935648
864027324 866884723 735503313
436038528 319367188 486989309
78354184 739393192 64331134
169737590 472022811 446270451
519960692 498690974 219068042
365278987 651396498 154263081
335632899 925012552 771336275
342863363 788340979 924252660
370838810 428118701 140409084
816757816 397864507 552955706
603068400 114014134 342648079
259564054 500871106 131556899
287195524 482750043 266200875
151266214 103950725 54337019
311612760 412477736 927888868
660756497 448968760 266578178
929116851 968848875 171476207
873465185 351581531 620286733
774305759 335775088 203832812
819395339 171092615 535008544
552681586 501238919 535539154
943900305 331292818 534047267
24885365 96689473 422240582
542716859 490947659 258480413
231009561 626360971 378918222
52246275 54267347 302104065
531388604 641580895 947404799
905002919 702506364 722113500
505288784 306819991 576267306
8780419 909644407 115424112
462705171 143811545 947529631
283975609 781155839 392750748
820184955 432990767 392922240
48578655 430121245 54930149
612335251 603246271 209009538
389256938 594018597 309883716
78954113 414838889 541440255
483564328 820772671 590404558
300347789 886171278 669200551
730572478 656102581 127572362
138151258 103810954 422950895
400718660 853514394 364090064
598967370 392566853 810637681
154905897 213736772 646889670
546666136 430986098 536954564
43223380 48644109 41783553
147141682 766213410 357599735
863251765 508678910 557629251
490687732 159923818 650967273
958992851 553520069 150088694
352150647 658276886 342019016
174485243 421931770 661962359
793838119 904736933 321300425
637506993 361178244 544725317
889368954 547301347 571595541
525968839 761003571 604435323
321897671 509912042 875903641
17863798 395521185 355665802
723494111 117687031 447256709
626745401 330366556 855508961
965043826 778810937 936409293
738781242 675663302 28612164
640926818 509587361 285111130
703935444 840636753 833397627
621132087 620230209 244322679
774597473 55142186 626553348
515877957 183085932 562890182
675410705 774364174 665436255
831726993 903196327 408226265
158672959 882252092 730924936
260056579 33898577 614792641
752178601 117999418 204853117
20333847 473561557 336824737
449661921 162598077 443412542
741419015 218927025 440639384
538824588 832120169 656569565
988401844 506382505 937180874
910937863 790099255 781042056
66874023 757820386 148264937
556931857 222631460 602247585
349019278 711060614 513646933
564226794 404612520 336889280
185953213 493559955 979385858
572440825 367570835 586556403
380412754 725708356 828917719
931636818 774086851 730945329
690747887 862915335 744439496
283856728 655064741 519884429
206442077 264697908 299580835
599240979 320511037 241449138
319561201 828042067 310315830
756881618 222562836 741139461
756975382 525063062 340419907
515185000 374524558 601818966
854059995 774881231 293622794
309011489 130861323 615766024
726517607 583246764 407693523
961815464 423625992 878726109
370585534 830071496 863949678
157277541 311871167 45168545
308840720 766803374 84857208
371904990 992147789 474997731
704344630 275354619 802448600
514407444 229766590 216968866
889006374 578293640 291126537
603462253 747508242 291651334
147395716 117281149 661078179
795525625 630104453 256927167
260337343 54508960 719228743
971934123 570201461 242313086
684987769 250006353 56361897
107586738 443778963 354650074
770257350 507239833 107959268
731424323 827603754 147604106
5563528 590936560 997613190
169587940 436913550 701038300
945588000 943174415 510778600
512656440 698510601 214164216
811653317 308427014 344851196
306462391 693527609 63525343
974889880 825412179 96057712
700400428 616470999 249344539
574615376 793158610 776441691
913038210 40048684 980572948
989421831 187974375 448700579
947303322 899371401 188751681
987450363 39019611 897866344
426269674 846066287 531914410
200050585 804236062 936614991
994327553 310812797 941395813
40229006 9950544 320396197
609844411 647233283 115213239
996920793 359748735 305545745
487853601 688603957 583364453
562982736 530334421 954835612
144096091 913818435 541394238
502533479 292956587 207029662
868457290 120953538 355069350
174476883 785033297 492755658
696091085 276236056 771588919
199929730 15122787 790937440
361971444 849080318 316779880
609650444 724132709 813126162
207405357 188436227 656007396
919280306 685826598 963192334
435391971 887973565 459242868
553278397 352108572 93133974
430391423 718608005 102418976
198407302 150980852 512662437
347464644 266338529 7333788
280016058 411859868 252889019
479678614 809340042 286682971
353932473 324211872 625412469
776189202 615122372 12279027
280840558 701887172 386066116
743854609 253727962 66705490
717029885 126942964 499714064
329430802 171494637 435312769
736665942 539577241 991177529
961126026 953269509 755438611
826610534 333910025 741193655
126074193 685811060 983687511
316794215 394647257 659949050
237135066 235287540 143418388
513443905 164481748 488529624
802874167 650407244 401176618
446510829 753703117 589736058
980108198 505547798 813198930
577155220 861135562 713065972
886485022 234517688 818040539
265713980 730511568 810395417
639750911 937521629 845432844
87907572 564258474 479691987
567121569 755663125 388463544
83862154 984884002 605771555
120483278 66312199 889889367
588033900 969468776 542762599
217064188 614933740 576234459
160902774 176670424 352313624
917497363 558712474 474422684
124811770 730461452 220548167
769784803 626150048 524875038
97647841 965175095 548011361
478333394 868326513 59738492
486869229 141674152 551095672
446058739 490483627 605495031
61994392 600003920 496474925
722378827 866418765 330894547
776616079 23375849 425146690
273221357 876659977 3237836
800801470 233969748 620956992
78414859 48629555 454941605
369935052 752032540 68461684
581069884 64698991 960159744
74108740 506882594 34075063
308261300 439017530 193253475
825677464 145415636 822301213
688832222 783068639 693509240
451360199 402074351 957062174
410684364 481613078 933747670
984744808 973633989 405333621
403346325 86167773 733076128
710594320 939044904 579069250
142796714 701726890 923725686
373415078 127381397 191634595
576876906 422043490 567840357
136737888 781531720 239111798
896382881 3729417 811941471
24411864 320364823 497146648
723164961 772121274 584593732
455404004 571159367 407245006
884076542 246599912 265764028
494592624 371686188 166560311
295976645 202379343 939747623
778488534 821938559 121166014
34593072 869170578 708881871
450156166 660268760 822543647
948926442 954600878 16799547
258413465 221278458 72253060
108337018 637742679 36052248
479362443 641866641 721579885
755147872 936530957 52265802
262781292 795149930 47498828
431929128 471332733 251619881
579562681 233291033 810015485
927423284 833291969 60606325
150469429 541054044 310594268
251429015 875943821 983973822
785460919 618593766 342420233
620058859 642009209 829506584
722125631 878731508 344311548
254373770 324017094 940875214
153824712 708897689 559689063
237342839 444056890 322660441
295444277 65452764 597771523
635297732 944585599 789427990
978799064 188047830 672155012
728802398 458703133 596840109
532168774 50341410 369812603
690755362 720848547 409261668
843751263 563137920 342238518
747655456 447025173 438364955
160221190 322002819 404221050
197438548 810048118 577596076
508436962 258737619 911972883
241961866 322913264 920777895
759754807 154996504 865195567
497169479 982195860 61873231
603857319 443109075 447221915
598382096 569074377 143980993
417061783 260767346 273799489
218331154 354617185 694395127
84901228 990232742 482954920
909602544 398441427 99282456
575134276 778016905 890568217
204528085 55337035 288258432
404981031 723349713 649580994
647382621 42463863 938042824
78151583 202038796 863987020
817865301 630913181 777716824
720964511 600061135 233019716
514745610 224292944 933590437
973919081 357517705 325545658
976025048 16464447 227426863
204036387 796152940 125967304
801955461 809956465 514237373
981873867 260482447 746923032
648971205 755665764 219594317
425880424 982609552 256979659
592790631 345331485 832701695
303932500 408732434 500632621
573002461 696559239 385752015
331165907 280849661 386165467
550632566 947912112 533947427
500368062 105879779 862017778
775685667 504111500 817792874
901654494 343847870 981754902
218106480 398041381 335997460
444454140 49086585 604006325
927804038 237591250 795913682
156683320 17415986 280004069
594113766 627099478 621849977
773106931 448371040 316960306
163650505 210659326 354190155
246980616 407849850 611806831
894816400 263850592 536120880
591247918 702879944 735348453
362456889 276302498 819652226
882177625 524652904 776914430
689014168 794133105 526772995
494811370 180639501 786808192
853598460 378146284 181747678
150279322 773430762 586849648
524325659 197619784 984513216
954947893 582115008 689137659
63063063 562581035 36317983
900942933 909134393 79811669
878316418 717490982 52091933
820702588 6854580 442802779
147630403 904675498 677210736
248499712 72980019 759317542
162166848 9815572 234848459
543026584 489636644 400721199
64907817 663395529 684755860
715922437 661982621 980059410
518836510 707901168 523829662
16891857 7099962 571458801
592322761 441671360 12724887
17959560 568457864 775448533
295000621 575244407 307829477
18406723 539250352 873120912
749320474 723737375 462324458
865615974 976861712 192486308
114908010 985747441 103416251
563054538 159877461 258738317
206085476 665484610 565277813
271031968 875329786 380578233
287037751 853556386 426164289
84846271 400561082 435968611
492845076 606666479 261142486
748651792 242512383 322095317
734484102 889124880 910390374
86561759 701943382 921505800
697818850 815599098 34020981
100395400 435164258 407231644
404982743 593458652 511106584
60252954 683703040 10147040
754674236 184021712 88783547
536718857 907665954 465906941
692463878 842217648 355699119
607583925 921227867 102393989
960774744 567106600 986932176
45689604 246709900 227007332
967734470 932133410 743338269
953004176 608579840 510564546
291086098 49995533 992308459
79830621 734899763 993839124
301048226 965628533 583074772
605064109 706639422 35328023
192580427 997255280 913139681
337675369 16812751 222434334
630325223 154824511 807727084
881209973 765268035 881437228
427667092 997371877 82611003
321346113 174429624 605545509
258205053 608485104 896199211
912081856 417853724 726960759
962637214 580424495 356192204
412151733 811329267 794295332
150270803 848790854 740141559
777564713 84211091 537722224
800427880 371363809 57656107
104889313 469319938 249262723
900520057 81623972 365708674
649794986 825713533 659132774
639529933 425956648 830598266
350444259 31810311 680884334
293482659 841328406 483774585
526781451 244961731 382049366
593819730 403111666 463693201
199434489 729816799 629078621
709391059 408099975 92013357
829108437 664233758 317161302
856905222 264623437 765694462
78927201 88087644 287732777
165593497 408021882 764157523
841695782 680645895 165653546
794198823 418353415 340030663
387298927 114408183 98269319
5578324 330999662 477531502
386458467 817489574 289659515
109770151 142278314 93734690
201210399 462760731 481942228
598058121 595647539 550229169
438134097 110909937 28198506
96227496 380012570 595088987
99926988 640942859 642144634
842284665 348354409 927410329
413646070 13250637 313368711
444325176 416396603 836626463
90945411 778295151 967587458
600797791 971959231 260642799
614137833 559531734 182088279
735852444 408807900 182001119
149078381 288749542 323337234
288199600 529487801 156696327
67932588 179537578 466730092
296311802 452155193 321856529
519939412 840381893 82593686
387754927 270260533 264774064
774059895 671124810 532363811
637594763 662143074 209968304
491625191 114860711 145480775
327124037 7266407 424871030
356715514 903675491 665926290
407903732 863370520 925778391
353842723 472685761 359420281
462370643 875610118 884264226
922890186 699045497 638224541
146162540 322589929 344311586
647693166 746564420 215662642
514332794 337351729 190736564
427606494 342671456 312940071
789065340 746205223 679573843
527215082 618345671 839638591
260301107 349917685 403786306
300969989 876704309 843817764
421910884 391932454 122286118
605429879 214533665 635898931
585864775 193195372 731983367
824223452 590664472 28900946
780839406 495663087 760603328
225108249 470787423 856508307
312814503 892582047 743926219
74258554 879357576 910305352
854330018 853673740 439312437
722604249 536122747 149442440
680039397 325164079 259868249
271314895 707233980 165510032
767979226 454330180 847264726
404790811 79419456 482181718
642026586 514574336 625179752
430361198 573772626 543971182
991596011 988263581 933762097
742716738 449146950 583734594
39476288 849030118 386041850
753374076 961537425 872197233
576498415 637609304 685240944
981830869 91248659 117434526
825658123 266535973 706094391
713709631 381187819 178604592
694710793 657857890 47563208
604753177 692596980 727429909
694435663 429086280 808186980
356049246 854946593 462198122
113757100 11325589 105877984
277818215 238371847 548334433
801927335 557054862 599140867
623326773 738374035 617654311
237331022 478651079 401707828
419977113 497210335 829296154
729667145 631993655 741351411
537371044 161861139 370405910
26373949 518371508 112259020
317217932 446650213 988430392
92185888 124628497 892620629
783993370 152122560 374015041
334889710 368365044 488909690
842103498 222122096 559542785
518537844 373984594 511275626
104821934 470477095 775235090
748143863 485811477 342426442
72127903 322406106 47978060
869930526 763193132 123571865
24250578 911800092 368377143
695752405 117427280 727072823
859047280 176473863 998496618
795094534 261899532 554044237
187317728 592609167 171944408
355397438 601133236 457810637
496126873 248952994 856583753
434916368 676199993 198053584
200131434 687708952 705778992
464000836 424753348 31344962
791764728 659392301 948218591
211875497 482727494 635873300
461228852 417509245 4778194
756704108 230635563 220959407
298870482 807803348 755656265
868366997 854707142 67177312
619922596 109255425 858459117
936280674 576480186 200746596
392767278 350023635 211606895
491291025 122358216 281699808
720160169 926248939 525579419
566629680 686237617 336515102
640992546 417298229 656387421
421490916 630291513 122655758
373581239 377940931 907867830
491624059 662888128 185250002
873744799 723260532 758049231
859652076 319378952 986427907
659797724 633688460 91001735
721672704 143825321 336280635
126552991 256165519 327899285
125572934 196542559 400834337
744571822 151782582 548494024
417109257 449080818 640407346
148033880 617193289 412005439
454234434 199451515 522558165
682364690 577006598 744567935
986941600 692842747 999326075
186009450 595832844 179170491
525749126 310133983 150642261
200895568 337777716 904074740
484258607 665086407 57564650
929347423 385515372 10290140
520344871 146603034 209517616
875331448 412256916 602994164
542709938 701228319 531469831
439304662 735187452 527986647
446279777 762509565 901826955
476582183 524737111 179587066
88766909 607091264 33136428
854570592 817178325 236791759
313629152 35106082 295121074
241423782 577252858 309957384
180613009 838313402 491045102
607362554 797272900 829516706
822399856 531838653 590263993
548473746 121559383 614947037
122628457 287643522 832271276
583155818 883993176 393914829
582014641 883271755 812593046
44678958 816048218 771999153
473913756 586642360 234657613
456506372 109968815 790261845
891281644 701874646 806751081
265785059 319662531 939319914
34607126 482896428 282195698
374281674 925779799 876955647
93397288 471447714 929098560
126042285 832828137 871759086
254418892 225354965 870485411
792005907 631278472 739951555
376486996 924543999 763166250
655263618 679432289 459740884
178221407 661587312 149502403
842725534 221856166 873521043
222203053 864835149 63734988
612112671 376685251 571532152
301812742 640871060 578498324
180793819 347520416 755971970
314214115 310669201 614970148
287057426 921288574 552348887
966534376 729392084 875293837
102247242 145587477 805407446
843629337 441948074 986520398
63657733 297773877 930985259
704263267 136245128 753150998
929945027 142475723 268088898
157027702 763854401 345848708
889575564 265809875 817626034
905760986 726101325 421659217
525552311 152655630 620005941
679036456 288532840 674108885
444770805 402838221 485322421
81084980 680352629 853193777
945027108 825583165 99959766
432557724 553635749 805094179
298742558 745932321 942012342
396287154 488225728 524033772
351424185 624870012 2655449
932982604 831221434 909638989
786756432 100010094 784832186
492256138 681654847 713118992
748708337 384638726 912794625
68000803 854352670 573833903
427044165 233893106 461325766
885673417 227473778 531196129
288339233 346673808 889427187
304505751 362661837 587670209
620551525 140224505 607890457
915281773 521127607 846434607
369087606 960091255 732884547
818464025 51979048 49330844
106917560 672355141 841695219
898402124 493472161 17481970
133398648 997970944 920896396
169633510 473827182 490182620
725768 459346003 217237515
739369897 976468564 141640592
947198944 697929178 324125621
170700744 938904940 941236754
294226159 100223044 702858478
387014547 268853440 88498371
399264207 713510897 970448150
696763109 177731206 55606161
425568516 671737478 328038048
779524067 751019450 810924352
251410032 460883210 703821904
97924383 755590022 102202698
1166414 229159242 511967311
83686071 142485313 637458510
242870588 557749020 730125895
477886922 9971784 8657116
746891707 368909933 877364141
129486590 923783352 453456129
745210115 141921987 512926731
76051319 245829826 411318205
95918514 784651200 865389567
109980341 110811807 336458586
394666352 945954731 321322967
147241457 410943598 830496866
873347156 808697030 938984321
142964672 688887139 727070406
153387313 73456403 569628927
604829337 9099680 655325292
697953888 176218805 472553155
377084942 775705487 228766544
674395804 803447550 162536735
987728793 442070132 661506578
737194815 475006056 923377730
233264702 93080561 962709346
107873599 150337960 807932366
132239057 633050169 783841357
412351122 377458516 461052655
337695739 849412096 150141520
266058599 297391755 692156071
90461372 266467312 594205108
645317824 644253537 774360740
652398123 305931388 836412291
741393046 28802482 910417210
909534510 706957378 940412287
323893509 220595661 555928892
651682766 547095694 202557660
802990996 420639451 317335858
693819512 58593156 841600554
964126268 852312670 256990522
531381642 414341484 121057584
258859561 536422667 685135687
637727239 76248559 567243311
954260690 12956853 387726245
339809925 141715543 415364404
924291998 900840727 610293796
451898779 392358645 586645526
733303441 185510711 818970742
505748101 827175323 78374393
17920106 630676755 72512549
14810579 281519299 231652222
42763764 990611973 64927936
847493681 427322429 543968992
307613928 674922644 765179645
537997228 823678093 446066704
454810443 753563434 431942087
88506190 687771674 576132087
577303044 661475488 163939376
297928718 89761677 332759989
84848753 549009234 988835540
218181642 867647911 166834924
575944565 350845460 419544755
629682105 681068259 819505668
896065974 697759882 731277972
690581965 70990535 333041955
750197517 469747059 783786839
908888221 256234948 62176039
262508142 92570281 992811491
466523205 124539647 486804311
657448675 653728820 59086532
332097676 715197502 796387342
706578337 795275666 188598352
128250953 13598909 760102491
147330045 753229478 12187618
175913951 533019326 372271797
561572729 555363795 840725996
883160026 773916084 278364310
179275105 399291766 136290703
805066256 838725480 937870599
288583671 786983862 951780605
126762436 828316966 966257505
31521039 359715348 866625455
460983746 292036942 562484182
68582026 282340033 764851260
619175016 673808249 82753316
532734398 488764892 548447868
386680089 59527291 536452156
922730540 608689346 179187532
394801749 168910304 273928805
830355646 110493305 960213407
616233644 723831302 776077372
123838514 245247378 795406424
546346564 2757916 47285340
922010299 926562417 13194223
262585121 49372289 506553372
390816787 411221078 988085731
161152186 192157835 999825515
920717720 37971349 593634042
862338680 981343836 766673993
795283876 704056048 450294365
241071485 345532283 266570563
446952114 983391563 773403266
343527737 291261014 886907524
83630600 613682070 400299721
128205773 539062353 722977979
968451788 56556289 192569534
239643129 863651372 553808250
49315449 430489781 74009197
941662173 499391065 929895031
303124688 830568802 907147028
333609196 351436694 92755745
593877361 490427473 8556837
396124146 215469014 313097844
605382875 842358213 326320130
794113665 668637849 260472583
498137488 395430792 635323297
529741991 829587172 833101205
209833231 786476517 966843624
586863518 816561565 854670083
263202977 161669421 6848195
440272920 25673445 250179421
581479730 371969615 682837348
901485722 744597866 941884845
10302352 359722166 1569849
814893975 705774632 404022022
911613232 792510222 780841206
330187039 111614410 220325776
568883968 255730504 450773824
528311983 64311845 152872361
764131026 300460098 99886596
47137549 989210860 248541776
963455083 907853259 558087211
443516366 752528635 961619489
399960213 492265554 803050869
91163279 623597716 102625025
542698931 143359401 684205125
880428452 423431477 80348617
635543236 609692870 66875719
467059305 711293744 140346956
254231714 313184748 280236885
913661632 338238241 994329973
859870518 421929719 752398388
893245640 789579134 350309958
341511874 486145040 292010397
250838144 80195016 217661025
146148980 837450959 826938633
627825475 117008688 166870811
113449146 176496293 482718617
500422869 337190678 436489528
129640083 575444604 384708210
827142786 222947698 485242269
331042889 497514616 284550090
915345778 128756206 97088689
169238221 867150570 736645781
326648350 887325945 756671023
748267035 647791119 43303806
230876810 897567367 919738544
351965766 159261469 97939109
763599447 266522892 381975879
425464250 551323128 52560325
727120114 320877774 279351967
880564513 186689063 33374137
434212844 917621165 485547305
596950800 803243119 590687810
268277223 101710492 496115163
109422179 863177562 852346725
150101639 130409444 12838650
66216779 891605503 838549404
238680070 140354421 212743722
884412594 430121446 399689381
736893185 676776838 692225271
90236646 625265416 629340221
277906552 985081432 872680546
80516876 23407763 69226321
212332805 969047785 693623149
476130756 868977829 138288872
98761306 971820065 909755066
890514408 868536025 355998988
131563076 45844821 494989531
54371817 180377032 992278885
616203465 465098113 882277976
777851703 424126612 532711663
31656371 410952606 733594284
458127005 185550328 380043678
230549659 975284228 200951978
295259429 300491536 478901124
948569080 159591761 37204552
659391912 664835755 662474187
263909394 695009888 316866759
535680789 442373256 947876276
591297450 514355545 65475776
94190297 300407178 411259527
147356051 450149967 214166184
690042893 949888400 855984774
564588547 267520363 677267364
861321417 583746914 853459662
20970156 410704185 839575663
765975921 385593692 515057244
584671539 839059557 520420638
369403820 979979482 607363258
539440654 345320116 417021222
290378111 193075824 27984900
342392183 641148802 235171142
31464348 961820109 870471079
835949119 301649155 62911855
868285490 506467254 568473595
383790644 823390510 627053322
249926429 171395839 107518427
266134484 705302800 258935844
286181187 573044801 876479512
849584483 984899865 791412300
60031457 820392140 235591393
618144695 908927915 856191734
417065508 380968571 901108031
907549032 186521875 189086333
253994846 636212983 341454588
865661638 792534314 749070816
385240450 981378552 635185398
30286569 755326778 752221438
377615830 609511014 605167856
152581172 604633564 202114356
898396384 870161616 946639091
528524423 582101860 331843213
188502642 526602103 40763261
96913120 60309911 249777425
646030501 234944315 21397518
565269791 513236768 733897
356196659 985583524 659422189
216320731 865914172 140112087
365887237 769805921 190546084
986533352 861596686 906543133
932241010 347450846 63947730
23528797 158604568 629866807
756661933 984861930 152098390
831469703 119100072 908901933
565104817 924136806 391797490
77880216 401140044 756491925
710966933 424767500 629230605
108482467 361379699 324017866
346392556 146513857 169118504
786356993 469083854 850234433
686406624 523127037 697052007
340680449 187048690 759331874
603418543 744704803 955200956
997339946 658965006 845026004
383138514 239699130 714609188
632380409 874513582 188282376
406286844 329448930 788121101
739269574 316235507 136739271
190812817 782576281 1930485
753775825 615076673 420478827
913493328 827672827 609329975
34770706 195508799 646809909
341682804 988957253 868449816
656465515 237184468 686815488
607254955 111787506 532774653
151014666 355589390 800306310
83544242 255546183 372384530
343080569 180267742 683100341
950605378 95268824 882252644
761246240 719433407 686231285
783064819 952036961 360508244
479565240 12235959 284769690
225146786 267942460 744292151
72794091 376326283 275584366
845056299 116001265 773538202
1375634 51697938 414396801
470535289 786606608 450599217
178604541 949780478 444549689
529442753 946794035 406639535
377131597 586288768 403026384
108908082 889924715 514847663
846892378 927767399 620682356
698973247 814157804 737832868
242217614 174651099 484566178
79144854 858128631 908130558
35876704 316655712 21558591
342219677 280383739 112447665
79672074 367013765 182649071
953408941 403144836 172769884
785963005 80533234 587386446
964353483 99970392 362871672
637835435 658896006 959094299
518334675 756456108 33278698
463129902 701835431 177164387
652102334 955365302 466219118
168688902 57505040 108724746
355510103 220708138 203994042
439460908 748609261 594973692
775282507 993827082 783803621
579955265 284825874 709311588
302283096 319331516 255065530
102988942 53295652 421875543
613933158 590195758 901786904
527151698 164915937 58524142
387437109 4096941 459138405
94090232 316270056 884652998
710838801 671186296 644476518
515748688 214399191 104138894
27633490 222214072 183429671
685252000 313330168 87978213
508492614 905990145 124026766
331091936 842754807 426777316
505672755 525163699 960867381
709786356 284546308 97857474
689198776 584250873 416104074
198514700 398380251 950790538
409573649 396642020 200341906
478647558 47907058 282711894
472167680 499352182 282824466
242925794 898806471 288366246
605855162 66184772 162275325
807706333 747829989 716688804
103833652 92027526 717411121
369143184 867776836 581376445
444514776 812239392 633213949
244289964 594425527 65480798
902799086 415652006 878755907
561118447 449502766 575004218
737733572 930820354 509838807
614947283 946668636 253018691
511382735 320890008 84777341
423917958 969349638 916910896
766979905 37289436 539127345
613342728 966856259 554928450
859477004 613627778 727497537
666013190 158320719 129151674
813025234 482152746 185627380
179491823 227515325 868078090
206938058 135491190 45822897
454595339 84147554 733500385
467499938 216809172 883221403
673479021 158783057 895616775
638927559 276903372 343328397
977968869 780720904 981586784
866878665 71953537 93445007
416718295 597391512 426656677
592763677 350175988 919793210
296568375 558010933 491942526
984795099 937877255 13275526
844552318 752061786 669003354
630905018 561096687 839328588
450535448 120816186 445004139
160677223 159128258 608375597
631289471 625644753 814301516
107593219 993134057 113424523
604177085 837029745 108437656
843687944 307189861 931444476
575132064 945038601 369226717
942631035 441189818 283614547
411289794 703072911 521392697
614205272 653868135 507929943
40228456 184898049 295723682
432689999 154460628 663834967
653538609 731017246 744813102
431343461 41642429 424979220
955173035 943773575 355939049
741433502 255098831 52925780
800742774 510261646 988739032
288390253 963180090 399905152
21724902 362780939 877661452
852177409 325402780 333879270
301019924 904999611 527872109
921522577 747520637 735354265
105460113 932974300 244767409
144295352 322638422 798567178
475786397 831109347 886721049
344529729 289287503 782542411
447506309 649591392 693159203
95871030 201794412 474289591
226978821 980791007 884730446
437195843 795583423 520185318
815499713 554589168 931137066
401483027 881560713 60350543
553266624 849856342 170695366
70455681 334065879 761894343
544167285 433131502 145652883
838073130 914071410 562948033
944176181 610607239 31082848
186549068 206978174 939717965
894351711 215528733 898696871
61877074 267888133 35509761
490108029 54287614 985728359
386949792 756594938 213792490
294181098 395514868 884233149
498450776 542375317 426213526
682266083 991142702 133007467
731405402 32816979 259779054
399933139 524830763 637849448
478999915 190679038 934671611
509578849 630157871 591990078
375551835 369634556 175571407
899423880 960453389 277733976
804190892 892140083 739647637
97057590 306090918 29474736
415071728 53312407 174920492
916783664 614457408 837336224
230122826 920316134 237673911
695118868 241712209 727669728
221975705 288926290 699636574
439705006 551131533 21531054
928389318 837844678 824174943
732506384 9554136 509057994
978732255 142071170 695109916
185972787 645471251 859922040
9087862 240271240 271002172
653204271 864454042 327984850
765299271 761678303 690137154
295685474 455059083 961517523
404237434 914383690 374423649
492845370 270581558 234300190
501113183 324425818 727133833
559030686 885097007 669591945
426439295 627588309 109856785
7889398 549233665 711198748
905469241 901275714 401826151
602859986 695078308 637558411
653962570 303521991 320486085
734883010 116076355 517262695
68544512 361081823 296871629
687833374 349113269 925019561
297302928 280404354 704503060
763531123 958179065 699506796
320824516 202250101 160985353
555439758 821921869 258022386
966031608 60961339 864823687
920535352 861531511 869761986
644280854 433897383 709239039
343152572 730955923 150248163
774471936 27332385 703731001
534050001 317403063 278556835
973788877 449431487 434434754
416907018 791060070 37923492
626016935 760283250 614225883
876189113 203919854 368472812
780126986 765974442 238760659
736928463 574060064 685383997
842776797 510816782 973375420
721413281 384933362 544725181
322331737 907762007 182521788
902628927 706108387 941129111
599414278 194493146 315448230
104800493 505497119 137378973
795555607 277725308 778663220
867952618 600255667 819177195
979923381 196568144 729835592
965928653 360382610 702693852
95884955 238642889 381482646
239796534 799089320 935693232
329730298 451478978 846205663
952241015 355749066 399090969
279773344 628751749 315734988
497959181 913983958 126466892
505234798 57635190 930282799
681178315 626608478 623106450
666422911 76467315 507042021
955013965 208889819 537383490
128651382 931468622 730893658
409814203 568909764 320357050
443570539 58048598 935067146
917232970 161897130 147494816
215066828 367938988 439366395
611392447 958685151 973476813
491313587 153785761 339714150
925988445 768443155 193656603
836381727 86770648 523535947
357158145 677566277 189863614
336525794 681288086 62291621
5061082 485388459 293698307
224822604 817325063 830584689
181039053 618774770 820858166
170118413 525679392 843113786
819876144 837252824 94533678
138948590 659792599 465694083
680202067 461075177 433140455
460662565 512604642 411582876
5013454 40507249 573144707
214119421 784539206 400614581
15115189 957784570 345973716
812659064 894672466 570193187
204630191 19237294 726652789
4427929 672899961 787700486
267171793 242950952 744666527
941655622 369742752 335106513
138438399 110282113 411834185
540453426 632080338 328688580
179336562 70101400 884595578
49089708 320192227 312273967
489547144 781503560 558655427
640347321 562767039 362747729
465644493 953454865 737424573
143655310 368006578 967853460
526325353 385742696 805430477
202320914 177042316 973770270
985915551 871887294 433138485
20535029 245262270 240863230
780791577 140881133 226763783
788208775 23529192 633177858
541846158 181445989 132244172
393624575 763548641 698512415
850540063 40118673 402859804
941182097 687539531 274651533
828123020 574165650 669085879
52169850 637721108 51497057
710784787 116085930 701762883
897777024 21197567 51791998
740613153 124328383 447509357
477078832 408294370 132709191
587639985 271375678 509379184
753625262 164418972 220648482
746456758 736307746 676791654
9990686 323321334 451907286
710456933 108426285 711335671
558677789 289885759 668724016
650294914 752399189 147278210
449710722 891906567 964887950
112650803 549309976 771769353
663248135 126416530 303554082
122420042 842629710 114099789
534443249 213295228 653910715
214479266 835327024 282387564
892815061 561723850 216544937
384315640 755309458 439972403
317130941 172199842 42311558
588559516 532956813 977487986
223009714 738953322 516108982
354982932 251798116 2939907
13689561 721160591 95566069
973755033 118574293 896823706
616491837 718356830 530540166
160142678 96725534 837009907
549439435 80582403 776920515
776934082 108759822 971499471
274762050 691851361 248206466
490432899 317851397 283602087
498514021 53773200 107169001
873143678 187584639 938601161
42353230 915095060 311994135
386777550 860707259 726672529
335766697 457408869 793001503
124447810 102003827 914018323
814115345 955943775 49273037
10385578 914826667 148599901
712272035 694924237 183086166
352896879 383892122 960491718
469992383 667660223 288095021
943255923 787125715 99805719
400099988 875061242 367995726
196354549 122226183 430331581
429765405 490204687 291878557
897335002 414158850 740777094
913401654 513511668 858885115
452839683 696693603 951468274
855675121 179077296 121393557
142283221 747506709 779977998
62971085 906613744 171149511
111361103 446706352 978422280
634313309 518268171 861425250
610898358 728419083 470473733
194627041 656403241 407754288
836621291 385042651 656441105
30941191 926183684 734937767
944839377 900371680 780909484
957523022 140290090 518702826
988269810 524117847 121265692
953046726 441613113 473185010
49362414 68006560 280904676
703272515 337410428 13271672
756524312 932364679 727920634
563518937 824127682 798459991
619172154 777145921 606677256
240501969 719239897 937530764
363247548 557379037 561677752
738993835 752242243 663829091
102265468 464766900 710509206
780236611 266907512 517468048
371245687 712653878 726166835
688702788 413258121 159616499
900904843 887380851 599517559
957844148 658111412 58589922
12503578 690844104 168499484
542849045 911440994 503895158
914689681 532398698 933527930
177601056 80385942 806841821
527902980 344277942 258655621
355295629 298668947 54063666
544311226 239129305 591090113
690756707 406559022 433015368
877357994 252329335 84643708
492949064 476944168 860347752
615291571 481142194 94510603
919755675 535213213 480035742
339368482 127460504 534050562
800194244 701553920 19079456
110212429 433190034 442745150
38474240 598214865 589590340
182231 886812783 97598351
850170825 648758323 664717221
684551346 327059567 955749296
545823493 603800000 222104833
702867083 720990117 489849525
365989408 390136011 886170931
58277565 876805431 239356496
906578948 487972689 356452891
601457391 824007087 665460052
644192644 508023421 769505738
705627914 390084550 768706268
485903027 122431652 104622201
815313588 707499502 238099150
2358958 366529415 381327572
891081037 680388507 858899743
313514967 588078280 560477218
401461715 753869899 114162630
49153870 963014479 176260482
528734252 150806165 882442542
769718389 797264993 774768179
439386707 114849044 273041065
655897094 210369078 201373196
129649816 998812098 915036737
421869399 231487470 490749409
885358270 839043773 204632391
769645166 362853390 115712585
812982916 445034151 49929379
994957657 679936769 899222522
721706730 632231115 132305596
829084565 957513948 483725630
491116494 707012492 632773408
541378026 144564312 535613177
4657489 569474377 790503688
52153364 594022242 464726604
900671940 628268579 518544245
992535669 545818292 838679870
989090499 977299930 190269669
742833609 621218046 186455552
784362665 875361748 137848895
111190223 415973568 706008664
644831376 650860170 947787468
345577110 541284117 946385913
413028367 449537843 653901994
983451128 743582889 818593554
266544373 293771337 427209652
368141835 315866432 486239368
864144020 143206913 148369653
443182078 646955700 751634610
951804321 803617229 550072167
320955532 905244278 753223780
588202182 924177691 337059145
764369269 791152995 594403676
679231134 233369794 215703009
225177291 670194841 767064555
312007357 737243267 370756153
989122121 721955780 142455183
762782374 698024936 190924932
541051458 582495784 745511804
683841942 346154387 762735437
123915446 816875967 378212463
603743777 515793279 625783470
612718094 716354624 762489444
448263514 723963430 803017927
959781306 903434886 573273772
307012827 942184000 909782623
453533911 867910655 13712236
561277051 114321799 27135757
408956386 156043375 56978109
719679947 60778918 214643586
286665729 805505027 843458769
172803057 307751103 733784779
269037833 157226287 901279360
66607238 741520570 842197348
316904770 219044298 809165341
581079105 34688715 385132332
874053994 485969649 110037068
661541819 932045886 725340529
794024006 603319400 928616476
240848222 797159606 694839215
602659666 417563874 255116198
548598641 842143413 855593612
857728325 747462287 308849655
744034445 713494536 50444260
994805491 409721231 416133637
447284589 846228305 735672883
335709651 592839277 57769665
13921319 798509546 269875484
218063243 666323040 932920538
838511718 923895501 934282190
475736188 891187981 242180853
978701040 680525215 756589701
761868630 695389979 394859017
810790724 631773948 586923535
792904680 647881832 210957071
833381221 778371032 207766587
315870923 481911354 190509600
732999366 79960473 200764570
186611097 789285590 551738859
128155179 405013519 43630672
460106760 299694490 597643222
283725108 139657875 172796036
627050254 908400826 273821508
6061417 354939091 500719456
762023079 166221352 42885885
165037749 997106977 346421355
640895381 54605613 830712117
671482340 661004783 905314661
710699207 323362525 526725060
848157453 614907233 590729993
384491474 78255153 841847352
759867290 341298507 564138658
236182414 197427943 558996745
73203925 844238354 542390322
171122762 446602768 583127878
576637967 433165776 98725784
375168561 237509631 948540027
229086910 712249975 356357211
355479984 387403718 315223070
234553833 808157894 663873742
569618855 509874021 602728525
884428681 807597469 697180693
9452902 123181755 718267208
371522500 478531560 258071565
971195679 689626099 658956535
986347076 666935087 261807423
42817871 732883943 950970355
344603491 409495719 983474952
854920307 121734439 414331133
275512010 580075399 777362892
303685324 26527569 978539503
554982592 882732880 827311980
402608133 552235149 862017907
546250686 478413078 522702576
47085363 318293546 964522532
699573076 206708606 343933202
551790232 88417749 103032434
179738803 830344435 577646075
572525395 7871158 673164268
70299833 226324885 719766863
675936026 830627638 228895052
928733904 735948208 455491430
897288545 111590567 220739381
577409188 889862107 754564401
943429538 796045379 832371896
467332988 694239754 876983301
77438788 801967913 736633647
165092727 25504528 493089342
769731458 356176676 40680121
93974854 78649475 58269903
191117627 852781636 270484159
599238353 75636616 617361056
882207031 244432632 978164385
277721135 437692362 416646839
484392493 676690635 434272756
464957091 339736473 18136542
418224445 722949013 127029844
574274037 6333920 688722430
773400862 663947575 67900845
811706504 800958822 628791817
48873346 752566344 910802832
77942327 384077593 996483682
539917068 113962171 311209672
844918740 736456606 323572858
651295118 92884274 302277050
821706952 995026756 469951184
409539711 424249629 882747173
709446097 33091814 508940398
167851051 572806655 236079027
146438473 801820909 419825069
855525741 856292577 912108718
585967190 316730716 680801356
154699931 320035728 727233573
952385500 981581394 853643130
931083381 783106302 695720929
400645832 11972445 594342064
939273839 596001601 151799039
132322744 44853569 5400747
614951911 640653308 423142000
576762622 587900972 91404267
327159637 225542573 803477338
796104919 970175532 779469290
369207896 227350811 443084388
972410695 693563667 914246976
550349270 152960017 172823429
197560682 237069279 662375136
896304234 271379423 208656189
123075021 194731649 720457041
858628444 609125837 915097685
58398995 914170607 806425007
589324397 495279737 692213989
590197884 78538388 312085927
721216549 72330209 269173782
105444031 211975522 779095530
623409836 523116712 355248480
383474399 137669962 720798124
703808754 251827731 107422565
306163675 665200007 74956719
966494980 207767506 341220048
521689527 483877436 352558912
661792646 708049250 328216558
744594995 627247693 163632841
607256840 608663326 391371841
867261018 339660140 459891563
181075299 5188198 336311814
264328543 843596127 237861414
764717990 794371615 688095145
468284652 297082704 902061305
385995156 144209787 729693657
787023544 356013006 942622731
515346649 496979657 478199481
385195859 831899691 327997841
522881542 592353117 116858154
188731774 693155758 651361501
88018583 903868346 301309071
922036763 887387141 150325647
957022906 578336713 210917183
282646055 787637532 951695849
672826911 82100852 781067043
80960086 957890648 20004122
912237391 544578566 678203785
33494547 872568129 624800158
621589989 435009817 825922483
633546669 228450041 973136058
39359410 592269551 279834642
583545743 959910081 579473892
506917752 702128517 832361696
159593453 392794766 421441892
239773681 957173768 829084214
633078989 787296307 920373004
312457968 143753906 498969054
538076911 548050705 97231642
426044822 390697670 539198004
11372730 711545609 256496309
910513561 866015789 659316106
734612989 178073155 813043828
552050056 150721880 479125557
170963770 192355674 608121468
607536579 708039640 936512415
156980036 790187877 785983817
519157832 385253781 43400463
234955233 817624738 523601769
248839570 67496657 283851293
396678008 251275639 45965208
717888322 222021972 556075031
974663468 849824193 387890703
416711804 504308858 985589704
488169687 946559235 49861842
42847338 696348146 347968711
110837014 755631043 559819889
680287364 890826848 293663355
896437267 796619486 282733476
621300772 584491424 612204801
186669820 404435133 701878526
406431167 392234424 631015334
701514770 964463486 897078087
83577346 554762561 270138852
404079950 974144142 239336253
554449982 435769745 378921345
877501292 931706639 370475638
522763616 851109462 517661767
952593617 648766605 7084208
538843355 947077059 149216081
472337634 177817899 246950710
82772849 552484481 690928175
301516912 227114760 161319410
200688440 168961168 388933925
646414349 770197919 877198832
127056105 709861078 247332488
445188049 870989978 354576141
773368624 121696501 517024564
725022076 514123310 514345062
226241647 634356903 173136853
694989306 894818854 441199665
24101254 261639001 46325879
137315592 615776454 636028462
173011097 144658840 675963880
550446037 42080866 956486713
614469480 157695200 60035062
178607682 277304178 990469789
193313837 554738715 435355406
643555234 605165937 684642175
19993108 943291833 772608028
781656471 710543344 881867712
304357083 92071758 232565413
482328432 651252216 506176343
931258860 517187507 183144690
235540097 891596102 441057551
645145663 153235987 853212504
625611522 880954894 824086239
195296618 669168506 708292450
548472597 284026939 180089806
777589651 736147907 367940478
990367859 486909856 640522822
634147620 73919503 246760672
406101350 413886549 141962842
116576275 17783990 217270101
561257031 922979549 976395552
541551915 734834366 450751463
887462850 160590110 650162509
103399810 190505619 510960640
968094454 660080817 644045166
41915191 942479718 841672107
570618563 540445621 807865263
126182283 100061963 517802256
708017427 139939527 968498754
647975975 579053918 888544746
1288710 963113072 832010779
728597565 697107270 463316186
560540722 451706031 397689759
939335444 46641502 749088260
568886152 460588284 246408985
861463274 517676106 847778851
825354925 409349574 376365632
632485566 863955258 796065791
974806047 817696516 898926466
748084089 618605023 104922732
456865760 143755891 273286650
512326496 822334721 249658808
977196709 922401406 89998443
304155269 642411514 941420660
583826742 438781057 276815988
202959775 5872776 761442766
798483467 847635936 7638685
620608968 561073732 126517500
558090039 7724556 402685267
702813548 220566645 738483906
863596758 339196880 438994061
388984224 114442861 166192234
457490881 699624335 628536453
272336071 280571840 918024486
575638242 454795749 606310053
392607356 657001875 295880875
730794809 426763137 810644910
218714407 443700355 592818173
841586401 598678367 518045811
191898710 397513146 600322425
595831533 519433519 272491666
329266242 620248205 369749767
831284997 757519068 427488567
790040374 148249943 918048097
927530960 707899575 127867365
802959376 246715058 479527597
840857164 750879936 173726191
107673349 230272673 545829727
430098998 844048177 363394867
859910144 591176704 659304715
748459689 735045478 758909915
55891270 172591127 417796891
682767320 5680775 863685029
97805621 883963824 156045217
506450366 994136524 644508634
467482967 94640346 68805869
282492880 238123991 398181191
85942015 653939761 40539484
777920274 412666911 999315397
430189140 659240529 704562789
559425442 307593997 764080940
641531280 61700457 830655747
880713897 188195937 687507560
530824004 471342650 11500207
216581500 913290047 705324063
999394291 863191693 556362850
307097155 209107461 36087763
841770040 643724233 548196577
553850668 749954690 248754813
660555221 181980870 723728171
38720348 386267885 256899846
703321425 308454 169055029
93246752 296284956 837167377
428888661 379167941 719044151
424281692 435349662 629298787
215081636 555921993 16499677
791267770 755508288 73677125
986959246 96814848 590120616
305472873 779685499 890953173
600343937 982483402 625918919
373764425 373098534 875652436
296898040 242982954 651077748
208869838 488293766 998272632
433744956 617301394 4994458
280362052 187942172 437157475
543569021 114315878 599825163
77723844 540273782 315950492
365035599 125637455 862152669
551137378 276696166 940719223
577569362 873110318 851895231
617287602 268587379 745382835
475419205 404886868 604697685
519293644 826745981 261212671
813330750 364707961 832792876
492684748 731856709 494694805
962635127 630100172 925590448
29367590 517511527 124842139
276831869 72535838 410892271
680389168 846812945 236633719
726829775 752882107 246885603
859166755 339013248 442839009
379134231 554592182 575151857
10440194 752498189 893543297
282769582 266564581 308474841
99868119 428348505 723377624
804005131 881622236 367212061
81635326 595445137 191647610
511697526 337018334 379608458
234683594 960264762 616019237
288917924 196263306 801179178
733480882 998853978 977027173
204190795 535796460 791468251
214390318 252180476 789660946
259906202 937100120 284976854
222026871 246109712 217718930
896510519 268108429 898007554
664213363 382281482 167498965
836378830 114556759 128718546
988044486 84275390 725647741
712346179 528994865 659091699
7112115 820600973 920292666
581403225 45379683 910544446
517857180 398569245 666436631
338676325 528646448 964350290
945952849 963146169 616885481
932833438 294992351 526998235
196357164 820620417 983554847
548825565 300933997 427219856
238470307 805488247 619189534
137703046 58141154 564504128
858209543 454381628 513592269
580645164 34963873 539528648
372898686 422750321 923847605
736950507 833120538 187690458
490910502 129244346 749734394
556418530 493997037 338927967
740034196 9039413 12691606
723812653 226293650 407407714
623852830 108177158 349434459
388267537 657965465 925395827
278851582 200953401 589015467
282232003 254626229 289274886
506103226 658293983 368397022
392908067 197475805 535550230
455205201 226057528 449997617
752384450 807664053 399764420
391999503 917325653 430133026
300249927 483966573 193154584
613546516 140809604 618360105
736599683 245421677 874230575
107234319 773969707 289855641
863382466 253193872 596291839
464091344 919454505 408970423
210521278 156598517 859033676
793003451 160576006 507865951
865079822 10460711 189630619
452604373 536439085 144387866
959141798 912025472 677157408
555132014 573359435 773695765
339009547 843244821 522504463
322159250 269481312 603591560
921809482 609707672 51227475
427780790 106273380 741465088
175387012 64463569 231356272
873830502 273041469 511680307
900839013 676309403 103403365
483027931 799500884 359334721
278924968 387580021 386876247
601671267 598601921 869747935
276719186 369517811 21298026
442124908 130177767 376980538
931329926 729699746 650232313
213629646 619392003 618361962
697787747 696999048 578143675
187409640 837850514 305596297
381295430 349063037 722835305
548085639 523442423 831875429
790838947 479887555 955235573
84189438 409171868 658916457
307652347 497950004 678295798
155529715 932284555 179932861
687818236 867279679 997040864
362267940 452922001 677824658
657463001 613791169 434621392
911500262 973962272 76605123
84945787 173945628 368965063
245047145 336598800 340245422
701167479 312841502 762822145
287196293 650027161 692181541
424616925 291250425 953151819
477706000 838564480 926431406
389945274 803046674 630200307
559350437 483493761 444517369
179656450 197446299 917202988
24804609 134260583 781439680
251929030 710841299 270203915
798730065 752367594 805026919
85968857 226099417 179218750
426324454 110605413 102600029
68496565 943487251 508079376
588876249 57794625 28309105
827783767 426288946 562622237
821408597 89390303 111592272
281805975 663682156 166724578
90528528 703121225 950767585
418594177 332184213 246269087
265639987 791984698 305130880
475839885 672678518 135733540
140957723 565585273 900351610
183188932 30678197 37747372
712480457 383155363 923813981
982766240 349182252 927971861
511267257 501645174 935119898
580447823 292502766 588996003
477648615 145078524 749066860
579055622 190091645 634399876
641651145 490209766 677582116
804137710 682739957 941986951
605573731 467053396 562060684
686965530 686688228 573146349
332496317 975948807 372769123
517169553 579464236 243877311
864048388 96157900 474443895
330570947 392756851 442600470
278965689 167200433 325958941
11334226 99158 561906534
875507381 814211391 910475615
146351498 369243620 307908620
503797467 574558056 8930425
738487369 990084878 528207587
811182636 512246868 321704344
9806050 822345794 462176397
856808156 314523258 641027901
248265637 855522471 7750253
588638365 401197060 202476546
442098017 947214305 601890658
469339388 423861817 268323917
175309282 767658814 791474266
693627337 418462171 889516564
406258874 236859315 282372922
85050803 453376084 671435478
257227536 554705830 820916739
858949509 977056097 658435897
867126986 745095823 735126913
291912946 305669440 696275440
797711678 571170800 868451673
288645449 443352165 201864129
916419348 73512612 195858216
146698943 310950586 118494225
683858343 488920837 663281908
486155117 292201792 752126726
668676781 528276702 201637382
344288576 20825650 163369074
53292024 574420474 23762858
199648970 109815321 302918178
289046078 134259822 767935795
470746273 780725278 8809073
249978373 96848277 161795387
15810687 529977010 233203933
367126134 451232519 334552915
843666157 858416162 535148365
398784578 497877404 748328041
849785821 34077472 354601784
86138889 905750942 805917946
156860613 60170716 286156035
832850970 421359675 76648733
583247918 504816257 194995530
206364903 961749454 903595929
268520783 877516280 409715619
889328868 13545781 130955221
824790131 767384519 267321301
413173592 828096889 475625690
265388382 792012381 35981405
213867761 494817420 789546822
827850618 100889109 559568869
715120513 223818407 507692567
417817593 731693114 335124877
346886458 170307732 675559969
781938614 45296783 799641923
590106975 559340310 131148450
271992483 516716343 685605643
320848110 213377873 387005172
952966891 55928537 927345354
715858075 233848350 121256011
253366389 679580831 466177523
348443704 16178827 179701810
852970198 296460161 627813474
128472771 424995927 847336680
261015184 9588354 45090037
623926702 841250135 741688682
510318004 739170893 640178067
166421332 398786278 827636977
96078316 267063493 169327426
536784164 98141669 736527450
664264860 363377959 999491270
815571513 671230728 64480705
64183056 381734198 692107026
165268660 753045356 575904997
849830412 115310912 135106204
523817304 249832483 340096507
599524216 846711815 692183346
812497781 372929578 864926282
957558608 471070826 787255513
207194917 22927426 740076530
405626309 384579421 777817678
144667571 269183038 964932100
42400500 521089199 758733870
469762050 600248296 316447391
582756272 748438614 526232278
203770248 608491359 200388921
583708118 373302105 347549695
786411102 502935000 295627385
931644806 892654825 642827694
981908980 924020184 595411648
172167429 73955669 570304472
166457342 482522615 317476097
879843968 282769127 581544961
394184264 487563596 772905
833135507 685075265 543267978
406994931 787759003 199215925
948041416 20100290 665434962
920013446 390922764 833241446
665931799 256395115 344342661
774171682 68012695 706832877
578700154 879447956 416065124
203870775 562715631 733606377
534239338 822200725 592134048
165497448 658245879 304007541
346389157 440024260 688165352
345770698 118609961 103354415
561782298 707478862 71596938
47005473 896782035 139344057
191811951 937905732 33579936
216980704 114949614 521162378
205746804 106035856 34163406
613119661 689075603 897969776
417254802 706437569 526036464
564596387 669983207 753030195
633830783 274811907 52705290
393369637 236999287 650637748
770780411 76100340 14051099
998806492 988954029 224130818
704105516 527642633 996865898
955380390 893436624 85852967
502574675 860088617 686031600
65176331 387541399 599169292
798302819 956092586 446626348
882644252 396284441 852818991
760674986 62599172 884379899
662427117 285417366 568031793
43650990 788448988 75578677
895990847 326315031 83682466
231820924 557793068 104281005
108689641 778647434 248053691
570866707 413746107 203431575
207360430 564994379 705315791
267107264 612062546 671437657
192090149 599602642 804441314
599299989 445801065 801127771
113294985 822790554 685717617
619080517 384360237 724230874
492547487 754357762 714298538
458568278 947925077 111779101
179110141 850899166 193699305
590520920 431168733 541909751
362401682 706019487 169840673
573271266 644154611 475680693
378305093 969035860 338395096
590645339 348594692 907155093
399130788 442750235 820536715
679937154 462340417 887077148
779394493 347302779 653278884
258473878 604672023 585861719
229703585 402720908 822172936
590814307 994442682 799484915
272826122 386556226 485764529
480499237 426372748 210054
779872949 37219006 305460403
639695468 17504619 555778818
145047170 955978714 324100009
7053228 322481128 238249032
230664237 918822815 338126323
23301671 828416590 882551268
740580333 882978122 296306713
986889081 594491286 548973579
597347361 612750316 994201661
613763535 166123743 101240032
40519046 494318319 381882460
167618731 148614668 284528891
394152254 955227944 625084928
268281808 250175561 275139723
870884334 322447282 98682372
612555926 429280096 611028819
985568086 233471497 788412068
82894551 776938677 348635435
851374399 518116050 185652633
524282788 886594254 965319769
740447097 754677179 618724891
879947812 974587826 102396373
639124632 689615654 322544802
40127441 784679098 867949720
618779908 409682018 84264458
837649523 60046549 989851983
827749187 359048149 373587211
944670002 877399222 466330798
447236783 998844124 931826551
129429404 933926159 827200028
243436246 802813840 700916306
912120239 646716453 997133750
12277573 680631093 834746883
678812730 410692249 58119446
327258676 563052341 44219109
342863523 579745130 606570606
160610323 350932787 539449617
749223390 237079167 164494545
54245232 723310328 785526510
421854587 478476787 808356009
639018322 617675194 541949014
96725836 238462628 463787397
311152157 844356532 423400459
158927104 141936908 360957835
88632141 510945043 613579662
800275928 52947385 588574163
428628393 281919481 91352864
427915151 538828465 466531276
830888412 749332765 139989275
818226618 144816382 516386600
600539700 212717408 523836867
424470332 700346424 613461653
210560020 602549133 661421566
789917232 562906773 264404457
260183853 76927143 285891368
834052476 461779564 347260600
735231799 992285711 618494872
96201527 120828027 721283444
444080348 454773258 392203150
373992719 204536802 344390192
369930807 637670731 703740977
25991885 826438998 327296749
181736451 375505122 661662253
882169157 861995665 474819483
669136744 156571398 472944000
48186901 992366368 878505410
250707551 214410364 735898867
401387022 167494290 813610452
782206689 915648531 92142552
120658235 794119729 58559749
260971128 666796289 995068433
158567048 932815732 893830749
880612131 308899514 14746008
368584828 744956951 863589906
119483835 327618008 483249931
505936741 24425601 356349916
224422284 794582888 577678962
227499388 218830034 586718533
561852456 805687707 277731914
589269569 518645569 668986243
783749478 151770634 746326954
750282713 717539340 19744516
404378331 625996789 972853346
712458132 565646221 46688450
274294163 182879331 64542674
304957218 215495749 847384695
747889838 663534625 291286241
56999852 499247875 703040905
8948759 71508836 417304549
709069927 291317298 711871111
914917089 980185384 708777380
386782357 928016025 115847550
20485196 314064734 931374868
948546010 697299908 415026155
248215410 408774805 546041020
762022549 106948671 970525233
338718269 520402022 930690149
641138124 570758903 94511472
200164147 213540619 537569722
491759000 602033662 994660711
765007974 23073060 42683817
265635280 990279994 568455421
327413432 358167668 526061386
422409833 799283454 168583107
19727026 372352086 734773724
377863798 381584364 671336642
324620301 253622930 538214657
296222040 871763327 66582406
671939435 276681108 943472542
415721250 956061953 874947794
31638762 595861587 300855850
242217581 162895422 366990085
963334663 421815818 705375110
147382533 94269176 783713061
410391769 559116527 727991473
657611451 937056069 671651925
737148793 244198929 448108259
258085454 615145139 164013159
457913296 335418436 976820940
650009892 353566796 482291740
582219061 141489248 222003929
700587168 148795415 623876967
581274244 734491630 859106271
217228954 926196453 148294102
331784498 739305702 757134424
964910757 562431852 976635528
145226262 461778017 976033562
826834891 155856197 704623475
606496928 984741643 169702658
340908961 72814771 598439590
572263097 772493367 127117388
197713683 341017812 901430426
944504243 156253951 780695706
31657501 821879587 342188032
945034428 444572227 441578219
325717549 475672443 800592344
882292061 960064876 683809682
792786126 293986392 163162642
836560721 201792175 114644955
141246317 198370042 28130121
818671750 657110239 662441268
286541544 650262890 608857885
657518717 247939168 640337419
249304100 247940275 738066391
28008008 385753927 85336088
738886075 837332060 511747739
143974416 539366915 908534013
649304307 503330974 764524716
697468922 401535849 197543237
914967013 416032315 527685695
508789262 147653166 175864280
207511166 242958848 34606221
438719265 820917342 16121432
993678354 289758574 443502646
238965760 797110135 720844854
217790892 813656416 219646891
71013341 190136266 995469480
471678892 931072676 662562441
526072176 738586956 348854016
930692464 491285126 953039198
264982130 459084418 434722381
833454210 44910623 652759821
789556480 885116006 408423654
773309842 335971123 423216102
656598356 797218787 614109940
637594123 575696756 563961987
688691372 940364803 756035092
844948773 41351917 559042709
117377475 484912105 490593090
887995334 942495109 45543743
942509028 263841612 556952733
577532596 424784283 789382867
42146105 598826833 415965279
554186806 821584159 677153720
52930584 203850254 312651461
471967377 427392079 949614666
327012523 830729364 888651295
306998453 495367749 178763625
453615317 316130770 658347916
986803982 58569033 740831347
555091932 970314341 152728624
497764108 891091361 693746209
485007134 97110078 775936087
537577213 121517071 193028062
836156197 628619698 960277395
747446866 586700164 145284437
422052175 444055921 347313528
484135007 26749178 192069408
487135978 633846414 962735718
765185345 961852458 216822839
947629180 488212379 96829676
268523822 347972640 742725930
696403636 974058273 763934819
855220572 176087243 771348981
787334437 132654592 97915848
122583664 758305156 482537877
680830076 389707503 91597206
562444547 759435175 412410679
780474837 849401282 549397669
657207875 171690961 406603082
590929397 408673666 47143794
824913247 183486349 979523964
359910894 607191953 935557052
708165309 926287522 161157630
174079423 932886806 155270986
192056726 825875822 764555170
55094221 450522411 330779274
332342748 784005207 825310631
479166131 310075739 672648626
194020880 126222619 964802032
141273318 217810361 3793417
668469061 821837488 271775842
13107987 492463803 534323575
918490625 535413025 583579921
866997739 6174601 652817769
947795044 529855936 255419939
232866519 632286107 708101187
510791858 487197988 440396677
474460059 85260383 645551372
644354734 7057729 262758762
947220535 587703577 298621490
665468716 674992147 598663298
880598636 886108130 222949179
52526165 198470427 159188853
59124453 701450705 374757193
39428930 156094585 916792220
34823688 716182084 620722322
899811151 647772834 320449171
355527819 988255544 94170046
52647028 116917219 447704086
191392758 173232379 721651676
305351281 656152630 709662392
742507091 751454793 638843080
614483748 845365074 603633171
190502484 488915267 804592121
621660320 386749612 38482956
99993584 825183459 321365006
346627326 395748400 963715263
406883029 880752567 72656540
814370885 458835473 905496819
591063829 69713616 314426733
505535739 144467442 131021447
745841941 922782251 294654666
353484964 565918566 444269173
563334583 225319746 747141233
224466780 657187708 62475224
117362383 613500721 783540031
675360627 567952106 94134670
519329173 777468683 739436897
649375452 846307028 758926783
308365022 458545314 653741918
910316138 339827006 278807844
564134530 617554752 669203305
379947133 995471813 139278422
659588843 604124018 533002137
558029852 782956156 678451941
534445451 528822629 867562309
193173916 948826653 654344451
249882959 760839571 311909178
207828574 1697496 126923950
25755631 499167150 671583357
855485064 126621779 791850638
910608001 222619790 858525681
660681920 445207819 444573290
48846868 358406707 375433873
601741560 865482632 684514218
227996120 12130346 687858676
216023047 740900181 302394369
273178728 848465967 72838419
330468261 322427487 544053844
590551135 347810569 823594990
6583399 122231288 736410568
357859780 366534208 425254727
777814971 610874853 661417815
31264549 893399121 188580302
208322646 354887598 895313101
362856928 990290356 722062338
514438586 983722590 509490977
856045379 38180381 693263796
145764637 517001884 166844758
673451395 494584739 957840329
929027572 576564508 961996011
359821251 496573456 841801815
874204752 444478713 996206898
797344195 60153467 896687959
559498114 321417903 606602538
778424329 728209159 338768594
596116984 575402650 20098766
223620127 619975993 736042826
356180872 858494527 983747709
953514381 854465272 379670326
71095709 160314927 301141657
902736798 33471933 364162131
402911719 672710898 573671448
904526316 178208378 613086866
650353707 418293601 201196574
639082402 125460968 928350403
840035404 806960157 331014655
757273798 921076653 337691152
762184916 33960537 291518128
444389067 93198413 533708134
941723910 255166423 398984826
485230723 890623169 324945099
232078427 563822282 324611800
187918507 120507410 401811039
842827184 40152609 835146073
217001514 980706224 99432918
476498805 543307666 26773507
857946858 518255654 971688893
536929225 165439752 204238238
365196671 991747430 519124046
786452604 938320535 562241242
333245127 832722445 351476453
153861882 826224353 936087033
105496809 882764505 554208214
726619655 142503964 220317979
778001797 39247989 493243074
416169674 766305263 928582881
560863541 124377946 4412943
333913647 47276808 737716816
910666233 638111425 936168753
93497030 357867151 501304182
954756069 49542207 110705823
558966058 822679709 707578984
800533293 335523711 24137992
620150147 814426538 335160886
685960873 957923289 225320091
344542674 215344841 206744311
307699378 297050178 571526798
342684477 829773829 473644294
720613955 126326628 292760228
160331909 169110063 293815375
122900917 16381768 668882058
600893588 551968433 109924637
221810768 582535775 376151232
589876885 341970569 291039983
151995483 756294020 863291475
304156374 616416868 262878922
183905107 76496452 334339109
658486006 958038736 363718119
580440242 476363024 54466824
139665900 31130659 505448473
969902833 725308245 54176732
113738160 411886978 57767179
92470197 457914110 420817418
192181526 756641801 640080432
957000205 636467148 675889004
897835424 741015965 750937987
478713043 661763552 381848698
335480597 356838867 877721640
212758864 765469134 814328532
720341458 868979067 572825087
84337702 990831766 811472797
820798622 500036589 609659120
141514106 99767978 872792130
861517287 987508586 750115402
502807424 104435349 489179779
333280534 734952627 691939208
762588517 823016120 499715752
505244785 248779766 240297471
154319982 924595080 961751474
662436526 277082043 980177693
390250763 420989391 196873862
751205475 984905174 714232253
354686942 846944681 924267932
947473960 348709567 486708987
523456368 32495867 70185347
510386386 121211559 377356707
513948760 495254481 908134613
183396760 303071541 824570922
374322976 649012758 617056083
136788265 545406800 110522618
435602000 877840731 766944883
855512146 114870295 349899956
597161367 697343144 76154050
850866243 324396864 572031195
494967982 430373413 634083157
443929865 256168265 666659283
261661280 588355778 170746733
517945843 412119784 70931315
365839040 223594003 873935331
745241098 634549420 462942172
842150718 467457486 609038381
845385686 367435349 584681287
745319806 253568773 185849093
711474491 718983106 83638479
793889313 999506811 764406274
616529978 898451531 522515312
122753236 635830320 640031190
497044149 349372065 596020884
104855083 882640532 478047288
189165396 330750834 435717670
74740628 642375910 116763663
736059336 874097480 640385433
828223643 880324126 406852607
351551922 530745374 692551787
708846515 66016032 97209076
233658861 877283140 149160711
952689817 623594774 969863748
810662740 683042414 869558400
197929 812906014 157545151
709615999 160219920 486377578
570431597 312999235 418740692
660965579 620549135 480134151
210095433 220827549 731773074
942128296 339944210 321838360
612329631 852923229 980545614
729670847 327008211 986233607
466784595 770722451 982600383
369651326 95871622 625698331
8717978 656583196 548063464
434003670 910143031 136961886
915370464 315878379 67012825
396450063 967522662 589360922
57045020 905503 755220739
601327907 881277125 385735987
117787669 924757829 303019866
929516435 33484360 252588284
463550988 754005004 633683639
423342384 671318744 341586594
764261139 411017218 435974242
409702344 467281753 585316847
226791535 711340600 186197687
509889300 149324059 202107025
596379379 412955792 905516190
992655038 386856173 901903067
448003203 165643247 309743234
937092815 719477978 134807378
144179313 12458366 77036673
696202652 16866122 154614401
774532101 950141991 522591579
706443412 468940756 145788098
90906681 147339141 689603056
865373223 446521400 923581992
489657032 959476868 847105447
746669883 649001242 998913843
457096375 669207967 193055963
487902225 546980102 455400410
592759204 880544989 483232960
413084285 381508232 242387465
199491606 456095308 649155592
7977894 620556736 534891964
909248748 784812266 254208336
764643763 538727202 289105464
441133739 994891007 586441554
618853630 394031067 35929409
40657269 610045960 518905205
756861869 395758262 121509314
623058861 517042023 741415799
85967108 152565264 784030674
785220076 565226339 922720742
805931508 836305099 300025339
499221581 555070355 84003766
561950074 955539471 655058332
94968544 263315107 507291015
677169078 796379397 712682111
718029567 83839817 734518883
680416949 578958595 856951458
622371297 335544022 658245742
56665940 970217298 368879895
574487589 835937148 11578585
503444049 487516124 550467819
972869239 503834447 616290544
787927373 355960435 452062605
378939097 857085656 316343609
310535202 179860527 37931259
746305497 990918230 641707324
804689266 326493578 780579928
842910475 605275005 279648695
65946817 675705787 508052255
620774271 181547449 615103737
55426425 704718104 313267622
868545231 791755830 670355280
29311097 307965966 520507291
88594622 136173369 542879692
82530219 914232378 841558920
298337874 270637678 142312411
661207811 301691319 295512122
921118431 275904108 15250362
796103507 119775258 648348443
187490184 977246245 635408331
793460026 162280626 707762976
479590189 397034107 867412340
188333634 280517824 840232725
752451295 253613398 520677295
194142387 858319153 566279467
925580949 35530684 368130224
90625378 155767997 639460592
882319181 165517620 899381416
532520406 808271285 443399405
827176115 411422431 255494114
709386103 472645050 779535586
684590590 179619035 226405706
620362276 788514234 903911336
370522239 58331864 689622604
283892497 811194689 879964724
124548001 56396358 179959558
498232236 428148969 511350152
323590493 511386978 801173040
807913252 990483075 571789890
250891920 407807998 733913230
757640614 418834994 509586681
281991615 155853446 569557898
934453606 466792435 12737840
310088282 995597606 856104065
481917476 410173769 728526750
338968079 569355272 733232853
44042329 104544138 985385904
570471890 684428973 379920016
906495028 463626557 655503884
985740106 700150455 921652388
292691920 359668515 290260461
286783352 861480639 105523897
274173441 702595747 627255103
419998159 495111580 830164576
725088319 804330243 259627518
788463067 721436234 632137889
827315167 209299857 558294552
362287576 727694333 741180707
193184033 336370919 587994511
11358031 722415501 9101213
893019801 72962860 12843471
441575005 104903246 563998215
111569592 736049538 478826794
377437882 235596484 778731965
304187859 270471388 207317573
36552071 25448191 665072705
98721207 61076482 637951442
705024801 959889714 897067417
232813761 643584714 685136281
130771153 760289849 128824444
92756659 919596328 649276419
139486853 403682299 704798365
820186027 966257278 695683597
607811749 862429499 198393790
962074430 119019007 746952406
197850884 272017183 316290643
501389735 709182681 81297478
685885348 486881528 990736631
296764585 826093073 458469929
743267161 970009228 716807711
826652901 826909635 347252539
276313067 173909699 838303850
79453743 297735164 834411164
66987938 411027302 417245798
357185297 64487484 277281586
872738280 284181723 191050332
473063629 74516050 527982241
997061945 215466821 655306663
421588025 191600816 693082286
528342500 116426335 154482024
580499353 825393205 463055004
234490716 659241286 690779098
114084752 979906691 474144746
768155245 278095116 110903699
37431602 78296722 75604661
613476544 781195659 269075781
834552051 478762215 20148538
962622848 534402789 159831058
701008808 687554766 931617
40625696 713615080 419278813
286083995 162787284 751678544
354153192 971325694 420187781
617015275 3976873 553388287
759785782 827844881 526863054
513398300 468213353 433698014
906290877 781434315 838524752
872174339 843297186 75268966
579958795 242501204 3551249
412771985 740088692 878295746
837335963 517614792 130141431
609073484 574778368 385385619
358028166 732115550 325159172
430156867 59264825 678897450
694790862 97352922 392297332
574050611 916269077 365139645
86389815 903211854 493533996
816530277 823031795 311340750
695561982 218098944 189642463
595363509 42231531 412492602
709457825 205088080 320909585
747197907 418871756 962567348
114641286 677119907 739639093
385753689 522379207 91120392
950491458 679454449 470281466
789548331 203435957 150262600
38330751 207331729 27235036
772813901 636670305 256071459
525309452 417435960 67637817
851197200 580413337 690853694
330423516 536531772 573313757
895769426 871640080 482440008
17629000 39774278 364304610
60188010 362622584 845870756
774180734 45971754 435410744
126902446 227287704 866621002
702066023 716525550 561695439
492171427 728080516 934370160
938724579 576128415 159937739
795697985 622067721 250166446
993013417 77345357 39597095
789693867 152031615 524946696
702046257 20468746 505968226
974075902 985715475 663971973
49179197 260578402 753011714
696629113 140163827 15424523
184950962 679315067 53641985
971373803 330000948 881262028
852225776 104466746 489824472
656298806 183276335 896952545
634627040 68673962 878106253
877752159 114172256 122599500
533803762 638852124 858107856
661026097 236837948 67763965
863775406 217584270 457641077
362219407 871364069 897536437
792344588 728424128 431653458
348144622 129710628 734534311
618439865 586139340 147456327
345304509 898106748 851586433
228955937 820583443 48948180
636820440 186237999 360244389
67883991 129649486 294090757
151651862 813413214 445768567
180443225 747641906 397206461
594217027 177173978 471008888
261611400 993936529 624902501
43700111 143205892 107339659
849385932 909853074 678813798
657604060 403867640 835007826
169386707 16782928 944492232
522877347 86675240 6817809
7756709 192643087 994431991
95714674 758857635 699817448
637513293 952317880 304654428
446915228 744643743 866951820
850661984 829532895 511114497
743414103 136249701 221362854
153639423 687007622 290930074
561660243 483633860 442415269
256896763 187420491 655560172
742678841 40395469 640242156
193274031 770086298 536750257
657183487 94512033 673441905
887430001 840292130 323410784
373504921 449667909 4907047
598836985 253015458 206054135
126173057 569296859 102739753
664561301 388588565 926350419
817255218 579522971 544967737
235445955 498448142 827136912
672660857 707947148 223455020
296810789 56982428 208004185
120988280 855356664 160220977
735774878 906003694 978698890
509396906 534202492 189326260
171540556 719560168 990712636
46295027 58011705 692414048
391049332 306085699 225045286
466725127 269919135 358946122
662304734 864527175 955715687
814334414 486563564 46511793
112121299 795016576 56324816
993062310 576986599 188857880
169700183 843415633 31208547
520830707 552873657 124623936
76084801 961083946 252651266
774600661 477622795 636413935
622514464 350010107 449968984
213407685 802178290 726764882
964620400 349701561 247028515
836418338 118254268 350181809
244579129 105295567 254603902
792150738 443020992 934033311
214700940 403224831 957096042
236934839 78951929 505721937
628238027 520128825 58346438
956155113 468006548 155629507
232105574 996311203 654374295
488542730 191191291 415892751
401026552 146463340 491494788
772902148 208472258 678627510
385033279 289582299 217122293
360660580 136592599 34461310
743255395 610600292 64050550
301296420 146567370 119302664
914453695 499863643 492395371
449064417 183826012 816408414
368911928 236065965 951774388
316927261 648149205 168349963
847769596 853158099 685046438
656623287 972357084 182466834
620753175 593516844 918053578
246640965 92851105 442055365
920168573 560244963 525288882
925779181 232403478 635205122
508404935 898710123 496887897
299757448 15573397 783850598
459680005 790466024 936945475
264842906 266106987 351431346
466271010 622197986 238807279
957587252 995873720 635409949
159954997 981136657 616006526
964490521 5452008 448579110
47485372 43012678 505359412
787564180 825284826 541398164
36099794 457089367 570287614
423398047 514611532 869426488
856864779 748026005 881854842
105225844 485805219 531808267
258247252 89218841 599670808
808612091 13339084 744274708
785749538 436602838 234082685
142498426 384835170 317602552
256691289 695398363 97420069
17104881 515163018 718371516
327315813 173734464 755167444
493151190 921186855 612441715
802392977 626700279 26213767
488381587 497959196 828751533
148846293 938664070 754985336
435252390 198583968 848104335
935821618 397735939 673033141
498533805 755809082 680110550
1464202 923828832 673563645
75912037 413260967 959317922
741687850 357455242 570071366
35126580 318461071 457309058
808407344 289684139 749530830
657668199 582435262 617647827
853065069 222421783 845777677
735153644 86929107 666208705
945802531 360449408 790017125
58853584 552694084 977109477
724403104 390831844 953459022
55364901 119149420 411194794
392550199 499668842 664789481
43888484 392529027 393454438
188191943 695970088 599996680
756852333 71947052 602109541
761644944 830620382 219808475
148612097 359628007 256229918
579427414 121931627 696899673
513778444 791755809 807751428
622898443 935370195 754672588
225264561 808713884 799955602
816995018 242061379 344095402
378721270 964148259 287073305
540699840 730387900 454116688
297582542 58475978 68042141
400305748 370684221 485772239
522082166 538427940 565521130
890733087 131758252 504834590
762169097 571128082 728327980
886243970 572149194 965778370
313816461 485308092 666741351
395293592 858890239 722957323
744342619 868437953 948253974
70467095 202243117 957673776
949165202 491638597 93747059
86082315 419492143 964162027
191997732 309637808 82621546
117429693 176916378 296291256
120285474 748486223 158864445
532928920 161596070 939516730
219318381 559084094 673532691
24363495 314788293 447252828
732725044 581361352 141763305
508851530 372266552 451111120
476591102 792109271 692224650
23066440 313013776 203002339
67591527 23661636 936081352
861129245 249460359 896518070
557938247 692211324 360645578
442050628 621379342 368070623
704117476 693692221 844846231
350368842 521997861 637112501
714956730 748251568 569261655
903991695 588913795 478090317
491781368 326505925 609081834
141684797 964522866 847556242
329096506 184401329 847469747
279180880 243505251 519952085
399327067 309394722 826512485
907863437 50808323 159277073
379160679 305352880 489547387
178630985 664249151 992278799
172646820 764302503 574791917
306281188 195722203 188290663
901225521 760328560 743951973
971426198 715494270 853042013
164803049 173145929 255448903
125539035 44186034 339974407
616891706 135799902 473400575
279610097 396932442 198101702
220283891 603966077 759279763
37247123 714632395 340315774
369202923 158853889 400414366
481497073 579677338 174587852
572994767 323797338 130448918
988308458 26763237 434395495
999727637 536244827 825190102
156104757 491817492 996229787
343831389 167560926 4610971
792952947 586419353 544826299
355709881 694972902 757472628
317351774 508857707 962048466
311199562 809774911 616035302
716065251 157929678 858538383
606912715 782267928 973755827
990303607 474707201 363659637
739965938 120597977 785593029
514302181 966554976 43036559
149704623 728005909 591588789
125494759 330800749 26624066
431246845 663059187 902884714
236614898 478859534 383748402
99300858 350433330 59091919
652997384 688604221 209540440
626454737 565254032 238525147
838896611 823662117 298422025
210148111 24211427 89753594
578115797 912091480 478306974
726991279 721079668 93820269
549527664 423509129 208789137
526633172 341189853 647650867
649697362 549278898 60180666
975437485 715934958 387690454
426874654 158855742 768760242
916765136 459175471 396887155
414585268 400324401 13089765
305641007 370355261 377264595
330804119 478433629 938774341
602404613 94058316 231600910
781526591 953273225 476977976
796209276 446257594 862950738
475135446 309918418 175868541
865084562 781684761 963923384
455086354 782334208 962533120
444737192 149859658 897123679
630479792 642028580 92425524
154231505 223106146 325591954
509611966 931498757 564037702
360150990 70991275 634236627
811871283 403482553 94970622
7106953 439655012 685912716
981840795 293484627 445081036
187789943 596800574 496197535
762621919 609795510 810936792
982336453 147024288 213951180
199722870 893657840 409921918
310808710 594710082 526762303
45347243 883473934 887177360
324262405 896129032 628362577
326325581 530536354 600523461
794414358 497627622 241076755
28819242 849565526 2627099
165381977 282047307 322304445
687790914 895761677 683501986
507387223 133333957 702026333
715019129 958514860 308903747
447918677 192599550 528159105
973661776 738565998 692333529
262798598 30539998 128156091
821110081 297659522 529408646
71645238 643054662 800544937
388436316 623914616 515917815
607281088 468224996 932379332
276930400 674305616 736493300
511144821 745439994 878622319
128402006 400722831 550320457
787006874 617684683 18838880
907612566 278675934 174855885
624546761 62825060 156913540
343254980 495042189 943085980
744407003 145489216 383739723
175351550 56788412 292777562
387796299 450449730 683165158
979364873 382235260 52307230
311230727 313171942 568666911
686063606 82492018 551759949
208107088 822961300 674342024
196760502 821078969 101477888
642916320 808128706 179460824
583806675 346396476 936778687
339528365 887793353 907306347
735477875 858861610 323273934
291476850 735989586 749436905
739106580 389255767 102900339
573829455 622820339 377559154
884027553 154315506 13848767
147048346 556381604 302170023
400520940 836238554 520656360
442375728 365408396 988816765
977951151 175051213 109970339
233942807 165952075 540503265
237418815 892895309 202310976
853739357 963207335 599851464
658663681 740509085 892726322
564415423 908460479 571333359
765091650 591752891 754051178
812078177 861764023 122370850
448122132 494448830 983580971
82034227 125161415 879227852
140909455 991503672 18660989
514878782 373887547 334549462
742010046 389305032 149265120
877288628 474527208 955336426
641720343 561697010 819898028
367268165 184906027 762243827
327152234 30880314 799358066
874642290 127342442 238754922
138206116 919998326 745439079
152857173 738785008 243282447
330098648 134587291 225315065
139820778 84401435 456130975
741760327 819290447 841845510
119960793 83467647 20193226
831819535 519964733 813181224
463048450 45652216 210830273
115768032 35210907 851536517
708442872 551344082 636918066
63635565 503673335 127691754
975525904 271670077 46473159
71132564 323889716 716815464
11029898 810192189 103619948
840064269 132922317 987947780
646169210 220547840 630933965
967629144 214774593 198407974
720051966 377456401 31416738
97473548 156290615 908236894
801224008 297829845 622503273
373486641 378175386 172397121
918197522 537552108 838379910
782278994 658156958 259654955
542142157 612285553 73376339
106413916 880024307 620766308
819527047 15015536 567836278
232999907 768596889 205672580
302641424 184440344 968150364
809620527 576735181 4648146
778837937 105962980 992386663
229797269 988354840 541375551
914072990 759947314 509721894
393486679 749614502 632842568
198777291 472087589 723192710
115238810 194184632 896297562
380987586 407608561 455365152
230074958 552172808 244334478
437633515 121166907 817557160
337455876 132731028 500258136
118451078 558053247 145934792
532378393 818485133 387889723
756699057 309528911 598216060
775388247 43603113 88313058
352311239 530120085 124256201
413155580 304525471 490641779
644663324 790461268 335014871
737710623 903113703 476693984
242529746 594762662 437315952
312017904 918441894 459520342
202706330 919953808 74742261
960735483 903079441 861609527
510754070 729211472 394537192
192518998 13728694 723872620
527903421 721657025 112927452
425598787 470361572 561204449
707110812 726406387 91274405
128009184 153939747 423925579
430167052 746290420 634105999
109223328 796106713 993522905
958236870 181165175 69482279
390530625 213767380 363602964
215031290 638834325 906269768
434102044 131814874 250041868
899912828 456022667 778678109
535915400 299056778 821216010
766108140 822456351 624830363
637426805 293102301 812074097
847711366 860050268 691308459
429749624 382356574 510914579
715838988 647643947 434268004
520263193 549127152 299456538
158241728 824633240 488160337
116003492 131200576 269176186
525426306 533943662 247843014
674708255 144534648 31915385
106948323 792204952 56749852
891541224 73259976 534868281
728112320 28721392 192302534
410849034 649167041 729290130
351066210 163999734 325078141
667831721 669190932 103437444
816227875 82159778 709829892
807034823 558290894 824174273
528482314 851188873 500387133
216822569 315210792 710917196
534615027 526402312 542019241
280960951 582438493 368954488
869174243 923066113 580388580
586928797 18973435 820301073
33928654 462145358 945027742
982408447 127919275 411919441
483307859 337755361 915766793
404088307 475191040 493552134
38634432 35282942 189911827
597716156 708037197 923805264
836855553 325391629 949939633
758125303 176248538 527722211
462440328 144405651 335501022
768501922 417771996 523400737
820350718 117448021 610803644
724802127 526728039 708753985
594620935 735914904 579168164
614406057 504463645 511005607
603717150 917352911 167837613
544048929 59847287 420246255
282813918 531170553 634629857
405657194 662433935 726373230
378777212 822991714 305412480
344115773 65953495 30222592
634005271 48445575 137651619
898651200 393429840 374603593
869251370 796777778 627029775
28883480 821620818 957072138
671252921 366421402 408637554
104528821 459720620 370594501
383718906 442306042 377172497
60611912 710001048 262238769
265873433 251923547 695873638
335114318 636226035 91205492
977522765 738724998 70330343
933017180 327397259 122912620
362489075 182299078 21165586
578120648 350165292 40133915
494897685 706272779 927034889
453626970 609938401 552719151
967881453 452230665 286279849
21906773 747279721 504336426
631348637 23876200 339854673
405592654 612412455 419082280
346197308 614758692 104932137
867934041 524371079 107435042
741809534 724895234 221092375
360742313 533361273 539843588
871295506 821309304 716601935
364577685 178914614 660166400
321608113 390127233 468141917
216636672 533597839 682303013
909818054 845195456 80875500
902351672 913039497 575347404
229866763 308545686 284708123
51036409 319245200 615813155
431673580 863935915 242543219
670629385 797669938 98738972
770631850 906438760 620830274
101719440 635509839 361677118
293523362 72230370 608197748
860266563 570225257 510315526
458601461 225205711 372928235
854324560 82314758 699582326
884482965 324105761 541852570
863424487 322024863 464834095
712381203 579764298 336460186
214831026 444866541 431967365
269793513 671049849 553373498
486650508 721082322 819739832
587940745 193918682 945855494
19975163 674142288 755196603
554291422 926327600 200294656
619380774 536015820 228656334
709535264 884664477 796939776
501754527 287694035 684968212
572003029 868585704 659730914
915659802 825835412 973707553
465708117 607862900 780196990
672976789 64297440 560782698
215444177 391136945 496591297
158638580 258099562 161568779
801476885 735842393 821981667
322418550 906369092 467495148
440513606 342151243 923617629
891435903 978326763 69178531
680674456 218568778 908350135
442852340 286619011 884452639
308211790 693683022 172426088
275357476 737504834 645568239
253542478 435795238 256069631
121932595 161020740 206068248
29747132 263696611 855820291
888230184 333440399 498387685
521175333 601107527 468294151
453139585 694627259 972440326
39732456 216885657 171109874
292822240 146491273 31290846
277451497 847901530 862792554
298255403 707242295 591316191
188962695 691805218 915387478
45346658 775750551 521668838
839917094 21376851 59407206
922971289 962615427 90118660
337052680 645962806 319952703
931118610 68270327 966984914
437020273 962902943 390234548
721202394 705910729 951033912
96965642 426162812 901739625
777640817 904896211 150925319
253447260 120186460 613077996
788642330 537137765 129539022
560447662 713197718 890112199
623220947 832274313 563993780
270376840 533060309 949794290
96903897 255633079 644053238
131293747 830207388 866173833
336521776 353568052 893712000
627415497 791601510 418706339
865265838 803560704 798819864
253336580 454052132 234084722
154917225 114690674 188070455
229897397 294792954 471883135
438489918 273058902 926531746
632950344 60049440 526518516
572809021 402336411 751208813
121291327 339828493 585989264
455031725 509870729 733084825
264512739 298214359 944284573
842106991 155597570 389766149
510265498 768446134 394857051
881934350 330896521 22628256
692990377 971982701 650488622
37376338 903524714 793978083
711056998 857856711 58703982
741614639 985112261 846970463
721123501 257349965 271638319
593487068 413057975 332074523
686066323 752281566 389612690
969757548 872147112 735779800
131054233 574355978 930883624
253813127 920891606 475026390
417117581 8446160 976878604
421954302 995903482 985616286
274377213 323076194 96905548
883375690 812466001 252823740
319355409 225900773 922791690
955895146 172042677 983430261
471207136 677909802 340574106
944320764 872144388 823281773
691950911 436249294 847523110
36380179 294244475 930337792
86000877 883901883 836935232
527950113 505830413 791285408
443413836 994818810 903192397
357257753 770287372 453512034
941415196 986281465 880727404
107798918 885193689 172167358
749989538 280214480 543672548
71261273 377802873 451906293
646517065 783006462 873411714
588118169 792191168 350864838
486686097 746476162 29367792
818164904 55940680 688668793
688904718 197288915 676625216
476102460 849350526 688374606
146127912 3302620 430207385
214829236 674627988 328079168
336856223 618270581 88295994
119000878 169460558 268009789
554443651 766183442 824212122
891872916 697052321 819439714
139686242 909416835 637819952
736322083 440573664 851093177
342952206 484783589 513641017
937919753 789385047 143355059
279902891 186271681 738161934
636750819 887736032 351736811
858487371 302577583 213313546
90622682 445062150 394707031
195302103 422511155 941016612
405144293 896229807 949554381
612452200 241041227 22263644
24663947 991184337 599717002
694825515 657133384 672836002
245572533 973717169 95537862
496524942 212886716 281087533
752973431 914646433 181200333
53454051 430607955 663576795
460531480 644666787 279342292
160257262 95628804 395051256
182668050 609072427 126004164
15155764 771573078 564613933
467248132 830388241 987830713
996738289 487165109 888260922
723283276 530588481 127251665
241037805 766183203 218125679
204595238 925497505 873394943
839797045 285833129 309196813
801487098 530609022 410248318
139800466 463114070 919485633
221841455 644333988 231462865
884858711 303833764 780296841
727125778 203327154 449179485
193670676 438649410 850901243
156704945 30894901 311592314
281105036 252850765 663229105
484232533 974236279 266629382
396895499 625887408 734726187
694963903 491949970 92061206
11081272 503457793 143027709
935705308 347082726 744128379
426871122 737502201 227866978
765938642 411775108 760695792
454505193 790385760 641234259
275120138 78442874 102305498
598074168 63084820 55955489
357408429 999723009 252159078
505659835 975200816 380428530
651089619 720256933 861407774
642346790 761890648 803418558
869572989 48868001 5756315
272362005 541747843 665352581
409028714 324814794 423802474
720762108 398252144 141989740
958020313 600823397 44157616
623293073 192599457 279486036
182392760 540893920 529182734
998930947 364188244 942634457
502602298 141647522 96258788
340716951 762631115 569538219
464854683 152252010 279608825
125458204 336370681 47418754
137300968 536023317 935958793
896364012 301722145 802969226
387182935 994539454 461801350
303788949 969366248 941603272
282626443 658130257 890764598
817723031 995054678 283207928
555095194 336092271 467910238
958499063 177150029 338811626
791207316 527502276 819990226
162419285 596651173 915937916
990905649 705898786 683600081
857082396 472435232 57146895
202851261 159580383 58591050
246810881 196646498 38506797
504924443 279413359 175615795
758021852 501580067 468613005
124579869 961187065 995580228
531406400 43799764 474078155
382810555 761314243 602212957
520979010 491515743 529342426
120786160 908212013 772840670
930804567 158971462 132772727
375384764 100478487 218757401
932193776 305067716 193976787
896524668 180705383 805238350
546253010 883229699 292907698
604782275 956590709 712038659
628866327 228058634 626579237
4429962 564804742 823396372
612878747 193884326 447126482
988286147 82501451 264309534
824905837 534842369 726824988
101259461 952803809 352893605
27876667 305244667 731553554
730831002 130986778 423236607
401105178 633871129 997665538
113891709 898697433 347396645
165115158 31003764 87040987
494171613 891956502 759894230
708174957 515240484 487538394
674692904 289178469 638021964
706528895 6233457 353719460
47080354 704560130 668259174
486514567 348875327 785490692
788469616 973753230 855808162
611129217 138856506 226953436
926938605 52272164 860666308
691107513 303819555 347002051
857003791 59630273 798649166
75939412 587504515 646705600
409515396 99375888 428271054
273980159 191137642 257784072
827723397 929340207 428334149
95765217 22024627 915199371
223577467 174956229 417151813
836973744 432069666 305947579
694891350 808053607 702296197
165500839 129495399 320562039
527040908 860175026 464241316
790155099 865815151 989667636
332968743 970377284 735472281
648017800 140967986 385520835
714596978 103198935 893409974
394553760 550457212 214610134
525728730 478290147 950705009
416707955 511573219 288277560
604577929 644610969 454268579
96875511 812275640 453694944
870798567 395390429 659135517
200098048 466117682 677194209
457432377 99801582 43420070
551196193 366945733 497706044
726321952 240765354 695366600
736840867 766260270 166504816
999296743 531848216 566161206
675984454 694952969 563368481
90162210 312139994 502746506
469606919 85022239 974106856
860652062 512831297 322544807
159565048 137213199 734776489
969485382 322561333 903594500
266989670 561665819 459273528
317270985 610460550 51247840
591625661 82176167 984945540
48420285 551274642 115569160
548307963 456247420 443476209
101451808 498921108 709587923
773426975 610398824 872763942
272065061 381669733 273654063
628748729 87799393 825328186
540569491 17468377 122337296
795123177 710364316 497012485
192792696 844151226 195644490
905067531 421934734 48596177
89432561 446946709 941408887
756320718 319596584 337097333
630510203 777490744 488550540
813202948 719686053 483127884
669811308 867405227 284621456
366504998 985815168 935599373
869737332 200995596 226632940
198736077 83988650 802116616
648596832 278440227 935890335
723067158 114171676 465788042
573781871 19236325 6278247
424056989 125282335 14285707
184399429 704160934 512303560
494096279 742821285 434963784
932845979 706218351 799128948
646271713 779441435 522614299
325129005 664108643 873094351
662224719 387329582 741592991
723490609 741196842 724885563
424125052 863976413 324975114
94097510 134313823 145077501
14899158 204872179 120165132
876139210 17056653 747359140
202100867 922357145 28792710
224658446 516595652 696453883
155858123 697652827 259609528
467924311 904186940 672225892
921473804 848268430 578298594
204992835 92442244 323108101
826481789 497599404 159091651
508941911 452989372 23425640
125046707 178354412 968961093
163662130 793260250 754408968
478100665 520815076 506257674
21075163 923199404 482664425
628381921 260521605 216185483
316572815 611421299 890615975
895327309 420620533 54677276
358468773 8454944 110234112
676897455 910135278 765677581
463628778 446339338 911194771
532257271 791431808 621332807
639777846 784989615 595179948
312216780 39746932 523445398
429153534 521946930 551211504
634623587 778048553 656588065
728714124 971814884 876913390
931615124 523880242 249006937
766963403 65181159 567267264
20422206 453123931 618908388
339141517 594053774 68193955
287600528 958719586 696107135
447897930 954707440 508242781
125564160 531275428 668615479
693830293 372335133 481385722
748950428 468398403 22341268
173230463 309249220 779761120
206374574 503843081 369203324
470417771 249218819 545069951
235903593 630993734 976106644
735485325 364162756 989706060
646500088 916389026 904592192
767939251 705403426 503012918
140830436 948300215 315029454
776309973 763844029 419157914
447601168 894513638 722743448
700616743 788754244 386821471
854669136 507154936 858730450
906808560 173973824 667698175
222488532 303286126 741630844
804505683 92547842 716246415
518498938 138616374 186069909
214194552 167840982 650418046
528480415 108344550 851995296
446659806 530133267 326043743
252027504 224876907 597892214
50518836 19467577 385244337
945865728 280040464 383372937
726845755 170301326 187598577
889003129 922839936 960416398
540606355 34327534 866311592
68360404 362639932 462375205
122373596 663103142 243406810
129587788 603422986 240620860
522230767 276834410 365420342
842764719 381437091 826108943
50118356 826883089 942437848
598098197 287216523 962413801
162326542 916340017 741027438
938123585 553393055 648850893
718855001 111821641 758496505
54140252 994963635 470112847
857905637 490845651 903657871
811495781 119111087 113700517
839292867 655597273 654612980
839833881 921686459 109379970
884344748 603950642 45064341
544715382 113184291 179364596
676378019 126765260 935088982
220531781 978163526 388306318
168612410 782059080 313664671
760384622 474076243 818153355
543202356 535143260 786571603
934684433 106616380 165673777
694810784 390559533 359282088
879567192 147932060 132052491
911172040 216778095 471489117
446407987 825942935 825743075
7073358 263406114 896374030
868813060 508592130 366489637
307904380 542264030 183890958
91519166 285632109 399900489
767939875 810508874 445612096
387237904 675856484 714033220
263551307 162791297 808749062
809072160 568707653 452820774
845266468 245008566 148170281
860892562 460445025 443894981
985716534 439492534 964290231
492582348 915247310 554217523
853203137 732505215 388452267
31957698 475215255 156319955
826944269 10682349 770544763
865700978 555498930 74712233
91029915 363250759 338018832
431269332 829328811 176442282
466081562 66001117 422266433
815176620 39829091 708858764
990547082 688768615 162083579
969063946 616926164 62072829
678183455 765974687 857995699
709057899 940397405 558107760
317531682 450225634 431647235
951102089 731079302 752467956
594434667 937963269 326764359
774759532 797465374 336827691
976279198 369536155 8484954
887988308 300412284 966591543
566712063 655413145 988326303
157691669 751936102 433725200
479091840 691360184 220260494
953031508 584572202 670401096
846475327 663773729 700119488
474748306 748903745 370710020
953133661 871696978 839196979
696597530 434334693 832579769
211844701 945939364 323766892
90495952 39696423 577064820
359159045 418752374 778568781
771892101 794625016 944759248
135297531 558850084 580669084
304865220 229495689 99664255
549403202 592475544 335278479
559780124 365833373 812872297
682562119 171828050 25148911
29947975 955973104 855341340
579748258 636195900 277766466
259136615 893599071 831245592
326355333 780083367 453919931
542534457 118586088 785964167
64366244 903643340 400483008
278911373 673224887 544923310
380612862 132943217 51252777
812350050 698965570 133949085
481827565 319933307 614647698
791196000 5597844 486563056
363977316 253507570 864778305
800751626 624481610 607305392
767346496 960289077 674035360
714597247 572614329 906770431
639465782 251081528 376171636
321265286 305517657 716102443
842661053 875184656 767569137
615002525 722020300 150293240
767028521 405515484 557987812
791897827 265894267 112986551
352022995 554535921 625314006
206754637 883520645 835961171
387908062 487811213 105213639
157360353 764118082 457083443
889528128 442438495 87990100
99051192 66779947 456218652
954029593 139654428 511372846
230622993 479065046 83829919
396526646 726732562 565062651
432453497 631617307 600187804
557212948 836256672 423894453
936318754 283138961 627391402
535611738 683394952 454646119
472532253 739827290 999691865
525640719 785675101 447666960
884561220 174851096 154990533
543083464 136498330 520511813
763592104 491465381 138926282
756477620 551028717 926930887
568160943 126763976 745682242
228323191 489016791 508261670
35011913 801544309 168405336
600250339 396567279 989664999
127524085 645963305 915169269
438752236 118472553 129779337
396839906 613927729 310945513
43252622 561328067 164609469
126424741 398860032 327410286
402073105 325623035 315660014
521758578 30040913 849548505
153404845 152621455 841590785
633104213 452858103 52238662
960196773 327667311 954617911
304386805 231478831 196577569
879528847 794204228 524838194
2239566 131348586 587913699
374358952 72546866 934613381
47977445 448367904 516659256
615317515 332539857 607484447
485733343 966676114 362734944
838967476 405128837 510271691
895994586 773130074 895160803
650375849 142603228 818138906
148737171 541986065 683394004
494926438 817846365 483108000
716422822 482190328 159968838
930231454 781538189 349198328
95901227 858791185 670842137
713503926 669574098 439835071
415790548 249991019 966630082
424554436 363996201 580888371
49198538 719883588 955676575
475770925 790180346 297829240
693547595 95058246 929810572
177827512 759359486 26633184
614174731 676574610 854868983
828493968 759563731 331623096
602416787 692734933 132909491
691397593 600600523 91431302
206616625 664328419 581790182
619393966 813483088 56773435
612295241 560228870 203362264
805906132 510924682 539704301
963000688 20040394 129153072
706795289 571079725 192998003
20372732 295238760 844773947
220981432 263374581 890873441
757651237 900780742 953113184
622290025 476987762 90890036
866424854 572888364 651605405
344060339 431427170 632319072
48300820 527715157 925537893
24978726 365025573 469243880
193818994 445534593 25830942
923040452 566830194 340786794
410181168 276142554 97737441
123098723 106658672 581731069
180556122 306394085 154655603
196139268 274399576 824960882
96237938 165600378 329417778
437309736 728650400 181667509
63258139 659787964 349278231
194838874 29174843 765900715
62815808 320001194 418694576
106025798 343641906 152965855
443265118 958863287 348126205
276954836 403204182 888780552
965832384 129886539 55703707
217496560 257293193 807597452
641028831 629243930 253930401
529332643 546127934 807872588
541618196 413442871 123567680
289145285 65103088 341811154
499100469 593909246 437095027
70285223 519875201 31038055
437543120 680259788 250976897
981115588 951502648 19996117
289008064 594933780 629398143
724880344 108994910 264479890
819241705 595612588 699597461
843117319 134831205 327075547
610149111 436740105 478869802
90095909 908683924 682683973
537335173 218460189 840612700
152865437 400833429 580292764
180590847 839691516 263240138
577174482 455000733 978707870
596090185 485054283 44873906
1074879 872569546 498916337
890531175 666503678 310579235
701216599 179724704 582968
64612445 989786718 517743557
293456795 641955612 269389966
901393076 730142077 408186724
377332115 904561632 678827038
228443009 628309864 902677780
547960971 302055699 48838858
173319432 793691642 573474007
604604243 75092373 322807973
96330859 424455403 749932764
132045510 891740555 149948332
778542046 597514863 300066062
943045210 463816134 226398655
655460660 542046610 861201669
341776251 949114340 732400367
367901802 682008471 280633729
808199028 759945169 486102339
293145630 264063487 711114540
345356445 366822211 226155683
493705781 643722897 352678285
17045236 981419612 742862979
143586927 694113197 990266753
2198503 653679794 511669068
4594803 967919194 10284954
722313006 186332886 443630426
596775664 961286881 747850381
755162274 525034746 818690821
421756208 577814249 87132846
845362558 941371246 696962892
699292052 83239809 578370314
33229644 958392095 893443242
876234101 721139052 478004919
721818558 132516483 379025201
872717220 404131133 888485748
645652639 384362791 415270762
190252696 901025929 824597047
871738456 748430400 9053121
133964179 496812325 397800553
207222353 477361628 10053768
237856110 797945277 21240400
814348348 301865849 730739665
989344304 761495318 384207398
205634099 96600815 876474860
658679095 671342645 325535468
868028454 770742117 237455513
251532545 530223017 389767404
39509449 301459841 529180636
971207628 755965460 759101116
650716503 224504731 7661580
210546588 881674615 685515551
425294302 119127926 934065444
297799667 611068865 537220565
530440618 183048386 592474835
208059226 708496105 793296383
607423317 721742994 732703812
647436843 606814705 188472661
70180435 631536919 137703513
800982881 69846182 136827900
278769656 611928993 918563539
244775738 945969865 561652825
782649192 839937450 294557421
205999029 910175697 727974104
24822227 744087852 727711835
572241594 659767702 271571930
730874965 601419950 948223480
487399464 2099126 458610676
688232308 722735389 697964448
55687254 916824991 346817822
464445061 906604837 436879666
294243484 130693381 730330709
556515311 500993686 532119301
388127434 555400377 814993363
46669835 948975640 774404381
241106805 50427906 298428319
986115359 451038208 571671189
481961364 339562230 5539736
420755279 208958898 359387638
87841636 944998525 613986637
867232189 27242908 791824663
242266216 740397560 455073531
79929734 984616126 268418452
211394879 176610744 353502263
333725254 67478361 672156679
671405073 103858858 29928143
515360022 463801642 867646831
25795071 636225068 856009427
672481396 358954609 902488149
268875123 265379125 115793020
508498927 255936253 365933326
893908879 58446836 882222571
358187875 557996830 852670321
254201569 78287411 832954653
644207194 665254520 470867440
820444599 102725681 671463117
479378686 621626156 134031298
91842179 65162109 984314571
35802499 405224939 336381228
955720128 910202507 744493568
69823516 840360006 136940518
66574389 986893059 861556586
474506277 58829061 323702101
655775616 672361249 463683590
70641753 109336534 727529296
59904013 600498762 56052697
316664467 912604654 409584709
431303909 102896950 662822951
807414505 441423859 250302083
928338655 643789670 845544638
708373286 670023660 11388692
486846620 412230991 498440715
853801568 459675039 944826411
665946168 664893749 108746345
364660414 698921553 725609063
840663765 27887311 487561211
555353112 352395271 631159790
206675241 115971195 110262182
13194760 639064402 765899399
72525321 636607029 847629428
902780078 207892029 971059887
615481841 135271742 684364101
546425072 275185107 381598412
452052831 516898564 778058056
666633565 477411727 199633740
261082984 147824939 855799705
47320653 64951915 137096167
334649743 627626038 467988362
550964560 699762892 810002522
384124308 334135828 626706507
950499784 581048625 832682132
156363319 158279275 504147303
331436631 647820107 368186412
312527533 396028184 8677810
555855297 629685061 706175094
728319480 155263481 61544356
254892732 544502921 879591893
896762249 600704768 922024473
58634129 453184702 369169730
209816802 215147688 687790466
975494683 216102606 843170597
73447993 366738585 203318997
717109365 510805888 746016035
742858623 501869492 643989866
743473702 355564697 914837354
621063811 607841924 360412697
661535711 321726973 449570641
352852019 174246814 112579573
487803152 940711095 847387796
977688134 45303473 532501508
235585271 987792653 3969701
685870900 239471365 744339911
247254833 500940025 669929016
228855734 256644737 516197305
788755899 825007816 874726647
355961632 866800964 794656343
403632224 220456760 429832349
197831034 887001282 7221330
389571951 10621558 79168231
384277885 32231138 595595576
123683564 152902956 312003832
472884620 208739111 677890337
628875974 980013568 821984514
386449601 47142443 31874640
213806556 212412969 305051006
186988502 235090446 950671929
281319126 771845007 187136578
364876250 910032902 595395166
264102119 191707402 210440043
23076889 189061692 905037037
281093372 977801865 108652175
22541876 892758059 727408955
147364121 406865213 703160442
845479430 950273893 119152069
363336272 225740666 327568970
489844971 257859027 396898624
869180872 399808042 709645329
183996190 565783275 857944228
669159960 946679291 465701222
943161757 763368317 70198580
127231238 155082939 947816729
992304378 140439719 853515359
203625615 205816222 571826271
406084357 745556818 401853574
341397938 643761010 461215232
683053289 262583172 988930817
49601706 819353456 661455036
630636355 203046903 917443059
574954759 315876317 847813439
159522516 351844369 265398542
57186389 675876602 854281797
300726419 937217159 135783814
914293998 545750195 627153504
951157327 525049703 224667128
780930867 87410848 842527868
505375157 849326796 712430062
660229298 69656902 179780397
546119914 416736210 806710856
947493497 692640312 806526424
546704798 401865156 535354547
557156434 498503197 192198192
345554954 765026957 401449217
564225204 745724084 518936257
768423193 531278888 508693948
288123003 624044455 430512565
685160666 989115100 848926569
627046567 697650079 39303775
222478872 235714544 960875052
217970120 485417273 926819870
251668540 425094361 234713230
328563967 456364808 954243944
404889751 613504282 168802235
904554042 401694717 273298690
591150686 91009197 144236074
807048786 90224542 316805398
477283948 557079511 377500732
247151294 627024665 44176873
499561727 550037226 666928774
361178812 457523905 484419915
502029048 464399416 439109702
394612942 863830093 534232794
340398089 293152423 410567661
26540961 192807232 474259410
251030533 285212538 692944501
81484595 385573103 967952325
88496207 316236101 904738501
538765977 550605130 586962999
691118651 83922596 843825024
296809027 994935533 244535679
105665981 127332770 76610062
386801418 41104326 586291021
215077574 358369754 211147379
724890971 353520145 268460847
325038380 800164591 875706009
825152179 733944764 907793133
294704072 204700754 757678011
648576610 148031551 918048415
807865473 768998170 794376757
583176704 979663285 280392053
9163182 826862906 321557922
302629052 882947411 372193657
840877558 433588911 435679851
882466864 622720629 813688073
703632154 12767564 506810427
702324900 550450492 817289898
160289403 929287169 426818051
244360546 243660262 776675996
804379808 225351588 509424194
250958360 553863250 630290352
843933854 593366110 813489677
503303948 775789582 874452884
495425697 365780431 850312143
92208503 336161542 908172625
201698698 460412945 826921933
749408730 448488935 225039914
471029923 483153682 915841776
599627706 32324001 402331243
149196669 620094969 938182144
137810085 328105366 792212155
10395063 536656386 870161858
707432787 895821601 380815903
364881354 242118734 450056006
457112668 736332204 808126208
433113857 819094911 836061990
741438709 577247910 321733001
350125214 630238228 24953585
609431623 843271530 34584137
990144787 149394788 165024710
354603800 610090318 676284800
858076247 647469309 981133951
652660297 616197593 930874844
419710523 409437695 219263036
419442371 68407281 573904893
414930176 202227118 509788629
116649547 353090727 611512082
484832360 686124569 960723833
327110579 100117306 184064756
112005417 724652824 593679128
190735311 34423255 887420587
739834472 647857066 524644564
28817630 200459123 213673270
74615426 978549575 414350655
304746849 221075169 250224182
312572176 708207780 563065592
75139840 488191420 61689886
395837354 556769159 11861727
184496457 350868832 923103729
976903676 441158894 419946090
168615534 118910413 138660514
576012047 449267758 513518249
797943460 73833701 417677937
970219689 929537755 221705882
139513727 934637573 220844007
332599234 464071937 878209248
762004093 713815668 509791168
170490067 648228085 617499666
333196834 630814687 217940428
539528440 769628126 735336980
492800720 295752497 216576663
7992185 153214356 478600641
68687310 885388850 428677370
649451237 867117209 265042564
564634125 353144519 977429909
611205057 944076106 527162809
494140885 496815461 618617836
41966969 791659872 97820759
309142921 693958412 945960181
986656924 489955505 372354161
751959157 904777240 764126144
850775885 319383139 419930083
658233277 884150804 869714515
912512928 188040420 445659507
267506478 192820522 966329654
663289534 787314701 463938734
491589232 413030888 977999588
707681800 196971836 750032322
610545999 102579039 422572507
750164093 46884366 257370819
950843282 934734769 169578434
293965039 947637108 674399203
577391292 313414056 715817439
983865702 71665678 749519028
780113969 775681172 968767152
233275639 975748357 529878254
441606556 818041802 593590140
130170389 395923044 82177360
811101211 112984008 541589839
823065067 836993180 350053941
440337297 484188831 176994644
271406088 222664095 543382699
47926645 496248563 28688105
78593060 685977815 745698359
725443666 805023052 495965611
409262673 368999657 800965698
428790025 918879419 208739262
425925819 40560232 11529159
269085856 123139628 761389900
984768333 146544896 351232074
719724388 803884763 498479857
520506264 495378308 73269109
88635913 588870662 705472650
260160777 766202339 470002192
150598472 505504475 880926449
299726314 903620891 173265999
183168644 900328065 19398359
651749006 107927292 190306358
315835422 133306531 574080176
796122101 419671459 180875434
83306581 720901832 819897502
12037305 727334609 293402390
164815590 473152913 384492979
191061870 232650248 767094342
36984869 958516125 724823116
571551491 232107009 474656314
748121420 51277635 898186261
681601011 871354190 561432181
688281593 711396844 769239841
708712990 963157031 110373455
419423299 741254136 331060640
476727072 56280451 642318110
5009792 52253317 829368594
405225360 823682643 216614577
997313476 268113097 402271684
975769742 256130725 214733002
98125433 17221150 452778389
30004816 15633640 361976234
881033677 206321443 730100976
718279014 67829864 236832921
947347447 103726898 855690804
896987899 891689612 713081350
180262874 777401428 179365626
47258075 446333010 550292797
115624631 875769961 351265476
346474552 603501011 673006812
203525112 670737907 222392664
581648793 424196654 459432973
129712269 249546342 229544518
113693493 382870919 347213567
186424733 16100303 431793991
702219378 339560357 12864905
417885994 228457837 492606909
236326489 70884445 706480997
875190741 298991596 697873124
669917612 396189219 47179086
72296393 950755490 234677931
441411867 323769928 824145310
643030796 536415668 109321507
765074455 575720531 849608711
990230381 913179874 611179281
184102823 270518677 101731201
644102442 348272764 677395712
747662934 417218963 727890137
992731648 828291327 744876980
142734041 356532271 188260274
682205574 817886628 949152373
738331830 341414434 914349370
715509975 517683557 72492053
359816489 18950252 653407677
979363415 628178604 482015123
410568162 548710142 687830375
796516636 249564952 540543154
630789551 756589767 14271832
249758689 22777694 661799351
814906726 962909578 133204293
331623688 253828616 792328358
460096082 813086431 261505234
665468920 85243980 64341850
147699074 402141680 535503487
318487640 216908504 162855048
403456280 219457073 689384018
40702031 255619239 991503014
778793986 642178343 476447381
793769688 942027960 352928046
144168106 298635996 340954543
691062461 845003544 816574090
42528200 559282971 850167054
445488393 695834545 872641299
309726306 805897904 25440523
245897637 909389366 786916528
355698746 368001834 260112864
220994787 579081585 58061488
973488755 985349432 714044769
266650945 860552321 738036271
747622862 772559625 238847484
652902881 937060696 409617388
559926223 345355094 197080451
474981389 676223826 6488260
69381847 934012300 527896893
75145733 206658203 55949312
681146329 151968832 219279570
134820097 98525897 186482992
636332312 589320084 892516620
853875024 219444197 253736066
544842967 83928507 457671519
778451124 501517159 334430817
176264180 774891307 212102949
262986175 455284547 189446179
650527812 267328888 325451904
306395333 618928228 481327523
682474359 216252684 291908293
926022356 838902595 516653113
85916488 386098163 427611745
405571070 180137414 505424753
473923944 453867727 542553751
654332056 789123047 465392443
816392182 167373231 880042882
852077058 517544343 21271982
818115357 409545868 458914339
917020845 89370596 814817912
973300826 989487989 322371175
639073265 576811619 164066364
593620463 780232602 188655709
276264887 408505332 497841726
328401021 487052625 304111334
402810902 603595485 650714773
516302679 77244613 357807435
146733633 767578697 503862456
210148188 166134114 983689177
203609169 4488833 13780688
925195148 537622321 784227355
778833670 401856264 527694409
434387896 993953216 446483500
423751880 796924722 400661283
412357040 525651506 330509354
688320816 631691986 76487306
438932325 950261069 41690057
989563955 133656706 413203779
607317600 174335280 208550942
819212243 468471344 274081636
828145258 980418620 807000092
775504976 374283516 547187810
761420895 524653706 681804304
739259862 395330845 747813304
61959861 698905354 413748324
994841941 455309840 789913429
264990693 260224411 512953915
37052221 989419313 873087834
388065635 677480312 758661900
726306463 30339728 748904238
714763773 692921609 158789539
280601699 650081561 489058010
731289574 158234528 273039702
265659616 646552918 620989768
711466339 903570820 173331369
13247168 125338571 827825086
99112600 691916428 764084847
984495471 412690234 426991604
758136646 629384966 967436716
86273351 556774907 977050456
202747423 940604456 454133586
178051737 890936811 458349758
271518421 742854111 324505786
537565427 572520551 707044021
952034137 411016138 629298362
330689788 788055028 441961791
807950191 941027834 992481674
781310467 933530428 95427130
117332137 683093341 614837122
833965732 856345554 369788966
874270684 153237432 288859459
803942799 224976345 998598003
803470543 427317270 750555192
330820228 6893748 180816719
876591420 527983834 1694991
104014085 74991729 830800901
747664372 448651862 563673646
447581039 702786783 309602992
787098105 462728604 183217137
189409450 402278868 200145519
755964923 144237954 212622922
522344543 195404184 539677407
118367418 483893332 608910536
874423622 228248925 199327335
215758599 63331510 805215891
196204192 868848930 815146872
206034770 278476998 968808564
935890065 438937500 473230717
673061511 980295582 670467435
117247719 932396591 683365422
178376576 85695123 314741200
92027258 405582930 133875825
297171155 69001266 367382830
31854320 628833035 252093240
513138122 520973469 722418424
816616735 108242992 10207613
65558887 285702028 807237702
7759564 714384353 625396032
847404741 44946135 103983146
226632925 560852445 850174327
7797468 403368085 647450075
558425333 817508336 285439015
521759233 508128757 812727686
361883170 648939011 461122319
361368026 398127494 732141597
955793646 368376600 338468976
877082994 257265347 387846953
714122368 427855355 406342236
655851235 61462633 382283477
937459758 354608877 865726040
107564624 3312131 490613316
934736830 749802793 431438437
778699246 897026638 953451112
993251044 149103044 27574144
646295060 131957007 933087317
569758914 300075968 750829666
806852279 875155164 266865257
395598590 485243343 663950073
736785419 707462828 933997616
510241500 552884702 443591301
708914863 201793602 3359850
685125940 872543056 345941982
17856651 680513199 386767831
937843145 49128285 867108597
790073227 349530016 727921175
477070108 250781693 651506825
520266724 429674103 793714928
657766018 852508471 87369550
374020739 459471600 999486676
511232011 706886123 920304118
751082116 971954064 107863511
788424722 413238717 315532960
651947912 209462280 764441874
153718427 934003690 558404186
940849097 614065028 842739088
919984799 769513858 541849446
34086739 137290086 534642954
855579783 93512060 323570275
893733419 722694988 589212238
939294072 501225954 180445368
962511379 479196694 124208992
517724535 711506547 580537748
258666136 261301518 227247605
183001054 808798730 708395905
751521568 96026681 113247207
466963239 768546986 31376649
172051317 997509882 997471104
350577559 969211468 411769051
822817838 301031950 236626964
772208263 276626542 715039775
511425712 963694975 720052632
132175587 714549811 145767354
990780434 573961503 680267188
778907785 528236720 97111094
854205066 742798005 357342476
936239102 240310093 618445315
822848498 991973700 644974623
69435691 691475283 368535879
404811746 977284507 770348269
797755616 790276649 778492981
409794108 702140873 689451985
842975252 603335469 919274413
469184646 868063877 250576387
240035882 278200009 124221153
312433640 94146051 119596078
95712730 365327609 795193026
635870426 202031360 799527218
124668108 615081202 394854627
136813458 916256440 336480931
408231386 619459743 791259564
1802268 333717796 66448444
633571870 575099391 203858121
909586665 416768084 454942797
343214044 828156566 391941366
856328583 729395151 855305487
135621499 558078796 712688382
645982017 634340885 238522684
114445764 424463440 9866101
577987641 915216758 494568456
339223200 155371286 876332198
318711858 898954542 235046637
536691235 730123959 489394917
158296773 645818574 304290729
156627467 802149493 714414878
911743676 860380468 888791181
754804871 36876440 643042838
343747017 331669646 539424260
739378623 132568472 293617431
910177938 758622505 616297688
513552190 677613840 889796220
231611548 531529611 312990487
756065079 404487813 63149529
869956555 357711236 163962774
888934422 769621966 226144079
910608173 786685642 870180403
241668930 752056728 789979323
56442638 991233197 929250418
833265252 192221507 919959229
523454129 781034931 420700491
321158083 875112646 707864626
979656664 911089534 170932417
23156124 588349223 421213424
362291384 453588778 727888175
508332590 373991966 813589412
420222518 419900806 77119592
566768643 780346808 303911749
303186123 747728374 991132193
209478626 752809702 919393816
588421294 422809954 104496093
140553542 347268058 807739980
849627710 623182231 929705188
864439252 58114453 912476239
761913813 326496983 491271783
702907889 175765597 619718049
147704952 474469049 747276554
518017848 312546455 963380589
155502389 225234901 234222252
863673300 803569612 210083024
789542655 699261476 9805961
388936964 779490941 919274718
618133944 109465657 728338194
843423396 921733008 158490157
404323699 458607012 729548792
903725644 180627976 994269189
60485496 103130465 381805252
508820219 192879335 56341511
126000213 553444307 698037200
363446378 637150229 465812219
159524021 673206644 775832605
433785255 263067825 36499524
127563259 258616542 425894109
524658062 325010492 738717308
640117068 185206511 700935401
800152663 403052229 833062386
742809063 853973941 720197176
707079239 96219239 835082100
497865920 928674778 878530356
698266050 410277740 295510969
678962940 701363302 477942116
394410130 12458001 128849432
125227973 88730795 131051868
525294300 688708018 718110166
975471305 547338284 241522162
24724799 630125913 615234639
614857387 514857449 293909769
744882463 800323451 101525763
852920067 636598991 194450987
412273781 519896637 692130377
754558091 465635101 320365200
613560882 134471604 106774236
349211955 68180783 766402704
975903025 925791461 853866157
577148114 198523961 435220327
872810297 752415900 21202520
422835822 597065054 877744045
575973140 841249393 872089089
569177290 524590810 68646103
557165824 898876461 627839970
578727283 766382282 879209446
848328724 699758257 133239900
809073286 808514919 222762522
707147441 963793132 125977908
193986672 925569150 643281527
746482380 193206485 5716605
595627964 480212641 859544263
337472854 132118892 42029652
138315117 617488556 221437670
700767402 173098204 94297000
603975707 275694467 914237587
808601398 37586639 90849645
133913984 543472611 320595601
390369190 584574207 184257535
454247901 706693247 91879
266649918 322766775 49570642
557747746 971327802 840527063
315032444 707765063 573488082
477729523 150168209 619625768
526608970 746359545 336012520
561208623 977945960 378082887
650872368 577898037 548242211
225313451 738659551 106310240
711479581 880214137 48034439
254584572 39442778 201942549
152114137 321810334 919214454
894027302 231083132 144104747
646547614 592781326 231971150
635422310 385543281 297851389
137967359 782869895 668203221
453135170 79843077 590395452
273769135 279897048 409935637
697684086 970297464 175362844
429560480 489699023 89393380
272923040 726413906 456708953
745730200 153807016 575422885
218788750 75761121 675993707
786703684 289265706 679807255
748186455 693176827 206832116
767129446 399584709 605206157
705789882 695538929 881013981
549141034 649554418 176139909
450634913 882151713 164810151
339689322 845876699 465603585
406885773 27820499 648118351
265748618 83241401 290044760
133811016 570661751 118101000
734417124 588806503 436778058
70823325 353644935 687385349
95535272 389574448 976294803
358111525 835447323 293403177
157120244 932926345 856950522
242413830 293826004 10590679
105169636 404968149 238612895
406553391 112745817 840453822
993893936 132610867 188690127
565298949 782035603 940073771
329155079 632248231 881910598
866292929 525723975 102585894
567966601 374628744 752108407
614350048 929214402 302791679
592213965 291041983 652262668
106371470 962684969 51500184
183338643 341446020 807317394
418290447 193995605 370626564
865527175 795961740 727794965
846911070 570889348 592352971
638465114 947062991 912283280
432343498 512026532 635988157
136979608 278164668 10197828
737293786 551436667 765817007
166957491 706052829 135686993
153190896 406734117 609413742
789653765 287086253 56762956
986169207 778913009 686328781
397446283 759674935 834864504
267481569 728228055 653589856
449085802 758906506 491544608
196606987 471329715 380106125
857349455 503226095 539264550
307970266 296162658 459309261
558984263 771447859 946382846
991935530 874050809 245633587
327692509 682508147 921186171
93353560 328201538 436491927
827402258 335798700 907575563
96787722 681478902 85335495
82348704 783781096 257737486
100538326 177288866 617741601
61645155 90822582 798229824
306930025 595024527 998138595
529194227 867955890 938829347
11483320 455248944 726958713
546193521 784687698 146488860
515026653 534514268 552989375
735643996 726680721 953569210
571670179 749345045 133886571
435371662 14925291 661732704
204208516 978056831 892706183
800922563 7827850 766823538
456317624 754402110 573726907
804949834 370506024 262235929
793477119 709930293 988335276
884079709 945249172 567055316
734523269 654116657 45479391
652162382 481736456 180960216
724262657 998778925 946965729
820027849 562121467 970446382
241665544 187705313 80662039
394117936 901308480 143149972
551564517 379343890 54660511
453894576 532047514 407049911
183055765 400810318 121583552
362880277 981448530 729138534
268183364 893059429 578875280
913514901 822930671 921062356
126557010 311454646 321239920
518751182 315191584 284273996
228777818 2399064 792449086
677720556 610789387 422647841
233499326 991124224 327297760
997623197 690387684 553545056
886618025 959300121 38041733
497203646 958308032 663302601
910910790 524272120 61736645
381977286 6325523 660920570
494301215 352779815 320351568
379989445 115066535 5534508
375510815 955840974 775707160
199885314 431717324 380676189
9517365 108810611 462572075
528330503 212111726 90992937
568113106 552245387 964767727
165045572 441006226 132975024
980443443 523354821 7420042
167106867 826188073 705054799
268580150 242767911 505408862
424513309 401911728 321354770
391374277 459928150 957985357
195616478 575984517 871388578
289353749 116710352 470913175
704674903 901253215 471755668
173768263 150188999 379823041
802182950 465961168 6238675
385727515 948732786 934707362
761518573 213099766 118826331
203546093 305908799 43224883
143538161 423640548 452105185
798782296 355637797 967439037
33937268 172134233 715331979
213665951 514639071 714299118
285400169 127552271 452147658
525132584 590690799 532111648
858800276 732008973 766996292
136831207 348845506 806476640
820760420 837881000 946789606
429363615 538866546 779530718
991666341 796601758 905231907
886523469 417522908 141108650
117824679 115834822 851169063
22712010 135424162 167011940
369496625 536871915 14655448
823973312 734909347 253945243
55877346 728330158 891029364
367371097 461349329 641117091
791811110 8620954 466356688
515603325 310812427 303035036
521762558 88707067 817010043
460583638 266016633 663157083
163741036 783024695 548939598
200639654 267862922 301870524
823267499 123501774 927892045
282963966 752645523 265594731
715466869 881122649 460805888
213043758 508838545 758556609
840435889 869679843 110665085
752848656 784321926 539376963
656164110 194549403 202581790
917911734 634792087 675284722
681264701 159693433 246299407
129344220 142051544 430874516
41195640 294056688 206348901
997611739 156990862 457739343
18963722 661926785 214365568
97641175 928088868 54712904
408400544 437332024 563683515
329043827 751789855 680011404
248493551 238129347 360968220
457495466 514531970 65873766
547461968 458565952 691353541
55464661 326728893 118170604
289100789 390386919 301244644
376909699 764059216 448903755
265180555 343426534 961113003
51063294 195154324 43904371
575452 55974840 709132123
799674279 345357898 227609166
306356763 506868597 300818814
975475091 651247855 108192050
462683433 198470441 270865381
527514698 390392385 358932723
326800512 119752941 104031858
718276952 14669009 733324339
592456620 827279038 925537828
139917245 355635895 387157696
795956334 869768720 388034147
797717178 836239053 632338449
567861313 649306508 398994177
255821370 698198840 296295778
225521538 627416570 412369856
93663759 952617092 114209107
140107634 675983431 797347186
646215549 129229499 44065218
629815562 979442410 949232198
702608498 877686393 204476522
207154333 756622973 478641679
993748748 105911113 80401357
586884756 664657323 368183891
323707839 778839339 509166776
817104656 216894903 572903058
773920320 165004433 47041818
137258508 205843534 449052318
591090234 764078040 271147197
957333874 941752473 815351389
916372391 908480110 973685030
601666987 372952982 960905548
393002419 481554115 676312005
770222796 126088358 978016856
468286479 72701447 518424689
449902288 562385981 541025679
849206491 23487997 179245228
643336344 294364860 748082615
138442086 311016150 48796435
607925535 65276405 852970175
744965656 204215938 795336885
874598695 426805744 531530009
735184880 571735145 934429966
551353212 80515099 177723833
470025055 806087827 546833484
412478375 603978257 836844498
419024421 430408291 651995775
291514667 222183597 197639735
3866057 171801968 614070777
233869257 635776226 748099284
9514769 943985508 997105972
848950616 550610164 489026038
540970200 759945091 773715986
563793062 277921559 325784189
915338147 236584331 318218082
760482698 288315411 592867539
127886302 183726992 240442416
48976013 572911909 255783312
313364355 41973293 686781749
159063545 948760933 298238769
995624914 142776948 290377213
937787682 848923178 55319151
689785833 267370380 884130042
225456128 574016932 124752527
1503196 696477802 373084374
679338069 649785103 396329017
348495661 89384877 757483748
949173156 589779617 283508835
775327062 143464363 438454827
964580673 656573836 316641463
348574326 61486139 672114391
876089749 11175709 884690021
381697128 235449670 784343358
300314642 189768018 274864174
16791698 577016715 705789384
931988506 835570846 838069654
626271965 114292012 775888196
800764212 738858273 410148951
702038944 276322265 934183077
672408958 681080390 648906948
591500536 221361544 877082820
474792409 236909366 348174776
288614830 218955963 624556746
676243304 867296656 921508136
808417746 424625607 167118760
478948886 248810825 783629560
779843791 465900401 395824195
159272622 968695667 514329730
100600013 532534262 194898680
493266377 198672324 875741671
925943596 189097266 202786799
611665601 526690096 783273181
193710153 695316843 302842708
22599372 333032005 174932560
950533223 190840712 877783087
423266164 738054504 652643989
201700275 74575794 154105962
77361692 457838178 263339299
488578468 976172033 692690988
432185699 107625222 777718632
565624165 147415405 780357575
805783320 867575589 12657836
647781482 107084212 405740335
412306716 22243544 118149731
887514459 14551414 819743632
891760977 692007399 46965512
141926172 266656201 826907506
89760032 287393957 153153814
673648841 643855523 14492185
850833480 10089056 850039201
114180573 582365530 790415185
878595000 363343405 915601355
759624835 91230681 217241211
149497180 515852872 815691332
604356906 958196780 477091621
875598792 175175014 330052121
356220636 514223965 165907416
261787772 59995868 583607071
743073581 287179376 673757807
583699916 132151333 22771813
885756373 47809267 110397096
584805001 318620529 110129503
549264485 951825810 898167196
445908525 152294200 1299672
979431819 240853982 25770743
243390582 458633176 413801909
158244325 379363624 703692376
307998770 242541514 989658086
943808434 734887664 413115512
737409683 949428199 767565624
883458521 968101361 120697890
528088326 182062648 118257262
241079154 109238468 302595772
383656443 81915702 661099368
358334265 127078391 387076952
991406876 992891453 987706762
91057929 961628678 46543311
649083785 162245578 191198819
460236245 569599249 359536072
643827930 194739706 729535965
456602863 161297535 958977668
716479341 737833207 323801630
670829086 877851100 308169864
374076273 939955927 111586005
291084190 983799145 536066442
710529016 396331524 284972125
870503340 973867359 763759729
857579922 82001118 847027818
2339428 925258333 159604146
835139248 704218003 157398836
343872264 158677766 419403103
479635523 774536641 855611964
843473690 513712459 874723527
72277467 121508953 620454065
458974328 780296481 299011485
155335893 97116745 346875956
136940471 195283935 824134875
413409285 378610768 342862704
530650165 455086222 516779646
744554951 444469356 646116751
852015843 683548538 358055473
148413965 861292259 702177995
989565728 264041839 411441988
449532354 589848541 533759522
578475440 573131867 528926733
571740071 575753851 881976044
247083582 412990369 89783843
623805279 767640638 452948066
565803901 620490097 833859910
744638825 871118243 803463290
235508075 754940701 93684208
252536632 388382549 3077456
218269877 913319549 18419668
389122363 599550021 508874541
143444042 988813248 118279447
63970728 978567419 375109063
387468897 911339978 911960192
930689889 836065712 879405780
149625145 316428807 494338271
154769407 896845363 916237005
592169029 980276795 452127953
260379610 226277525 888866898
241148670 59985299 802080160
147963035 125880985 747088874
755874366 153627307 405295431
787140291 28289746 747455877
456027541 399092905 58071545
753124412 113827188 711619517
624495847 79210250 511988629
899191343 637722802 934667543
169837180 32411682 157718363
392177998 151695555 84818406
263115935 82748233 13397827
611155757 892352458 873715813
447207966 160757642 821861006
195876826 504406044 798389261
150444543 803273909 566345161
750077300 321593943 504856763
441868896 775840127 362212833
476713058 839018541 692399359
746515809 14183509 307915944
119471674 167382753 64425366
946135274 689830038 34487626
648726462 806522842 186380321
540409345 172173204 11668973
425621256 894083442 454859333
730040870 940572619 487797163
595020389 763867195 890688422
277083754 986930045 614250258
538881430 328601463 761661789
244077465 454912473 168363403
291872669 98716092 559957480
405402261 134360915 797934848
227487500 429928824 664693183
60126132 235048971 421219212
197239684 883157977 801006821
600537666 649703359 903782446
82902790 876773369 743487393
502979426 512621813 336284832
700831233 689225036 434972678
888256872 408526623 176978815
58703244 862578964 398871608
694332141 455504789 209090380
289823921 116394564 112098712
83546326 389447905 647670508
836227191 909039789 360209952
30117239 257193290 303017384
174762655 581504122 114315434
70135921 227536570 641142796
11786474 812308710 976768998
331915198 201588378 592374111
216601552 685464921 997722956
34753576 258057908 289016952
91310308 612164669 606445962
48183665 605310487 848498387
519483804 49049185 51592119
337778016 100084477 331361946
9103960 382949103 807109642
303227026 427495689 537102932
209254786 337662209 807284495
419447907 779201690 382077381
139067697 754472006 724439027
104560805 355750197 437320614
962621551 796127318 540713195
108451023 539208572 867040437
832214536 161261699 25431905
630474896 854772900 410289350
512124417 629597320 932880155
914857132 40166847 311513318
173111886 162712486 732693486
497256523 84560232 950480421
672111616 100170301 771443460
248646474 949619495 231549411
867020791 731711820 702463538
151250089 825520324 771542059
172922927 538610283 554373758
782457827 653628442 699429965
561875225 998823852 825316854
366591875 480478208 843265140
140872324 364020716 312288779
386886743 669446639 919072053
462676904 42963526 956360294
765322884 831264077 733229811
416219135 256743087 224219451
655398297 651629270 80528798
163639767 608705165 674083993
534211070 104588938 864068440
16043585 153139764 822826944
934646602 332368523 587482857
931507186 856183507 839070732
961143720 93595589 535702961
101054129 488346218 336852895
182232921 317406866 173379761
73188220 300773683 619024641
390120758 379426514 95809173
76379467 192399773 763060026
828864810 494717042 276965362
508160077 274906146 819422169
941304222 474642621 698245804
992310076 150804079 133107713
610672894 524264108 42512277
390275201 922347724 307761324
430505206 439196085 920197772
665380090 984771699 730772348
138495768 473335114 393775775
550270404 907135362 670693402
336774194 401239174 89647293
732507637 443663931 543251546
483282903 282208801 942110330
940100106 732888487 45822547
666378908 691346700 61266286
795688388 848890239 262870021
751345788 881794401 602154855
8528676 165959933 915965974
113062876 312094443 403535467
169872191 612176430 428724081
916792119 78360259 239499503
416851266 938620952 496367839
718494947 100398208 374669284
500232257 503035907 689862456
574576164 966503480 878631921
499132107 117165692 92151258
193567046 785740776 116338130
985115546 990516900 426216314
824866347 465053045 214180354
431129323 352961097 69225783
340682024 367674476 648936722
522155300 228315290 754079040
795948448 511336760 122757072
298902947 488100108 41105345
585276505 167225747 504623813
156244254 687427108 229211822
343797765 610107160 33633082
645401958 831296850 408327727
67001765 868156321 388149894
847782657 461826808 508319729
229158874 58065294 227088752
932030027 24634572 814558145
734086617 454107271 289747205
270659482 682564037 189091970
89755462 152189904 74366341
294103594 434938971 87734495
320336702 938209715 764726126
484709528 935539577 450672916
563476031 229893386 719025194
958930248 278579341 197652556
891795300 57705340 99258043
960952319 968130440 460135199
367240263 808716628 318799296
176666270 213250824 375032525
450006352 517141182 510563615
574995501 739626111 841660466
172538668 748065282 468993235
380848036 979894441 743997253
612373077 417833711 883706382
10663879 602270855 840817554
959688204 641161999 213202153
83546470 776018644 717219263
621148221 661975126 155281581
347605203 713032149 884230489
788509380 797614449 886089263
791046308 787188719 339855707
15232939 161604880 962610740
492481419 158362512 536275696
928036505 339740334 121984455
850421579 723643269 436354332
282182240 559088455 775548733
3948031 483784000 893901688
920483510 134987818 681066979
482462965 686031253 621027598
104631910 39176517 234744410
800697371 201495110 451160662
747803291 586355619 831488913
178349620 645258023 405398280
232075643 373754019 225231389
205255412 729745265 619373399
15430761 397559799 873788925
390621325 17385244 324210400
962775883 329601610 539109879
879449864 931748223 133944300
750886071 535937468 696763607
489623575 444586800 440649487
377666117 378183919 889257792
582469521 457252089 561749319
821499620 360591086 121740845
994659513 188778639 492658048
459973407 400636145 189939734
593514629 638760216 174651773
582787203 468018466 409700501
306046409 907410200 708246120
739325638 730447058 469755251
680867460 304135610 753866212
666124183 993356776 972684208
920193812 106542097 94081451
865371229 898973719 111467331
96248006 697529095 17637808
661704528 441608179 111320508
533010732 805245890 807160462
669827731 995604456 584903401
107054287 680242454 476852350
540480318 624094803 865297020
35042136 716948303 311282536
914511555 451659683 227494893
239314901 834168821 488155117
592263008 409181353 122944626
209981202 919490900 504201501
133617038 376468571 852283874
981431510 498159434 443385303
974950669 880917094 692412526
755737029 842495598 795807038
424996202 8165949 402270717
839876620 240450094 544989272
304517929 287343124 944470998
707254247 284003716 330064674
900315526 969237823 853773144
976393931 445298475 722951244
259367110 4464143 966568701
976094724 445126826 35084096
16675283 28182306 164685524
848803790 402015103 902769505
876932479 557232542 880505222
795906218 644186766 340881854
359800080 182977147 614381587
461730121 259664179 596720830
420222172 206867533 661712635
691956127 422321705 889648687
55384669 860423299 620465595
460745246 138373601 683193458
419201365 781805071 186527496
432845746 970846617 341584059
555422035 170127578 469656381
248001621 106920983 762383390
860251863 135646108 541441883
127101749 678004684 619477895
842115628 420919867 905197350
818375813 673577976 984261938
279419960 899084701 593677770
170782032 346179340 218788403
100131180 100142973 27530985
469677269 12388963 675269926
826815811 637038349 164334700
29869705 663679437 759753852
583763884 988480699 84581329
613958957 410604082 27154794
797081101 788308138 140174860
487163385 681249622 678069884
834930639 384529877 200312095
257399415 700640935 964122707
238107857 318818117 208122210
574899856 902433612 263339926
779872234 837549705 866614227
844012828 405989253 827201666
279687972 707872562 55564923
295241238 89081236 154371352
673706432 24847271 685462357
622077234 930868718 111045552
119111815 492984637 995572371
639836790 131731291 114972684
152294589 303292383 281314639
960574577 193947512 99618698
83087679 530691582 906907698
388047414 980024696 900134828
223308727 419618529 108095435
527246915 854098766 23576118
444255455 79001593 522393962
671821748 81940124 225803577
738021853 450871833 402926308
955322620 336709263 680271060
975282275 484127135 868172937
172983724 193065688 320785720
10888052 970274096 191853043
708311398 609127131 677760231
651390692 917844099 33769692
125850205 368089919 372356185
519595468 659282845 644237435
586781414 5384337 170068104
560223245 796390906 273268387
994911116 130560149 207066016
650806493 31734701 575476417
24737048 556192815 549481705
817075631 163580290 232257365
930799145 391798349 123253165
964834740 232956649 31672825
351693111 148783057 235966701
89595982 781409059 742601693
135914506 287323147 293847145
517087085 213929666 98751865
374256340 760298947 592165512
699998639 316024634 501484407
800146448 868669732 532363028
468217996 550460773 429434612
990363733 207290415 268535479
185713869 212468211 737722327
908423994 952747111 770298232
301810317 421793625 110482235
626687538 851641794 822968202
630908025 334561986 177868678
852657874 221010210 775306396
523805398 465436656 947960840
479058222 454984487 640304225
802170256 291707648 876057581
342253799 668845554 115490714
652078737 411292349 460971296
214448547 608964125 378940142
401537013 964107065 679354803
879761446 69005360 482543215
179582303 955039329 36249528
549065195 271725032 630146055
440028278 315114820 648413461
887647778 941942261 692668664
569618090 378229142 427678529
32147781 123104450 193170703
868700591 346476261 461050563
849218518 199624593 384125249
263408355 77996967 231052236
705399640 399067203 399393610
155735166 836997381 337641228
131322499 10343356 342082485
739048352 11704885 769660954
353120816 229536397 499694347
609315470 853881827 345273745
965018999 249804684 603056990
71119440 414025061 304528485
646179886 227821348 566143648
233499573 110509713 602324820
298552270 769084355 652732351
948500706 866967595 923324161
720851174 80341870 616272392
958490694 693927248 452850761
732433572 811964858 467298419
341217210 873375668 343727751
212762389 211659485 53321738
861919613 530357875 535422402
50242357 294651349 452300048
128053407 133243500 486174310
183759887 645781277 350979097
634765132 411090135 253856096
618919629 22837088 306056061
19151578 691131756 841068017
919233666 618216237 4989688
978869372 495823751 305335473
140722504 903707138 432514798
39737245 961889628 572805833
985732018 566413507 42005043
362269610 692322606 17472245
74575788 504544144 102134123
891044883 861692077 445687541
776587717 323194439 294928476
340579806 809270926 371326196
429866466 85649391 597483848
831734840 336268732 530233687
657474294 50544007 422332178
320451603 747814942 488103427
529716164 911254957 688372804
977611676 130366157 905245576
401478598 663547759 110320118
31447949 240533586 51361623
886327205 11162649 148964957
112888587 346667253 924909147
738303704 777661121 467810480
243032073 182741683 94507238
205256154 777504949 968811994
872181149 396081382 876331829
969460642 577198900 5305741
738993413 932023874 56361762
278837532 948456925 842827240
46252698 118974458 51543246
326729003 80575920 283174852
353614288 738650189 657935977
850003908 872399693 407545649
289815857 750185649 182899711
993059157 147922246 626478110
494666160 128743171 135601470
342880849 925452604 158915379
808564991 627205133 953266285
912845578 961511186 443770966
683870083 479726091 717512141
131397339 560239511 566494300
258260082 620498993 513170015
710032153 526244990 301229255
345649694 829620151 784759871
518301959 242483672 98568826
283266009 822703112 318079033
763839938 88899677 379041274
599701160 897156491 937239533
260249521 708112095 694855129
789488302 918976409 221074031
746213062 83769826 80685683
531078882 64711124 228143806
14096192 719942770 232073692
502672650 878869972 413455267
201774803 523605451 112243302
365555552 224048532 874020920
634069344 817764490 566554119
551825253 921763158 336466691
816567721 334820002 760759357
487502372 703611574 165355085
910325810 541715005 113452068
981534530 139651408 234918423
984296173 390459543 414008800
485795047 931856278 666233236
551327816 217991841 837541239
429716747 201813509 73700896
298326747 454293711 176304457
736872507 329796342 933974335
619809183 696195906 109590766
158151146 494945715 940808545
115076545 799965574 118325467
258301976 17811159 960030472
494830511 200821686 286427794
30694250 511359256 710694145
570033865 486019487 377910762
285162989 127051781 995281063
590884707 90266007 380562915
463291294 227704161 161727042
426198198 539222830 462619968
545382272 358350064 57076973
473885859 292690066 397048982
105025589 52757656 696452298
410730433 785980740 996453844
453750815 208232501 315686428
203419997 432387352 189671239
637855436 296272962 568613679
652242470 530016390 556862328
465537242 117236027 731390546
53549056 694007506 267301847
119274240 235771983 123682075
57056243 961061708 38319651
617649055 285806715 256374256
70703095 571372089 108482276
295772367 243164953 947684847
665956951 751095587 768609437
434392347 420808111 421857514
108774639 236103257 788045294
884836978 944385642 742689810
288049441 531686523 220874465
183641115 843668641 218587507
373268212 683865325 309229641
757904261 640286632 309214702
788000093 3335978 101192189
198726872 540349998 974723971
752125249 667994493 511915355
793592650 327839350 915433559
973527103 738665572 256215726
182785838 338349464 731693296
74576347 178934197 201159530
356649049 966227216 488784803
152292721 13673918 715145748
509598611 459478337 358687918
22362658 190605328 283287655
946243069 82653501 183314690
729288603 816323767 915998061
10451665 637808176 378111358
508771260 626162060 1080693
524316008 937611266 265762299
507416289 117452325 48507919
879315574 18673248 609098013
730194109 312092259 896959935
245122023 564003494 540249409
179642094 810667004 157392250
832425391 100835200 107366094
327064197 863173126 790474196
360430809 485993109 526844145
789001603 376648274 585957100
276316195 712329472 522368222
272233117 391152693 492579883
14561069 888789236 378629690
323340207 762525433 358349379
957103844 556016860 831641272
712896948 920149664 928923839
968694254 905912881 639674758
520072052 121076274 289843121
736355132 557603687 781915487
686980352 22255748 158806824
440576610 919408110 236497651
707989829 152077412 383534575
534543293 33183643 262387930
620176314 795656039 747116094
462482630 385924214 221521012
799255963 95857213 208136381
988537457 405636313 685835146
115890734 294123530 941826234
673119846 728857585 585099551
965531606 979671787 482399282
940697522 565761958 187853549
284873724 977456532 729141955
374569525 953477264 355618641
419861213 632592673 448066320
296618097 332133365 204625841
44130760 622251460 558429212
753590274 368588126 895684903
657524520 132028651 465423722
853982207 488582243 608449151
850967842 850769147 372586066
309676308 118316226 8949508
535718802 995608880 736078695
157980803 500704573 731135579
161305816 561766871 311150812
669794920 599299168 713308517
174597751 326036979 522724151
309516772 69381431 858762678
316460423 16742210 487326515
43973049 233351264 303887508
886342308 636805806 132538144
57115850 524379478 328373339
5465610 462055622 378231483
708941598 895618851 689039
53581912 269974625 147874417
376043961 943520665 304154049
843170042 922355550 539011131
714388348 825584388 602099777
166469722 92345517 765789553
290628512 153163103 787109809
211234451 463910997 628380379
985973997 86670230 312246300
234996742 34506505 508070753
380783468 267070195 871565999
728534120 684021486 414722941
453723877 428544960 970837440
105375617 958887569 280526766
988050927 324294358 641065526
333650030 186081575 605491190
467954159 728988247 940525260
346260154 863696719 620802543
149439479 733710528 824269032
214218652 268457410 145696833
447011930 595157666 214236379
323263148 327487069 91910073
319260106 608452006 995486066
674652206 495160746 586081231
196894372 403690359 840101757
940513527 895342141 469110092
103124635 148831220 565401733
474487943 745320049 336360856
540967416 735688469 765146816
383926044 502917984 380312748
459206277 500956992 451514516
440511842 495299904 29713590
979852004 600124081 28370531
823312698 451957931 94949900
811594694 150952631 660575149
973721467 324688774 844639764
260538788 623116455 549977856
400625049 136660341 666675282
583331234 966273592 607281100
942536198 314974851 57483870
811034961 907427097 421614743
135222578 432655812 719492101
6391818 496936109 867026146
819260193 939428395 556207153
494158268 901082036 58353824
90902012 58725903 290098025
891092205 697803278 114942896
358075133 638167383 104581440
882551497 312004592 607140225
516972219 741518482 355738821
928050227 65353048 130398085
795076763 627728245 724145444
548489728 793885429 769820685
56930079 753307914 220186275
554334283 154781920 603495788
795024339 531829323 146461343
240028091 961055131 725506692
686838420 915102590 166188924
323080544 674566985 333816481
772172887 6926488 865024499
520716616 669654032 738492458
215499853 123167705 72093245
38346 164306208 648315285
944784429 129959717 558155227
104006538 265435516 219358643
111247194 508677033 26474585
894133220 543103454 476543671
419525848 59757124 994332651
130794015 322040680 434390135
519389882 197615674 880759236
252251857 903790828 910241313
587035323 279464422 882279119
657946096 731562261 471512080
922681257 706693185 662668916
132281264 464236248 157030842
683111510 23254968 198435923
152134379 878911479 799506538
705948063 258430218 183368785
549235047 796356429 751220552
586994280 215125290 511271188
515896943 311423990 310793531
716760816 107395318 632180317
529316212 394427683 716937050
295473725 420036225 414271914
749098886 858837980 115250981
498177231 447639171 873482107
456160915 159092607 30033265
304322294 490788362 128984845
605814893 418146635 11832249
623348011 325087766 36596922
692680500 698385649 959088714
705653943 665587285 477256108
45775539 975073897 973946582
380885074 149576019 502411429
947495757 776385418 492149756
297323455 9792590 169988928
384128628 537556364 918950737
924515506 540312926 226323450
374557738 969106241 758302909
563774210 419429677 550878040
67394237 187364597 704287932
162567425 377814318 704303106
772244896 604675307 364311019
493364765 767921183 921983336
844709329 150366052 298865449
842845386 818843659 706998806
325268486 991575809 422977752
73240044 983719332 901218880
692707365 519416877 404288204
506540191 650517675 707565596
193675680 618517117 760746273
995801319 544365864 832577261
707493966 564180363 278341816
138965779 749223444 347974614
632275127 623548418 373764397
627594817 663008755 891083597
433548878 72552707 48242293
31698835 914861514 786921228
170917879 248790611 103659505
714318528 114053320 536263065
729416737 511544570 347526614
815946380 248608349 828653076
868179835 984909300 786673778
854274289 254065770 113206543
966146778 945703923 186828884
781859239 958285431 412406474
811548967 451031860 990393472
69116659 66493225 657026515
268954985 122915292 40177565
909246561 805236512 78256125
474087562 819642916 401925304
651260172 677846827 902672584
31631847 991655172 186903279
344842082 115600122 750251037
482657294 405475993 143040275
684398502 616091216 597503207
214463212 210150544 271114382
527317852 469777998 728908586
307186087 242125070 216029059
796881694 174042365 466071607
873851617 567504169 868305176
848260570 206476061 92361447
625033655 26030781 675507797
717966331 103300528 218548994
35690309 869740383 150927932
959163927 5622421 386075687
831490287 438116049 610202137
586886707 928240316 77271956
365835988 198969036 732679764
783806954 978166452 781988477
689591765 567101580 532764356
204157942 893785820 222774349
612430196 888602683 508666795
537783898 378070996 382773059
664086621 966105387 599896664
916354465 148040578 860707039
72106786 471241735 459037242
671594051 403853871 938425552
76093527 611122760 83906278
136571776 840082030 555389596
320218787 108354512 126623684
535488193 247576416 55275164
645844522 580398284 355322430
24204804 240540953 881894010
311273968 990283447 889217681
269919207 419217161 755133973
384297783 72963783 936778037
935737369 169504123 309311735
80291323 573833192 617783670
259199557 916111384 555940297
656321848 536921386 335264420
428658847 664264926 60825536
586200347 748954148 957571952
119050557 625747220 505709532
985041441 282451081 701402523
32188671 34654722 362973315
452480926 280118955 215297327
359210922 953512837 821128941
63771640 149560024 219293841
587430562 876991925 787989779
353915148 992324553 813192746
712251737 979595645 943035424
66924725 252992044 529950772
78288557 865073062 605435976
971010355 654984346 754938030
896578131 822029059 867033103
37969739 371348848 75981291
446934486 642256122 793805940
657594547 997896558 86536594
952965878 592088353 514076961
139011533 290456188 776669432
44819032 111734883 38225296
533216664 545035932 241855018
698294005 376086325 463336308
512811141 325792975 839174153
912501769 941080807 244550216
23024522 999918353 59438642
28297197 830660891 839475582
871194571 210640534 573577697
652984167 923734158 407365179
732228806 734004609 792339400
19429209 593238019 517729686
55985344 415672079 822144268
405045274 746723590 134472630
461406882 753055712 458309064
590069371 147929877 124106516
470248300 126693542 963303963
661052590 970180810 394824181
377730669 207925415 368428348
468714963 985768647 62193817
255733316 249143998 98774376
632023202 10790735 243874566
443525682 802595907 808064879
953842800 867298880 851671447
575759238 609937556 49155595
860890866 15997204 937651285
772908197 268352132 872546113
61078360 82261164 60832400
136060156 470895797 193910773
303435126 46943379 337290100
375452581 646839271 703525252
956086240 262255365 313975774
139281757 650820521 427154520
514001677 706074176 131400613
705008454 82467492 82010113
268648974 583735661 221041522
531426239 757261987 789434988
873408267 383281071 963833796
982582066 922086701 236531677
476249422 765721655 325041955
393991984 837742398 592067517
314266418 933050440 701844762
262213975 565694639 958828342
287263790 342372191 749226645
581344415 540570384 112075212
57979408 372196982 966824388
441129488 757526651 667729743
522061542 300415621 84230838
218565444 979305385 147243809
903473590 559414065 247536065
327425973 796618355 593742362
226312174 131799713 399850700
778366992 876581035 846044196
152429716 38512618 252442333
749838945 472744267 697833491
820544895 487224288 122662806
22859588 535697836 897997354
36245424 290230887 298465149
631618060 412506547 322565839
888176527 90723988 64123910
299673271 917592103 654711634
412248417 531886065 20238394
926395250 410800934 413029019
476762564 47690834 240999692
220901039 407299242 198026764
708589816 462873958 571758865
56113369 709101742 327650255
33614668 581483989 819261049
373452277 27908801 977163042
653628836 810114659 959033300
361011646 990740163 889227408
974366568 281892376 869992528
808869433 634536994 232512511
813093378 29361620 366086242
779307086 890389081 667363317
466085564 929583710 459077447
840323966 783000599 997040661
789645295 807884127 61330621
866935604 117263564 594095087
416730543 774486781 727964236
308613233 921822487 574195660
497682057 455089389 614827309
772256800 610210756 825720725
557178442 279281010 174535516
409408129 501794417 800618265
992847336 255794196 141597244
974648981 16303070 301399464
858552071 732934806 294627052
91844510 268363101 828219165
582831952 317639590 362422604
613195311 423699821 41453097
660938831 294495044 388366909
288565269 707842761 268986577
840123824 701186813 870009511
828460461 652834146 13249027
133472999 329526162 610358959
709503340 344659729 897647951
284023548 910095696 191968281
476535947 496846400 18539966
472348993 9524841 500835600
39732482 385176589 515619319
684771439 906587422 597653732
233906600 438742603 62904986
622308895 85412831 296831273
963193965 655335262 592112642
337183417 68766169 472918333
193062983 277032861 822461359
844751038 296507730 278679814
933141101 531425891 136604097
244189202 676820465 187362923
157734586 935485946 663518015
704351176 53235771 249830146
122886061 702872288 41340970
197842828 734913342 544085581
924030303 472778060 622652915
340735257 45049471 594217022
770256962 244762055 65297317
767241747 278157917 276429550
17306759 728413374 907237641
920723201 912044173 379390612
580294485 771289477 48031760
644866619 252003839 375519353
117213399 83192595 544320464
476540243 121528853 548720210
83161545 254453959 219088340
349813326 612425712 398744078
890279988 883359820 731235642
446644034 76657833 689220950
457924398 940440148 303959566
153630427 26515624 350620232
651725570 846285145 386855161
359688246 438234355 963567566
700056275 402347821 505394202
315747781 667777623 33455009
172134580 395461170 47900241
312322106 998911165 161129188
979115815 634825626 27418311
114065852 653949729 227074541
867620130 336194754 548463178
768550002 838456805 796763052
545656558 841241446 624366373
765406379 369423819 230713535
406776019 891986075 625654592
35003475 705512080 779815487
161141467 409191906 818848216
697086164 84229641 83012525
241142023 607096187 540624591
616799441 676805644 588660732
788074153 448910110 578711823
787101785 130183002 910098281
943260292 566674119 857066684
55224158 651870820 507159571
707808200 563121824 558706525
473538845 340311040 289032747
209404989 897657767 617663261
314676472 978253454 262024137
352922297 260998015 857926104
824250832 388656916 247917000
489434256 338031505 803361043
123927974 744181609 258821682
477823147 786836215 945136308
440154492 388566940 85566562
377940598 601786256 542930517
82080866 982082400 389013433
701507664 519856957 649848507
247336252 482075743 844287643
449737015 246706467 611326587
888866136 887752467 134519726
993981005 577260679 263006537
833704981 976316652 437675889
723814870 627876258 715007530
148326856 650199707 279472394
854543820 308040624 366759935
336987794 126662904 87516357
438626530 452069565 542267469
159341757 618487909 530643461
679281033 946440322 829621228
212712780 966230704 193183018
941033454 487553038 16656158
179068942 129696032 449495817
282797958 821959627 595474430
763840464 998714290 504508620
797633403 108442957 135718766
933574276 36588469 895348812
463233554 25696210 740931861
179245771 78398946 142139534
552866539 930805301 568341938
986363938 416734375 970942203
453504191 380499500 136851601
431985132 748321488 598010612
259238756 764486473 315027150
127807104 361645150 963604175
885531613 964600151 361464967
635094668 653648327 662100986
115719072 775434424 48573610
79191190 793225078 988619559
381132853 481997700 977829004
439025895 677350700 482919368
795317860 896364691 467818732
310623993 813531298 512288719
751741358 144531596 787528569
196978772 777074970 822438684
633033221 983914564 880582182
546936159 89968284 163484058
961642289 8357729 637322987
636780736 397149083 723602225
697293050 486971074 407350359
344066478 470929255 189754082
546177238 775814098 631447036
299895640 830009221 104044084
249391082 319275555 529669831
366271821 51848784 605731415
555852128 963470284 563922382
622585793 545705539 906308344
996479198 458154399 306292586
346603943 412389604 342070847
813144918 191572514 153756136
45026751 874012076 788798386
947452777 784889041 226216664
462286280 557416931 298775349
617549533 944445854 660863928
337549418 106801382 372959512
305791966 177803636 127293255
309069241 294042584 522521131
471283271 240124494 950636431
181806799 309751772 985365429
278559780 650870273 809030969
113944889 992691339 248758691
715577646 299175297 151400959
103053463 222096099 592880978
900643900 546210500 810529844
181303909 29366972 642518018
969096349 42675910 956322182
579637778 577582816 857911130
209522106 7156607 524378881
893894892 883043354 27678171
396791155 218120920 302620734
613283921 457953635 786075025
477626860 559305565 135483349
892320057 487317059 316691105
985689833 117698079 769068553
758407682 986965950 907037099
128785230 477176303 954427372
464142028 529629113 282454804
93269322 928252762 146907242
298986845 785585745 718027884
125050802 379805207 862903047
84897627 799161913 851821137
238845034 780998560 79833058
351237825 168284543 544451715
360065542 296468739 486903322
677127299 789760460 550662174
721641990 834346335 79551924
758931242 738667347 338024582
958070310 992921259 41185351
465335683 107845338 757099319
852762961 559738181 340942237
204439023 903479701 599330783
709883387 899403775 942287403
672249140 38264060 681286134
673542196 8558352 264047863
146968057 629581402 403951395
936426159 236448207 723001513
210107983 284848723 504782577
162600063 520235608 873885029
200902306 787654788 533355916
303439088 141510509 213216097
681582020 940451757 95253470
554379588 920365102 776619853
804711490 229983774 3433519
466346244 72221238 526875613
598865714 656289463 223925607
762346505 191249556 41674854
448995177 738714681 282473359
658609850 408333520 677559423
626956729 252024156 684740871
374417831 519941291 569578311
705384990 193342602 942626833
322230529 902686005 248993575
939566054 313657078 717233555
520829153 526371835 855499692
676486873 421132336 641928074
383463134 583485601 516425853
317201826 103651774 235074866
120653592 945854004 962951422
810633311 820270702 308455271
450535651 480148263 349392419
265639711 711266117 456195626
124359899 189187343 499006405
342422662 709327660 121908669
373209649 748364317 427445138
756793425 137501087 830734482
947224378 519410509 902072866
864062922 927722842 525246985
645381960 442384762 737898928
252179050 31098297 312383966
287681056 544910454 230968493
955426865 913741777 840555052
439166656 65287000 603719185
828712497 347024787 280896497
724763969 341040118 441553871
420239344 868689928 474541861
456554255 428078864 279923825
979648466 58662128 288103439
521307443 781884679 235093839
364902095 683185620 878884082
48993264 331260784 480645869
440031795 237629854 614723307
940191941 178815751 575539687
221406443 837037587 671396272
118450490 658530127 655789323
353995690 138743910 649572144
579570741 21388847 775487184
22674951 861584268 407150153
96908109 837984119 756698632
357865348 979497964 378709419
823390378 822500130 593665621
68144785 703227434 52844427
556895122 225983349 388799500
574959397 213073127 168569854
899955690 575202221 424693118
923120363 770753896 246246012
311586438 860373645 173306409
977807054 401450537 355947683
443879804 231514949 593726794
787411763 267043613 14646795
38735200 907829349 21505301
810805871 565384538 110080796
538480797 427282034 849698571
520657357 45403352 168518952
303965278 323697125 26032185
246966247 678127557 829370675
738809575 265545740 36268864
292549808 805215527 132760474
872947639 841871156 405720578
703597206 430303043 140867612
878638515 795133455 941265324
289908854 925547945 91178542
82170332 79339044 541713121
775362788 755365816 818605724
786664952 446010911 21640386
15828870 797416495 891475779
581643744 649476211 986741425
163045077 102603195 790138040
631570422 851069250 419966090
208610937 892785957 650356383
922669638 335211139 842642258
347598932 456504247 550137670
798309178 25159868 324435363
294258670 492746176 217611709
107029747 283757699 704429087
618691308 506162272 404350473
312715124 461209234 99924985
238642289 436294281 602365149
299099265 518992599 305396854
974598680 754711076 572523333
543950633 262652326 410607831
18481810 533687151 781208866
422673291 400224021 818943296
586887321 767273075 116290854
485621597 240583512 620493372
26727441 426649827 828075914
249232173 480054173 397092951
511966881 604681222 116982506
690221180 333514756 356949875
154373208 869388124 676364820
89801911 102423196 602246140
181736941 222996651 928601684
525931052 637168632 268402236
90074889 151752540 432927410
661949453 899871235 508432490
562002554 776350138 901567334
608424215 816668272 249569554
63278782 823998576 529803264
270608548 442229789 334422214
795117770 362783517 895847952
161718381 39202005 345146772
739805543 606999525 642881543
436512863 935688601 5982646
287918390 741308499 224652751
810715800 603882597 853298111
524766501 585821445 536672774
336098559 700088933 253123185
345570872 495394442 761141405
518613367 552366203 595719743
921971541 794230707 787127186
87439417 989163602 112790003
457094067 750819946 83219765
403389825 136668521 812700913
14629222 174046155 558280271
803318616 130435679 178452642
211921856 469870769 933886059
122046425 41942442 950801429
455462192 531700342 183311445
672339453 862379647 563273254
523119911 150179318 804225572
938681261 587428098 448982293
428858563 9941265 318633988
126254084 467592441 315920240
773032900 989957980 945135674
726583015 291099601 561008736
346159485 660459116 955141773
399036616 605386785 698169178
178182815 151953364 311596420
561836740 735538791 219539231
862014673 659277285 767161477
398630206 557679799 649096026
269766215 506924290 497013797
226148417 354525036 995444135
801831993 773233971 915253421
996262389 145319411 176349437
563047076 767812836 890570076
508814493 10545422 341114921
447001886 192442217 161436089
505188483 71992253 6015564
334836196 753191918 201513886
213961999 745225335 100768359
577384799 492411109 355446264
101698998 65613988 671059394
503256458 638290623 167990152
71695888 376295823 683268661
600389279 948482525 242697336
370395234 675192217 15171420
996303024 206846339 294828690
305144085 881278352 978727180
932107929 457591883 627568144
783104733 328296909 394358316
670552774 823547996 433006098
273535066 602489740 580912575
688912060 707990536 217527335
83189355 636341420 163661669
110569940 784538138 232402258
300632183 191475293 282327116
605225064 109867551 136047478
855648194 560834469 630626895
692381075 822544591 411185693
354506806 618105609 828905792
916331506 635837671 649372434
297681497 866831325 791632826
935590529 661303833 717793095
976278004 508316723 224741375
180495347 2867735 841131677
248926679 232404394 98073715
998093609 862594605 660269293
157294219 153902993 176972398
510525583 939109730 265072
347181400 83523612 962022571
56037713 147075710 549439339
866761327 472112488 456775928
713868911 506472290 351209528
324869522 537273677 816051762
125946154 258527922 601451262
422245389 405133040 830989868
413959531 758324357 509466879
381169366 334751714 900492963
560477885 340346008 569819226
83966244 948420697 650022893
904295939 229672688 178366024
680505229 895076485 298217578
763803756 153420527 901810103
469486359 601817116 474214661
526233893 746357679 847144781
269014246 735907840 129106501
599046021 966112239 467521545
700178588 373855956 191139369
27160892 930009065 392653615
918449030 500445166 827580907
719449001 371505606 782211796
455350212 229544484 662470997
601074248 940914408 988493368
205067526 410660521 401800480
192205795 802759981 11459429
210277395 474680393 387611538
564790986 209260052 6028563
629415010 333279476 352672163
101048210 978222564 396068382
983340385 272473079 539870249
989521766 13952742 651519070
293161400 36000620 694945166
295226837 688992272 514037655
427664933 47155931 746786447
756198237 271697432 294391911
671378998 61447023 614374583
884039248 32670198 926838176
770978314 995975901 505527617
652347835 678862622 487994955
526456141 186585153 508361362
805237642 939456267 695299896
805935956 585819943 866972099
111548125 41010063 396783962
30963459 658118367 960209876
765911268 164488389 757674720
790484616 189953165 935135950
913693214 141356185 88932256
450512628 895569858 908174201
128233515 60181074 476073508
684486956 762991143 66921466
337408933 104663479 921152697
584205193 297939907 915446370
208501740 703413874 659281551
791834809 17904060 357196310
899015602 721544753 910780050
966009533 339818115 963937195
761614695 181691657 972514537
630122695 775387120 393264998
554416338 15216218 713496434
432903803 447083251 899491426
716961528 719021738 66017304
69744792 207167679 885888054
817432212 538509113 158391889
782711695 286298150 90160709
185311976 476095915 47790560
295843204 653403071 213334678
739503930 542739803 439430470
185723207 682147868 801900912
904223791 899644995 3462152
334110361 293950935 601896059
376544916 126395063 366631819
500634572 610071396 897761578
747638042 92444053 607941115
998872869 497148239 94663182
124835032 985706904 97239910
195958920 783348757 92790248
199349714 340914414 634740899
672833401 21590125 823262095
181822972 846899566 11208472
233566606 684988889 402148053
494296083 87268291 941884597
777686250 264926597 330478745
899052967 731100711 689683047
967955916 928342053 205177088
802523694 811569008 792540084
142522920 333382948 57268351
407281502 757969344 308246106
191130376 299534668 150781347
606707033 338809548 444510617
242623109 896869990 202126845
292916147 948724537 213915836
190172648 316681193 278479334
748997374 472015104 284053184
99226690 526010720 381342741
621370276 390426698 374584710
829326555 689155320 561612863
482832859 890668920 677559442
737703441 893063763 183045753
39439705 896278276 628378396
414121491 167186137 577618107
610649119 226197454 753968049
465846541 372504153 693645789
870706181 732310984 854989911
309977457 222744472 367414224
751247570 540913819 592288022
891052897 797931673 852867794
288782987 97450121 551122099
830441589 226261010 277255013
234349438 502176380 280081168
33767082 989903392 123800483
555156538 706878792 677653137
200172866 510252663 150125515
501702509 630093997 346808902
399735559 605342814 405777943
706849407 631779785 967736552
36345929 346144349 753002567
112327318 675890502 385348915
933435012 967467220 8480736
170457051 452483138 510559862
359394784 361498632 695657256
969567259 107597190 200909460
980486083 384404444 328860953
174746805 501266959 587098523
199888553 807502360 23353848
471382013 868894784 662082445
490104812 637346037 618437921
745712019 467043846 784856806
428781058 508494141 895604200
261551403 271200090 776715256
400736317 645256477 362794021
518142267 728593785 430734870
322308625 43088147 997494912
942136201 251580981 819450756
967296990 995236710 544344970
115808760 452030261 457300445
831153961 289224147 620073011
430302173 636810563 30660886
176121538 549975232 178654244
990369637 322748286 951974394
640864045 749076127 562732476
213097103 609872762 807292889
149839821 139469212 712327223
357713985 846719967 57767414
97064811 332079935 851330633
822296311 151892535 860592930
371624674 492539893 425195177
177534709 494552310 905387
707175601 158367270 215184874
948065436 184757079 323499443
330204342 86302290 198205935
253600185 921015148 218315314
468740794 96815965 777533383
262779545 165504351 735205605
596300619 908029521 832803308
401856265 5309416 512544312
171079075 370131551 107281279
505518396 590374468 737431324
423105056 750309046 228161414
980147018 507134650 717728605
404040007 892652034 497662137
758302352 260642244 819325320
984567286 102891162 416154320
137978393 341832901 819312568
143372740 429371703 830282074
351233662 964243021 304077884
880243961 724506875 784231079
937037092 455902658 640958232
422893604 573501806 76940902
372445806 524318145 719274604
795029707 629673300 28879653
238042160 950893011 653395881
191297872 824466143 252498535
396353078 388995663 364912176
538434202 883945228 1708903
655590808 643354090 807115040
427543329 982029247 82967632
693183317 247039512 148262160
536816895 201831842 47510841
226809000 324203372 467507869
99697311 364628392 412388297
702275407 193140002 457104051
161863973 305977902 334032573
415339993 725068787 881837331
516096218 37394844 280267549
452836541 192755937 175602826
427581324 732656759 555498795
895750327 114278937 499206945
865681730 88734530 371822692
736657349 786699135 108882895
704233550 926066332 434300167
862805514 866419051 13125946
172747645 342551325 138232995
617060322 544355354 412306429
736907565 488221894 12443230
521988185 702030905 719616320
431325735 453609821 828241129
58531054 325294935 456320088
277722302 796786236 680878139
124509405 648149267 866643962
861590184 975183998 483473665
539084522 400318129 838596152
508467523 764529386 359771701
906418925 574477822 391767365
119907046 843418541 192027518
455336460 570921009 815625869
411749730 934492858 724473912
85909132 161477051 7469730
361975213 759741828 633671981
276849890 212185392 552865676
872775048 659835947 781285439
936523198 488541107 466957486
52123292 499035658 302488060
42782651 130514870 931897007
525726985 494190442 394175052
53766019 954734652 643523776
737003118 396529010 270933847
457094619 362346788 724771740
317982686 823381466 879576390
25265519 582771762 286941953
191907920 314863712 383202737
447815017 18810873 479715798
348571549 319635063 682881227
38241399 639712731 119919013
383588343 785876277 39312208
570445247 793151937 425432156
266960905 188155696 90244626
574435989 101546534 135350127
780382037 155310652 679592700
529838219 462890681 958547239
294952837 370855688 491806906
739799487 662757621 262101135
986527287 886450549 970212147
896486264 786717511 880989747
562166922 611032415 492224271
43637924 82180063 350671708
400285937 41110761 157572094
654288322 777185285 684848085
872389969 947079900 108579695
410075954 550434718 778891323
84573132 362680716 995831710
683695518 804519313 324254974
453688034 430290856 24034078
197493711 801834996 275799180
774805614 701041129 797451849
948033893 85129775 898564400
979624738 465397586 125010851
852169608 205775789 612993971
280220571 325560046 660975575
551945791 578916093 917237134
852254086 261727150 745452922
857870433 52432124 401833262
615614860 507792264 231079186
816815851 469166804 295050028
801945329 739661317 835702900
199408320 297269519 538549262
720952828 49115293 649208541
428069335 976832772 194626885
728220564 305922472 292787282
5423527 437209194 222410957
20099316 839720413 444877910
705676856 139336198 295030606
286746273 496542483 643256662
848533297 681672153 341621052
104311551 237644501 241403760
19405653 761292088 348546080
237358917 68421465 656471019
309056512 781860106 764540259
654248239 887957620 494612888
631268027 451792747 681581955
639124162 352994790 581386019
417727993 510674706 998443200
598779777 13493954 368240534
365712145 343213850 371907995
883290841 477152687 162971060
496012400 917357757 797329706
535769949 226170181 571488738
749176905 182550509 722613163
418825082 274547837 432651629
34645896 709419607 915141222
613442972 84405248 677943476
522416756 602718913 370762184
89219358 222856401 803170583
568644813 396416310 326452658
313342602 806227124 338591692
484793554 724240334 501845574
31744717 167396883 670941214
628071202 179029593 670299588
377555948 606548633 463352662
446024829 821348247 25134519
806797157 304822078 597472351
798919770 526946182 252027142
402958483 989105500 577235776
141408993 406334876 651892005
912324279 132600684 104131289
424933004 234403617 226887199
118791028 612832797 310686099
191794383 928672101 170851134
823425368 834860763 788621182
430695570 590633547 438640915
377983555 806681748 233810072
449017351 966860385 643438223
299444821 342956891 827317727
389955840 676753340 113428775
713216442 950001521 737492998
679810192 817926197 683127927
341208413 539345534 575125160
571776543 421092945 241698434
922404984 433755155 531323119
812638078 498123804 307394485
887059388 992728359 482599626
168542889 992041404 937743723
190725138 429555102 309675531
3583486 571945444 891062156
358688662 819195114 498239279
704579307 184974223 733743378
974185433 105573615 411622607
622939720 701265340 448931346
449113543 440549617 202802939
683347422 31182529 664513013
240724985 148790594 654666903
665634347 540480028 86442457
643781418 612660659 786137921
438919097 24517413 348987901
654781192 268371844 178733850
611287818 671620278 506713306
734829245 97674471 397602212
24394894 797752993 645686685
948664302 848127045 702351753
418049981 592767076 549042259
927109787 207266073 913012344
980548298 173279673 491525614
396279795 776379876 939148501
256962879 188131372 506987486
765355140 989330349 214517837
346522472 142431913 314586943
69592233 960403717 33167626
222272362 620195688 495187813
493054651 263117180 734086245
647733667 476368989 259720591
855507623 189921188 495431160
537101700 688675739 119354239
862952313 648547358 899661919
355686893 936394625 988009782
975900998 171011192 262920130
496296602 775291270 74992570
7390903 803812343 34706089
732317261 726786176 436311454
931001496 558096119 504883307
925746887 413729471 75554497
840785729 447846556 279204274
948497392 768773997 576965985
129903401 768578864 833864175
651736500 694806885 573561540
767472238 25469289 470858471
516263188 888793910 779570659
64195017 314566696 871515860
427775236 889388663 882954817
778624463 825451398 42849232
390169075 428884094 769469831
995777324 549283044 675671577
697534689 472495586 460193439
845489578 133205030 111264367
156748846 909534902 281856258
813832329 886082452 622568368
809148057 849993941 120026868
775235388 181412406 393488269
443340540 704951238 364894655
152417753 980299002 260992998
854218632 518178144 225577036
284012987 104287930 354362380
689380446 744871951 79531577
492033623 965503611 761371949
527826710 807993378 262775165
812801709 279172394 367695264
317067441 740016544 477462993
355044770 845436339 483587718
751148628 276941383 610133596
295600027 638262346 38380513
817464065 150346387 158939532
560256254 309699820 27853390
237320065 945075982 398198359
605095857 389472182 766440278
312693268 329276598 768623785
169975959 609498732 680639124
327213547 510333211 765662572
472298602 722927518 316624578
165830066 798577406 864575468
746339174 138032824 157331241
652243849 313890036 922502736
412560249 276279955 683718347
244725121 30069819 913667483
227270384 626238846 325297142
159303944 627317312 12956537
278551365 391015745 774317498
546096027 800428613 934405095
554929058 435772358 512147289
664066359 966371949 182976474
369596475 691330310 167371502
630431863 915483520 538046968
337473012 561929277 401968761
405851578 929225498 994373298
521028695 696188973 181592156
934995328 563968796 517599918
188320743 519689345 963289878
407884854 15282130 718059278
69527574 367613766 241404197
332117242 221651732 240851021
161156324 298839041 653523546
835386554 782502045 847476771
128410304 697928604 211465082
382790534 535571949 493192932
611397169 980006852 685730802
973134392 13100489 901918577
801286903 908112783 879283404
840833730 845770768 562767769
964364763 245211832 796048418
217464915 390369928 713226657
35262255 427876691 672594060
106128657 353814126 544834323
72153013 291492513 594084681
574187598 909035859 795919598
577382209 936963884 85305878
856757726 60102484 479568368
608491814 561511992 266257851
262736302 274955292 856061995
793963123 196156159 740558696
698798920 920757888 263160219
245178129 740492575 770281257
489697192 190514740 43199628
654056633 285361208 592679345
297938187 98096189 797908769
204026156 787414873 891949146
985122518 68363995 972961450
969732305 142323343 561092057
325086999 65353422 223050590
244368872 261929216 628866304
817848203 624134381 512477973
498507504 105516863 576528107
946654502 839035379 54849742
342371535 848273358 680651069
78441722 210910630 513569694
124990409 474484446 89535259
511139557 211952606 107240942
582364097 632837521 230847988
642413041 523159945 322080630
611312655 10310578 624610167
461446614 924641071 971724374
119747878 773074192 951890901
475283027 834722451 690015869
209163581 632366865 865184508
681753635 659721239 811258168
489899470 531633 270312117
810202901 437194241 645699103
290708299 528930743 677668740
189549663 352873867 544701690
518917583 552118299 304680363
692863736 321733069 283682483
931214369 571434688 267385338
366298739 295588615 727827896
602652974 540159008 331575791
672078335 472493439 119690062
812406191 195614589 523535512
6997884 342746491 959245722
547122926 505202323 532348238
175160446 191979848 70393950
816513883 463872486 722602684
327105761 101541586 993528302
925597546 475880586 367683257
684921630 737616532 578306710
883214584 196125033 207871584
836221327 116728302 819106793
248896361 228939416 329853852
538781819 327903381 343614412
822937760 569512145 506672610
110506411 735240767 322188491
995950833 654474303 225799238
613115625 721433431 165997961
347640483 167920042 206055421
822912926 425459446 843758275
184444459 915211668 169590180
655114828 711451392 168719906
349697588 554551457 508712246
701680220 639122962 846912399
447652803 837255462 780039389
289247995 245590089 282238853
506786457 919378049 895972094
326007474 398133949 155678099
328814523 358331444 780298529
380033278 890380314 800167374
338600887 482870156 330730611
456660155 604824173 422562723
818937789 447883100 6090827
818430434 433878789 59385890
438932531 379687950 693414641
864760270 150248999 490581599
823612160 294427864 20916084
878893191 756278148 217124660
223992251 710875738 769521454
274802025 316535751 893945616
401015932 25425133 345579291
459022854 849243852 410605678
349701750 599221128 601265633
793513422 214160107 856281850
230832863 663095528 540031385
472557156 919556198 294165554
114712756 79915293 261067244
172247459 349484749 776153361
515055374 774451303 636664765
504520959 49392070 838837115
708044942 418826971 738520660
975910357 758586417 522956671
268270238 300800837 651444364
629335505 402673550 63690958
108920285 60252553 686796049
367962658 296402373 577561127
396692661 470432459 991714489
305195367 119218400 506635278
144187130 945805204 805119762
79444831 348478088 832410732
786461149 444290076 885096875
162964571 938397328 161511790
633301861 320893788 616422428
214742250 603267230 94494822
470579379 263310130 352017789
614967553 586891329 819036478
709411332 279945037 597724623
570186413 877579923 312909180
740420291 23463202 150825897
829036827 826680147 73018636
934934197 843854460 750815383
763862816 793557750 337113304
916367059 387867336 971847476
829683513 478717454 802378486
949816151 230653508 197718851
344957959 502861644 244471988
494784193 388913367 357569023
213658711 727641329 755979006
278126858 274188326 648128701
802783369 24844575 150613697
127979759 689600203 441070542
458843089 425532451 865505500
522222422 856950131 51572980
893003636 567362369 64731980
980307175 550036781 401015047
17395980 607431423 469447344
34449945 541393037 937463461
857144737 351188751 848403687
578542178 528291148 303489287
617203413 358364095 681153731
72058248 788592297 81123954
606993563 98938348 599460009
838150211 120618711 570975568
169891638 857480532 551366812
908706994 914276078 94199647
616247535 990523486 502990912
655016314 698119008 204963844
807354368 78472873 823683760
734389102 462725525 878058573
297281439 500057851 484567424
954938502 945473251 793427121
163429209 698408604 354795914
78410847 195070777 695612752
617641820 364867905 487529337
566628552 838713602 743658732
793987634 880692197 464282926
954982736 23067767 431070910
617120062 315480159 6822504
669681760 889297289 418702943
20263286 9167505 241838807
346157515 458648441 161592689
277941235 918666268 239326299
627469465 724279998 824396251
350704776 571621787 491508883
701811295 714469817 215104360
826703710 882105481 616798546
993594025 380797502 959112939
945227533 767622823 931195213
619394502 163858136 202773320
829993843 159218523 221345622
331229665 194977260 108336789
28158333 572757561 646308250
906987914 42361888 836942259
136712610 579902460 374220071
74374750 351608619 934752447
338589714 996932245 247072130
706701483 224205085 216575262
325268081 175330135 455571081
291067723 250159135 987711762
233255174 829299488 381548536
29309334 147437812 942356189
965164648 472060870 132188463
895669512 402775535 27298692
476690322 931506234 798802042
917177501 794475285 223965736
408469182 52843440 479761146
470886100 428614334 213285647
220795960 827837480 408564010
633740880 874562092 133841187
99698872 188008739 544068557
980630378 620948691 777945646
554583558 130678411 174894283
812399890 225097061 129233762
525176174 795258294 649451033
384818710 804965545 340246860
445740154 205064440 225837388
97486070 858769279 544290666
386395102 513225993 274109680
546250322 120250872 490650359
17336060 7790637 408053172
862656713 450986548 429827812
920726181 107445079 380835931
386968435 332840339 898222227
70121356 466163810 910327074
700081643 322868194 246272168
752922731 90679079 698396734
691040857 869912793 418422378
940535366 506120516 17018833
294974196 783433291 695097094
963502034 347109525 48715123
151113932 909904720 267359701
190437112 606212352 9957827
137383441 556866156 167244216
150560468 746325953 504457545
818500336 41866066 65693093
640169688 861549262 225298519
930230925 794407040 709692011
314697172 399114168 663094664
445470111 883958713 169095756
450154608 185134558 187515566
556842161 162543572 796680642
869105518 870074123 717976597
195007291 391988789 943902176
993162326 117458307 844558917
174347449 32190917 534246035
219125903 328634596 433420499
671424174 400703398 976010758
903473205 284736299 667774608
344749225 30578211 841028578
27734786 356033513 30598303
954363691 505198031 36746419
789147448 936333145 154984763
980945763 437715480 49928404
579256785 404840151 818730606
642642508 775802859 563934145
182257190 169836515 107497928
16040051 374377701 963349027
239121961 98917281 450845807
71216706 120699944 510767573
498681476 445685360 919273776
964374135 576306442 472892896
144316695 920106198 647757401
869113606 683818106 774843
334396365 511362533 504107803
965883371 969463190 275803064
137652208 346685954 704776508
579805648 392541462 658858259
717723341 769137689 103506874
513022936 529141800 803930813
892375398 914794178 613363781
210761670 135112134 235483530
552691461 139379856 864842647
153110789 242184443 707821273
88249744 797989079 101779119
770160720 433618323 303117074
952320864 660366848 112987932
268197940 242905531 269155621
198241468 783864035 707992462
323312408 352859218 762851119
496228880 717642177 634350194
558256551 555021824 619728459
948739849 286394724 815929556
965865279 141419420 352127200
453141549 402406970 709960056
155929857 622092254 790714563
913484162 36749147 803090102
972825691 858747991 413422831
678476227 51559392 852760232
212489368 195606203 15377844
153496188 681429478 36629671
896981471 853380169 255367302
173822919 426021671 346316507
12576213 614273453 516229701
519524460 920927372 369261714
201593161 675075356 933646259
877235777 619765375 435570732
485443094 230678603 486612913
667129282 282184330 586133574
472299301 126507324 799895171
299901665 703795357 825182458
552430400 992014645 362227170
362124359 958343403 200058933
274109567 366127696 866497303
936271849 523293606 828937053
589377728 489965577 712157199
103619750 717273153 919353195
367622380 819554196 557350311
282247375 67772190 839617000
392369146 457966476 689656532
27288058 583384105 135536465
101558281 243873669 491165414
891289421 119332409 129147244
591057043 765250808 317519885
135612785 937705973 373258690
329671389 485937780 468327642
594099781 89085397 930899253
541942969 196078547 426874753
880496878 950931821 548579657
209248642 152158258 901956888
730761164 238217239 833128481
17952150 213327931 787495483
799503651 380036422 564331521
645250434 837451724 162963079
604391021 923338721 569686115
563763020 50460728 859272620
572472174 389399078 579237767
247415399 744849063 570017400
179050174 402086382 170456296
107522432 730570612 177849781
681726567 681087988 922280674
663770302 242942130 905420755
999276617 806491970 768891453
163263607 580702735 654623401
455283435 921587453 217106437
298952685 52519054 430433938
318360616 418514926 967394804
560223249 452328921 959650841
511687184 502515629 345660346
146157602 774755886 322115263
379688 80391570 269862716
760575419 596739938 717388568
334583699 224148755 991119700
787547201 658329654 637786456
71741852 63589383 810857149
440637370 150649491 154395018
516396932 883089574 172070303
820975401 866497057 260342730
420088892 844296998 171200630
693728080 449907786 419832695
635028533 207630852 266903551
895853974 376247014 75732768
242993210 296586682 150796657
958463292 431043494 132576429
779513975 794198488 629137255
721895231 163043621 221009450
476077104 152909891 721810129
295783983 816671494 351617643
11563162 683712200 125941338
559011768 334106140 562899443
110179022 828561496 674895842
642577033 505849792 249302636
709122115 470590964 320857909
882873873 134072227 581172939
797695393 655020842 487873317
165009000 75594355 945136408
809870047 977648544 773101432
366550963 939776936 292168140
43992952 409634343 899771426
956829325 274289896 121158422
673126960 500928138 457317997
628115961 180878259 940858026
762099714 742424736 929330138
853040219 523238801 814389724
312573684 241198293 561394434
110649279 95104483 785720569
647805692 643221793 928878021
389284435 259085951 933469568
912643409 713942334 530999472
898409575 753336237 464368978
452769142 60830178 685111610
112947007 928966249 826722781
300866284 904439579 777445311
786454293 296208468 971447903
270229471 687479760 545271388
353078170 450590774 716162690
897966258 269776630 382962150
89220818 13879306 108588563
765680590 865426771 521354015
260644618 628980907 531476522
237713697 634672082 465753802
714713147 285351360 111632051
838508532 887190804 760777313
523837795 602015640 651375404
899164317 607329936 403536163
651361677 557236343 934577861
993472201 716783908 410799907
45205850 646029988 115746872
633876003 900016457 852121478
690070005 105845958 618073204
101912670 126136059 820371691
256210171 387299562 622901319
722208839 761610753 970436697
648331514 452935791 875404036
422780580 771256936 799196540
42804636 372915318 694805953
846254966 472709559 915078253
494718999 615624421 927080785
561315067 40025052 428093064
873124622 864599027 674436940
799278745 834974681 463638879
718406683 975044886 27531354
231970687 608736452 194065618
25924873 677017062 353220524
106090203 313829870 988561556
442536154 861028466 30466968
782819390 490295395 912068604
956644529 272208827 385031934
878716413 733378225 369420581
378363473 267040757 297031861
478896357 841501994 51323907
348442536 491993412 750657658
681619178 282580601 825289923
852165566 172434469 224821156
599660934 827649755 927157710
587634973 696092768 345617249
795325695 430915004 808870287
374241052 838558242 875603657
184745882 907011027 536695255
919817030 95422848 358375577
377747416 661857388 577925180
794417896 864529325 897901191
244352419 339875950 889791716
328388010 108768073 981583974
775177891 97101136 686606073
436009263 335999953 667652370
533856589 686631056 199922295
812354926 410917117 217055967
284198407 919097228 759560763
521237911 376447338 361852334
865325849 470050991 961836702
388118171 810429026 170958351
180971874 346560674 17101842
119701391 203785198 624753286
333426453 975849134 543441434
751864410 689672680 601816496
318046292 812576217 601210879
577946218 191027373 427318353
664078159 746933565 81534962
213266186 100248486 97218961
764145083 642064735 982148744
941599689 712095032 434475766
915052247 282791433 156514450
768678998 365248258 572119440
379889481 426014310 142842323
989193597 413648472 111267593
907322030 790577157 874641190
941096539 952893360 857369138
315585886 658654741 612147489
88274038 347716573 241403853
475169464 887054668 43779506
264036974 588396797 166442667
716745560 293977947 28302963
530957739 241021325 894693184
746335498 235122791 263444418
939670075 242485962 472828547
695672015 871368687 231893977
156097045 13334107 318679207
261649622 22305856 920767267
657366769 518910736 899721261
471318858 445093734 597346574
591874571 609977378 206415172
442729056 199778297 910430819
556811785 623731918 429085310
673510042 617892099 954131425
968883082 415649533 801862642
280775198 758862663 855554613
390808654 862672189 860846008
282992538 463120635 397529831
391394490 966424392 993754314
252013447 343763518 580216914
383405477 82721548 744316831
144410546 345382534 923358588
888465406 754233642 265101864
854222908 577968834 621651927
138260022 103746446 985136061
842048319 544874404 760589227
510819473 574838329 336601726
112536324 866781918 887226166
648638406 244624608 773208192
374030217 770479048 753921898
692526922 594931167 881625287
240479300 499597507 288979831
616606071 898306809 57124626
494177720 664437822 470160357
533792439 634648986 468349279
69425739 183976198 23745996
601251106 481539143 600217426
698230228 61789291 961902625
373235986 511773745 931553871
758393530 158785076 68479854
732299454 380547282 70236410
771879492 296449785 611768303
270595900 962640616 781426891
29610544 766235255 641816840
527003026 462600220 756148124
820730879 143190757 425465922
231073681 710603224 485451267
332672358 578097976 748619208
724418845 327127331 354907373
249714065 611879687 857293021
940564229 545412448 437165399
154869079 822808627 579404629
731563639 630149505 337647343
926353663 7274967 654547044
56877091 764626275 810102044
384774860 630767136 128509048
831742876 76250049 659116913
68320833 568838330 444219274
784239926 173094934 786576377
208970522 267146461 645883049
830790768 814777841 192565732
897368360 194602924 31662023
697295469 997319518 531475412
782400360 128312253 356256926
95676548 101105062 433314189
616330906 752616356 735892241
416022494 864269773 437629448
409407781 747769975 509391242
148723442 909744448 368610566
196483585 102932437 334143501
381346877 190493557 759417815
462096486 943888359 270598115
536529272 97425423 198176644
279715724 431029772 215400441
243353068 377098861 694952841
679686446 87583407 364771758
485038697 807255627 100961675
562498203 276776096 21905151
944142540 650858728 65391824
598212050 63507748 733054373
400663522 102531953 180939576
1856387 568139316 13506041
5004743 350962891 413125946
328848348 29692778 859034445
971892094 609969808 604908241
402477106 922729298 74506118
185105531 202381105 683417080
666656659 534939634 195191987
574681649 234477138 370707181
104116212 936407125 733560098
979912496 166076902 643942625
401760153 616311712 189975300
957172941 473195431 758456398
908356649 944540558 828911088
190580599 544740074 159826206
874413971 879389668 477929411
32579118 667956122 41633567
577232702 953733503 852172487
129152969 866729585 334648116
312921596 115722444 374793903
733400081 193721017 633621841
556723166 179728600 966615254
107075216 534348745 207403646
648006811 166701228 658409476
987841559 362276937 488195070
997083604 707046107 588389510
893106372 417520043 841880862
480967167 124963823 718016609
595348878 70290990 363294047
264379047 392660421 151807098
257108928 877875748 526958290
202228735 852608946 434097390
44657340 384744683 62947233
984203025 989050061 515850694
870705148 905810069 976748646
708304553 759819906 810257952
900936179 634724456 106064610
910290575 558178034 97660544
712441226 703090584 344191225
979109760 566224316 604513096
617494743 753987850 571150852
560141924 423252826 812740386
586672258 690629137 215749184
303398162 343937138 145465890
480933864 819826165 212645460
314562491 672526678 457756757
434047340 467226752 404872553
88464399 526633153 25591724
527464296 112011137 345223567
602640810 519803232 654620914
417480119 328455028 534309614
844347580 827576607 308372141
827686082 734495667 750439942
59179859 566452632 892555626
44702604 201948176 95764351
329767401 957877068 630790953
802999305 966664363 613401763
582813140 186142551 688195959
336783022 793771221 51492399
573691810 30025158 50688714
325285707 413284726 202120097
377705443 577419345 56301926
884490665 886260331 734616971
938133816 465793566 793001383
545863316 562624007 911843890
191437553 546261415 398169157
731361407 750742158 48018491
977815990 230310285 105925419
490951003 199399647 958160044
237905905 764945036 343930813
78343942 766688784 218622674
531797707 221982099 613262627
687646966 658222045 16742547
48569511 990082670 409620403
221222848 966711988 740226363
124909482 992472706 311859380
5088230 971087599 258113984
708233867 873636874 982736822
892605912 355140851 190114308
418668865 887525153 245212382
399199790 985247990 899567277
431599906 48057234 167427481
152116381 642904674 264326419
667613742 717831634 277224347
946981000 990180848 454021632
730569336 612612372 762541837
927437388 968609410 672366837
332579988 219984231 943476589
701514571 790954267 981116754
292718059 439378814 741183862
10981591 446555658 884285361
444142409 404942146 298593298
904771624 967522782 203470329
876951400 836686847 524218465
272113539 644384283 11198809
672739082 743591058 424631045
44881708 747326207 823695925
482247741 138392700 711851133
740344312 239417144 75724946
684614627 122814992 123779242
170643164 968748277 849533843
524562407 71404173 196879759
576534618 351520056 179708658
794668747 275413876 731116823
767750501 999244883 746271216
427568870 305808958 575804885
307561494 305699476 918594821
612149161 280782622 116492455
817106027 128205532 424027345
883557960 950905360 949216290
217031248 92881954 595658257
908873383 534688227 215594657
136488723 556440452 38327414
503538733 514128835 117407113
119621956 245505787 40835744
894528661 416680385 198082098
89773437 818772601 744765353
865875197 72370603 259579066
468096274 660695708 398252883
470415484 792793340 153285994
474619461 641025454 825843364
44079149 711758502 540757095
823334686 202904371 825223433
225948945 778366359 341365412
46984680 610745805 15259090
163971681 366519073 922867735
269296768 989817920 188472839
375935498 496106767 215445536
968045696 691634879 60589273
420167915 408058768 164387203
313323876 542878064 68343004
241844881 197528940 673465510
208670012 360657669 706535237
774362292 471234785 27176053
935591313 473016016 74499298
905617801 263900096 646027566
567533335 309029918 597916497
172977662 153935333 587469231
340970538 60895260 119578115
735258495 69934255 440152727
556249065 573672094 18749474
664201903 773612152 182445097
777474293 345375777 397684067
41263927 154067429 967999317
111446453 734779362 250892630
6336800 409324767 3673216
604207045 62725352 873710236
416104233 825380434 608763057
128464715 920199977 241074444
818380516 674617596 37790581
605202509 585814790 79375305
21252959 696710943 884761546
977976358 511560925 613634721
692338157 414523135 303298186
736168115 661477677 415288053
482830779 977363914 803233413
255195194 733238075 526737297
657783372 268480890 370597962
683648813 488535653 514460934
987226705 964839440 164430586
487718440 576013819 944296143
386692169 240346197 155056270
308017346 684073625 784882225
187210273 417096917 276178153
946973168 172138688 395220843
794574943 22481067 463573628
864845867 321969712 154601401
45692965 493848297 440632991
763093090 944683453 581429608
914488355 243723943 431892193
134243734 902088459 672699154
378967915 223446663 435716227
452196329 948781674 448529473
494545663 787535182 485666104
476626352 417087338 497697758
390369859 362711422 350051628
714439275 428297429 142930795
776645741 569015275 221099638
264148131 232958281 765137536
205047185 610300456 208952234
938027446 783087208 707945877
841948641 664513319 390213781
966748096 497546118 588631184
926036480 820313601 850487601
438310099 402456303 691489784
329530273 229258575 421797528
151753535 504908250 116662246
582857882 700334617 485674703
322466437 971388527 894306566
831696431 934274484 669581202
442508175 54638116 214114584
233193248 362584525 592375927
955549324 168276118 708295367
412628783 555662313 463624345
193612001 475646523 25593061
745144194 221677524 414432854
609233495 716178863 185049518
293475095 800981010 730821072
604907488 825965196 167348766
688524209 431511587 617475789
839514608 859891968 212396606
161794917 441618988 339829290
503133694 263816732 932040221
792921493 140182452 818857275
999924724 522574029 339532843
655366959 819686587 657478848
569714642 789541282 674401799
940508262 37904833 726052853
104222330 844994295 70178740
92073425 23049022 9307922
988026930 925833103 933579591
56642791 355954685 915473275
96579827 336396741 968304413
382999793 217977183 798417572
161708669 228719736 330242008
902671683 70891744 389703924
669189920 976295039 338765578
626473076 971215740 889331508
479551379 510121136 363591283
755488200 188138889 311107084
325601984 108984244 861501642
603322171 171597258 967244951
945495531 163226903 175295596
445802434 127174482 571558333
977353616 663882641 439890432
169952308 603082206 593050376
675042686 504194453 751471754
301973366 740842888 910527377
970288533 267780255 121719840
712824006 157460250 976229775
477711913 104226974 811398262
42282178 145598039 945141701
409041030 507679187 407345169
512046054 183027835 823708262
21425574 629401014 738864831
878268954 389107100 999591552
473451981 628022146 614083959
195242415 480320597 959912352
21320928 528030831 721298658
608578617 369183381 950909911
364832392 91279339 951862149
397250289 73970067 190305140
144894370 670048289 322234793
727323889 422641688 984367859
160509374 119155077 849294921
718230059 211668682 680991511
344347480 313907843 763868715
851243045 844580900 89198631
380868948 647265048 858260811
531233659 17132120 667719443
956755182 633854211 448543471
181526961 392147671 914025765
271351496 206183282 551283534
300911674 558809180 970963114
983467047 25173168 525713719
342059298 972613230 179188100
55846463 697293434 256413764
752172135 329248031 282515849
482036062 464876172 362407010
43439020 292956009 805303808
815791527 705119155 491867729
708036658 86161536 357468907
591926077 33687368 140284211
936345840 994870285 670197070
11465285 788815055 615954793
20628901 325032890 408742503
214364386 971236866 504788545
408040078 417038254 38636619
746560110 721451343 290214900
748243535 402805612 360385246
393841945 862371481 550383109
916574646 841942818 455818678
437222341 759436678 367357881
142099130 371771396 772146119
280877904 593116357 207128485
524877670 302409870 286337455
89449266 980709989 483048762
986528340 721348271 91048260
864872376 715351059 980693179
342109092 925006182 546310475
961878483 121896837 24704065
870541642 138003554 865679279
818259303 114943641 260877421
79902102 190167429 400922627
69749378 165362816 614082400
860557964 254418108 836312468
93831156 927380508 80972534
10356496 776430355 14438845
790814637 866494886 366290704
934326749 975936210 662993351
75572930 167765490 625728324
672298073 935604266 494740501
677534218 937807653 355301852
844102411 713971823 113637038
657736858 130973310 60308229
756072762 148944032 214234368
985697320 801080200 994888301
87140166 199259436 98466292
771219787 98339644 4124388
464897319 849966218 736158465
250263177 225720976 53685617
769850535 85267939 415431734
344032199 671573690 568367500
206844104 511148466 877838630
211848994 760464354 531824733
650105387 758355916 199785647
503810893 309305817 785511657
726020552 635453350 928795505
924383191 65784237 475148289
198564765 545014593 6778955
85425073 188818473 212300775
282674990 154503687 942934998
581966388 617867634 203308276
751583869 133155054 754698869
817833206 81367901 202076618
200841312 911194818 345106468
812056164 244507704 174400989
423771505 682144873 897691545
635986088 318600131 645913649
442684413 544016077 687833622
306449156 234352988 457975918
269455288 885266387 370182204
789676079 258525560 569674636
7498009 703131422 956227297
733935852 270226644 302203708
809920336 173156086 69420993
66163516 67412709 530345834
369606903 969259726 786960612
64858272 665553914 811373139
878002461 461810758 85847386
723739596 820804546 964907011
768916948 478815848 12883767
799152426 724240070 94738053
341877303 631509036 828269527
983905473 981911843 388135963
749553368 731304958 650158037
728206923 70736833 611175063
281789907 780770209 901648041
342592338 484028801 384520396
796923287 870767436 515877983
397760560 536543350 322387947
819707906 525153659 336590868
586173802 799904758 204317022
244932992 630532473 183129828
45848218 741810234 378918081
439946808 499230693 944865591
495682408 348287242 991542615
854968700 908902697 432977458
497812327 932740547 965390079
498637732 485520725 163944109
152560338 792270274 805899160
413996372 450539016 26285005
937765054 149713993 846393426
340079269 409586709 934424366
678812108 160399772 428872082
392678179 14978878 466413335
849732551 877681712 710572351
972125381 185521063 162176514
636661428 197471450 232995309
101840340 17597945 420146207
507115620 160953712 290866008
362189456 212339412 23279441
533995897 421155796 169990879
325904401 890967517 916776505
589837130 298145460 244533205
203953026 522412731 651573378
777098316 535944154 464775853
467193199 914395409 171606116
523279634 714885719 64167256
379427505 113828988 71839853
347121938 758087611 511852999
652639236 310656982 151910624
252492987 557017204 530677125
862882603 232361869 447047480
526677747 13923840 330720723
678077202 170298031 363548050
676950239 333517009 734501221
664088047 460632480 656729233
130832638 643295718 138972343
568693102 302684735 366250372
778201633 400886544 866643102
739286808 927817667 137582318
396820123 607015982 508441503
67779949 19015738 480046571
397293622 447750962 264258441
224901650 350255245 739036931
250652514 977261959 936167340
969110062 335584090 680614261
983266093 968343301 511302630
844826660 301218235 595922147
365885406 619785036 852355607
355473737 749825646 208711542
968360311 136507849 345565285
839231372 679336839 614475557
978587751 245808173 760321828
636551500 654324436 254496000
873297734 880099988 267468084
524617283 604836641 504392951
956228359 20827680 336575164
548639619 945674668 102631097
412470771 805512878 159295459
669592915 345374359 87303446
568262356 527143325 496808815
647036581 966829923 956607941
781498108 285623190 71860648
482630761 418304557 834762567
207427294 849632125 826722888
296578621 764404989 153634591
390608439 910289093 835112665
63373589 508681898 264769288
239802320 679753545 3278382
351343765 382433311 885661745
666420568 518137470 603311806
156895366 841474579 292871202
343635681 520440200 337335622
649367938 948343278 575858660
214811006 884909762 870513199
693467112 202072903 991825163
641654357 649701221 129238160
317419100 787503642 65028972
789731609 950016373 209318542
562106192 857757046 541304656
303285097 266531138 849017651
403736493 454183477 752313014
878950598 915580738 11718836
320165131 280233602 219301062
154682821 317938579 27148164
30946562 699687716 691477145
818592454 452499748 84513867
395815219 499224960 833005577
976897422 158500127 479624470
672044133 410190265 596210575
168554291 637636286 476890916
814391910 337248366 115690169
293724281 489565320 296298467
212365395 758380341 651270017
486763125 305761709 174913716
629728465 138014139 346607854
18206605 133052656 56289286
931726257 350617550 593323022
512283853 396019605 152205955
338517221 893143108 773632320
402684375 590694502 27343118
675265863 466282719 693989745
347768046 424705373 191124362
350695315 658291845 897726891
816614487 37080585 691082762
303771138 347907555 607326507
812276430 610454040 42285535
948392788 549442680 59978336
776075538 770163040 766291023
141590852 533302455 68588368
995303625 72901335 150228767
162746974 109793556 561331376
175429796 766494676 252343931
98633286 810309537 386887353
383412842 363094446 87143515
443070745 368908800 806219798
74707226 528770282 430097895
585308891 66733536 563370153
447055536 689147591 847964733
425191203 745806690 166412811
588515227 883524116 96071676
874416854 222537900 481571218
170789864 123747827 819011687
978634465 932722001 279983216
244164763 256909240 60681634
692304249 733926093 598809258
26011615 56353302 690311363
905049657 748707043 242150114
513992947 45521106 45286006
235150429 814462961 249822837
163886015 934674158 147825381
537497841 343016507 346765196
416102081 811709171 681107293
719689421 424996442 20675681
547873486 821988751 310997938
528525007 25247033 719022698
767448567 748531994 445537052
590591380 72973151 43089281
214881943 633151906 38660704
224236606 246430177 625711439
527706578 7679805 375145562
753578008 86573049 624470223
946661209 395263942 546694183
964841818 890171357 176286051
426470378 228468998 163483479
575772566 7891939 982689231
673966041 799136531 668717657
302169366 285235995 597282546
401902191 548552823 417062575
171651932 896383664 216451229
809785449 652425414 275176652
359151333 210209048 351175939
964142986 279539935 421585878
127955302 698428942 306426300
484955248 30942528 478398626
647861303 699444677 721389549
549546546 826799099 435607204
219676904 198461891 121003717
44732180 416023480 863971129
114600057 797589822 938701958
220743270 214901516 815785316
612255073 789954575 802378319
320629813 894351449 740613229
723923536 230148431 952035496
637006108 878170803 325741709
387554574 497979740 58376718
695602258 672288694 246756657
608646894 955851964 949596251
905767957 270940044 232793730
548788785 25568507 332754275
13271809 232383018 890762470
194260450 923802382 358556774
221569527 536433591 773031951
417225705 773061127 351498831
491649559 419569330 646191764
809449553 177443658 988721817
527939807 515584596 602186482
640745103 306384144 853628157
716211902 920582240 266844653
83401954 661822587 115171252
949630539 290700 915559682
33500672 664943338 53717193
920374965 12038691 294453633
998751087 10183 325823255
477880194 409547590 782487451
610004446 171248073 104402785
57485822 395190429 231185888
693392531 204854311 454370671
796551594 941075271 400313464
81711216 300624818 448273280
701825549 24045945 319405897
827257614 37573177 964780328
128931181 324323843 152297482
282099523 490622322 998714918
952797650 859591246 982007833
219758400 129198005 987205063
683661925 799143659 732107902
851222282 32606964 945204796
999699877 511643148 187455232
15401798 120889127 92444088
778257769 252117608 488815143
933931818 951807704 622530817
746163140 598551811 293275999
289982059 24222483 754708138
604764304 515100796 67950509
785371301 742816227 164599097
231365141 69962623 426854182
728017647 405257036 32102862
39901496 534104348 464379938
891690203 500043271 442837170
187929395 14247551 619292065
963584624 47280833 705029652
67656728 826279823 941001378
301531313 762251199 302331987
771881681 514506141 217645994
861077612 286994485 26213124
720741213 292017445 936293818
201938429 252134447 740533109
481024661 870110910 2092274
698127845 47376817 937935910
604744240 896995844 920194828
467447593 600161968 754783521
524552543 850364626 248593653
768336705 911023298 797281186
50782116 307645403 390879384
94935958 642150308 394382316
489902736 881235165 507316366
584749861 175980611 400792887
707167807 968322808 398650571
779749812 591657581 580644162
156439562 344361065 789409574
686458382 372360508 437014695
186791061 622997665 431407127
399549977 501957311 373057766
823896371 314015296 158519927
874270101 722260967 807087951
955017206 530976793 725538839
582256471 437899599 386900154
463546514 92820212 646555673
271871756 950017076 147791426
357345648 992909548 385117575
693061844 500959801 484009254
809282771 578974253 925350658
730507008 176390168 955352030
45908616 368780668 543692256
986015702 923108239 671156085
155746782 642948606 366843761
580047190 679353705 893367254
799716355 171184472 913859360
857635762 615997729 149809853
876450587 850701808 220989794
885499313 744333729 425577766
87771298 884165585 449872125
945669143 120130191 538356589
584112050 45073984 557882800
111470844 617900406 4338455
273500468 591039645 713648478
176847316 794258921 243505670
734450885 762091444 845812471
359595848 525253023 125543343
349489327 785822999 898151518
855678800 400851579 588894456
424085631 561696926 705332300
879782070 421765498 235226149
619569898 377027645 805119873
438084992 738520633 806987321
114274720 242466812 687698723
691384795 487107372 167182869
895875717 745115443 961250562
808870044 202219015 769015924
640074 959048516 852115057
541714649 858923889 115750303
531720085 155000589 983379681
77531324 746183342 329161924
259666580 811534685 436067895
325190875 886086066 224674061
581932510 685314233 103709736
874556653 205091748 25238967
17416094 33390627 317595733
130003868 222358401 199409014
888689504 833296505 730661470
76596615 71964161 272122580
485974860 127724737 453030493
383878046 710371538 432718825
11347785 749276925 641626093
322353917 368475537 416340508
402562927 223819775 326188391
460124009 664922971 633175666
987365405 513720486 682061852
660139881 637089884 44962808
729196781 527565288 33842234
536865376 343202087 377416987
33329291 274644018 752297344
508521430 924679475 856665307
412054081 808439501 578765421
826552926 105234017 453872456
739369106 630420366 665968742
945575434 376942350 735350127
526464697 29343354 407986780
41523282 523393732 815023166
972676321 93231525 509889702
270750852 583830965 98836690
89082650 263484990 777688257
891882236 768378762 677851942
990323778 100937770 488215591
407862030 804288700 362261918
259178336 648119941 503885031
36874602 346681717 332659793
593377394 834473242 755957283
917665065 484471226 232524537
658973884 440886010 101955830
11053043 734250195 137851436
637189607 926334984 725036318
838415097 30317896 543629617
477203049 74195139 539096367
194597747 497335712 295001062
748538764 606717769 416803068
860397564 993190222 575163687
701907516 777744414 52307202
271876053 628848779 126345661
749704323 554841403 527313543
186743752 968796174 485037029
315024544 916497768 174747388
42752637 311692921 645448057
355854794 458199570 117762169
737453788 166211140 899123955
82485548 213806776 517700530
522104228 267407522 6112278
415864153 832944604 799433831
866297759 702089212 972176547
189656739 829425473 404499601
47110078 324567060 196148792
239898241 365147820 929393973
733401240 626603312 907889967
529731650 245599679 766466927
477456920 868032765 752456817
978882319 124650196 109025300
176558895 149470567 141732851
794951620 649834963 604270502
25424279 470403386 532732347
393714969 852913236 750460925
461680490 22052082 760648163
563902596 963886723 744975061
395446550 681645666 583562180
114168939 449494734 508586409
36009935 299468967 468464025
598376516 753818040 453393108
71874723 69981491 93676413
282153127 942510196 713718675
384015807 509625271 430921552
544509042 987063427 261168321
973471769 996290422 940096376
147668785 129934440 25887140
173941155 92747165 612484480
200565007 713652790 211008573
478998499 708521384 586175950
400845931 598469846 282401272
513119468 71746227 848254067
704656710 199190047 625047143
443730000 124392800 600937421
42687424 249374708 217376098
158255838 322490952 143038324
801700901 753201867 419521409
12019056 399280091 64418051
547818813 846202078 13062527
121067160 563245360 715016702
285494550 628754062 569640764
9510660 325713292 945305814
871300408 147168982 343091856
988628089 261645266 924046847
515813939 860309110 229309436
202579662 713003603 509769187
513544342 514037098 229912272
106350921 185132385 416458857
593814174 680104381 673268117
581326857 922014373 863148795
76148203 156886986 716274216
136317519 921104731 547466482
156124866 924690858 816600009
73008021 512914010 551242503
77943017 607906889 176880410
265287051 673172705 808971848
444001496 901697189 671758113
388396586 241959177 889032072
281823359 436359513 64073412
807852153 463717999 46073086
934873426 344120916 838197230
423729488 29705325 206808785
721185117 780068334 999417397
401238247 419592782 482999503
651156245 898048068 930864829
241292392 803812257 974429190
136715628 514715107 660239309
848758119 547122228 954281756
436510229 693681192 936164560
811136966 682195918 168883621
259137502 643148646 559697044
308837864 533793013 830108912
80590135 464652678 644053736
33193666 448090119 71225563
603106474 91099113 756423593
957402397 834348952 156297926
829914461 688698136 42894428
396770295 297844637 422267598
301542652 498760695 698111347
866307123 984740190 366664184
325877298 897996563 574764286
649931490 351207812 987119630
330864804 918456101 504564045
549154475 523757850 414565115
813271066 935399904 901414529
739219373 633036411 746518532
601496936 991551177 732489265
649833722 643538443 709752821
843763568 616315043 147389687
503937212 361931800 97697289
742410947 525785101 367659963
572024267 555121927 661818658
677923949 67575267 270145861
675513932 287990035 291253759
939257290 310254439 638268451
551385662 244643732 336136625
995165217 972606961 348068818
974117514 257069675 607753897
205370925 374213212 328938270
205993653 886626439 359701880
555845816 725956975 441886902
299060870 283371360 641840461
455103445 719068385 707715191
202242259 824970932 658261431
956221202 844920338 149548263
861403389 826683522 739091049
316770266 203974495 737771633
736565054 388143641 765171010
582801204 593675284 344824123
219542069 856878875 496810066
624648261 558466741 186203599
125854097 778025484 776038893
940754252 312953988 685686551
265243362 220905013 642238528
848197014 680155569 891623685
362250499 196578324 952702412
695223488 869277209 533602104
402651705 263747299 420509767
520059677 769917396 290705391
610088706 492932560 577038107
366574854 157131290 273509648
650670105 77363365 271158137
133604914 404330388 873075072
591291816 422067474 3507992
71453662 202859986 871868892
273601073 996223794 531561911
488295435 591249692 626618123
881711944 297524906 548809213
609298704 451501133 213878650
285294502 54753357 459247215
674430898 525660609 639168200
116049131 511496412 469410109
415414277 336233641 128252853
150031116 194459726 131980695
387980424 816177380 860389089
58521238 44060578 909646926
75462552 297808762 115386040
588937402 574690933 288207655
136818449 841674691 102961772
994014139 797815003 737364568
454476134 220001908 42882439
957038476 708988450 608347055
64295540 10582904 119649243
362501562 670401470 772634506
297613106 305144652 461497079
258428472 247484964 236693079
663907349 648176377 612695440
807160252 286405358 996273005
593366694 379622962 902767766
253792122 162889747 24646738
594541854 627194083 340073137
818568394 236086093 184514302
865124849 885965177 411535173
218121210 581658051 661743478
18726669 172223663 97901362
613364569 795058691 659419497
289619473 869248053 522114565
133748804 102739549 264347668
907722302 436371041 237268477
259871834 493391468 654560757
177857336 957654416 186340494
985292914 236590009 300079362
115305817 3402003 256378128
720654278 331243167 467285228
622381103 924379237 643940505
912239829 415219499 479066243
229123420 249302163 107767824
909762344 88043753 438660699
764960532 476884254 475160348
161475232 793671719 953609883
412827443 913310171 660408044
806051743 408196522 24724610
581178463 821472454 291760672
220255331 946832310 722962352
527765396 468849679 847813397
939681630 562571330 367529733
345830787 22243429 535831691
544987682 661036088 416505170
900030750 474797329 651282333
220621280 400463881 155172591
755330547 83061395 645268953
898657208 750469135 733664642
405513922 180798420 846183669
433798478 222405123 233998798
337382335 379315930 434975269
294357483 267110093 767654308
312113998 964706138 247922133
407424954 644712853 942456021
504350516 26066135 737115354
604848558 262071276 693075924
749021805 69465682 485595234
765652721 859101523 23492732
417545848 613811510 370638661
386032279 409064426 22005392
527161570 468464805 777580735
478166822 976233216 455414514
96057919 469614246 273724419
373909171 245411039 288967162
393628113 978821584 279021573
513818484 169756649 180970231
235296316 916596424 628670022
692573087 555306839 643284335
570088786 869883515 210144401
908280951 38969636 409572465
391456037 51516549 816806401
245436109 96607232 759247723
983386366 170460457 99188814
660834357 746586430 593590276
53756960 268855421 85099798
563987043 273960211 486513316
160019039 314770435 152078385
921807629 468037375 299051550
935238482 983507651 199737529
245982087 439659024 334576179
178916307 558891180 71703302
248910141 936098976 99075213
666734240 55991919 614834284
702894922 840848021 842095934
936118061 930726979 795744627
188918358 309498553 588344539
504925332 454476269 960915190
180309400 253666379 18448829
867292114 209793051 647073692
765072262 82729092 72350979
829826679 108995858 288883932
877558198 840894029 191910519
573328017 133291386 836508571
496645456 594250229 816967506
396136201 776539211 192118167
163980356 573010207 200582179
263760967 844936419 9391475
349479184 918486629 184462987
822861654 292420111 551093592
873280418 22245738 537851330
541713214 960825188 61042301
422845630 144900502 179316246
51909478 503656740 167406452
908962304 142046367 259765594
925230752 653875594 895801246
394268170 616182316 840908912
299871453 496503819 263913847
488492574 188060513 762581310
117978650 766039298 266518615
174039487 687340924 650699091
810152831 45390869 72020184
405257116 145926081 615675
308381330 494750922 567894591
857745830 526086805 727487371
809878938 424146186 590897037
581397860 779788828 433682671
954333893 563768984 501029634
695090262 557976542 380035335
844374163 650169102 620055707
771328723 899395933 804601247
435078702 807057925 269970706
562072076 437741235 179202708
540255935 921191923 536577456
135548996 864189002 39102109
222149687 78830977 644028430
394601478 904032649 320449851
124056047 648964998 970839997
442825092 410783860 403667032
321604966 401175093 25636498
337740312 523150202 213355557
805640705 17224478 231466989
467654869 832227284 685534409
805679498 158022765 483119861
928998397 633969290 848819004
814708257 804474557 150157550
696935022 852293873 324240116
425589139 262521055 152809923
17585787 966908353 243816148
970301486 471400622 271570728
522671575 428679814 500738478
765460104 499509746 398967152
947452006 219786814 497463844
140031085 446461873 55132620
263459738 156269664 963188150
687219326 990791755 108753775
317202754 401617715 57036462
376405682 499385959 976452258
415062252 952458957 701617283
936424074 465340741 83884443
642351513 315627526 380936094
881643204 550358720 592283210
512290927 43512759 932683321
909646760 514814659 72752081
378475128 355894276 207746818
333226943 989974163 544083832
178182519 11871482 108772981
156700837 799226530 763543207
603002791 289490040 64303137
26503717 547078662 234820678
677181597 559517234 398644301
25919966 481421440 433160398
358673718 857394843 658124324
494233669 372508682 667623327
350624671 305938220 395102134
54671014 860307675 555121856
628805942 132389996 948686369
470726097 814425101 523467207
465368486 819951831 551872849
38822127 715455665 836775460
588399507 782397486 804165323
608114299 543257249 72251203
164636839 885528811 405793871
354498073 709331304 766942830
472297647 785388274 775825198
682045843 286802725 154566722
152698152 818308048 982468204
210812295 100061572 662363794
412198254 296094861 423483140
236478266 44980819 47259052
325247450 13008090 142745408
208835747 449227674 611275724
207945415 448382828 858426164
886827122 948292913 162829137
458392726 587396879 610085965
273962951 983624026 226147192
608789 71112057 175440219
922173135 40223433 285086707
780865787 518257139 845047864
70962604 235250877 502840393
982617668 177815864 993019826
722211420 529872519 122661067
85866627 718781178 493498485
871545262 965729102 368011193
662282187 781600177 399556921
913318174 503505776 277114900
619595688 599758448 588330371
954739343 967791343 874434325
796835990 354978903 678094295
713975499 350612215 565549649
167072428 716993102 732246061
896959522 769404843 633271007
558397591 732937704 299535972
865638807 637641925 835689082
962706312 263385154 242879209
875026417 23864120 465867976
519042468 292260212 352352269
546357450 322733449 535662276
777686278 434553077 55068529
635325355 322490293 860790684
926774399 276641293 114350071
884837351 158883691 595941837
240115742 906762295 841251439
235098512 945693981 267080413
498589414 971923890 164559794
994340372 105867972 748807927
582192772 543145488 389760664
443074221 797278608 429336425
450210852 608352987 355637397
321139569 87111819 260376153
174424500 669003588 516656295
996872481 711764494 71211199
832113450 337108763 994418608
954885588 61099173 467747088
435858328 875164910 464036549
165405571 444768448 508066860
32851685 358399824 397692607
126944637 330720440 253061966
522396825 943932708 528131485
996255794 425571850 631814631
229811428 435206561 461822403
912090060 252448868 307592236
261172529 655597471 863856991
177054043 360896746 170931110
642078459 351267012 637207839
404637077 916115015 88989979
108082677 88148688 88379960
854907113 791809662 9115922
161110932 580218353 460144135
528977271 962696853 99122523
852110109 867689149 748809832
695752234 163088149 55145012
2241181 505955895 190667636
35094854 143326602 312913089
905786898 393813053 728791229
736223645 985784724 887723971
751602508 383594804 715174578
614177380 93974088 43411204
177405303 958722309 332610204
354486995 107343380 41813915
625844921 88418118 42427534
659667622 228825 882003508
990581726 206424872 847765006
182465659 963206691 419687196
884968257 526520137 115468554
287043716 637126357 312918897
660818388 898560662 564882147
76969365 893140824 657921307
305420337 148837806 69731500
496430106 650867643 915252639
279153787 169000566 690914237
833304363 751557781 552860494
103208269 533022104 651206798
240294732 739842506 304617363
34395963 422403027 914996002
363630835 714047527 174812167
746152610 507515137 870021632
485877250 385206943 546401315
328993166 315307795 701678919
757693892 874710918 430671434
448791438 866472993 999113653
252463639 852827503 909591241
332136364 715386249 350694446
226073427 258429557 495302888
159687864 755092420 166665217
39511177 85312145 63080278
631019919 939676169 126398892
158570161 115614607 482024385
135409307 160338451 776068092
78857914 303305498 827174952
357264194 738439961 343544114
621986753 256897080 771634337
517110588 467437221 440105909
131660615 998443821 691823689
717548742 721168700 592834585
783166300 631006715 324856288
761401895 225240835 961632051
508124995 704569703 36331267
391066799 168073839 419612165
205609325 370532888 70926399
52519060 33693489 903147174
915974337 862888328 270778319
418285868 200319944 872435430
534312109 497683569 706875860
426801240 841518072 761435135
926182208 347440934 482767472
142703781 875938389 351014988
800239651 759548363 453493140
706956791 338001440 983003383
806932134 608348547 932151637
751463849 197527570 7987240
933268641 840961771 176285991
269080108 446462966 100090276
522798666 940083468 359227061
159093942 45124507 949423058
150689986 257723139 550598068
648456134 531886217 298352378
974213361 217170067 773936345
193824273 448684706 41284391
827704564 9905417 678108722
387328239 763822586 368253706
859217464 660219077 400531359
362044077 2939166 112310447
518400795 828464858 885111193
538027221 216587933 226625846
158705317 357038397 730526382
707236841 921027911 790859669
798920241 542219368 293610444
570016358 419500392 955186093
567725048 634031447 657627978
994905795 657371062 211163153
467010757 826471790 785196340
859293519 42332523 488501521
772135486 634554728 587469045
311592665 578523771 811505699
490094822 47796183 305464161
357132340 19235979 437374016
632777814 673282001 850229884
67429343 509509356 890725496
942996976 448013530 997558133
497725586 981512991 949582710
653651567 614070430 247975555
991159822 338421460 896362002
634467244 239336560 482401429
284220002 322425880 957255000
700138394 915004907 41565048
876963890 246394672 717723635
971071092 622301809 272882807
423926776 284934480 4601001
569880762 246124013 43533949
238156941 882086565 482378441
256602785 426254224 2416360
461720540 51285942 81717883
861560965 862519426 293813026
574728504 874481832 965824208
586849216 447487343 17548599
538751928 932594086 786784420
853227163 823322947 687215867
846101936 328784175 825601009
644508130 712228196 54970958
533258413 622959503 229152129
573474779 710053209 593091238
308762124 837169446 124416241
918300388 252150449 993886729
417714041 602105788 779237238
352818023 190306476 585257215
704484734 215024404 15259323
735603384 461172638 85552409
353019287 694542361 263707031
515250606 22216686 106794297
139454878 999741662 804673125
784923076 277232860 181486664
705939260 313872590 721351429
276050957 446220954 173797429
972761282 457896551 219143540
782931517 175994127 388082110
104801830 821512026 310073562
332314956 582311168 742554204
589141379 686145301 73647708
81846798 167040531 937614087
130396153 915934291 3573647
257216379 70847922 836085035
827145672 853008980 814377221
289965162 192168084 121730927
821305438 484570661 362419904
130394179 537368128 822486010
896779824 837022047 574013671
499609090 548445418 131101204
516729526 717257792 659670475
298822956 843420985 89408445
382530255 847182332 98816570
379288737 189406490 416483706
866082198 203259499 585516192
268731717 778801316 19571674
978092826 981271035 666087112
863691438 851809949 823005855
92797273 68110643 174259849
156565452 367328357 172163578
560586335 875333606 740376990
574247039 208488923 513989854
992903980 813160098 678143400
377294181 31985809 365266320
916445330 417984292 851117899
812560909 464287636 111206782
866804968 550206515 833075663
871673736 432137480 228019798
179876468 204165230 666874289
684498854 519071627 830499979
629593323 802873636 748778902
71833935 799563204 243472242
896049540 705475988 980200395
838340587 530831296 598565719
827682093 491616112 415834008
345974650 689908527 396072008
213796035 966336000 45059179
39062171 486307785 201949932
3996185 613041404 381630889
18383884 713587596 400008980
696554388 363703859 446175890
805019323 899279305 7986279
338411395 925572801 497659232
91509932 143966889 905188399
103054899 638498957 558897846
602811853 822620619 125084361
636605966 145782248 508341388
530799340 594407432 592280899
779433140 817744583 365827417
128583854 671031242 870621341
34875237 844118078 896817848
685133499 340448004 264180837
335069915 576686905 882792489
457028126 315090954 41810202
921975845 114433227 58962391
322342791 713848970 147016174
747224210 277327541 875844064
407572163 164321971 301365060
365009075 912398154 442413659
79883432 570116459 390611429
80650532 535031641 331126013
793096206 321929419 436874285
24408555 28075963 306183081
351923008 198401874 764289767
99939858 933623760 147558675
563665435 647365830 643757550
914366210 107505844 389265948
121734605 102174331 283682425
824632414 358399084 341784608
953921247 132850821 196085613
618916987 227966627 625162765
859392452 84652588 248592047
52697856 296905612 334458248
903518518 816724976 590781755
810503956 581223246 980297515
922615433 85537642 871424278
765378073 589416078 619937594
934477954 741399637 586332424
319122939 973153060 593099275
706414434 319487653 107842029
961348768 433415651 807778041
999425318 43741483 334891694
986595127 942706955 451155345
99823067 706412077 357842234
288888289 795743973 55891985
146986276 73817121 101269922
631686891 4305118 114706435
957136015 512150253 45660707
503824482 869194628 387758450
435927034 581929857 114773266
283770911 170517656 634424489
602573674 961025261 852666025
265832458 88056367 358697233
180796443 198780971 696306277
985870171 610975447 752368171
930603657 111533646 677358085
872144885 18087708 504997610
234524411 782487908 760382619
136001669 181859204 792272930
882804364 927525344 732773091
547269515 256180343 437990559
5676326 731659709 561540259
939602204 293469118 619216978
853260765 783671834 833505308
903919017 201380224 528981921
587942122 255455745 63749838
461411684 226567597 658480719
716059404 417085501 206665009
885864250 566700694 314291003
369654813 146254923 434350679
634334597 441890948 977906325
620978931 308875535 289223354
267394651 661838191 919273299
955166043 133840633 759032780
451212280 273803392 696147212
649888596 534376866 1559757
123062323 435450587 634299414
205261786 801854968 271588188
742277684 137644075 619136728
197952816 874504977 688075835
622989426 128824572 720506291
267125638 142215574 763503662
43171075 247879360 268431133
799808968 49997943 785176381
77523352 734512606 423826048
142766935 234221394 296942296
120917887 616944919 3025443
699921828 225705861 770126834
118943027 891174263 747564962
14774605 443837453 114840611
366529273 221548851 480042598
155030819 157826680 777726463
695745343 843528875 132332403
932868125 395949630 349085932
441444081 406652481 708154449
557128055 730482160 295348357
476109760 712019399 216411521
921008738 681881435 156675553
222029909 417912164 379222193
201864207 934102853 714958498
921392441 711143027 260670698
526040433 524966887 294095144
469709241 52541869 270702411
3282854 465245234 497767932
170300931 65932686 839014432
954488503 895167865 63986765
803507113 492576501 562943505
310389670 218871405 443889537
118558797 946295746 308389322
151073179 304348013 299926247
190116812 457577530 825764977
14782866 508131097 843633823
818871311 568645466 70110003
629732882 487939486 373493559
325553894 691758190 240857191
482478452 215740509 739197050
927549520 295939966 901371868
511997917 419398085 289523201
172290781 515772199 236830570
470437742 971528628 143330292
18410135 838600755 251707595
692800081 521733910 412941401
235012974 592433358 547283746
689222523 155362032 117923052
287414693 774428419 398180063
560523548 273601416 740782918
106122847 291856024 925568037
706837607 554566741 858415072
333093155 801444044 433485406
21796495 67611134 608978969
950056028 115018317 259014195
965053024 303668506 270688991
869419657 262308892 813613821
717739417 596955609 918962110
658841666 616771979 857913970
992599877 568996535 989804725
196438104 673793757 533689086
567287649 3619410 160090934
21013174 351518025 825163204
740492926 826444616 594715951
450677534 609832815 366464066
1568217 516490490 207682220
201189013 116464728 786643597
328927979 774039825 820512930
456177795 269689276 747353229
863925365 291995026 629419251
214175750 675219370 431594468
719231224 903994004 645933368
606895705 605614022 383205047
103175779 407937618 506649882
670679790 210741952 955906251
262942260 348660139 49181057
921051918 360936142 383197683
506144535 814891152 258951234
571752477 358016856 529516369
244359676 462592874 603910280
17643054 740591198 81892436
110802010 606834809 961992473
147098055 248361243 441023669
930452650 47112298 220073428
501526417 442768047 574431163
793082214 77957915 110182184
731176039 589020467 473822048
771409377 145729583 237009348
792447749 230353853 234580870
398226134 103998542 39315985
275368117 12560440 985913449
630822915 439308778 129146938
301088903 690436639 632032603
955417157 483008672 958961763
224502708 100376561 365946546
991672690 254164898 656887369
127538091 100405760 864808637
268775486 849436665 642444931
576482414 801459940 675498487
817021681 258997266 47427771
511114494 739804571 297513996
580975011 179355399 705767298
813173027 747183497 782397650
6825346 994529974 904140869
525649719 877317305 232313217
854400296 442176536 952911801
355133789 107474629 95251839
540844247 625861788 246240377
993008314 618126104 298145849
99764 458601270 747731349
374691665 383218107 808879120
485713346 597308464 747258823
176409721 28882976 793388588
104701827 673457796 613862737
22936624 716506411 295555959
206743219 184756848 882952963
168528248 251491330 791857755
48537600 786451710 192620224
210298839 888282415 224488192
212219350 142408411 316753801
494839420 65793697 710453382
482611535 242263190 664266315
144434425 33813100 126568637
779261514 979511571 777455542
219219001 393679292 673376315
812381668 945071432 817216964
321686223 896302119 737402659
463665909 165280512 738645398
67933472 895092299 967609417
170798896 508663769 405966906
8184913 184012669 402154588
37720016 572336241 188007621
734911471 905065262 958744494
451354522 116527215 91082624
820787105 169151193 227402604
78611890 165076747 445659596
116436269 466668019 246162961
751283773 872522122 178444274
285765752 766326329 558626924
766353495 595923847 949003775
727075412 570012814 967348880
635314694 965267112 984769286
628805189 354387726 951752081
486464277 169003911 889890958
638092118 572140945 709224320
609126891 231485406 482172975
456218214 184828560 656001230
898389076 853320389 477896495
299762291 339012725 279418400
650989602 229938696 994513756
787497711 857170361 828724174
897244122 21504631 210742928
435741785 317327448 403218111
829527906 574932626 499148625
995624502 97737072 939228542
624276204 123853455 855344669
745732616 136127850 967259862
57758928 246679107 791351561
751908729 572887317 920385506
121509873 601365049 514667734
423706090 976388852 697562046
623481438 764986259 792005141
876929617 145189381 56727602
556149338 193050830 578774087
940382106 248893815 857858403
135750029 258216558 974958933
54501175 545907499 921595996
651655410 583761760 949639836
79642578 259302997 578749939
593003241 89730334 364118688
563795921 577207606 100434087
278805895 280397148 356563737
589384867 146222107 889176460
191458968 47264570 459261608
526679329 912943629 899689808
220439595 150015073 862075155
848286249 236768471 750304499
683167581 95974362 556150018
158722903 670916891 474967169
76702995 453250483 774081780
680596058 587042874 86067794
792143483 816193678 345575662
494886752 176775091 731582118
296686966 909701848 362582739
32169436 35547424 821927296
12379828 837569689 29336563
832476600 713911758 741830552
25992291 926516552 869298674
776412007 32585286 89801104
346278097 177085723 813422267
796929074 867553475 684015630
629041489 87040951 88726082
738687565 204464086 516233458
864762970 105506513 471350168
841437433 960241192 578780493
695299064 398937496 61469115
845534945 677365765 803665412
649475049 27746847 772262401
160819949 379392520 335913717
406996530 721746234 123649481
853291422 981678136 541187452
693215275 311236729 808022221
313680712 280036237 171019647
91311474 586021691 872700716
158853246 644619070 717413695
618888688 579834925 511936846
308361258 527356678 560731775
977377352 824619873 82252789
161681093 188683245 885146609
819510530 310286901 538390709
667496930 846441270 45590902
337276949 407426246 503450047
43361095 544541387 466744749
501773279 28187183 47401848
643398610 52455667 3001741
710856943 280552950 951112747
263724780 405762456 370819062
683616973 366671176 95228611
388121954 777280879 553933427
295364164 569120990 161016831
435062311 405575023 604518264
132008323 253190231 443425740
160280721 856523994 289276014
549414976 244646436 345358772
396818788 710091140 52611106
393215687 332995650 882162888
182789147 843037557 619361329
403002716 783401703 44960954
593288872 766961022 42279655
671106793 504410865 56947746
436725061 223248659 258116644
440431139 646502655 919150504
659501682 599429663 493946637
663670265 381261101 844522875
18247557 829322190 670442392
836030207 683162838 919290879
992827172 564596870 198391447
135040945 69271942 65188767
287559535 861134201 50451476
996581237 131437224 929056537
420559510 271458160 896465129
567553950 133427939 955850321
596778659 982726017 568320415
792965011 5338359 280899257
671709698 787358775 277735807
920138500 691250747 190530192
587849670 508568979 535203625
945380267 999546039 267378177
553689310 208151513 405968811
771141402 820180727 201524161
567280675 695508282 68897639
429183966 287547461 260089469
166280659 722628024 70362901
151935488 748016381 429585467
664726382 727892854 316916095
779525408 183471482 560196312
613558011 692763273 718864973
716163211 784423993 330171959
437701423 319531319 170287792
22236522 260614557 944298077
450756507 812263630 769863359
140134452 395412423 775509468
778708220 907354363 567280402
462663590 229645802 111768888
332414395 835687722 270421800
88227515 496031443 937853565
43785962 882655420 418956978
313130296 678210041 418631380
168225289 380830539 805620942
401219692 813529093 312042143
930154036 937877996 45439893
200348505 433017720 846816175
245971765 774301128 725582010
396261861 364997824 583545617
733562590 200741736 315500894
205806298 929289220 978643678
783022242 24979636 717972904
90845926 504478321 405091795
330422007 441513645 850504212
300419691 926729585 312030195
550808238 618163271 874801011
569464287 542471905 983842194
985750226 24150584 828968306
242522192 784669128 117000477
395536203 259247864 597097434
748834169 537912256 557000250
191614199 891651992 295744142
356000421 778993962 144153970
500022986 655084768 893088374
748602687 66067421 723356014
739010654 364995996 40309322
311058912 737475362 686208311
61765307 915864608 312862865
256427918 219730389 984069248
232071545 224344582 821462344
884696228 381246490 208659087
889622564 565016401 276721617
630416968 338307926 948629694
761152018 131190228 423827368
782168321 238240571 866192895
151844355 865380065 109710280
96698641 101549009 763758499
644089603 488277559 565015203
500846894 774438142 943385841
845435411 132906472 584521339
51894299 651177700 213265406
258875205 637070032 98160064
677395366 728837659 212590309
528904885 232768176 144640503
434859536 691520049 346840262
242362437 42102640 947451291
436633815 917849040 37320548
776702762 82506982 90049667
985835005 805351935 656995956
817497187 542117689 533291486
814324029 351587166 418051363
102335967 495760693 537604820
921676854 437224982 836351832
593295850 773401277 927729983
563149749 957588622 9000052
11458911 978727377 198458430
224093733 880842880 28528526
870468743 31566102 629309655
114617417 359261644 836050835
445627219 120274791 590279296
137339109 899362664 641235032
562500855 992488004 14087710
262407290 739160327 405113262
358470811 507099287 683794688
754667201 534027273 283346670
783038200 304565986 883733458
640027558 128527911 778224060
974889763 446151434 984269194
3300793 947342303 666856058
730274097 229460521 420650611
395034822 654706152 850492145
371291945 143802269 951210641
62218019 81874897 334178367
648208713 76141919 868134885
132256694 935059045 564746769
686430773 828786321 617431837
307987994 116883389 578993084
313794060 242498240 248409642
426277799 568963471 512547316
368240070 899865695 28321175
629810876 149565423 812308435
437312524 209063902 183181090
875042053 776266000 169305573
231483273 651297789 646354547
543155086 158787439 78921695
257850925 484571024 295300117
359908886 362596911 449112898
82403918 99025561 273962358
39173177 746698400 801028224
920494465 784612399 315624678
139642759 558002408 575638394
437279135 802241177 46013521
890758047 393887114 676970557
22821532 835390937 850438087
362379074 255173296 528684193
424661188 460280392 467476314
849041920 798603154 49776952
557636273 744840024 103063471
125104500 801379606 138283395
457968054 837848006 908962156
19293882 45267360 207166213
939340580 59471828 558621226
950194225 218165239 387966651
419392542 427167042 949767166
652220209 94897028 878505819
935481671 818981746 29280427
414769417 165347454 735414465
489227648 78038923 344003485
800110851 228549652 107315920
188450446 824198469 234724337
272759324 963676441 365644957
382032339 55890484 877674073
461487197 546615999 590870883
196928436 468409624 614224890
116794851 521179377 672568561
909922878 521054856 455775011
819320828 602767371 691651798
968963807 153111068 666985517
226407711 563169142 892699868
283234901 311815504 804944886
43316721 124369980 259953022
326424160 962459757 595422824
5324697 852348464 566731541
480424319 837779825 208380207
367873912 320447786 254933874
512053387 926460609 716300459
980030228 590867469 790980624
959629791 567588478 146560683
437503892 49521594 227591123
250984422 692709053 401904358
659823520 777235902 133291231
57338177 110031414 716213440
397888804 484830817 742071325
745141581 19385521 650346154
882891591 50993352 544816038
395397717 606086216 623676092
759723045 69621338 862522337
310686773 306837202 616421753
195182679 16936434 767352565
486520936 274066171 625883149
866858462 177812762 432562328
811983662 641936943 758235280
615025767 669773919 672122079
451763901 823161078 670534487
614948323 867658619 403585185
933704404 838075564 705202708
318269605 891508710 593455569
689073086 649248785 815501167
644578689 801031813 783571847
725751345 728296847 817208145
917192586 489843446 96265979
954719025 560721312 317341731
155886966 574735990 841309750
393183310 621996718 412422984
683734099 610702692 266503598
157766879 354714699 607029070
110535261 316117648 22842097
829250274 537341616 952772366
332423268 611476141 664413851
850724093 920019188 208790156
188037595 956209700 204414385
116345156 198593487 901069505
837878293 866592773 879787161
239474396 316143580 838085684
151711364 833512248 461574330
434019517 605499264 601133026
58811546 437892427 668101346
751273091 24653830 599049741
507855782 166430856 427342574
687451903 126397304 490894894
820115002 448505886 957356262
32770955 689273480 474582446
186739407 804529581 231828217
332324981 603077460 777819947
244931629 558339066 651472531
236649855 349801553 719564389
711400475 646822183 974807270
388481638 698135755 261951976
964780539 558569651 148738005
705726665 963217025 602533755
812835674 18789697 897617294
879150792 305695824 889072843
3298787 963415707 370100429
437519919 952712566 712516703
126492453 152961256 968781952
746404164 608025459 654990046
466163091 366510747 32147715
589755049 863916845 911576449
841895248 158100294 436187136
634057571 819378040 385175020
584652875 726444529 157423726
466160259 709655953 285656717
100392063 841385000 591217225
410635261 615160949 406192359
370137519 436932332 676836206
78172865 991559149 890362496
232606954 16034290 603221779
517467401 868380260 457364416
105498113 721566976 891865187
736233703 947348324 156463039
823013449 204318692 866759262
567477531 336827097 613650989
361692600 991950603 805759254
129048667 270508353 905494901
206202347 834532128 286739596
428069177 581396928 159936038
258343141 630942731 855002961
830157967 333657439 912426651
546568148 291951963 672206706
965287359 43553198 917659414
31626098 893922237 176357223
513696693 807811245 240233288
1050312 6993632 716954954
915051109 551794425 466270399
644666473 419481916 974247855
950512536 417992968 67221562
59217839 125395804 895189586
819537700 415739337 541057786
216958854 80591562 87202979
717597823 207589609 874362731
657011739 359532761 884291393
884038250 917458455 27364665
51449571 71105799 402858736
566734231 60114780 657202600
696090933 299839267 86011482
314643481 676309194 651260586
78557956 921095266 792131934
345092877 58329452 486552040
437862298 830705005 190255458
926530201 675960462 560286768
210345499 936131773 625414272
476004368 689420865 441452803
673212157 154240996 54008326
783806173 395524674 236771632
684513511 300433206 290040763
18058086 961770390 531790821
473143850 475340078 642994944
302259348 419551700 174281489
62472440 766990285 482137012
950729144 150034484 779559338
432953348 819228886 926656698
442001632 720903200 139617339
640285150 147309981 369958264
20897684 596425455 857562163
98858895 800864316 936784279
528382021 778450112 671507060
886917217 509103252 990879984
412824934 991160400 51212235
172842164 607116575 750846526
646175888 71719624 825828938
835091834 282980228 24411597
426574971 562620786 724381040
572879949 282178361 72110452
209667991 213072521 217611435
487335376 249229549 95763645
142448674 337369840 384269579
767638331 999236001 183876670
217560037 370162953 983353572
430905805 116730003 501644438
584851504 995537783 84987555
498490052 11426101 220027996
912192515 965416238 974568793
176386655 728032070 109152899
84390294 647388120 175430965
498689 407838874 120924833
235011022 805668951 453011201
255521543 886016715 551145692
719012830 341187845 142116467
502218807 532305451 586384137
615721836 370403591 403706644
130206457 204426702 234348150
480488037 79817709 957134047
717126543 585392011 318609432
329744237 284110660 636251119
52811136 779522221 181133344
928312056 621488771 346842944
51309430 151237750 927844816
424759964 315697820 547896762
46172245 877742410 101486041
462954251 295699678 305759388
56801073 253948002 485050672
219999302 732344261 268570674
893353653 109108748 427735336
505086035 573573365 116267573
996093059 152227862 971782303
497362668 795552988 849261948
536504019 716482528 551249167
182877760 982656875 200412115
80722375 15046900 895455432
173384543 686188102 99072590
942940191 527824988 960211055
881149980 632426496 575787603
888331077 195841935 109884550
674595080 207645991 280352234
557727794 999208610 450829541
184275160 614738446 586397334
365219915 788714879 890934494
527535636 842237230 785150650
737423589 651218067 470224835
251110105 813765794 457436027
930486979 887269085 248709521
939237676 883200030 579133283
260950819 941288327 123464702
910614750 553299501 190284883
583591297 731789135 341924102
438543191 31307046 363430765
245788402 614637049 805597597
482800780 793264863 24608751
529167976 843539825 754646496
632016882 584758032 772216788
683597900 460301523 432483229
730944708 995471857 127769868
487021077 513593535 751739050
65593754 432352168 924388667
533074594 253349292 966703206
434956373 556496091 837396064
867159977 157350606 923526475
850837330 16602012 392008433
820914314 2417495 403852374
580487005 154220978 90572815
707499801 902673987 183545717
193755612 240419612 675571436
375062119 352069854 723576406
170958116 92544868 422363610
728799173 937860545 708191951
393032997 15925900 834605104
359758290 578826863 480265736
112636500 737389510 284443452
434795306 611422741 161426901
786504775 78235163 561392444
699329863 826878063 187061643
78118235 612696696 148975333
351535068 609742590 427274555
490405507 810635367 637986430
42342813 598639425 634187044
573656773 829541677 732143744
288318451 252564677 461667185
669410380 653867179 581815214
310101026 841114937 587042694
932091282 17358415 170013020
136230005 957967285 986324217
40574697 913617344 355281449
857259474 36411694 649792615
742807365 783441536 246744870
711153787 903837090 582271212
465092207 772223246 642336928
769605587 742392005 269263632
544774970 313390456 696182694
139573741 320122455 947567676
650255511 362625117 908531107
789656269 654692568 549976609
594359978 675937688 70885503
695001686 90209487 304476600
372351517 485184907 672233081
585932741 544961452 491650757
870009392 806567353 980239010
38439392 746551607 703121443
473955613 98425304 383259116
991760958 192245204 252630965
961209441 584082167 431271977
480584473 419292087 512820638
210441319 579036862 825822676
705154966 200533137 28151241
660977079 485338192 295171674
408503245 837784833 83743117
659303485 68162300 772459236
674115503 712634067 495430891
531392957 655446288 571442511
528786900 412826244 581943138
160972239 920222261 669629690
616964380 982815514 468650265
543104518 533892433 771526168
907860824 165265316 898770227
895595276 139036162 343722233
554176259 619338877 210618309
530328770 805053486 40995383
848822987 690744185 571381693
341722477 731822410 563056004
702897 427986678 691005969
199970655 732655631 671303558
850838641 254993957 395868120
55697152 746789191 289187894
948136000 32102471 712502983
960694773 931779758 386930664
811284047 418925129 409030342
781349685 665225104 356350140
736170723 490308576 611166848
41141272 32893156 722640320
134030342 180302367 300215084
966117198 581721208 188878927
835778172 801519058 367897759
915345146 402147783 288109029
269730105 196018050 562194976
422166686 494657626 637367690
423126224 210568556 150704133
379052259 887413711 875342878
656472244 315856063 199381926
685370712 264811357 680697570
142912785 733930010 571985601
793882317 618532414 909183500
289107635 847756854 420246826
891536817 930260784 238582374
930174090 208915593 586458547
967997463 991891754 614818630
110705588 365272013 434759201
176546278 279954996 85477308
734943269 730712974 983544427
352059191 200362150 572347608
817652479 362804410 775693468
518942472 191017139 981350469
368669978 417767751 180044306
617877949 184530250 433417397
632567335 237997155 932366848
745818581 238661057 368642463
568804976 652767992 839325278
737056631 397340190 109758670
240038911 923901361 541682614
114042789 601224039 763017352
420068537 396459225 392779292
27551431 693444837 525738473
557202202 282232336 414764009
912811818 599883347 348296458
16785175 654857800 344071348
811735830 523737308 830005907
730255110 308491125 885688820
281005764 240740126 8162937
208477223 329230002 674447039
669134747 128825159 942476956
725233908 959782521 550088887
885116069 619511000 80004114
994627045 893779600 121544232
981271602 516703189 643172472
519958500 176968647 50347583
213833343 560002094 894453272
756650956 358216521 624893002
253422413 288980197 851962057
40469917 92352716 900399969
391082204 225685354 423624169
330262024 94711819 349230222
315304275 487131684 115451548
350864287 888628030 351936222
217214952 115128987 232568040
782685286 186304578 393107748
665053697 951441437 230282830
877825620 450417213 510946095
781514034 908251804 563204192
104558713 255710363 857708983
457682541 480313557 914354867
340720011 49168968 17240808
666547575 285351632 909035283
160724648 748533254 927990854
690751043 861551687 117150274
304383047 826522833 850891289
93562677 37787327 833581968
379953752 190401000 490305924
411170520 661122988 568237183
131011214 747408994 635370405
562341139 507759313 602890574
64577330 649690863 786517796
896480096 141341353 813643760
513263436 7222559 291716359
387606407 139345807 252339994
906992065 552177932 565629037
598938358 919609829 823544864
374001732 431852098 174793916
955829136 146941318 355293889
598510766 868762236 980211239
869077765 833072396 459724458
446765835 62673405 348381081
927749890 829922494 626600431
543785206 446153330 850720916
809912717 482947246 578655466
474810235 300151735 320673181
926201845 179948247 148411584
529045335 758170874 362807188
547832061 362157365 795429952
959035020 718671253 300232979
581269558 678789948 364574222
786932286 631705098 453081060
390530383 855345361 930712632
340727571 845687419 765230188
903635713 658899330 309272679
190884570 539051860 138401931
326999169 659688210 977627710
127407813 89096814 872327059
744296615 459676686 356798806
27268476 146163398 913768406
6718992 947566416 42307777
46036613 167442665 860734521
329468309 399972692 686298234
246502547 629568465 695076080
943183115 249204275 78112745
253855386 140797507 690040719
942070725 886714725 948204292
888066335 124267947 858254837
350016956 932528769 340780867
74348652 223707590 5980425
347867218 364996815 515964294
36280985 560264424 219141328
680127237 679684090 457073458
596513027 792588016 195581034
732286490 107770802 304845486
325625559 305332410 913885423
558140676 563491001 662400532
411315661 414277130 629678179
665679412 769591033 526809313
154696542 536424728 913047813
741269110 238462508 454270461
482114758 965152986 684319101
846997237 473588674 772407753
314250072 690572323 443755436
160744181 801977890 6834779
139303571 393305297 908346125
553314213 793225116 755575272
180076106 987027616 396032862
309144517 224573973 74725150
564603155 234546697 864775301
873561183 185621949 759742984
583433416 867292573 876555613
113667594 791397304 143586973
204465908 898011802 67555100
135608676 214942814 651309502
153773365 943458306 903196233
692722274 7606691 673141595
327351075 670087764 99432884
63334116 404968525 792739782
8713252 950779202 96476756
557906157 262796686 445997993
281739513 525637267 171960612
218997197 770457628 593506495
497342279 370448556 26011809
571781603 177230903 823490206
506441866 433818927 556929800
758240718 93514201 714207218
489655769 189989124 844952083
193987780 966208340 375903808
515481523 498496915 344508846
279538662 801898947 389969500
603487252 674024817 285218379
519512107 145670947 406851093
166166841 926357587 613341529
35104676 349432358 152949979
664229062 96888083 548604942
876890591 832706150 917919516
719175338 796610501 487020605
410612598 965993392 706176226
594637969 258867282 783355070
109790046 421438906 57011895
589885924 933114240 195047890
771257032 471948739 129847349
693014773 503340618 188494303
67991414 490879043 738179083
230928068 212945757 475558434
845262073 770081569 782009883
233291805 994064789 606110978
703726191 625513051 199875360
899646413 994378494 31424732
349849361 195194735 185267560
166635767 619171149 608676979
976720158 660146355 229886507
795636867 442317499 946566462
183816626 108243963 786843517
458595187 858352395 351064939
705713699 916833206 628328736
80920264 687578647 325556967
253695196 593925686 591265526
154482410 253891323 962831341
178846551 349076166 701496649
390511624 754271682 262552615
847559926 620198809 918799777
960485307 579996203 218169853
343816109 596940471 330778431
286450980 448690291 131164596
525170584 778233110 692140950
497171931 791471133 798498851
947583975 529464013 235005603
173475542 867843059 422068372
311216329 265359505 21002727
613153523 357152483 280287338
929251793 272619016 620202856
870550632 832075780 534849466
656284791 768252490 778494795
125068275 193767948 959143404
479776538 648118531 885696385
910472792 924077497 625203135
471153623 2886304 200569309
613152983 187186021 472598556
75035741 174042355 59525591
355526363 264665923 715885704
967519330 639838225 503059869
815770662 565862015 977817470
534402283 771767632 120810014
230035435 526485141 760121856
961409876 877784205 350981259
148472045 622317728 599483213
982453113 557212859 260948471
140304051 160244776 30148921
872222778 725012631 808258062
105824138 144650517 851728121
391171952 426416897 782975849
848884980 779653936 926615745
58294110 588388486 202336404
186043308 40434015 948512905
47744586 284876123 817114055
595078474 525001157 651310272
870625125 736602505 950074058
499936356 556868272 540586817
543222512 927308174 610874601
470696149 375071892 734007013
226114706 744446263 794548673
775289353 756937405 943298608
399639071 716559352 552262525
383716962 198273092 254257614
684432173 574440676 423425539
992462336 65370487 857589057
899639365 990577746 805957953
848616874 873607723 825244348
43419744 216890695 18615485
298640009 324381197 253711592
990574786 416451962 693000324
88057432 874748176 614895338
918248569 852818027 616169237
344385657 117554153 494151851
71305518 372467580 896772075
936115210 175025011 225540988
936309975 781638713 612587020
964799691 997009379 931570339
100469209 24524881 836385646
160218791 690321150 619751372
179830352 836681653 995210273
783581177 630157079 804531425
373927958 712973558 25801967
99294339 325118997 213502280
513215026 297624249 701963760
931854307 789116616 549091149
207072487 60868961 657216085
883957064 210810542 978881511
5274731 619064960 446230358
504762395 88742421 225933645
737417461 637249630 536726216
99781992 653583645 123662999
155890191 427155442 51986781
679990700 162061702 785716415
162980471 124081173 222528294
169011848 126786584 930645203
737430793 992124034 752050912
494291418 440353886 500957267
808162364 708865902 149931996
57448904 123658456 650512858
828259645 801034030 723098233
95817062 124483073 121020998
410794353 432391853 112211964
139052227 980632604 194032644
44937301 129876362 663044120
774888000 34271003 479416064
146014686 776314648 368227873
710513939 797338846 993780968
568176087 815992238 469909112
267011518 212548616 993729788
668913252 801841503 783488937
229876553 39753175 315263725
614055603 206635789 463264358
408326415 362187272 223769841
575685030 14397874 709031694
192025504 488921094 698604907
941534695 714192713 871082959
323695755 833920254 559411666
111271404 160665891 820725378
842888423 302843500 189125842
107866682 96744637 305426333
24384064 848081018 599563051
733410460 423895771 671462722
563517299 150980140 989913712
362018091 923250301 9386819
618936517 713956153 350726245
144562430 161198792 640297226
307855703 403272671 138305910
18376979 901933872 883945276
635012219 207934280 752291107
909323061 393770320 375783148
774784405 408554061 901563090
849303592 70885830 870229749
796836747 790255993 703468817
1327225 864751031 999332324
230444499 768448390 716132706
610819605 640167827 370697319
137657276 836679916 745778745
626484197 533175155 884219571
18348673 833613409 104333408
245740029 487193534 127399830
152341437 295775004 204823163
455118480 385490570 590230487
350725895 579433317 393731040
415934026 329579854 818805585
992158970 139944647 227646801
908752923 29036288 278482739
80475880 953592579 797409429
835930624 167686871 27536700
151232051 517385129 998778785
57783846 453612745 132191422
388504034 659547154 173896637
514655733 247826908 598641566
531348756 298425899 64756261
178618927 643243083 665102292
66055052 475790653 771849625
774755721 91669196 463020978
457627557 925527106 634380277
24030760 442747932 245029226
139573132 135809847 923429673
302149641 570207584 698033404
967570234 114932980 367638808
342990898 280313031 927772181
170293780 888808735 943375804
734921189 678320001 689386261
8136255 238195561 752908844
762712875 930348241 306505826
34770964 268110590 62972587
133889899 18103437 661572282
389968830 974936643 971839714
435445261 532991518 606050251
981621809 825076625 687021552
484766109 395744834 454395870
958897115 844862559 330990934
668840667 69666935 398237964
475466049 633639638 726996730
835779508 373696649 399399531
306063244 456522920 905706934
185201676 264245218 269811155
514935970 903638289 114273000
146951403 898475164 869825165
269616094 495795858 466202463
2933494 118713151 47377352
595863793 63778626 825875907
127248702 856050388 841384751
552099819 131680283 41586445
222500199 28610295 865539784
978681188 791007412 850972526
442996594 594684773 246800567
107779186 482459879 428034660
296535266 819742008 96616027
525042799 173811268 455057451
554351339 45766573 584515664
14097170 554965529 104612871
872239317 780355901 719615836
393251380 480779943 115322186
159055675 636457654 32729850
932472396 772871438 116159122
367991714 756240418 65286122
497631383 90661379 209901229
545850703 45581008 438716769
486365460 109163516 264680584
57856516 496010919 765171242
246089822 356631849 85585358
51323124 872949045 934401458
308942695 387750861 569828484
295867188 528316550 322376563
214205620 860095812 430159369
187884018 122627606 755983760
211047815 26618218 18714899
606805016 467180873 195126657
374664565 570899603 922778599
567067028 726242601 381536462
479769138 457315649 755278334
461155913 640122235 272473426
532762930 31873007 219646669
129381992 602646047 5869805
358374978 213636823 720535276
862916290 936483365 834302577
215140936 651721227 432266824
168131288 883244394 869587042
987258589 471884011 989956946
272967863 900150749 469735065
955239920 422650625 469019932
883896833 159894714 84754106
379281838 628297011 68799522
563302051 258286271 891949861
148414766 751057979 916706673
510031015 20380266 34450612
61827003 285620025 432701137
445392426 456945382 107553685
333505590 354691010 673061795
632771296 26772013 810778211
72811767 853735774 125068944
54307238 479888913 631912405
521466668 715688145 501822501
133491252 981324217 270922917
40105054 21096724 804256965
703411698 282065740 628745204
253351501 583984539 824926521
592742677 72955065 881056108
767620998 604431587 813130969
751548284 921184924 759680301
677611161 747794674 289433828
616509119 3250098 338279112
267673657 716947812 759918130
70629479 340017427 842305034
184813059 45415982 274364321
655582091 653746864 538842340
40692463 867402943 633127285
319576557 694264349 891346322
642026031 882306182 533548560
997786428 979870940 424128244
841089739 650804699 568211193
529166199 685993891 240175344
695813602 69920620 213313615
497408493 633848221 471391281
735680345 129147444 873666467
445147877 410406943 647452339
597582432 805206252 314194061
109581171 441186779 975038915
410173692 106919738 159386090
232232732 520716920 307793491
52725202 520787752 515279977
613125807 285802293 266547610
250502766 892189756 187040904
818400762 346087975 469111042
196511221 226490179 791313326
739683759 553393772 719118723
634554641 639006672 310425072
625845387 610381992 979219943
122340468 655568959 478961845
866524048 15741568 71935975
763953230 883202015 978254865
283589950 177320652 948570366
462554021 910663558 709015667
149858482 28246876 230148238
501725711 54740212 553590410
494717731 880268284 970744710
580411499 906507480 184176984
113485048 95587527 441030781
58972550 903046339 170036116
709481296 714422691 707879171
29452101 677342791 862482587
709142191 674062979 278626861
102089278 912271841 999534277
968446809 585992093 858119260
89859658 252555606 396615519
734811088 753570263 806300300
660576146 613710527 550781494
639385278 541656321 950208871
837560952 627830747 481659386
967261490 157416872 963626206
120212598 89658290 477231868
24065944 784858813 897949119
577138180 540789555 672120154
630981589 311134568 996221287
710265553 545694386 32787547
875441966 880842549 914184418
75816251 586926776 996513740
428424763 960100840 279211235
326540001 574563494 148434765
172567836 813716635 129109818
484570388 945083210 948587928
382306700 560435567 550985608
791826149 995468504 250329827
613200664 472826067 544223887
401363926 469942271 12384564
578853959 185301039 66265416
871739084 27587590 278636734
579922568 50275089 449669742
509283947 343810137 508175439
715739157 100606463 889928641
904726938 193090956 904218143
202845227 408290225 604977388
91405534 321645450 639606946
432964389 98251357 820993249
695733153 717242090 90229225
169469724 548572850 956693175
536531976 724067553 877399710
633969324 290357088 849827238
177542601 644139558 719849775
454702302 600961387 970460336
541903228 161530515 497528007
779757156 807621959 421019032
621262718 719703547 998810747
910460458 512320575 713591018
682243295 53714342 286833451
46315523 632263942 380793141
246249012 765988089 126609180
277724867 971437326 848761618
94958483 848381236 623816877
454754137 120788439 380759635
458648452 47267393 530810146
965924168 592542280 689693165
266407715 190083749 523456429
305068805 723908633 959670510
868098708 741880917 594006191
599349393 240658499 357885569
776170716 405216032 380150328
114899916 836477825 999664553
494178396 623880239 856700137
922337055 864159830 707199818
719437596 688458461 427519094
195126001 314445156 687193294
48498317 950011836 649341943
994528773 452724457 753778605
686823261 303911870 896667415
654794393 404064729 412027676
587120355 266991189 773475216
284360513 656919472 460966221
27510381 285233820 486469216
549434359 335430156 162875248
69535444 476683849 12471777
164228009 602190000 362943972
109746806 414394776 152836083
171591719 381791843 622767457
816096639 261088967 886395143
676796818 436616671 295512253
582633420 587027434 134279687
368619 539590531 616188585
847551829 836085478 238373457
285527518 574046082 429636900
571985962 748062857 538813085
244761663 659363642 44117837
945251728 468052911 147595890
277596175 424330442 514884547
162498681 808415147 566086673
478002282 646330798 618207120
73175357 456248404 23681194
669197840 894449085 68085947
95758283 322014834 79299111
230265857 890879569 121275056
629747367 962136805 812488192
778216783 266594153 384128039
709937839 811202337 643912303
687298924 874952887 175283088
881271946 937519204 219656512
767440618 437420404 115921670
249804856 229076155 510145889
772787506 437692063 960400292
455715 366928741 200339143
266959463 47020072 986071494
273280749 344904727 597315892
548728848 101356456 430149880
356966239 837259691 891268836
751975487 23548089 977115537
177783040 386886558 973270814
298947609 805817961 324364703
532137816 155310912 281516573
133755303 661725207 104541057
460546896 341324993 698239012
33893513 937421611 207499118
748413676 310474779 293775870
30338531 845784252 609047122
447096294 431713735 907449222
67838574 504708275 811325224
794929258 519948299 962690831
978773726 802645429 70151398
829358041 553822311 136126068
751828237 277768271 638390187
577930953 615505939 808536357
586930005 676980179 44915585
587019356 580939230 974477732
783279377 3061836 930181201
430253315 495773511 894779063
591795978 156186693 104043553
291519393 85490742 475507600
290844530 444206424 555094022
910308550 112298648 845332098
243174777 901658195 350520909
668455304 198328666 986894070
423612240 672795996 404297899
284569985 586171791 453317805
661927655 712071166 578106626
662935351 864111282 982622019
267335704 750417486 624670336
425016611 747838944 664157741
590077090 472818599 334594896
998912533 544089873 409270031
609049343 335383586 739474334
958339482 930646664 96954451
351464283 365378226 631738359
280481626 336677834 862836693
708569322 52936042 118805217
133269420 658952253 144705703
775651322 643287461 729632319
193897825 62908464 907116937
738146636 838641756 512987363
387960179 264566226 748388271
997235927 409621671 954721640
746000036 47769095 377163672
121749994 75573878 509469912
84402899 453636760 733114470
781896279 66429318 243813723
893915858 639957151 577477106
808212264 828168903 596183751
867050713 424005361 222416531
452312481 337571555 266881610
441081964 761665879 695375065
135037032 107383106 552620325
621985193 279071239 351815637
399848971 643701616 59926992
406929818 521310390 8244549
52776264 26600019 637928689
704443351 699357417 614609661
323338835 866502737 145907280
320741041 569462036 623160986
268669264 192121985 50421098
314947114 988388416 404087177
402701150 732730452 928984150
294174865 843442595 969620672
795170314 925097586 597808304
658622998 466978924 463147801
534190259 440728398 53689612
350978803 847373339 467940971
281460807 173762867 15413645
880673779 848796097 333656770
337957665 454827026 928978209
391043371 526164956 812034755
475770773 364982822 577155507
958275511 31336299 613332228
483850916 840221054 331272329
824639504 342450899 237009909
206467147 838870999 543766328
864646304 653490786 31021832
456502904 140505379 260400251
920236820 839913662 396779459
277120463 857844513 434260451
940475053 409375233 841039537
140452012 917284997 680251241
197917845 827237224 449612179
361321998 752261831 310515873
58188648 116392212 425728311
679274863 358632005 648164746
653092884 372613629 245781771
993589463 57658939 9831282
746027821 725063010 456872467
172082305 918667184 200508459
127146375 187805936 163376073
315800707 194394462 818230535
857052031 485252217 459756902
946346872 513640397 745122740
705066286 508898251 333521676
430823983 144242779 820133571
339308046 658497009 72297474
418913409 29795156 111300111
84895487 189920787 301646940
761434312 107282596 99106536
399978780 977876998 914599152
540479208 875406144 269725069
572743444 855645476 555199150
686569718 416874810 64390815
6570528 816573079 971132101
576438777 16121174 116337617
509582114 632229840 554341093
425288688 516684946 763395059
531002070 600038466 137280207
210328639 939114793 84967493
185638316 620450519 639439444
947554123 384791405 476836223
999358578 843524568 963431362
14624332 999637925 861048611
293343175 479012732 144858524
771245472 438675806 850970800
282525328 915624530 176211710
685685141 871866539 456327580
81754369 158135051 784311348
119086258 987328963 176763565
57414283 218926239 567753753
269754569 245680253 789646658
815745445 949722435 514023624
367381114 244787311 461798876
371213195 747790627 632157125
783290610 414324163 930288169
808054052 571541979 51640203
495214319 594968538 376190182
879395613 682425222 181251517
395669330 284248553 551963536
187720595 332605434 137349514
132506072 721285130 598602560
745945754 806571826 249710178
540588944 348213270 943443205
271890543 388725866 855681940
807906383 288143722 50625936
33753643 725656872 460889992
273229374 328031438 700961485
394521990 306238626 700301972
501678009 363503699 794319323
156381901 934016159 211322403
907859386 944951299 82360064
119618771 150263406 207821754
165532151 765497633 480445138
306516742 826513766 576885944
660111361 821788291 790788287
784875433 527479376 732476711
666568218 787525023 875742650
91125018 483989254 470715914
967624329 830596908 427503847
820507628 221491393 260807808
713499348 315110824 692633163
688822198 728553386 796997211
178625156 525365994 182236581
32969347 205759163 931588964
894001774 596022111 578635128
407492505 735602271 182231118
880090070 78142594 963940176
509740476 379707524 766884424
13545885 703359731 582936572
65260108 860277776 909239087
72232273 651482677 841854568
415564787 265147627 887664050
44777773 273728913 353208783
767465756 682192899 208694524
35648379 415122551 653780761
851290613 246471425 348965783
772220738 585531460 540136501
890930317 155506104 286437094
670153362 959704252 246356379
355434392 910286603 246443488
946070243 328117986 12686584
38401215 921097040 988736413
926878428 751624282 845935953
681148732 794897846 111494095
552657298 74220873 767892241
936933112 425565787 473027930
509136845 542407643 307740560
552105788 971739554 71898681
904692089 456323792 370806406
184952000 299417352 272840593
273152725 984395512 719434865
385972027 280947516 281199637
459021927 57431447 886751667
570948228 225771414 879876924
574538002 943827852 388299146
739200409 70821206 510147017
647216575 665227168 233477314
483545083 756533579 842112320
593211288 115054804 16717723
689113525 736845027 698910310
811374902 977479047 859479924
779565520 718889594 344132724
258689711 691113267 639688591
132427634 157929769 576203014
490155972 539382632 550284454
709819021 274294621 938593662
578603686 789566539 414460659
863186550 667973619 609776411
621996865 456968362 629562581
566606892 552432079 833665199
166433794 950045923 952113518
820697572 741526012 643010752
65413285 328645576 337694037
516728439 621455106 754923795
142641127 899269991 514688783
112371517 294463869 901670054
482554755 731243679 147672031
272508287 404631194 249699944
39115538 869971215 96144685
925402124 782649759 642331003
580300568 802835673 409459106
762864148 271262864 187936545
287547650 141949922 971262364
218758887 892968317 597802604
696533619 243078138 636077031
482679659 174734337 559917125
252829507 255837418 609899502
850778031 110813748 162079043
121042498 693713830 708165999
590241920 536837816 32301980
420796380 987789449 877151931
168702405 946571625 608361982
225582688 185115751 555211607
930863372 552637671 992302548
53017184 764172053 620702300
598123420 992269555 227731112
180155891 156450285 130058682
48084413 876403466 125598781
16001798 198764939 246981498
188687733 954517465 2268385
17477783 67678760 742669602
560516377 414399726 495326907
465972301 407380254 123066202
48650818 977148816 31998026
545378361 903312223 677938135
640880521 720988673 931831487
599264339 987359691 861181927
726639041 516304937 767581473
414715418 130677293 12030293
588132450 89777062 878138128
317260330 203313908 400152809
412011800 855621465 99794074
310057868 66262563 984910272
777932331 252578218 963942128
593814150 310701151 997029604
342872280 697798656 261959313
688433093 91324301 633113217
547967765 810800871 50857432
844142304 518174756 296743138
452195803 840781049 806460785
822952629 919353374 590913910
688820983 148447705 209366141
338080327 332140581 438803961
930241132 632113521 339723567
893414965 726151422 848369306
104859634 37440529 3919069
213197600 787412724 830104089
18148059 490747323 896897696
807020947 434089875 983546754
195828423 3767019 397347055
877644069 875722736 299517810
353716302 796925268 631710545
407151520 469799493 895598548
80029065 355846034 20986453
969523778 739842062 49475018
468056579 464770044 963024851
717734089 418688497 453206885
288484957 98813813 79269797
14003647 971722488 695038276
421966982 983697700 398324344
321146315 931475042 92923494
761238683 96954887 755999768
902719939 957572746 241372272
303001934 1702569 867328764
479985087 581596390 347818273
107987918 428233234 659404712
878261652 990413896 983878077
635098198 288691122 829386021
664231464 504050683 45051700
561344438 660539699 16153797
394368460 830008417 603118460
816267975 209000988 461597861
450639157 588662592 217220219
315896019 594811192 151211534
405789203 573695782 779123820
609314181 606236479 667684963
435140763 171053100 417056655
651689611 492969186 842792459
16564216 566886808 251341315
579751450 465412358 599180220
596378535 558387635 963904583
682125704 607472358 127037914
507319842 568158268 732429575
709111808 688095334 521081611
839225097 659669645 78005036
390932614 32893947 398353648
862054426 634970011 460371446
193928606 389791207 486978736
906123163 83251892 611334576
487984181 962923276 404859260
25097245 744332287 638555982
254205748 135832849 23919685
93389201 142486665 463440879
946159304 753275197 820339303
384943624 488071626 911896854
677595235 560468135 619884280
600294481 892319198 937034912
200544876 408172677 15775993
325049214 84459779 594097076
917813659 6275331 817173816
963492532 613793422 395720862
149465081 78210987 841776099
494979425 387842972 360363222
548141721 337535659 126463759
494533964 522544939 490612133
312230513 758132966 96864759
720442333 803108653 148143886
524284242 318684278 413494288
646524846 198511473 841876251
80131518 103693388 581764768
722600617 856024190 896344301
692543112 592088966 155320432
301002995 98679085 653427376
765331071 635892051 432517091
147930241 467874903 285906450
190080389 174717968 151304479
647636547 512741724 358916917
549999301 630968145 79938076
482409760 57331978 870979378
759278221 946655291 980769685
949058397 283826266 774174394
785346887 393463402 286045942
983813617 141616184 112996069
884019695 594372055 372171204
731234560 315302655 400342933
521952950 894898284 896583366
48717205 342481169 467204030
836984208 543096051 135741420
3098968 907227912 620599003
151973057 135644231 906843776
933772604 394244575 533590589
891747462 65359 762685924
616888963 19393727 788467237
53451991 68042297 678731816
428743432 235747842 993577087
756050341 964731713 367403460
440243542 295396016 56737741
493232068 184336848 226851705
888286002 146042238 298979248
910123233 928267769 504661559
190723740 540198103 174971597
987351114 601284690 656084755
352292920 952864433 774296165
950775636 845622652 300646165
5429773 62718085 95519439
521274614 558528979 700025600
979697082 877061402 554813310
196245885 172784128 739644162
281124470 769955304 486001284
258095832 96732829 146297023
450633661 77833387 418207486
582231056 992347875 999902957
853454348 829389319 400657771
6707662 516974827 70771493
63262134 844284468 377347526
603934963 688784354 749487840
808589984 63352767 98211758
124735136 616715369 399218823
1101330 655431781 191126315
906066842 498024924 951237091
866791318 117260447 876475705
705381009 92528252 338210820
199640577 458921202 86834388
802655870 945013007 46836177
798722372 389475490 244182593
877183136 925774440 852492051
473078748 57166129 881343937
611508721 146205280 214329144
47083737 35248842 496471866
76107007 869367941 461910812
637425155 337058401 730665669
15790275 4942961 519548128
275334983 972864807 752329085
891181124 701846847 93011493
941947059 541359164 616330484
843110227 335284876 603200643
763834710 351359250 750681734
314644549 243742981 870512742
693486600 151235720 856254086
609334500 560389049 502860372
443674807 636834208 596284182
615344632 229070517 929006265
920694175 442515870 370026225
141202487 639067440 276049186
299604609 507039565 822476693
124089210 443905917 898005043
786733276 94586747 670450000
851511125 774114556 552623128
993957938 151666756 509098500
217094040 864118944 333777615
870736744 578123870 88736671
228940430 968189274 827331322
778841703 830481472 75938501
38141109 276828821 356793825
48752105 165065333 377737014
831809747 602884927 712951509
655813451 433020417 238133430
735086199 196683608 73788332
502803298 958209204 318654274
229067512 946663028 841460924
848973167 782083517 386485904
470138283 274913960 562659946
820275276 946298275 884609061
259798896 362275233 935612572
986120460 162547260 451698338
569018400 64935057 435543580
925612915 293140634 585908727
467530517 41787662 800294049
460921851 480826586 208044071
631667288 588360796 235181023
770675831 269907473 956699406
321666977 999598814 581905812
540499969 209628691 587511227
326030678 189919958 341363455
859210287 244653690 410840544
989063686 856624381 974693202
677125191 912476174 319884101
435823416 982478605 148068723
580026872 50930624 355245683
358621718 56986671 478369243
876500176 477099462 995371539
297104592 756652902 53816964
422489000 386660965 482094659
665585315 360308608 378428730
85965515 391080478 426346256
171214325 221180062 606203548
196250221 782958075 885463294
10450911 637874179 36522577
580724838 357885126 968851571
822120921 348485542 115040841
45639583 529767580 675323537
751444440 332294431 784497112
29588392 715200536 644340026
109217468 955075335 250794956
107084131 89479909 107499879
496820037 836347363 544935123
416504706 101742108 645347846
737314966 20504826 152819463
352760649 864836016 316680753
756085608 478013983 732267407
417755460 57964247 737378898
754515363 190210791 180592735
680586858 25547544 436071145
769966041 666774890 398303491
987173814 251049259 338365083
877861933 987753487 287815690
750151038 89290037 732923209
190188110 697964 958817965
88790935 716036980 145205505
195679658 470016929 967566927
336883282 842816002 852428871
966472658 607620091 383695617
936220121 63910227 11355547
169553144 923344512 448481302
815556899 872368010 751228478
986739595 54518064 84761083
343068609 119178680 362130814
230423680 926449853 772529595
999118273 196594374 973352972
943290558 372614736 856789742
702953390 737000690 737009523
631575530 278775239 472612347
680447925 956271002 663180754
364840605 34349664 470365157
303353059 47057682 896309776
528616728 107259353 821396359
475605608 756112323 205366899
906801612 138657792 497889349
638833926 591357443 53168984
999385553 379960269 760528097
797965763 633386544 723778656
393158593 691396646 30118814
980815149 247604450 715570609
806375933 890382787 70612334
51694764 10439717 421626653
309071885 727501338 667911118
232177127 326484573 829853555
774562690 13104824 218252453
740913392 963428181 621673125
127257185 3225730 297892654
373887438 135352139 33750631
943053358 230331543 459999853
48970283 543831212 656673288
750255295 816384252 305169628
69159137 77318698 582785263
322006465 673086870 658666438
976951821 100711884 237706453
702164038 361647773 945429815
660752396 662068625 957677729
187112846 585665348 385660331
371630823 816006412 805352282
261596769 976356197 401364498
736613394 608899882 365574317
157311688 49074949 387992299
416528453 75872400 35710148
63699605 437611075 522797135
611382669 620202983 14010420
691624301 20639018 427116740
613313768 460069558 981407724
975852250 885029339 587871529
63125085 79121611 587052578
415384952 770011209 471622115
512712419 282144922 47340022
835686725 746735731 961469897
259454580 514302988 537895095
286749065 745593644 730378606
134546708 769503997 955376217
233865216 711045104 208139929
612329191 910831620 310285655
329377560 623901080 750426644
402619507 925445223 241622302
22023733 2984022 421583792
526967265 492285145 404775916
814715334 910604198 908934613
168765947 358816898 352285821
8643561 234039434 172528958
679553060 373596495 889533119
11869351 78252732 529601973
228187922 407466706 336192432
273915696 139594898 965126341
420008070 197187203 306949571
113567378 493253917 576855892
273558458 197321806 625039025
65657494 674026766 200542929
710271047 614912798 754256866
836550509 160472471 234972432
847479536 237643077 330406757
355440732 919135319 102272739
74887063 16356679 791593366
845523282 34304220 613447690
42771234 690578165 961031372
958150316 452855808 900794507
726672921 49816092 382434083
262299341 6032925 684195511
820666700 580909211 596770527
980889460 444533991 548077283
271953963 260893196 14972785
162636241 951763080 969430939
125250114 94904011 412344873
421531792 476818478 236163120
853171966 146115949 661710897
995915293 6974196 302354833
962485755 728360188 359179236
991632371 979354300 490204531
358718880 809855907 941088865
604057953 597519663 848207070
583074425 484416059 347116699
920422085 607301562 924173622
199789040 94195977 183601178
637178891 791290436 637369593
827925850 454727226 334669082
179837897 424387157 49849765
247975484 905340723 257987293
449984014 720519918 863403156
947368134 192394064 856136783
9096080 949986948 745407515
151897211 491315404 397331717
379807308 559055230 200294311
83470204 274700215 496008318
497536841 955553063 26482884
746146468 639775902 135379885
1178290 974239138 477726708
122980417 97532382 860231593
369638035 903933556 174056391
242289595 766323369 807383345
591342660 6570447 194274844
202985659 463264925 752074582
180655444 106273231 694748460
853905737 652829035 779061056
708941520 183520510 72504595
378570916 973781137 977519275
563105566 843613555 133673276
560765929 615093779 976955622
524880437 776089213 4591234
737011510 393034684 607247598
101429236 465719249 114263314
829790424 120328413 540234831
468721024 227027678 575021545
398818191 356821313 590813637
591203447 87566900 784185895
631941362 945670798 336024657
610932306 804903350 497947770
741168953 505136666 179829630
755890305 741667739 101142590
409868460 597014377 554871154
47735409 761100122 54056378
805749233 830138373 364717215
984801482 253760819 514054123
574428248 822043724 867901045
750936607 648404640 921356496
231871569 72121887 587861720
403123168 653539923 165971719
546019530 975617791 624793683
514957846 965524418 185089731
862972557 546603870 296471903
356158918 947113193 333924832
930110222 57359761 705831207
103051813 551810560 148286010
180518932 775652273 809593553
511930104 174497626 1309060
57954510 190731191 591846322
229513860 660396220 316265870
576228471 136860018 671380753
994951969 900528646 245498683
145245357 711338235 166952965
63522122 270542162 95219997
297882085 299299747 523207215
299317479 703122317 227013193
785058034 141389348 992733114
804561269 923691000 563607759
802914771 117796183 70908827
452539416 386441343 619843588
646868749 762936714 210757356
752801235 10960630 722763821
135863763 789972571 673561227
788970904 14007786 136988709
38778912 680799423 223185442
54446946 297424571 767074846
747193911 160274973 235168266
915231021 140875515 140214044
769807951 471272468 534752443
385661494 913202910 998974636
136571491 746736540 940394385
110848185 261670087 400431302
770788073 208266509 44483868
964768995 834132137 815296527
140276608 540455195 100434640
448747515 360202958 951695909
50503264 437182575 272156675
425065275 211571648 3098643
732487266 885706499 61676939
369833567 767990960 851527942
638737645 247829401 889248079
472414583 490612024 493490527
382100609 427224321 969689118
627668881 103029613 656169258
576888276 240781191 141754500
824531866 76276107 734210703
24607752 699823348 173837856
642328417 96270450 446365829
732975067 948608371 872903432
736358957 797034641 79486463
504311256 320552711 406003375
928989746 652962225 43890945
924062859 170855252 624961011
804312279 570034425 234258002
128131366 843057199 31322804
283114202 266225137 904248303
796581193 581122229 881733121
296251494 71812746 665815220
415644788 420780157 174163458
161958664 609336770 87144741
860559442 932689054 217995417
127254987 450756345 522748935
15023908 538038301 59997565
393947814 435791871 598267518
950044723 395753745 903273028
448484824 903483524 974325328
422255656 494463016 808681051
941685485 956623156 43571772
411419981 251113725 752076914
423055585 998431246 164252076
90315292 612384962 549911488
863483699 422749754 388749082
388340751 64901853 325554973
624073270 308099181 836233267
819337022 840978834 273520394
322662742 704403721 38845555
473493588 463303681 420387366
210826170 735360479 328747068
649247830 827006948 202469603
770173255 241290975 609405267
447570239 369141602 9165609
324593087 694950649 649096700
404724239 179609980 487065766
203766933 139023550 908932508
181401495 413756040 144621892
465832017 947109223 895525718
126133687 94982824 317309724
157687636 274584158 232402979
843779038 441238800 714537172
147580911 987450726 889862087
793327686 368854654 702813440
595717613 746708348 344200194
286211304 723171704 162463133
108890152 729261613 552641052
912841994 551085229 683149142
951640560 42188165 573164392
789148911 529346462 637929920
737921927 663249526 105319161
794467258 668699210 998907556
437618411 158397223 686625727
257807643 777770137 334078559
974356137 881177622 763662134
90876558 706538226 645088124
612992364 733041703 408307788
283113206 236870821 215836278
600979330 363821821 864359962
257077344 952797216 143857676
773271730 302509010 494923103
200423564 954517214 392595763
715874889 61850952 391561974
570832029 253242247 241498332
263627860 279969634 217225359
875353559 37295865 868567809
740371118 258648981 83266881
84487999 758497486 895987979
392822372 910897586 717754648
568011575 536342896 435582478
30053409 401431312 771771232
286770868 397064285 927248113
501334868 835759851 781430865
419193428 983695263 740698205
605284894 724925532 288367315
536204647 355220820 854769398
486975643 430974878 630100168
764618363 960907116 773686824
856295818 288032495 774968535
829023909 967965130 983747886
682607567 360244197 214070114
387075984 257621981 468780797
398056305 605931484 507008144
920461260 290827816 422010027
415172178 999861193 781827342
638497605 834212299 539866387
410499835 866395066 68270802
462683964 224005882 972750799
301031252 135799523 84910061
190141637 368569991 306607743
397219073 23757620 574974169
749194074 975235389 8503323
614917475 356525687 993525825
900624340 663921816 984691075
328940268 545509776 93993598
874848279 366887373 199033911
816492419 428531385 639890586
153110618 346922229 844527342
398589825 618170969 409403636
426355917 324363496 906495257
479623601 195124505 121162822
916383414 990674971 257192447
14545162 486620148 934279668
296550191 146790028 257265666
395075488 834211109 770307182
631898478 127413900 285287934
194983631 413182261 131576116
873636862 306999141 56520835
716935106 284296673 698646390
584611331 626551133 209823464
266086508 851089150 963426261
169021101 446092601 876793968
124923346 323193523 834030629
340091490 951475804 331728531
229234183 771370025 869294124
59954031 486195859 608351244
443078754 236234705 706291781
827124683 491663969 242671534
111937392 974378155 730863433
970304961 19404637 32199020
573547682 693225528 736864391
784766383 130977088 532234943
569974638 882563848 382539703
987576776 179327988 152566629
129114508 85255990 395523897
783712842 589465789 479569759
99190212 983708831 598054214
301561813 341810296 167952997
224535804 389497809 875792661
706459312 299960679 793628754
962353100 189212844 464871767
954749911 972642116 542761406
856320352 494624179 278916882
286752725 906390068 730441124
698454933 955945386 728762119
534782831 52193976 120719310
533886006 208301139 690218221
175664851 933826431 695897174
876031464 726606951 27181852
742493520 568048898 441224286
855377778 366615326 939859191
796686228 880850326 158471305
238976699 971669017 477503267
496926738 486368915 141794996
619876220 461681813 429824220
732258183 347799794 436731210
202185884 209357320 502544012
3656410 119695502 299206042
978207519 66513370 693320994
888430018 50080758 993211587
819471299 675705488 751904849
383443853 875412150 163746325
873673014 471725263 576609989
67518831 26399671 995972389
394586855 349485406 696941292
557426622 706828453 48995146
39048281 27184180 988674483
163190573 519524536 919482556
732741219 191320822 783282022
137464258 70558348 331988918
200047312 343370407 497265622
711427046 909117738 209237446
128757852 456794068 28421680
648771258 323329344 243427104
615967316 743351153 850146508
132518956 825964494 986202916
233664129 819333545 427344964
568102406 865567967 673822947
745314012 93248673 530833402
176607355 975422633 37669367
213094252 130591845 212725013
405964020 668333823 371367801
376952556 761484069 165543822
556302923 832757063 419581179
188989570 973329982 774002333
28764452 645246945 692429622
200238920 618060269 779809671
677711057 919064156 520377893
841913481 264281416 369334329
137246233 772166930 401073600
660748777 378224362 888249691
959121290 923210628 707889939
733242738 228931043 976616074
251933427 159298837 181436558
161894802 687126722 744344673
827702285 874757677 475339003
243566988 750878949 661369770
204122731 959518748 560721366
647884807 652753126 187160001
1529194 308517609 390402402
915755849 508611547 742159490
744632154 889386273 960356778
839357188 892920104 238434593
839514385 380146287 242130763
138730296 243349813 454436365
458296079 93531083 544683359
375818300 37321568 504167347
426378600 98395588 974311189
52564958 591875560 492970664
48921479 549165954 201259541
417782164 651905483 534545407
846014274 129700675 820866223
542955146 866429960 170075251
890953276 916481757 214644529
409238425 41418940 105946419
15203610 527628356 133875517
167472502 425658880 107134399
380341647 692355342 907657340
884362336 594447117 238651333
958796059 599444096 727750968
601532358 678733695 196371277
758155125 96250821 922376595
529349488 715348960 852288821
903891450 676743889 466800454
991109747 759620225 818239378
281468930 573520256 922912547
277316000 836821442 432221032
513760094 215074907 348227193
475255545 809334673 282024304
140686092 155852135 225292708
232670123 741796333 164031531
152078773 173286702 987458775
764580285 545845541 18132628
681547356 113956834 810010768
652221062 313572258 272468758
165322598 371628615 601524230
719786007 921339560 795177469
607816823 165660105 770253965
875837031 714042660 735865418
677891090 923667477 197710689
191811319 788397590 379824317
434894837 61374984 404829596
196538210 881598818 953942141
663499893 362424201 226627746
398992396 704470968 52945067
966601906 418341978 260106618
894551628 963241803 682289604
848638069 775305819 514095185
928242554 857638433 262682448
71585392 918139014 695520875
123201532 570771783 59508781
291581061 426081956 734089588
851458799 528040785 296116208
112250457 888707281 253741044
6778439 521373414 718335840
338502815 246010547 919951774
600104110 327373659 829111453
131022976 701369402 603104265
347848188 159447603 14551406
953996668 708660307 77027123
235956417 831901185 413784436
187383818 430884687 709849060
61559681 546231770 842398871
307974693 712932571 428741321
246143073 613010554 889242841
773196249 508445299 705288365
392318435 414589243 67922272
336973436 784365796 297264190
849065814 511255622 48353737
388192167 341901346 269967751
610612252 78084087 858222695
187131608 672387031 708334849
72255080 395445629 92854993
459689340 773502014 287406467
77331835 83207652 607981001
822944860 986029996 722875673
367456911 354279308 459846264
291648881 18153736 611576973
719971028 98058376 618724373
774056751 403700359 636111573
227117829 634511209 344714668
484106465 587467504 533275119
384134039 864204919 198494887
64637244 512347052 862674381
566867 871023101 147196968
19499324 272323413 181169529
466644744 169968727 715824512
16008344 76365212 668672031
930802325 700110782 532715974
103180131 145980840 782719285
710422369 96427804 160708160
330155209 78696260 216665364
613722504 261618173 807344076
769284995 461705191 972742379
666046560 433290977 496881987
571209497 608306413 694996875
487374870 435921404 39015138
608161666 561803025 509561866
231519615 79664509 177139151
457803192 526723507 959062291
519554385 248382474 85795111
856727731 646330426 827308670
199044124 141574585 470136897
700116515 418118761 724722131
821026641 30406623 494331680
364126140 746736837 619308110
569531864 574199717 667478125
510193066 696588230 584863545
451354463 378404740 254725303
902651879 684405675 223343526
677493723 735446358 613821488
966484919 983379077 749776292
744069639 331536457 217986019
123789692 647056050 98457305
676420059 826741898 410417670
353063140 331535716 202267303
33154144 550286446 721676366
778550022 843572065 620857288
683902885 359565183 195087087
250369606 133884025 155404503
49049270 170230537 129977934
629313117 74359934 377927960
904267682 25253306 831715844
374849105 522149860 867104740
406020361 292366415 303641609
604559978 687284827 489728071
858500499 989625769 305041898
515329445 7395571 763394412
53624456 1278408 150624992
451900239 602650916 498503121
424818674 328747917 331986824
584926787 714447710 818744568
467355185 533018119 430477805
319700054 614605373 480849585
636821089 483332987 991447290
332333282 950061278 95591888
450745634 876404979 216150982
414095961 956195430 373188349
458090912 741554242 36265329
275878162 921164131 355006827
35461667 24753602 436697290
262276388 379034438 337943836
750579456 236857562 504937587
213867729 40410332 632287160
793618450 414594184 292486848
606713855 458084730 661917495
200222221 498648995 473927553
84909552 118014918 947826169
681815037 607128682 698011488
384499870 147481857 611291696
747265727 408190395 239165424
344774443 221071257 53198929
745951520 398317121 637334983
500311770 772037385 8543799
192464207 395144337 375556852
118242557 173422186 568026820
172982251 496790858 444019588
724154194 221588173 458022242
321810801 252083152 84141769
916251141 337169503 659365013
311364600 983724827 563199344
666541261 912614974 600856380
902475716 611943479 819748917
360132138 656833711 422486191
374393308 990637689 302465524
444472750 705941341 466674536
266302660 320551771 354772432
809299884 281025317 939157947
967577283 991434964 313704286
800290963 237733580 330059164
761322340 276378852 843493564
78376634 850089047 962811250
327869771 657115733 130258063
424688436 611372996 996435669
647982381 632528709 262624542
808507722 652256234 260337356
895268098 757725862 920975040
277539386 296125051 620965639
484139882 306111860 243111206
617315552 945877992 289522881
941750422 440145946 283247039
18442805 564599799 815045715
725872701 898476583 705859259
751198580 602752744 183972085
156878133 241085939 51264978
637073551 352389191 537412357
451109264 137765049 650084905
776261688 512204958 776901643
234640805 618066721 718341713
877861702 572496167 689927700
827357824 947401973 560906576
625601600 921413927 289490164
107115374 267552005 169321921
111251825 8564266 960157358
816310947 613114047 478398223
138608002 65717230 742247606
186119282 123634420 923870302
514040147 817851666 46548565
514247371 350924046 323581317
965549215 914426103 556812572
373391201 206927649 308234135
676776527 762094026 842209811
443239070 397868623 361505382
507469315 859372397 628788706
141639093 922498314 835098427
134927412 40042366 262458848
10909909 46075055 324024403
298648040 608473379 464755514
910808554 326832697 409634059
997399205 68814281 159323633
776889251 655990131 239923387
608353703 58634546 883647122
29405302 151864824 963402882
791666319 939139278 382006738
114499625 146415887 836214183
123264211 219086451 787953479
927470743 495500646 357897966
921776951 422498407 928055622
382508755 567757106 759112695
638775022 420484091 204348728
355158753 625293851 362260974
674314637 727503909 901495260
506111764 2487676 596331764
461971098 865612470 84698144
990739298 615967127 654428401
234506153 73856614 280344818
757864453 387079860 593296553
320345118 203101025 278501683
747069786 351388537 425791005
416489739 237605395 90883729
77823712 239253601 582010754
591341906 398343846 51601803
950280848 219798782 318496956
955897383 197103758 204541049
889931797 437437786 169190920
720210725 795494178 145740980
35954751 921243922 266997758
209275290 332889352 491257600
314343389 196614578 284673797
436559233 223244104 704399637
115729432 20096765 323473126
249098112 712197588 484002276
766872447 622174941 446338604
541632630 796127498 744260313
724557941 860063170 706557269
425464891 839055093 882137323
580112940 892488956 30086682
35078649 592886856 849834147
968092629 699140262 336932206
763168039 760044284 963346555
151256177 611045924 923799617
301270241 409556368 808810245
625526230 53819205 164272446
951465145 864059023 702032375
96283053 694317061 711530233
523229613 470464462 954844859
307139956 69161097 500166348
282926639 202210968 40308132
324375336 223165768 903524096
342026461 62755223 166607966
245222112 576128538 852485739
849732478 896268607 393647374
50392501 175416693 173932251
875171243 600312454 654447733
301003032 453252524 419664953
363290298 194534133 481525620
807031284 361608429 783651906
936453887 809485041 990292300
814729500 171243626 213642767
215867040 143319373 558682859
164623956 669594504 851700451
251011976 10006500 146342612
17439414 144356050 354537802
430863241 615916460 115757024
231419540 219484826 942546380
10695352 246661935 23586421
235642938 211815508 272342683
438399633 502990092 473491378
72714670 788194386 743306376
131915340 719758689 967337982
459321282 841076154 489942218
392130623 875942568 11495657
469804556 919018610 458346197
152465381 833122427 513665335
654630876 654940806 372989414
806276771 873844067 338431295
267494277 964912720 803580651
60844159 186359466 298493796
689079125 397493972 226140103
60183273 84011602 970138106
185801953 977357586 247852194
788895427 624618391 597138545
826332891 277363757 876242839
523595439 183209692 252316238
31185099 232770928 290826442
769592496 985587403 850837059
141529897 50108003 136425121
580017903 317833070 492259801
73123290 858515558 624410590
869193386 796071000 855947538
984912591 827396077 17593820
97567679 487713812 770623786
175067445 175456486 710728390
855845991 142166375 314256405
55962557 946052494 400827698
62802828 471744824 874373959
943469064 775469593 444085808
983860853 892628933 278038469
709264290 948219066 586761831
496680697 783452833 833425421
109081737 893027901 984990919
511409332 689549602 682966696
741938227 531708622 344794527
885665500 279656174 444443186
113677953 668188021 844669461
893787689 645018409 925850557
196362399 993919115 283156089
53736958 414805094 386290168
687000175 581564334 244158158
576409237 936729321 988377408
473204730 165448759 846774055
727608540 503757718 675300186
159276659 364512159 543087065
936528188 999797565 68815053
193143303 167022514 340008830
642953607 43060532 861854387
628067325 839602878 738833794
368553408 413688446 423272165
814164144 573138128 302523984
765160823 273506158 982321403
544530162 778148313 794029503
158304834 265649553 521267068
267473138 673452004 201462400
484654326 615687235 826159475
81936313 853011821 200045472
107083934 139576487 90770196
92290983 50622931 128017741
570066556 491655222 551380104
45058111 253087594 748278945
372218629 739120948 593563318
446599993 866877318 985923914
797518821 659482289 53683463
718987870 983902684 956548700
965087248 79385935 487923963
918111266 53132768 926589654
885170391 520476229 312832579
744732251 38712327 856779135
675683738 242166669 642381335
162189339 378517380 111206375
631099219 665103990 662767702
270388753 745654564 381135017
191343796 642288333 341814362
789435015 951066307 963575790
820680315 117458733 530419606
109547073 185396014 188444798
152584053 972075689 528527920
416408272 803629496 273296462
268192082 236558240 598671532
487912048 195193275 175610233
23046811 387316452 920363187
310592043 160689244 154986002
121318733 403383841 189137013
404676296 729207280 344137170
735619677 870706768 279895588
634691587 943894297 693689814
410706397 912677735 206542440
975786110 209700414 794609651
790210175 1618906 743411675
579367963 876660776 209918689
217278817 311274300 316139273
324315042 475472865 941896087
971568383 894978706 19887505
327204844 539236743 902606515
556804859 535899983 546077786
643407916 622889019 990471674
354972201 12609563 290943365
498887226 22344090 863760321
178466751 11085734 923612745
401784545 659116058 733490821
405362403 822438169 544909844
734820282 375123379 76634497
657213142 822581493 939476816
336319356 203438093 846133097
732153415 481245766 533472728
276358226 669922606 753756887
970419677 195055231 426555697
458636664 681461885 706449777
224630093 171753941 942367520
641810558 795729566 339874080
444652427 250365951 287770819
198627773 485707684 989218905
534732161 509131114 342423545
853399697 183069068 171817988
979304653 385143378 609067946
164938514 18830065 449211554
86493560 951144403 428817558
375046939 582759363 89888254
152213519 869216778 649169801
143689450 29825287 702355819
396087726 614936900 778599985
995838043 169294638 162037706
636223347 306915716 125655296
76596310 346367983 992202456
928448841 997438567 825283258
440784672 234469035 45141735
162816584 635024208 341177295
339092647 813306642 713867078
752834128 624451362 431883871
249743101 468035089 262383577
497434896 717662257 773310521
872269227 165538050 693371580
438736868 185070646 887628155
668321592 776014547 318535146
713050798 820280292 193150464
45897520 463281431 404782647
81602007 359944564 712154253
278323485 669480579 552302795
29063876 693966999 718143426
591873162 364688293 104256082
208876887 219862291 777229487
114857250 239482325 702980150
578005716 816347780 914112135
43430175 46825230 292714214
616216813 573842730 914471182
913745112 241000851 756314186
918628194 168613888 68968950
879310849 689735464 89880738
189816316 913221430 163036971
101319576 889955551 185645410
839785263 81893688 399553498
804429430 317905455 549070551
711618397 978926684 948581945
120959939 763676110 399957535
578023583 164984400 933865695
467550375 583514119 447918241
575295261 536337835 431068038
319925942 959527375 9058194
111648957 819883399 625829489
117827354 569983283 350809299
281474844 597292534 576850331
62800627 418183156 332112514
328129811 805388622 143414557
898906236 898528810 723400625
1030786 45720181 853208639
416898658 190762432 612051373
996506122 539529630 983081807
534538765 474856057 685348949
563088897 515870176 262585662
893254743 336809592 559184314
351427352 833157493 791078163
416307728 684838854 431350662
302547134 934387619 428740584
804162114 333710596 832225920
800319685 127508942 639728228
467447503 777625813 138836080
233765973 318036205 707063288
193587709 120036881 655535503
151300266 767574023 998753835
468278900 868295630 155510644
192248833 80642002 207562816
196518095 18369308 328176599
741071924 68680660 48825334
305288540 175122081 656844639
271587583 571120637 232957049
854524200 121083610 302155787
786772430 521406398 548767863
984660523 944865453 610263266
829450102 925428354 751638422
929689806 120169592 96687876
505796219 926317991 660348367
479440227 164738025 886247548
816421109 436208983 631497110
654349393 637868639 658167504
298162084 617795946 741584831
565696534 103653745 699744320
172747496 551567503 749803546
213849093 119071165 789582334
590077770 21370039 61217307
235514710 939721000 463846788
453385696 440042312 22480683
791885100 738937197 800073006
180486879 758309093 2288094
66988563 5779569 373485551
211214114 803154313 173187740
579006009 361486522 207652855
584085302 425233621 202456229
937342444 103467018 4132664
345493050 678399002 49835854
350724299 869315458 192694173
290074356 262284837 951652992
568503514 965449018 252268460
590379021 762125171 2051917
381476905 593941069 739928878
173773109 993109004 448748753
904575175 870070946 661365316
183519753 708653239 835750612
606186569 823888937 656555225
67052783 64039356 484366936
427464758 573358664 748941873
464066437 176108792 883297559
491117310 812056458 468310058
262063464 921049911 243888017
190385594 906062474 596796440
955131356 222059604 947055457
936389506 538590681 654353069
958805098 413782013 722816092
847830603 947860572 218878658
230307055 874624309 519317577
437559503 966505393 802067778
89444613 542946343 361016148
681825780 122454582 948406969
677644857 582323497 980380996
871153864 805352038 888147142
824594675 432170837 190087877
426972789 488419169 112479669
266107754 466061332 592866520
327172135 834266782 116672965
880981 79870922 203873421
166486397 712775601 543143165
849439243 168417776 215956412
966441663 242245638 769761490
653665892 163589464 106460807
722657135 580426455 911766440
545570167 785001708 240309597
375087671 963910387 200612515
495087968 791533610 644338106
782030764 919271535 67968595
567316833 512036034 349359982
760474498 820611315 790578062
751959902 21243823 436004269
961700139 517842580 529363665
414080751 101975326 698622196
46652745 453647257 811230903
675544310 776692943 397535805
886397259 624919006 179366591
6736599 681615671 965137087
577916048 561187595 107858602
919445763 702430291 873186881
286045940 265603228 827129671
80595440 666976116 136832997
501532871 651437877 477379903
439967390 125390370 494613062
985932168 540272497 746028910
118829934 378325727 637180756
449897021 622292864 916147446
572563168 690686045 265160344
580913418 743865897 320950640
375748989 709465411 534163550
191335505 788582016 725373743
17863091 769003668 882517685
785854817 161786361 753224738
419606746 404661498 395823594
747250398 882589275 428695478
573234879 412823891 820037430
183411133 656738678 934023968
379999237 617128968 890596895
101147330 148569163 347541007
481269742 219193678 330763906
662222386 544633854 636918536
607205726 956821138 174491262
368753641 350201211 239998152
646761915 292947601 720655221
467244461 674604694 683395805
9698529 820334754 477103916
792608419 319826373 951973524
146569717 622052543 925193053
652652251 24132145 477870740
287888518 673667319 510220123
153243773 821232299 662866515
442387788 454247940 633792928
326968135 67569640 820843243
470162291 616429066 664362601
425585386 520154061 23186044
603910915 4130943 594043150
839501686 639186694 491005307
329631784 736588668 729839136
534756202 273707633 600382710
377896277 736140136 663365139
913333631 613083580 305186017
435539861 296137576 80818365
546597878 207813331 861922308
653116969 861122322 541239265
909437730 324558846 120843803
441257944 496115253 260416611
310284823 900757397 492134043
557258636 676364739 368682878
221467715 428066498 787134505
624407683 575992495 868042162
572538433 114694782 408903050
314571238 833659307 627365757
573060518 30015786 284778990
311402048 339342254 10604622
850763485 649536504 178955493
711763420 687205222 552729718
865654456 423589517 940424195
10643751 350756034 183503929
126988835 897319881 953085176
33714457 176122005 427855608
149830992 492504899 41966685
425961566 429727329 311254113
593647102 646209302 968227158
65720036 19411302 901800631
584506615 192351716 290511130
574066705 895032341 271294475
385010812 558435365 112071430
826966364 237768886 584937
597303200 941950560 579416824
615398372 596511375 203961435
939453261 714817198 863823038
44183413 354205969 518045651
327621466 715925186 874888608
580740891 591701787 254435136
664489816 638881101 791233200
508660303 281225320 894864548
917630974 798340819 113801929
594135942 373268072 446670196
929316796 254006948 15643227
160392678 993699027 480046546
846433675 397883629 982686986
13663756 50727105 678471
228550315 49310804 729776196
370347960 773312996 419164470
815799285 728882962 433036927
109331091 635841848 954131852
933552759 835966295 640422814
382135011 692616427 218297901
18562199 978351100 383794405
415970340 314374261 104251102
599103000 280310221 823832833
607021964 205709493 886339543
470594104 581283349 714002285
906958295 963364012 315883799
463849174 481922713 611476881
55605129 539720207 817300080
515237557 981379201 774182210
979538371 20944056 701827399
127039928 569963093 506917907
173941324 445007346 942945971
690135801 862908190 37494498
33532963 121331300 677556202
805435464 219091556 459268147
399819829 954079304 738661513
131936295 51115957 247955119
291395622 986697856 317426432
325361053 270652738 141225724
645805220 639204955 46456360
422404300 519635172 294483082
714323020 368233419 453054055
599820199 968930546 997641041
430430099 878857902 984133721
401821297 176989901 323071175
41467227 405691670 152217266
845461555 835498662 135340883
125444347 347470668 977278139
369574408 656358865 641406682
468353254 936563462 512912295
147024266 338686488 456845156
824760857 191405682 197822758
918165646 194132566 134093369
653896330 8498023 356251669
253308409 231342886 682043247
695265322 708569224 316641327
471992022 851614917 31567540
277690895 535694031 329964279
515825907 967190749 417468282
325960088 581091741 309853650
735227852 843389163 349696563
399824326 641332810 239269763
645085049 469303994 350316416
183311841 103496796 910643838
884859342 878085832 248850684
573783531 241832608 335587077
6556957 525165952 891674621
87870374 147295778 308668408
357574208 782386441 373338050
234248982 109121575 178481809
753247905 890024026 925407354
965799439 639877162 60512446
3569442 795666663 267508657
423469229 137144535 706964540
198464929 98144918 999136389
932997419 73003126 997823677
770013710 836587372 507129797
254292725 991209418 836231141
687294097 153745209 680008564
497480080 531130130 168634305
456983106 829359146 290661851
575602611 689919981 585809705
785449020 264549339 663020012
372056967 596662282 344655032
764896624 724890370 344916917
595007427 348669756 183576774
194287831 627554783 717896682
327785295 182870232 731505779
903766509 371810315 150262765
765366017 922577599 335681563
108880800 436025317 124184852
539401811 351856326 525331986
395398331 660295153 90230175
481709225 71468379 58775691
360764627 983801932 56076637
568109294 914483874 683685858
50641543 390061214 331264192
643478813 99585411 277375815
481290660 487594775 329913959
289099621 506393748 247305375
821075090 393119949 685722215
230665449 382919961 829333768
151554443 319505958 470685902
938283963 567928246 785764410
798165873 916089501 786246026
317609179 120404019 894713443
847687725 906350261 495257084
127863848 382689226 623394061
322423469 754118769 865197166
613188261 493343922 214145782
279127209 310724735 909894594
967765671 647503441 218156994
39349446 357953357 248429506
524340765 548193635 573717006
32518455 238634331 209632760
134015614 568923329 233832239
452351635 89277215 938285991
845588120 73709879 739143299
215864244 257317854 886372039
691822320 559597342 986171919
645185020 195657042 458620917
40195056 550807925 509419913
543342996 574395925 955226971
187993480 871969694 980979856
597877050 73355224 378629683
852984682 186925876 515309123
583369363 510261270 210774725
10353744 306275204 888209893
595767741 466857508 197519631
339269877 734730622 67210737
336576114 194926313 131240385
477998010 742502678 328274622
438724149 350807271 893065687
709629349 228392282 994910037
351583458 782691805 243123279
518221003 872058531 865196468
842080879 549603215 53689819
109013966 549631327 606154167
927151361 115298327 382510271
456185417 736113452 513641773
201854363 314109605 299806241
933464465 409649601 533181562
94083770 789437181 514527220
475338076 797045810 406840665
174574609 636181145 868734630
426802165 632273227 70120064
333280484 241037744 225378563
873631388 425259510 146621292
630995948 649185608 618036951
275900673 954190133 403802726
675496328 852407967 461721466
281312969 972847877 366634575
56541402 654543767 630868347
617525639 629037950 848574533
31131148 740338262 39654582
120436830 51780354 571516246
639496339 594964192 365377519
515063822 244678956 620020886
18212699 570470132 972725101
251204629 894062201 999786477
734179701 761143625 365480938
175799272 102219858 756206028
91251281 580145479 638286878
439803308 712504067 560565413
311932065 971309115 308689865
182752130 698523925 316548807
418611609 297357066 790405580
552547306 833737960 554805414
319482003 664918032 806468773
967381263 901269397 719398371
660428699 777600763 491581751
625818533 398049146 470342322
183284039 602412114 978005563
941501621 398288692 884640015
832289843 955450844 526432311
352824489 681943571 762333884
613122335 374230679 809852292
558237613 135740731 556534054
796606119 119359157 904720921
636015682 55128199 192360970
154038170 76726487 473635441
800144258 626857981 496885595
785042792 578546200 654126431
709027332 963354748 711434048
908093902 677745924 900430925
79434008 880470108 147810220
321306214 567812152 580301523
201360343 686440732 653303060
974210152 923288145 485173688
964986477 87992381 496199824
15449752 994532169 352365773
805964314 623413961 568139243
321315842 983444514 282063522
993684208 352972723 870681342
106173232 848156788 285482051
853415402 994247178 221309660
456827810 532940741 816633730
938287831 171665508 561644584
420067776 561964329 112540121
89120763 195662827 779664824
233686812 685257010 31873934
225399930 567110830 539853219
366917992 807438286 466452152
911522287 575929413 122489176
832537216 87956669 620754042
263884604 654719022 527941788
895814380 578500517 85669964
295388777 984015226 361377871
618945314 12193966 952954420
881613093 24335199 792301737
853546168 662708231 705116773
984535221 930361136 905926757
773239484 615102293 676752672
908303073 179233233 894850544
113136038 478131746 502522263
619648027 50459504 397720983
338897511 158706512 601589644
924967447 456582339 992794223
454148187 628354912 223043927
237308920 883810465 847524432
401223842 96025017 674314302
890195231 705440814 336168130
799415311 541802139 578168142
806227616 22191586 810185625
775147482 498945753 804235048
12765430 825495074 897792606
718264518 341897555 209550241
135867560 722987465 423659676
21448192 801149698 799307594
130500296 130846757 618124470
258912565 845319144 627594615
85706314 11204746 266953462
920893606 571915981 134915899
915720614 615796573 509287097
330040079 144312092 693978998
930010278 338388789 375339059
130204709 261294334 776859667
458049581 45379053 616293206
63426793 740972530 570284458
352284061 887288467 574464212
856417659 108516997 918677674
539328154 770064941 132088439
45866491 304306019 351908445
65494534 944162246 145630539
321410504 227823766 767332033
495036360 221817966 429991641
74817032 972570505 368562982
748569845 853705030 845053923
570081353 532779258 220805967
407071250 813387344 431705400
150174497 982487307 472307673
84681609 233037366 741104253
374391181 547240037 773764645
643798260 430509514 610261100
263438295 224396789 379277669
259839605 857360461 664304695
64804229 756251949 7639026
672840271 358483099 584708979
345484075 938251847 806676189
903611890 461925672 97009970
393760505 679538032 313423927
483573331 714746048 264473629
92286195 698642489 358965044
924249235 414286093 880909985
403269054 257063230 627906148
523281005 609992542 199648752
383399227 372284924 848099169
941908604 124221368 108729236
407840273 311575520 264247146
421859610 728901766 658680824
45727805 708696059 143907089
900138348 545523224 978193357
257681067 506308772 522009306
195110449 490631012 30250567
918328775 170089241 584869609
638340957 452930293 822174127
698100675 406100235 440083002
5031540 368417378 981520923
267763303 316738022 190148048
559677207 88268881 405564081
866765128 273683280 275333978
73753177 877247301 756768276
733320192 442605687 82187850
37540074 959175018 112574430
669426316 747934043 495883160
347172739 681402995 957395099
219835447 359448074 574895555
936509441 878466067 681625786
986818248 321707105 439799004
889311082 285186882 46013804
400833163 133616139 40236774
202839899 718632661 601527902
587189612 1312566 145351271
526579042 229773464 8882594
283530940 153233612 522489642
450647757 223908049 453356002
144225974 920427669 546652839
936692083 110003340 282713132
680494630 278274210 726313554
290541859 486713899 124617663
567868274 810651266 621708988
246871212 635631188 340363836
852816146 227004707 994891607
23201132 617771418 442125483
617544034 856081237 48214878
449241856 531821223 431785885
279310017 746435811 811932927
924023134 985096625 707891818
923704726 651559604 672909894
743088832 987698566 3858794
611676151 186509385 185900374
542944334 576149519 819835561
921481189 298736038 658918948
546692980 487848958 821692491
289504867 935410343 343491142
810029537 376459251 120136491
918777923 759040836 254615840
892449270 892744011 823473257
352886619 577283947 803820957
958590157 487129280 145797792
908233433 527164268 132377207
486955608 285488676 953768340
211039652 22841695 689131248
456145108 865483263 593559967
601242434 128653759 847006402
113449771 813422740 412045693
901023704 893461003 881285342
290972349 832858219 773999595
822128258 890131866 37704217
218071673 327563057 223622397
634203053 541033587 816050964
561263584 967598003 69799413
544663192 529803185 220703798
588815011 504544064 475868914
699971837 802528481 385628176
549722837 238848174 786299090
251294700 230262923 434546517
304904755 817097058 509916053
482654600 14951382 890561573
269583169 101246436 249696697
770366950 9050289 649659822
13374929 668606852 980481244
121029042 374850376 207233660
550454911 886808370 683882905
937749910 450038635 24902282
200027050 585136792 137134323
425092245 143065640 374393181
284012626 845597785 179163215
42433446 991954587 281283935
72821248 703525067 909869920
182950234 925948183 934038054
249799332 960396223 91260018
656285072 37420126 777562137
700480025 382358908 483409569
495881130 143828265 7862802
288332910 813855409 300109207
71172715 21131527 60770672
759431922 741033555 531231534
740309605 635188228 900725137
756080132 292177384 107057192
606692213 230952719 171327357
290686172 398606691 838359480
257910663 902145738 591458123
690680725 80834889 63884670
667206152 518317920 767281936
661559866 332394369 106075687
681065609 991704654 155094339
154831838 806007366 297477863
584100671 499951473 30237940
630696309 784035306 789606876
599170422 509672432 162160092
799302869 418517277 274619476
929377395 616688859 436877463
219780028 196851498 190542002
400714339 83889967 532585515
904071188 320562730 851961446
154783185 199202913 310969170
15020342 284557399 893763079
955709568 745066459 693300251
723110309 229764562 185103793
450129768 107029277 115837729
572915779 889527695 667713835
55424086 38059895 206608224
328005325 410783462 564616896
463449694 106533185 738242891
409613713 230975006 53966820
509910484 12884052 160319624
586429833 428805552 481735140
745669210 700936212 182359183
60226762 998544540 162614360
836483568 37739784 34142338
638400523 359940991 836909585
850857182 253881638 419751154
959133318 861771921 444641400
774642128 145537071 75246152
613365613 386966858 211091070
439450487 583794890 626412812
33476343 10712073 363959990
499124953 510882151 649522748
336068827 32239174 64352029
102842658 531430073 261343406
146631786 358134077 856782979
604608774 13233072 27913919
857415121 495418975 232129971
660711935 495509445 96073310
203481116 808135928 836114544
37159291 702601350 484763296
184324080 172064671 100420837
117206520 219251480 580395964
872948805 408746399 608136911
44298773 798052605 546873984
507465413 949831481 81143210
703393214 418595628 532161763
153045844 199327145 128795650
26791708 863572942 884363213
272607826 339531501 934304397
990042921 762297878 830511365
299925887 798307196 437563406
850776308 120124502 532552285
119141685 611473873 179512315
587506049 867307520 73446805
508911742 895752574 6752404
488325075 275774830 328987253
262936187 437079839 57760413
155370170 885893442 242217778
815588814 323770079 314752120
920012642 844517782 999303121
968935471 141459717 197211078
387133229 154860087 99689379
695726498 426609886 16532141
154694774 367564615 194437160
230504270 978575542 631052193
289779406 811028142 88349807
152381222 786589310 981252270
713307041 784288269 18272566
626357673 291625249 327588870
796617454 884003952 478972183
856670202 904702710 509447916
948438227 193589775 403541834
662524552 24270806 223600426
724134645 196099138 451686952
688862069 671636160 379162121
339094404 101332643 241215349
991009218 140176981 505007363
439133876 84721244 699591841
499954258 647120459 878687154
322238449 773308960 598279679
25884092 727059836 143813251
290284374 370383380 888157617
743074217 385570264 627436866
579874163 376620928 120201918
410453846 39787918 141103890
113568279 114139437 617371983
716631231 118584160 343242122
998731131 576625202 624318789
990191125 903654314 97623316
183319438 864816572 461566230
580349506 945797134 434439603
813303658 754967947 306591696
786523220 651385807 861499302
575375964 950150006 444125256
274125495 514289576 597003247
459518421 849505560 943613093
975280681 551575951 724200758
452368527 136259676 229666836
497796336 407344545 63122517
974801459 10384822 537085539
564271621 289088110 334966161
489826537 277903610 25378537
548866587 804448917 247735086
470644657 881396409 705823323
598600588 95102126 606186445
117612804 614059063 34927748
526880492 313077261 665409860
908783701 609084111 140262356
92077688 469421905 322955277
46828133 54064947 433430835
613407874 791323080 779643548
820436780 568102324 884634188
825208099 959639406 216466362
422021469 652759275 784220501
671440012 137285996 895077335
211935688 843341577 350077799
247455860 299147144 580177541
288853213 547459629 469274860
290360213 482160940 41953985
541348073 169350920 125915938
240519718 616418273 566703831
440468682 342052414 294549990
463527323 201317633 158950514
767098228 918782591 10445729
180573895 70778982 178777701
213998737 798305910 780452269
527924471 736929662 797300155
159326530 930096564 15617382
385773547 969226344 353103733
1599970 943442430 223485749
817506752 233865272 2124225
65454770 22141829 19513871
588994359 557268947 404696908
267003960 851777317 313200621
798624180 766992315 433046650
486874304 256917100 637527440
119432184 657330182 5185375
3606363 554220401 559518569
613898237 824760361 835526751
610022933 96616677 130264298
270714544 127894411 436147256
857190886 2845539 24849236
622389141 918987665 913104389
99154991 412835580 609581924
808493840 796053420 674068912
163496643 880897770 252433425
149103783 736061813 530935396
216403562 490427635 796893126
892997999 624887965 722901108
571158210 830361458 619731210
780347983 493739907 794582515
769186618 663331844 48027855
416831500 9563155 581728641
853793008 787112094 361677486
322338978 583392565 904783419
88262104 917587367 930505497
976826935 587995164 456616661
515427110 277039590 417157152
263006459 43626628 54398124
24757978 989302073 640728845
876104224 903186005 632956260
553030719 297780844 734758230
235276254 267405921 466607438
127496852 955972341 103917887
776328776 896609474 262335012
478533665 88564299 998117240
103209448 561987206 947448823
91443036 341815794 99285593
710981155 648678637 596244497
693381428 396618782 745502042
278247203 354040691 538211480
151957685 815216554 615609589
864207402 331835534 161148492
19511081 203058079 682816023
278930456 864276116 910387491
713749161 12926019 73458529
389788510 218456311 347830006
818877539 256810602 298214706
443318944 441432245 32181468
479401780 345370822 402719555
617137562 651986302 641271309
268846550 304280775 624922747
956243080 755971832 293494698
926886354 434244788 463794658
474182381 159203528 768921597
57626131 102532181 62878521
591134013 148120733 286685375
946218422 691449380 774186902
17214207 869852551 149549845
758426762 826771567 578827227
977373322 98357064 739505679
544382412 163431603 988540966
147932385 700743524 238899188
551193479 479681660 640447815
990465086 823622160 310296315
1211822 160300857 956363502
419921150 151116724 36164368
570026395 372213267 537726803
952669458 75191770 533521546
281406201 739622550 348710186
971558649 145967878 502048377
244170515 847900230 980050018
384948257 684159813 206860005
441936923 334549002 171551118
999172730 238659718 369840503
487944577 18679727 9042266
316387957 93619467 171229992
665456801 101684681 828487951
601310119 149775416 592340913
752928709 356498995 115086733
589432781 124763823 737251149
449546595 74564173 674676863
189718787 844285110 678118071
351504394 371462666 606085186
19218823 308018616 714638134
930158453 958050717 426901220
122859966 948510816 34045293
65318142 498912275 645979232
185642492 235217398 59465326
284007049 457919259 438514565
25266900 57748100 91539767
137210063 602967881 260170812
560892225 153893259 492075731
93056826 31809298 96348005
776751580 943796190 800622284
974286873 188743450 215289344
970747999 136528704 609668786
789208931 993458417 673393647
458719363 73705699 376719621
96176452 134318070 31530503
703154820 971145178 283996078
571608179 768079872 401859971
12378468 534464106 789660383
461046721 467320568 806841920
349075939 240935163 874988696
828825466 956924600 784382540
980805603 809514799 277614663
335068180 409992924 778898868
49395876 939866900 327986788
703399213 190808599 959746581
154969471 472238097 449856928
234895006 914967868 680766368
321956934 411049144 886070463
27008056 114966531 667909542
94610173 357444674 254044979
7348238 392936834 536034022
772212025 798350328 857436085
672078117 220071781 785859825
331923285 528085654 907681520
159880979 278606992 252198812
375511492 599506853 452964165
89200192 527388732 440054094
574192091 181544973 175215227
341289180 812674707 109045766
804719299 729488325 135525113
886964603 492683540 717451204
196787756 423313146 486472900
4073079 546951142 420890278
909785759 449152157 755476553
868914641 415996415 376971843
750320018 840924182 429700052
163898908 919043248 139610079
296419255 82236165 994926822
667224411 944163798 474518501
949052617 438913198 915151485
586024243 474591565 548292001
919401368 906570087 289440522
848370834 669526682 315091480
508207357 501524962 891065414
86457263 711237418 171416106
620817231 64520636 686241228
223009186 388271081 16154160
39190967 443220163 116880122
865732675 547887384 325674553
537513593 607335545 519017407
323558333 156309347 134812659
252644448 336303462 927814313
291923807 871550901 224921957
330282480 57603643 329894892
779599058 450194320 943502455
793410057 809493991 406307878
588070959 163595705 118608583
161937333 93287387 361076202
848932397 684186371 464740834
905676143 271418117 649185641
792695042 806605556 382553091
175693103 383236930 275713180
617221214 843590330 184756114
18459667 429141769 708588868
741908766 296795419 860099249
303927890 690220666 878707717
94426374 822931772 132848481
108528825 720030449 762633133
657622966 529416590 831194352
209986083 587016782 591021047
86229903 570367814 157573462
497785971 267445075 2707385
920384137 718000528 460672283
250720568 329341319 241964825
362240948 727103837 630028057
847134005 308701001 537346357
938913689 927713018 539759503
865748967 191952928 777405890
69549344 567188111 554928234
297670698 629949812 860465290
450730448 576427933 24909842
435028428 435028229 278818931
930044396 831217357 19635030
372928462 909182563 105591327
876773205 108186471 46968041
195147039 97826498 172870138
875290209 942919975 398433341
333935946 210532121 704923873
805039950 299537351 88327860
861299031 779759232 200240083
265358704 926843050 31468795
127199606 760459464 431052131
54715416 333885770 656379201
798836185 566820349 455141926
4500357 884543831 257394671
533296706 152769430 107889701
766146970 783810899 689191955
936619684 542493455 413444890
56770212 62764682 217578493
175187063 67089505 750403119
216514058 112780010 638526881
479663895 591372740 889135496
635898551 668831255 648959710
979702580 53148771 86094666
96062787 867140722 296376881
34825449 14180194 225331808
319775373 986751109 509859727
873264983 125387752 258451662
114823611 805534487 740730296
532986099 802663395 106194604
633179112 883298323 501045270
818113517 700328299 595686071
445539382 48948859 838242627
804463500 112702393 949860044
676823445 813542395 416562173
949301684 995694597 167061425
816644671 380940552 734163355
768035715 662325843 806654824
54684101 774982328 544737945
277423226 105787377 624739947
695799923 305904044 907742408
683042112 501071639 882052713
562515619 352892501 931294618
391549162 989200228 10120646
675046798 129364770 82722485
221226278 469815209 365851880
239934992 362599538 569200353
177863692 758242981 128183145
24302873 507394811 990659957
178743421 599267885 567455943
725844870 931179341 898851802
476355455 561122703 799591245
3718488 506455944 147748824
836863235 502491849 642896798
816529974 60385198 767788616
243414699 502455623 120206586
446141624 113584298 458221441
29517566 593268999 741160403
549740479 119258561 836656658
660962673 504638956 896348457
166031330 139348578 959664568
217757643 726757971 639651511
943942828 814076782 631444637
680476644 412528694 269846581
516600571 526573732 832036025
129508799 574960654 212563819
520941587 363835270 899260138
243401206 43291532 480401429
943074596 450139767 600928410
926951827 113862140 966013625
969522578 7488394 195486701
857134701 307944831 587368866
16024901 723418965 776095030
769140627 589528262 393350716
842219606 377847589 499850534
931075440 537409177 33799063
15816735 182231638 699362244
275836935 718472514 932143813
314778396 208471970 857278208
824668479 144905155 229015470
940961797 424408656 199955363
174235288 885021510 130504376
419514230 628225072 40857417
847549530 412801950 646891673
718214809 819714221 410627526
592153618 378399041 909369058
489511294 278723623 427790327
715522004 506977733 21392269
417614209 859902939 475113584
732549899 732978139 382796811
71181802 469150720 665444783
740982303 127124774 264041505
620691695 912363223 981819517
391569078 748378142 803768566
942178252 152511666 96038353
345588170 58968513 790059107
123952832 900579013 436553669
960622176 320180997 884174240
155898318 417036164 78060639
4737159 515764065 996157157
10357517 233630781 212198175
390819134 49843804 873349521
696619784 561225246 823392214
277055078 958623850 839418994
168084350 302869605 911107117
227505823 754643224 803220734
746076779 120802644 665722917
577880966 929541020 238511767
620501769 147052758 309837223
581784788 918349325 314429112
540510063 70822311 236642661
25324302 10972456 323655601
980191770 115037392 793055198
456433030 644982771 869053253
869182805 80094972 874076774
16611080 339724201 921433324
245492984 50305579 158226709
108377056 395460140 978814416
76523710 404861859 511392277
772766784 391624145 819963657
867092430 766981249 590611154
416756516 749778765 312245889
434092211 765486796 852752789
263139796 248129275 716987454
931724388 659776218 926104216
354329269 249830241 332707698
590504980 97404735 100365230
3371834 349880532 18335196
880667345 127229320 945391507
817175575 296500148 979342709
535441673 451627750 278718330
825393292 166932599 526760528
542845581 880750569 867996578
628362091 845290364 455788677
918610533 131296592 343658910
507298616 264980053 592500968
361808085 344619174 799357837
821324845 981823173 927957076
119364759 146904781 586272335
827241215 81990951 972630602
482153143 974535996 529010366
353814892 866702929 105742695
143866809 251481310 635950793
399556522 821495018 604288190
534455575 544053873 105723175
366539120 388995820 278740514
166177088 404135528 917063486
686649106 48978137 818650004
720960294 871983778 642696676
495918162 172632082 243828244
788504451 411621499 20251610
164828264 317436521 844785589
314304393 467219082 814302591
792577986 904708909 397082311
828608583 300844849 454033342
830178643 496687182 503116571
151769571 39383204 384510222
69425841 474103130 109248530
29330836 494664874 218586138
65655153 887887926 536914131
498050069 131536644 388322810
412611145 864908666 283010898
810351552 700443355 516130880
570756740 688501872 808139417
246831921 516635640 713586772
775950369 65714543 232479101
104907397 522564352 341503774
329526663 245104026 569165072
17121611 833563700 199407161
954199223 474916541 318371805
881904910 78271453 902519328
323963056 540365793 909111605
348233398 757715792 492867625
721252726 194420172 411589553
53483663 173943651 604111298
185497838 356837467 278700607
827401626 807175532 423513020
735782861 567018691 432531814
158377529 959391483 484116100
199647787 595927284 554259528
895399192 322398908 49062746
481782458 447341738 460217320
269156658 146143511 11044076
478158229 700834134 958172837
405065826 733572515 222129722
154422158 513500698 72582581
923060190 896397083 758498558
221756923 363201016 223602245
780212094 588936494 988751782
430448855 510980840 448361255
742630509 148566311 384544028
648263098 134626127 233955572
958976523 568024266 463037605
775279783 541111866 897536058
510224379 652170882 55961512
436408368 961987675 721363297
745265538 32437248 856127755
282658500 555137912 986256065
561905788 422393200 634926925
729525390 250993543 189370376
61777067 745092763 359283566
837703414 397838862 834749206
252669750 278859607 6470836
372430714 846330579 27272337
737987225 563527945 895762547
648523009 828931753 155467352
509238563 214764254 620311933
448952976 796935161 89988156
971527491 351512881 640144677
916711829 482509549 460704282
276351483 833773051 9486047
337445494 205999572 732089486
704629780 792278277 345389494
441838199 483432760 62033292
791074332 508620737 537076670
639283070 946864070 497543398
536668462 763086777 363999473
369648413 273472436 170494328
468510269 913258630 82650678
629960600 756412137 926268771
29658094 259029536 892465817
838867582 565828379 278820661
158014613 907395824 194269615
512021174 225547936 923754469
432117948 804854504 899036895
139841896 489026761 782374165
221450714 193555261 64033984
758240572 189046983 188378546
690915223 158081685 517699612
110904055 114264220 817736787
80542723 897558624 499062904
891347764 398349332 699273096
952416759 526236304 457334957
651489939 129592059 528087492
114469419 454122340 176503487
61424650 836914980 316247032
169237408 662271162 948157925
583251549 399377110 122428094
310257828 287982781 898882657
593228597 433950946 619682691
594272037 249847869 34769841
402435111 188679435 111202448
897160365 456159061 621250746
8443504 222619259 627617273
919636133 865942293 192383606
200983484 31769846 964744969
193469851 801953462 443679429
610571363 853317056 590121043
14940230 102709157 956149313
285766802 197981588 728650078
426834569 288447450 531991459
889944350 83142152 65015091
453444269 586657298 27136978
932385361 76721925 483803315
498810110 948691782 952472521
815478157 20751995 989550965
231968644 865675814 86312815
429563416 991977359 208325394
478511131 952509877 835942776
42238493 953667702 367685023
735782540 11575269 35324099
312679306 626316318 212906374
224066914 198373427 443744019
896714792 492673564 197074370
272521236 984428346 300285831
404516250 620163305 240385838
915699418 121475051 926666572
867948375 473057996 171701718
604732915 299184258 840224182
476313231 465178496 259486864
983418438 596149003 5722375
579746759 238684647 604325139
34908759 796107557 427025549
811998014 998180524 349069597
279290514 65353918 167797666
945941211 375588498 661191133
782250530 657933328 877916714
590602772 349019772 116743341
750417561 648135421 235132092
792593375 649303788 241448388
136602037 496087332 752386291
169655154 814015094 529629907
193469339 580806429 924683897
93422671 171868828 960792424
614815898 126565106 882880414
416200262 238594744 373728378
700313111 51279764 320474498
829362584 604744542 877358932
460890752 63887297 134688718
891683719 462189039 771511738
450736740 485935286 424270670
693510145 355545646 884830703
184302925 487067847 926652763
178460662 593741395 692049448
326119443 382142261 220556221
631480562 525330306 284299976
669401451 804145191 672808571
629625164 401187260 25120106
486022322 776085519 612613
542954188 922518684 586404315
466915622 323574913 876242620
2994898 449571247 803356114
531675831 390184816 809104572
443222668 908909059 935269209
23300625 182156180 47883353
585876805 10983904 714153561
767584104 990383012 110898998
606712173 904525117 906713118
184423041 638899863 49883326
178138015 199899342 828549908
83488065 970789688 398791621
833899582 886137192 321363492
947165600 873862714 255761662
665394079 34976530 300103143
278150741 582197741 614633783
981260164 37145865 627904443
241775047 186136069 965027894
168445882 374194628 206618540
265500051 221502175 186093591
7044325 180144580 262721556
383885133 72193741 43741026
165317837 869287959 401836640
972668571 700053921 864749419
355821665 369423515 916446168
63758329 121893424 663778361
949978297 783171617 242925590
362543159 304598982 352789470
854928950 770853764 733312386
963642608 35852506 242704655
918388774 434672300 623731541
541481172 873123232 595265285
868158989 601576895 305841449
746403682 841134728 223500700
669780425 207920481 810731994
832971152 263714484 206961702
939681971 174162223 316263403
912467824 264451634 423176944
986915216 175246883 635757701
458224412 142015997 7776528
871712711 577032767 28617680
372394734 605945411 801678268
795018763 578065892 692681026
247488292 131478450 135641085
892980918 846817381 289336686
808161001 290149566 97136989
173615782 944574785 622542127
61774738 477096795 837599952
357920844 806763267 642574616
421789199 336142310 974607019
939057852 656838508 645472901
660123671 143771134 60603959
126598884 153161692 260625982
533019373 431094992 212695284
80803326 516600942 493691175
331775492 631358204 399104745
298344738 171855720 70401522
973255097 15985298 412242536
195691963 639195886 832014577
930895746 287979376 688179646
99757861 608121424 218130086
968179095 481183137 367109996
668011422 855589545 105000044
629166384 142205389 194144833
424689817 479252372 81618898
754830445 245972789 107239493
517132938 399836803 249236017
775829066 430336688 137555813
454785704 918018009 294279862
508365807 341988838 162290463
717023093 915952284 546208106
675979868 985490491 428038396
270448203 411345272 110472590
963467570 972494672 152328549
752928728 27278235 956012726
666590553 457117070 129348877
481647157 868282987 822972154
245423703 28400152 4842001
613194513 636827142 170015414
708502926 796530346 944205082
572353892 968929334 288385251
338663589 939051573 147562810
290427960 65588902 205140378
178472364 757149631 113703592
67425189 379925154 742044983
247252354 923482225 356337216
380776483 10665577 341229846
101025305 290882869 225360943
772874362 828813849 149866457
107768794 624796079 687030766
112815329 321599311 255295845
715316474 903356415 53009953
555580562 914132685 474182214
520887687 984970646 634881737
494990130 684737243 149956163
280169662 500511615 650112695
136203942 401967852 743484755
795910051 269857391 923385264
140974031 164631914 100313598
538716005 585464378 253689759
760419646 879006408 273130219
674613249 856733247 725211525
345031986 752061631 579499134
849562706 117533206 634260115
193630743 790224337 996079075
7971093 324818833 828564446
582753555 518727377 528966211
44503746 463235911 529042590
680803166 410388218 890684745
616951774 212895369 224379394
945566700 251769004 813417083
182703106 632339134 633043578
599351974 461707241 380416158
102300758 384365686 936954718
663047617 61374864 178165076
365387156 501727285 769241149
582936267 714588250 311209162
465242667 295211487 61557679
948565443 558093774 358139645
683479418 540581958 843542465
842230172 385771029 789458889
566175153 569517824 206271646
890714291 793299051 581416027
184464806 831975460 344283515
751050984 469486217 763002504
852266154 513061700 144929032
434361625 846684202 184577385
19316032 794199663 545369987
285750068 427240351 517817389
134571303 707018346 627603238
836357521 180691157 389137566
327645401 992113577 232686795
925848422 837668367 684669275
939412323 342397086 791469943
400754982 86063733 843677182
628785613 420681439 181218634
596408977 170750697 185342350
197103457 933700532 376199474
9258707 810655739 114127528
572608950 196871673 378675189
783118674 854499222 712629810
682502024 435654642 180391467
812750574 948031332 321989113
480201106 184794547 593210831
441510997 202618246 632415019
816558156 270531433 945764561
193574280 693765080 13649814
97323605 913841967 182028295
851390211 174510156 263801051
990052369 293697349 93619024
308672328 611744649 615681070
187908153 637825890 12288623
846174067 14436175 650134068
753944624 703434313 448293063
423504172 182794814 892789780
744773165 476079975 42689241
144288223 440136803 427888179
264915 281616927 986297120
892326860 957622132 367961811
889091756 901023436 56495374
623535243 387949907 462040314
208526364 198762013 71675819
512404672 897598639 306059722
694728043 42238985 20146673
770062349 248677875 659839298
80392318 53582130 791695433
816321036 90626160 617316531
235800174 263722073 398074249
819281684 215598983 578471226
664846930 190735809 144384755
172144551 319844736 898028191
497872995 100551789 93247488
635533014 238577687 410514576
915019128 6215913 746065705
50226323 450834148 22836003
567876929 154152993 495428333
521681258 707677294 40020363
343995524 429469086 301707068
429747212 119075046 991567159
735606935 803547902 448808306
892229472 902526099 58940802
508955365 468072450 934486524
139370727 419749640 302129682
234493013 760973221 564489247
765822970 380092351 11084635
15811244 614655891 349572138
245102156 497173429 186255714
214625089 291388729 454900661
96778194 477485358 887085078
456996031 707633214 157424648
920615170 239370760 722946804
119533401 220746286 931306400
951398671 212845035 844498704
440627780 123121891 13347477
690323777 851009338 662732952
278072514 303991650 765096129
100022789 467370643 321768515
147335514 214801657 768172281
106452673 417781575 374699440
296376134 966290528 877383817
308921355 124880686 982895951
804088531 211127057 493670730
191853094 498132464 504517305
707050777 960740892 416999976
561952340 388707689 511754789
451211290 960242585 986324652
807509543 33979714 453108143
921971698 743616161 223798112
848298033 269517639 648975104
313873515 193338752 669666668
48321492 879168483 297902374
944892275 460170181 868498221
74583650 508289487 351965909
921644149 365266436 107467352
549323158 591072338 473928488
21230901 92924475 897533747
908633505 530873266 665422025
660883564 606268926 202707032
185151238 321886039 748755841
196228593 44212790 947260205
181140337 308197328 601684029
235356345 478133290 330339309
286268916 828387123 287031688
83504266 825259104 532801707
180622991 235175546 288480321
370817226 459991687 838490142
359962400 854838689 210851346
537926569 884671710 417386186
614824024 274371559 481718445
612325550 816962365 11575224
177712646 385403961 938607628
315059365 829691979 575596715
396987182 800321282 242015499
406411629 904162231 817187478
146904500 448847292 600663963
609692055 44519955 301586140
738964597 502092931 185710743
212450556 553747656 465868059
788064445 758166756 285851996
67881179 700978349 12979322
3449831 639542236 363894918
243885977 537794127 938876550
362083089 671970661 950944828
336029974 517230874 796628941
287673568 187240259 98108059
419634230 779657902 299066226
251745039 344979381 837765446
633471571 647902139 17183561
896820381 856935274 34898092
624435686 838605818 236625324
512127164 572981414 83378822
281159559 721513303 458853963
53591476 327195656 524768498
908847259 695294431 681923776
440841030 791389821 100784895
315250617 238509183 489208257
542442371 973378383 561084098
281238790 296145911 227932482
490739130 55007087 425394274
781406427 402842683 88427358
582217399 807928256 484657274
905423500 699891975 919272354
377315779 943250270 446287679
275315150 962177255 444629874
911692347 501817355 141061328
729539485 941498824 416289106
810694793 251083845 433933602
594265300 992799187 868802296
967794647 839825580 72094855
394861038 707726398 318831133
947328098 745184155 93552888
557773672 400255521 876684882
555692743 801596386 653832286
613378645 36032700 64221002
160151511 486202611 510433183
992677333 747085890 179247413
619403721 905296745 118107894
11910988 834373594 555149428
330782740 359189729 44033825
748939547 487931938 697730402
903293515 899396143 603549679
413453687 21940697 311445185
253604822 390134345 442271517
808418894 947365030 459996020
35719308 362345909 965750537
39196925 244698907 757941358
266265055 476963669 286698793
982309312 456131728 635805629
546745099 263761592 226853761
29044476 425586212 518667746
692146986 472480350 714974518
226549155 23894155 877701660
434383881 505735834 752524485
849822052 953121978 971482460
129109694 588403692 145641613
196533829 789088100 196935010
451647696 440569808 953324424
920864269 510429896 978419919
617010780 689742847 301946171
833332667 87276164 659608584
17335231 827959486 549649235
485462259 545552379 694756833
544458723 462683847 353365025
234107913 539427879 815965945
353787600 726120892 641877190
867946492 887395668 50133901
415764458 505440548 806841681
220381430 614868729 445291519
219419497 327147583 729862378
873173811 181634125 747727591
553017043 744746804 663483691
932499637 910336840 540859888
811683205 517090292 429287287
25845386 796599377 906060525
338134832 857726406 684704189
346445855 910705433 23522782
906068989 720207687 683759471
325003734 613108415 148230434
149248949 889526196 126645952
745680750 488994129 63010075
281708778 695689887 919603607
602406133 453749809 821406308
751789780 821243207 83482893
585259134 928054997 431078054
733144457 776625109 475433457
31932597 437157837 419569086
221118601 200595397 900800566
65704672 818767445 74870017
431879514 819271478 174868832
620494385 999581216 726027747
962409335 944527573 15923631
509561969 205791053 869284742
623002831 624224452 190386614
823278321 898698170 546502574
901197318 661113240 85998255
722525060 608436177 876603996
576070843 999104670 171517641
526711232 128846909 603284296
165268687 449553756 754226243
346666309 948725286 826206103
219122279 829589050 863592105
250590317 497840993 97106014
491281062 791925106 981851133
990048998 6523847 573263738
454073222 883000747 891698042
330670582 655783483 281765452
184270925 435107177 630621745
313464676 169366747 32434551
221455851 770907221 746740239
634966253 575055574 737621161
713897115 251703873 949484757
93520806 724315961 827943760
254912023 350936348 324792824
737754990 686908786 645860057
743382582 20699260 121284215
303092603 385250546 832243777
607287754 655514857 449411194
482798519 28759156 408431375
642972069 192878637 68192701
662423784 365049222 879959372
578326178 471575822 203850875
2138633 394991422 277523113
652038503 569622120 174382195
291579290 249108379 602810664
979749454 550431932 797252384
832980744 298431581 707261875
844336559 263450775 871581005
58307935 748800417 157515864
840535835 935836076 744895323
728313215 882643736 794977917
80900741 500265347 778118351
578507609 119879025 444835436
506243479 539016181 923452749
995812892 5991892 414855862
680771305 404698833 688153732
291069186 712238383 238149490
727783103 122296808 369087826
948144302 692778048 566617788
622661122 927388071 811324946
814565744 969516260 989065022
55625244 110548322 407607073
698459802 913662039 271224762
947560350 829356891 623756766
988924881 776007264 706704422
152382077 967712509 912596145
702279710 548684448 100022937
352796749 1581303 214440367
481861290 831839255 49801596
122876485 511051706 58410707
643254102 167585244 442667554
677327897 320344230 45667621
479175043 944716179 51458111
218599973 33380298 551020120
675495142 579199142 33764318
555748779 687862511 964493102
930041534 922347314 70426712
487759677 171083611 431763581
161300328 567678860 177816375
644930437 445193859 590845542
186673498 699308705 934282920
827204490 317808714 894344884
321207063 904570904 565408109
350307172 807739373 32417037
709220826 913388113 20659391
491390731 158167718 554416001
545076830 708423806 622183588
363868619 606607116 197408206
688897655 694545453 501358696
677902474 295934073 95366868
80811924 449842388 579645463
2343154 454173839 636016274
735967305 120616932 772269849
644074145 949787244 960296979
413260080 921892789 118303468
184136527 858788459 507072278
436094349 420813513 142197462
16703112 598578119 35533999
569495244 143311117 902664602
17977747 257813723 670981743
128899367 489937103 61008495
682473125 813262766 863787353
188152059 990881463 452345128
208969847 722110525 967822497
947430230 284071934 301303803
289183905 234442969 350108093
862288362 638728331 409616605
676687201 698963775 197440102
689261750 271744479 358638224
560408053 730645666 881885908
939572357 520284788 966357184
6302522 87212522 191816148
11759643 790042804 801417995
317006265 870274679 710735421
999059221 706253349 153120067
320250583 174275053 706124235
941569879 401509647 230800403
437895383 640670351 19936546
628747652 96663365 994320967
167729318 239260704 492342143
391090987 266979484 9615290
196107791 591975017 976538860
285894632 611899923 484632494
434939579 883601547 876562445
995192121 756146133 63134699
268355557 655030693 404502731
696885499 817165913 481959020
825880 141582701 986007246
809831508 315297820 260149444
403117712 341713055 142762145
906733797 821256920 957130529
740565956 331076150 45127909
377882582 381027822 238699132
749902580 820444286 456248227
274708456 538193934 809493138
84996530 751525130 572077259
875263361 472033469 848012137
394295967 836320817 298909697
729789753 17467988 260996106
938132482 429612494 888058628
753430019 292033365 902372790
941866024 965145112 547630660
587105229 157700676 127621129
378255806 938749176 769711410
611985115 485083741 535166850
267114411 555952121 396681764
296830806 764826507 429567320
441430164 163498832 212155828
136551103 247842250 459440741
41275037 409266882 432967229
866291876 497778881 648882598
832646872 671012842 567944560
437821049 304624645 628468793
79124205 138886106 400326611
624355989 333302287 608755367
876813920 520337292 978577184
918392276 952908634 715731734
971821678 187023912 144835362
803690084 54221505 275492405
199710882 649433630 563107636
415486106 198125654 178010892
441016864 605242004 665593878
138309618 11896665 412136096
447699749 427515827 78030378
487161920 611169501 626428368
438281470 189967170 203091604
958357875 370175314 404752715
655275455 633516846 975688939
955294712 645123334 705775099
881671911 165699765 631346991
982273139 791602149 647683722
849464566 788143695 588584039
266232510 231215530 344259092
806912296 593613902 788989626
512667955 928959882 429300498
596976715 552727806 498206872
762480777 531966288 484192935
655965039 201102246 399613352
983938921 838580505 465819639
13268555 323312122 130371635
265277647 273596878 563920475
185399330 52458441 561843260
930862820 867024421 270012445
961227425 652844381 873057837
265235003 102698732 351511533
214900911 647597890 566807042
801049701 203580792 820806711
643698108 90879143 166170017
135350239 432128407 10569408
31493886 4744890 962936840
71402243 310947975 319428362
53333127 700478501 706763027
749896081 500804305 998522176
428311491 157618963 902024494
662433952 777793559 802077579
72304458 850843164 327447945
795848028 700147587 710103026
243555636 915801994 36244918
934923322 305204948 785001037
605615085 75931766 233782758
322679822 126925707 17912889
219177811 554680203 871370906
617306827 532260418 345097579
163537044 967584552 682435711
905826305 583647450 504741676
142158329 35618183 635050348
658093743 579977559 466840114
691948631 351355158 894237152
720869266 412042451 319033049
171550550 797020113 843858326
716324650 748714553 145419344
318741838 975591849 12193978
353804928 666884646 761734945
696820344 162491137 59712073
556831984 196120509 250753341
361672337 892978282 249245012
33264779 612277329 520205644
458086339 459676548 653512782
859422538 109849053 668281076
280266779 599898819 972535294
666193613 430225557 134327630
982875020 610298780 888288906
834069686 585402998 989149202
876661230 36459149 696896016
920525854 397307638 431964443
573322422 141421017 944191389
4631955 91456029 508801224
707468896 391373897 264145747
674253538 2983016 481648264
661088902 438614065 439203518
107915391 564994654 462367655
614041754 357776706 515709503
164212912 813569521 820855521
699690318 982851641 786558549
689294234 828116962 311792814
912223254 909056900 7223665
332452044 266190060 854057129
330018434 526941508 276625415
129403043 763238508 175413762
341436663 242169920 77892030
705070917 208489700 517717364
709180864 664294871 339032410
913131762 434547817 104081162
13671671 55651824 532791379
526339635 532434303 210935822
689732649 182061804 78677986
532929258 375392878 66689973
242403386 449944766 92514659
813433877 618044438 817971316
712149501 192563393 48306040
157424246 746261080 358120745
894776964 667882160 799090310
897460369 626881233 641689837
775492318 76217047 634351958
212897187 553660379 519990881
207636150 225450563 493515207
43287667 203879206 320264957
785723901 197405810 870122874
315597642 914596234 333406385
295345217 909060597 481631141
307746385 590504508 653837603
91724 837229493 290912744
529765212 463053223 27565844
476667771 805083471 573963435
446658128 929861895 138159208
831577467 242120897 338457639
70532937 991069055 950105811
5517170 742844895 898658219
505126843 444033967 345049909
81836665 834718475 812882254
653158031 76549678 844420203
505965407 676323071 36631805
986680846 738800041 598464103
916258368 838859478 383626401
96452534 518962248 746332730
256508624 705888557 178733667
927581924 577901703 636825007
372710054 84242563 287746209
377608424 411808619 206787283
274655886 39770754 649633715
873964702 78785328 599517725
853394816 380123653 546409482
1562964 369703436 371854753
584769502 796703139 84883287
782671628 790924775 867326234
102473824 344629187 961211039
896754612 485215053 279787093
291250870 771282955 859816695
664812142 421336947 718415838
392716146 267228959 646690369
715547413 125598974 989802592
427748330 50348837 694294847
528170310 881819236 507659641
2891417 54308173 306077032
12141776 631180025 263957901
958057650 889997332 860238348
13530713 769684435 334451662
342451929 958624302 334747862
125874394 579365577 296665658
19729988 817267323 266980077
648762306 991191909 846604736
764335895 586189701 160643932
191352683 87440056 863580379
579420777 25913302 731188786
224418605 631968306 410833977
422685169 825648885 172140827
823753435 792867733 785318610
42848295 256138322 551625758
399160005 982837287 881292633
584102841 595586259 428788271
734968443 299253122 674677118
744503763 798588119 22593413
708746345 477617584 573569473
580341247 13365484 162727467
420629921 345418399 169058334
652921459 749272633 362866906
97219827 967758676 410315979
303315481 743082157 469578825
761598608 644581339 221885095
930882232 218746632 775644153
254186893 367805751 773988497
448312638 141896216 214842361
59585981 203875083 649507930
502965098 322102201 283088922
912685065 22188902 540239828
974832015 544632747 966370552
57361182 818284805 825301495
902406566 463859207 523322450
45710799 542872186 772916142
649741700 599565788 518582861
45698578 640573830 180590057
44051620 729606364 768411231
126147990 643692332 750858550
660494733 99489074 580734759
900972125 776192710 882964456
743840715 675599937 951040953
302953573 929487529 238754933
84676105 98650579 214417818
730949166 919293572 977608152
155971131 870543563 418542015
406488935 107653333 103346052
360010344 576721617 296005983
594364236 363465209 602237322
50514933 368197053 175029976
859361214 428788810 258738308
200221414 706672010 128102634
119656052 637802212 704586994
433016334 34733994 317042260
488361228 857619480 734164712
721807645 170652170 157560938
19423411 336660421 242547852
644910480 971718990 505070693
728126405 7527390 511153501
512611919 292741557 390153180
763610970 299054184 318113064
515662035 779976256 749712217
848212383 60886688 927222462
571040145 728959132 957468995
728975765 829546712 147732525
986268233 687809411 961428437
211190335 85822313 476519145
806074127 68207760 310607155
419190425 800901714 78843506
883554515 663128556 614497013
363953900 782966815 261865086
619097080 292379167 452286408
941026501 851125259 521750027
863188027 416059851 438273567
142024391 937139974 437490935
193060906 266499691 350809554
754972582 814910050 618709384
403648460 990901668 2980741
390092645 249203827 14613019
148034524 804275903 412711255
79105181 794421988 574044471
323418414 17656481 139307133
401547548 522012269 872903266
596489365 974115721 481491985
6375515 232016095 973722259
416892730 555056443 430876241
51989168 355026393 996568081
872523555 55656097 422378602
253944272 44592452 425445097
424997474 256308622 465974650
890384345 8980435 398320183
47262675 138797991 784834446
570051497 952515758 688344795
94199394 694688785 679987146
460565243 285595879 899172542
8605274 669847722 585209333
631111457 129582417 11756387
922968188 232310060 629901694
47031757 636047284 126986744
177069484 63031064 864892695
795406392 254753404 686222540
30937179 153719450 391740160
145229612 25024070 653167936
281634233 363962418 169736666
739335201 214781638 823981508
493994293 812796933 398387677
610340302 501964533 747446507
641513295 393706871 248319133
920699382 120381391 616841166
697145408 885171102 200438534
421361157 44732112 53192086
669242857 769451793 572783451
462120224 46168664 142859142
926682380 497645551 374539267
984869781 874807053 529351158
317049930 710372798 345402048
276799449 871148490 293511981
676633973 634083033 147169416
47077936 342548088 306907606
802264040 597899010 649586853
302275381 744624702 306352815
993993802 353666583 241730484
551682876 97241216 133525943
598544434 17491239 677124900
602433383 129681831 771339903
588436302 639137271 417996581
373512658 675652564 376229452
568430894 226947545 304291481
951673506 900834654 907599864
303858342 818286899 354518736
427496252 436094271 168470372
930886729 180253318 641150534
852767869 736403012 398352510
160425685 132443879 529702023
661995133 531546833 56192055
338118430 750987216 437443731
407899679 12961799 252043437
871467813 438504140 110111071
870654370 450970568 902325878
149829685 332427162 581711199
454254200 32731256 480655111
11258189 318184805 482013152
927383023 687567335 165639026
813648731 452688876 968297817
989459073 436051952 17217918
140748043 211248322 379373882
858754004 67525291 392959953
541131391 392093935 29176942
76242387 402072103 213725921
731105713 4690137 72855040
473755379 247389536 729490252
779360147 681620306 96815150
454365071 533703824 868617742
100812989 339338270 454457734
57948332 372439161 565388748
472486892 614267952 66398450
400956334 138457451 192460426
274512903 324508535 80587885
224614789 263383452 634292168
350466385 330273044 474956419
608991600 284915553 60789252
761986459 403057094 283698081
785896253 800300051 392309683
229559732 104232221 730154541
871503078 343462060 745602677
985588584 502015372 626554808
58426840 342864987 775973810
494173582 132186465 614899200
789565011 85847712 814402326
690400724 563406120 684215146
618023013 570712137 427198520
466784800 798428334 322492160
910116882 771488705 434452834
623561018 230648419 461370960
354439734 416980397 950449107
132129671 594561966 252384586
209173804 946081222 346033849
766096611 652054650 531390697
283299427 673452238 720000423
600829596 493927755 425188957
587270868 7425539 401853587
737300692 503270760 52802358
828925188 199431884 260798337
801110220 745246590 513537097
910065955 509004951 860377361
784944543 95243242 582033441
284927280 262380248 918627666
6420084 865125276 689759980
107655062 605227409 199295704
176031818 27416312 647970973
386418967 464379001 524918996
259733321 233016875 203639134
913012188 877654790 154249947
741100072 758564440 648222654
750119209 514384595 228386419
844104931 732949437 143088364
225843670 607225056 924074005
434728546 310414273 278181031
42861764 199762465 932627645
602015917 989516854 143206452
345916685 257776491 819357965
175949363 875611924 423895116
863174951 961825192 494124534
403793562 662833184 922844832
637522739 700875109 200608971
277333882 177530219 471690544
508306970 986174087 254215988
667813146 761399583 171212056
240340331 774092750 574363277
931434729 363083379 699763520
151066199 50180357 146738294
255871037 736598184 195808517
23290626 617650280 100846616
269898092 739528774 142802
70070955 454493262 662334790
202828617 244762874 817273630
857249973 188105806 554336068
299466918 314966144 148498611
228081895 318818039 531119971
708500930 75808441 649237951
634570294 564005696 160364195
955048242 652950895 9763308
858666421 722271600 518908724
355837418 880337609 344759303
925584449 90305664 352461851
904886397 288545571 740928626
367323334 136190970 962823388
417689895 61824924 982300622
994264414 475201165 347470858
468599729 610308420 740587853
654286534 668227909 74560682
216616149 591754292 237444291
133484474 31626483 4058932
769465943 893716417 422353834
846755407 305314192 263984684
229183846 723094929 166135203
197896047 830492933 814291504
464389002 671536189 778147508
836533595 161649510 980982297
137740657 529100384 482539915
501909254 501289396 234445010
218777077 80994747 444708930
952089883 779511405 543562503
751451157 36260167 427806405
431439223 997054953 320767223
783953139 513401565 30362354
993762126 861844251 475613769
3703348 222624660 599697364
388164352 56221065 255593722
406359893 856384754 37101218
359765872 659666896 336287286
181962431 669912818 540546713
854858358 326670373 145247252
676644713 308876810 91068710
781604722 884861600 40365781
687531046 507790502 849421482
760273035 319450186 781603066
57601686 142030724 964012774
532639286 290177266 19867046
725202546 695788741 932590038
466357033 508140620 839130551
814552110 393874147 543677956
179319690 459591173 486880829
451237851 147875836 398626939
611146626 994288929 2598836
903937453 994227518 461386776
891642144 171692424 14810549
904917007 42960220 263185142
758693619 434691461 204988340
864201380 545843804 711203345
383143483 681066645 909405116
852400997 869271971 433297775
948155017 854122458 281719949
441976873 782681026 76207508
303573126 615980553 480839473
286974459 338294473 638889920
521517702 693303150 629425242
224267921 112192265 561264846
993545663 233634771 630366539
750527086 826861362 612819786
729490679 520126177 803761910
616666476 900485910 581628162
760281649 298281563 904212535
642266101 847819529 83093448
276689804 642894425 981287080
758132279 543405815 458755476
36917065 632731694 794668618
665957064 954281678 338222298
873883682 336706856 15253620
930693011 302897892 641255139
753981782 859461280 710644054
222841319 153461814 884275842
447692283 832233178 936725168
468708283 318470593 232441744
136965418 141506367 800261457
238834252 634020498 276230726
959053631 409102099 108908855
140404944 108280750 168522141
771591987 588467051 628916168
755794794 945451252 573021063
864986638 698916290 80133173
709241789 930959864 977351491
112022836 353845501 661336752
309577633 603856167 364464740
244789978 270022266 17484425
4384912 751408023 78634632
195906878 735573274 483645554
469157942 795978241 750558193
986990212 940251748 175394713
147608004 976696042 207348733
876839511 635202442 570215471
755054186 982924971 326616998
534409591 322306387 185354672
887674062 955097333 997660726
683946632 173533220 366154497
427018183 767867606 495097146
801573226 541182759 747413740
527953677 68949233 909722114
551250266 831453319 538145408
565169914 151766763 976024260
138263447 220148797 483453574
564637437 690373070 586301924
696784942 518701991 62071486
354149886 705732367 586966919
910339871 311517311 72362185
416539714 560661324 53124338
412767481 748965482 82715671
785213746 214671602 749372868
776676811 274252800 617975516
689808060 397368100 430370812
328508459 502015777 802722296
617352585 643663544 576041175
933984038 291004031 420278662
26308198 808568763 729551894
348501479 553314082 459970961
737336933 476551084 669512542
289201113 609207836 832197547
855535752 415345424 207015005
948751891 728287674 581513487
259246236 3980685 919462344
666681449 921356446 986047995
477572472 165533725 216177102
424097377 863272273 128129824
54433654 901310369 583045299
63730847 616252737 944953953
151085001 447944517 89844294
412522033 430330047 142172514
7955368 106253684 449569973
346444433 382604954 967300040
342154160 786467460 482774283
734851529 543922629 436317169
298267281 354918890 536078750
714585584 995132163 561286206
427990502 346253503 351949238
807032814 814593189 384908444
953984702 529926445 378026991
107241147 184842392 273552584
504938143 462732680 294846466
6142738 7353617 56160043
414909754 562399011 479329976
362472142 559440441 844923676
868973865 445522216 867966319
570108036 918947020 142584768
312641556 733680648 61729243
383769627 76548248 445305625
410829214 378923729 274184267
349069295 114365722 165255578
188039131 957535164 275616439
925108958 324846191 279185875
73777969 826609653 550069517
632142326 656724492 507138389
317941511 5302432 154318493
860792502 910565373 894628785
216591427 216456600 568314010
436514589 979412902 573819051
457199926 18241330 550355696
832720610 250591155 898182240
341747769 881093466 504607098
931216530 44986086 784035295
68207271 486013453 21345831
263228241 438311357 208290739
48943157 946929574 668093917
320296157 869613090 287527837
165230512 983877114 227805883
550501575 690402847 441535783
65243920 186142240 48556923
856108975 744840218 357324681
785251038 52088656 580419029
656553956 790149939 574101952
239808248 32638306 653600959
834146087 937001142 298475548
801771163 74263347 228268030
288959835 717231001 621037678
13009441 626938297 826950850
465207619 685015124 71096250
884411612 652192946 510704245
640354544 520540297 932014955
906918563 987086712 881830988
961346673 618321096 942358632
522889364 144879413 902694367
292848031 361459462 164128494
596182986 288542525 117591776
225211893 389315748 417943910
654330632 290234350 565461184
14154618 320859944 341206349
981800503 45352017 498257752
219734780 380037473 809076285
826860668 405488736 807230588
742279447 528434502 321215367
547006415 15204964 615293690
345603209 535008358 687430791
686290977 239199630 615293993
269739809 726741310 20227710
953773887 361617321 627578454
889473796 674242552 817405678
588954697 48487381 150705917
706372967 464067351 1170123
181017601 770116692 662489314
269481986 290194673 157989166
698655471 936209393 868380318
919781684 47561472 860529750
250469910 96661752 379862191
978552000 569562242 644743965
818949659 150229418 356614938
558973371 301041423 655545337
903587760 935233811 18857307
503202486 205309957 906650445
335199547 164889013 43882780
244123442 103475469 605076465
798973200 472466267 714025317
493745499 505909555 306770994
571864576 468995799 494217455
389311064 654620092 392237509
122061664 704703228 331531283
71611803 551350641 965674059
456727595 792221833 287016338
976088671 737376984 561224269
774849172 170689421 216323109
3965917 537794603 560474157
810261267 777291141 138659194
900975758 651088958 343597385
844721129 688684924 558345447
938226959 425665387 747680119
552228587 865415402 296839909
113839384 612625050 451277189
170911254 262736640 694391882
822972735 235990304 180727140
957241087 461024904 33423400
791163757 690228124 387185405
775855314 589093629 404525652
769262479 668630388 812547689
300594969 177968787 493112299
450960830 900486752 516003342
314107655 996530975 554430604
225257040 105932122 911935939
476153570 206662873 751397931
2671296 412262186 432562399
195199069 905620035 633889377
229390375 705666604 689601604
982214130 731628520 92826879
398927805 99077073 871839315
568687017 991410451 959412509
857091885 820721266 96989054
503304708 580768018 537571781
160611772 316647587 836379822
157497965 951715346 409616187
884042458 388494627 882296130
364949531 604652399 335446903
444872135 668788197 589225883
637501776 897621920 25129393
451410152 996272483 164027540
252937673 143363385 494101846
778390579 155060901 236291485
701973086 508692908 127825866
483516652 670738389 539648583
621988060 28964044 162676582
949084121 183892043 244812050
506297552 729403184 888547695
615478331 60788845 38559748
760670305 872470415 855317002
819168650 460005257 339687249
884679582 292844527 937291891
858406338 767153483 582132175
673974194 684792001 481058885
59730990 720586864 954096906
592908670 301257560 869644770
500380279 479563332 623763433
346776484 755127133 278625365
75807584 673364868 849396015
477997677 451743874 533004989
337112192 337020223 217459614
637103010 563533342 83101094
878903995 943311918 928673738
584809257 580665526 670353371
736040046 42725845 905156752
485796257 804175683 225626380
496894333 552105521 71198655
378754225 626190692 69580577
344032888 530549257 646959695
62360926 598961481 623877167
324806842 396848415 547530767
653398200 818304652 764727013
673437464 419410606 180010955
434851516 887742068 590480796
225590886 542806507 283011015
591088471 549462079 475983174
441334646 220506867 563847201
24539444 924754297 167025475
18139985 735779269 514308007
427986710 85119337 162068099
255330790 637456707 428582025
731496025 116795399 193710228
122960934 678171718 844338240
717152257 647066078 29911556
678642238 912384843 358350207
792666015 94720953 587532232
943275724 866810433 587146523
107125379 166093145 996860107
608889385 694754655 847302155
579842474 561561333 691033824
415502175 909818523 704013071
841961746 818640037 105539641
548406718 823577253 143682864
875614277 868035942 28510958
696703831 888542710 524473843
7562191 982912260 431418689
416637565 768013835 816500253
912476243 639939972 39350408
937458578 127154328 50546742
488210640 629359157 141685787
235628419 516520963 836805412
157555041 632949009 595751636
154595764 416206207 594079079
651434201 959351359 247999758
240414769 295172655 972046740
758534280 549091046 711626272
998254486 912183789 468858911
710122316 326190060 652268031
968644132 487609156 989260067
49628534 260500943 766488581
339498723 47500964 451748017
527024480 352083844 494180727
548716955 659474436 444277539
925836249 556804281 840676056
783408169 928820233 241899474
205094266 363267502 380440939
741436988 478986627 14248235
859386451 522738737 474872187
253537964 794284492 109050627
822424132 183404229 901797471
864783242 706737046 965076929
944734381 234097644 107535290
346716180 353550537 365355266
678739715 45857458 731589220
906407415 824238313 341763153
472423094 725977400 971809682
35148462 383837363 136341984
691175622 100517430 563497143
513722265 663429973 648007599
725314595 941858516 793657022
239061838 554671717 294042538
763332016 882796169 300815959
282831675 48009656 334126591
394755256 546642852 577023396
224666067 112389230 81980092
334323820 68602871 331323196
953229255 519043864 55197049
699436182 987569987 753295071
109954091 808036622 163621480
243547971 695974304 851776628
346500866 913573660 52849110
213086324 430137052 575261633
476708717 122224928 348213770
674079234 805362196 422564607
879540035 833700785 573179511
646113933 80152447 798493028
40237920 625754532 685981564
470202904 943111938 937066842
483542715 663475999 479327678
577379805 57377339 938139331
947555841 152604094 249237774
685916543 324863979 863606853
835347219 673840709 286699379
383498167 457791634 550161817
313449429 282828526 442396350
507910712 616870019 869951270
315083589 26564074 982451687
817420930 249003443 879827024
829091014 454470281 779138454
919364356 458780845 320150230
874459132 23245383 71289646
463863347 233999677 144646506
658371231 342843619 515144640
234751948 814307019 535377471
543347637 710715270 223673969
932656488 127802344 381250537
625231450 534959079 393044791
486411508 758511058 984617494
171977961 645769764 977117984
755163491 718719784 158164465
711403766 471568348 250741721
112163699 546581788 422520422
600823275 831101079 797832248
223743428 763076502 40529314
146786040 606594194 891062231
95271220 355866743 600447798
395447040 989739410 757225039
710697685 326739396 689914514
175747282 882235154 243490984
243351931 187958875 322214785
97141673 403635940 917551511
790690604 400342801 74058729
590547490 372544900 673052297
793351495 273041260 577183654
265685514 626075181 464780359
855876358 417751271 25733285
500969027 977515252 222590927
322005627 313142798 853312462
412639684 908985845 505670877
761303338 273383387 417445276
189715127 780777200 131352681
370845636 797801414 678808314
614504481 383042986 584941638
304336489 698256177 88402322
989536962 673355906 522972582
287478023 795345985 991437998
997600438 654724124 123377845
456012552 68335098 474543904
3153993 361496783 14096002
173475833 963747544 177795347
82594982 551495576 713398764
100978263 434317284 606174573
592502979 77100343 693133016
895639386 307819509 956962022
106173603 244734296 845824703
819488564 321963515 899556349
293622660 716879784 514872861
415112849 750599733 954942171
62892945 757238597 634365286
273960435 877567511 603928990
218394426 745171293 522754862
870655711 482913764 309024558
27735234 790213860 137934469
635108981 870122687 771983390
922804408 134620311 575541228
434938557 309898557 713434783
683889701 259162653 216125325
827479704 30786111 871779315
162739158 456074388 915623967
681197814 373534240 804341388
31750706 617549691 779546238
693432826 628292008 412822406
759221556 879577147 200966454
125171515 598965667 956372935
202515882 446264411 404920475
485782154 493577318 132192956
644012293 801285082 405395437
446126710 444381947 467622490
83708400 1605955 149840510
336561786 801661540 423222120
982764333 258245981 298376580
186719491 871135032 989688638
34436645 144340189 851943075
911638623 900103746 137445335
143494332 730197450 750490102
236416716 288476710 658975281
631771542 584349478 42539324
77707263 965985784 224150872
778675451 469996251 454597289
594559557 236982555 956814865
452019564 524224538 384489147
662710205 794965590 17335994
100703392 509332633 927975246
485695832 659565446 77488529
351540744 160760553 682539782
326878241 296436681 874296933
433367998 129168599 294578725
315428507 28885565 662263984
176313335 226869570 263403074
834151436 921642893 376305554
67288298 491689158 326466318
914254850 424614310 974920702
387080174 466305670 946698941
329821163 150444644 932602444
868661351 404686994 873549236
56421407 118158489 590112906
412027060 264497932 525721452
807032845 137697390 407603187
234274669 71387054 609468370
627662783 839982638 805776749
383008202 789269065 971302449
690250484 409516741 959525651
657495663 680436295 359547918
382268223 625613347 813825022
169598298 686506269 196180898
521803741 735845043 471020080
403328665 913547977 945750348
282080773 871763264 99516060
320652120 652680360 48298195
28267121 232284598 995674389
921608708 851276269 987033065
874405223 587952129 347222742
2663028 192093081 797737670
860691707 359190863 368588798
68231868 782336194 775248453
223645672 893077760 839446370
291076575 836968387 309826490
993597302 733737187 274682465
939529281 589834838 428777535
516589157 151055978 193883347
572782300 977754632 575465143
245558116 614892127 852145
322863489 503393775 810705458
258986887 250638350 70979361
271324826 993373794 387832545
296345583 405842777 785136202
793427687 747062857 89863648
401355420 737271659 517760172
313973608 623049042 890624412
212571950 159790935 383968051
99637865 122896953 279939915
748056906 839309279 631746973
491761337 564770094 555187465
500961460 633126953 884655348
340177701 229411667 68212310
143895449 939361501 738953065
8672862 310862464 14993741
626166382 345992536 306461916
261842917 473318556 532089656
698610241 467557361 456260693
101746250 551723747 208648628
55584954 749863778 567296978
863708439 401553607 539070425
55403248 64182427 107272466
776408389 748086939 575432794
515850547 261143429 92099240
335028764 221330859 625236759
90524737 348507042 98890772
69710448 268618676 245715035
465074258 516879006 574302274
442975196 183427576 677861093
111545348 859195052 15872203
521715301 857309625 588950977
83339806 589261630 489741809
104494207 48680569 660500967
720897372 435283287 677382709
563183497 343687047 454455523
323402772 138377312 355052582
817102595 487630738 900815201
56778439 436525602 689680282
588320242 699755207 899637353
2469173 153317341 927417495
459361512 882581569 620822542
704960582 212517768 262412963
992671866 868265838 774689719
77418933 399740903 282692545
192420820 758844218 797839544
210642308 13139785 434054101
35691579 56686948 198305283
209634863 58228844 198663157
539235838 463574299 938749633
359961881 694745236 742366270
359850837 977055249 746652786
20258162 725076507 350513277
983023997 892217608 148289550
180603031 309566885 795535798
102624416 102904878 310607842
846389170 164714727 29322278
433486564 439007575 515825164
39372167 110699340 338268506
80947105 274979435 343338079
792996284 632244321 608156420
152114321 20501292 102487017
923328074 431424463 455712014
958675842 268273078 220983217
911396943 794771417 557601416
151021274 138217410 145688986
915773528 146705427 298366390
40113126 33830549 343077817
249223189 933147092 630400488
140114400 197771678 713865691
189086767 50671530 399902513
405638961 150150067 703317049
29561511 102655932 712164507
793667217 659222955 813368384
49775531 913041736 81095048
122268903 814073126 223053274
274905803 573576866 329367399
224493551 240117837 618342232
108478792 206634199 244625145
689065600 187163204 390430996
194922222 555149383 406768227
125352608 855350334 230507942
169998959 261195184 786985545
641780713 272905421 360278024
893786805 923330346 442081450
729365886 304199899 357831517
135549617 232549218 326717385
199362146 537512257 429204469
320405665 829481744 863457265
319920355 654351049 475365303
459772803 851532333 5343504
186039346 283155250 626689236
549754558 461760990 461063423
207582943 287357677 186688954
800391975 58528342 783490622
869988383 626360040 382906258
265769590 469510152 805686686
487282360 683605674 719429524
508474130 671198563 971640498
930901524 881482739 260385581
297134330 710678587 615091298
590715269 683948029 671181571
387108839 190424826 667685374
506696308 891611042 249165379
382479056 434614025 896401754
831502483 98907899 359282971
739118629 190657505 411939260
434096846 398279095 874105436
357035929 604216585 909526603
71227412 287237827 523905790
820371612 963388496 418852428
169335584 396996648 845608416
264450015 936665199 686744780
548571494 65045854 665278108
983678912 447273263 447201781
322279646 112985973 286260684
507592684 840478147 396719597
235337896 267591057 434135058
911602533 624493515 749438713
398218724 170997635 309821320
942913834 474090777 834785617
290763828 991926928 821073156
422846709 466328476 772749635
341214469 716103500 250531071
362993315 223744527 602576411
623371785 750268628 740237366
751307586 994213365 437788306
136667802 818072429 680527220
945640251 822349213 619105291
592108780 953725892 364088549
803091954 268265427 165459293
310994411 217484230 942132999
977945986 759215021 810651684
416888067 530271854 991900089
636074159 161849986 319771296
110872170 363735153 509835246
87828016 168206196 688218722
491415741 927080812 692414545
749302294 449197453 211007145
799880385 671406909 587392912
999890112 241168373 347872560
291470920 228172807 707970180
307755020 441119217 588978276
352749546 537097783 804321647
460813379 264517377 718071166
620355582 28061387 443411119
842664268 108735784 422298769
784614354 578102496 157963512
317865266 607208261 505076253
633762907 686030276 253794145
661329522 653284406 807508347
955006231 814880916 586669983
845386763 705741531 82854171
445904106 103274109 380624969
923894848 241166057 723498853
536970842 89445288 108991359
422679992 963078995 839248992
553265930 704137005 211241742
745862088 495966332 94902133
31382183 262898308 24826441
533760050 865868694 223573721
508936232 140444062 407527532
63276384 506301857 742098773
178290718 832166594 891310560
830288789 4366827 102455175
294065328 575853611 658788486
454850228 874582300 517515162
594735329 970486470 764051605
20507383 596927376 962327620
150257242 415105893 785888277
295384759 616156905 223345200
126513239 141535182 131518435
306526419 427598238 841549820
210946580 635819714 824863217
319814227 840736866 830282546
474617044 426125807 197507871
347156546 689819294 298469255
900148508 154779707 803873197
620786653 892652729 679501035
176574462 417256515 904571628
754337212 318404981 369874714
806007114 435358813 220240357
984794216 876113956 205358407
641934318 116914125 493931430
148922222 803213869 999382766
628224152 924034912 866000432
632037910 677111434 965592710
322740172 12184992 231103124
424569982 881176333 614886240
281604337 542912968 908901581
713977944 85817576 717012115
117936900 194907838 689375674
444111906 754320679 978225185
411530564 771596547 313673956
608980151 494097964 94952259
666172920 440232016 484792101
721806761 27460749 442052973
732214650 954563775 591313834
240729042 234559782 352870829
236946513 644333516 119118290
35284751 112613246 418361395
115358719 182330232 375706929
843174275 830386149 613341953
29570739 121964801 430948539
833299526 771392566 265105261
609548712 645997398 292174443
785315016 628247610 36386265
817567004 809977792 87299314
209044028 243118141 248704170
292246075 291947019 231331418
511356700 985310461 714987021
450179202 894674712 517577036
705224457 859109010 220244307
736212307 293810087 572818823
853158654 107793876 302201255
48952398 886400277 604894343
585721107 855925168 742337142
284866066 95145232 782081762
66653961 76406146 928760072
466176139 530024523 644777058
232475983 40477098 79363941
269557950 975719628 584549220
97861794 111378694 429987108
11190448 303789239 620989891
702713346 762761737 633845760
711801457 706194013 89161350
828562611 26752581 51067852
910984876 334524825 704543412
965249327 990742521 173462556
959530101 979093083 41502816
161621906 568693231 603250965
892057939 946718396 447996349
916133484 447743639 994101980
127850368 434004656 983524562
584428271 35412408 803147848
77689213 940781470 666626636
646630665 42472398 264621313
313509067 155026264 130989946
907990567 826468012 215362747
276828850 538958403 961341130
797487376 353397017 324660244
594334595 280389567 953649355
167435365 64331867 224980984
342793673 212044441 80194702
456841831 65909932 746635979
513308032 607173372 720802689
103259995 521477174 899079920
996585591 635309728 107040611
220556127 988680745 583627205
410338581 63093805 85724841
347812347 845254335 515989236
106173783 918277632 753648746
948929724 92782461 849024504
532052386 124560633 218268278
941569644 145203810 840407941
757444665 104970141 625955807
732125677 332255521 994524188
910099143 877154054 17420211
145340361 325832442 973037964
498141520 718340692 931397715
4625795 173486582 559155913
596619707 862219256 703520554
94773719 310663768 98801043
128023421 142292276 902354099
572967641 493251831 913844906
678605820 321128214 340498339
146799231 975643634 520312606
748613214 80619668 829580506
997974452 652375453 228843118
468301555 511570179 911749790
547690382 395676434 527056373
408627910 316285712 923618006
460316655 201350528 649824591
77038394 256454768 594968649
846772144 85567659 40275218
985663512 684136920 536137579
323910823 659992800 119398750
706115507 406895356 131119155
840157239 620188275 307377982
181805182 267902440 688714643
162942208 127743490 374039143
304898529 941648559 51416270
81749503 762342195 254979960
88477579 987929729 360256956
233855589 355941387 55189435
441269922 640821972 712384153
465297930 710698553 199228610
417187417 71327924 436497478
588268259 271947554 874185572
369790227 361996126 179551855
347006489 188442075 813531145
704361803 533486596 794132650
334887063 959303702 80586243
2165309 149175681 679674908
390073376 303864320 522438534
773807006 868363009 69798135
759765442 500948542 626796234
582830807 641250089 756758910
658828370 296263872 558986139
564478772 982367938 976913793
385353099 457326856 419217514
649086625 303145810 544047343
612261637 641973370 237195696
62657456 32883895 396472975
113781087 634417214 675027210
752431231 784335071 365859402
464592940 484706065 373520526
712328947 984636860 431526565
223560797 392581831 390908237
835689969 542095499 318089247
951885761 156384640 914546473
197816975 481309963 685209984
777830352 92794938 489287766
167570624 418454667 434014323
143096531 816496522 701593800
388292201 434965957 394018505
27799533 278088986 411008592
938412508 8584526 511542358
24218622 712252506 45992042
89123910 315744816 922367227
702129979 988896194 294693152
119434017 900689240 238888536
5469253 878762956 405952856
546796602 696087473 452023094
924648369 193308552 279899811
43513663 845521529 752084948
549703534 477900702 835402644
867612060 110173873 941616596
5527740 3683345 685231383
872663070 442220632 439351615
581426233 643713656 63344845
721893612 291996935 863510654
815717668 107686219 521689789
145573193 575846278 151095447
8276051 506497318 437704234
180926067 206345233 538483880
773217644 119529669 130690083
377070584 934350401 851201964
708241088 173235109 150331365
246282525 153357434 592935478
159003151 194327188 187893255
597071746 166454885 304844433
14142209 575579346 298197430
505777985 350836717 930212822
167014814 564797692 206807793
384309225 650682912 634640765
639408398 319073389 34305816
1383869 293045122 99073557
41890667 779847825 806712236
595115811 287737664 485729796
649978386 861714079 124362959
244998923 400533304 955530204
839403372 109285278 756484459
123975535 264435446 372619843
716200656 31891477 886956564
915895267 831401864 337604356
208563524 342184789 837270243
475663618 996051871 156357107
176879621 822640285 690553970
569740950 635707426 140930757
991638968 886526385 8220343
849915680 998022538 468882287
310599478 126336657 686718671
751843543 713936096 385885850
525462480 597563674 43953474
642951187 815153519 498604109
562845642 257981600 31364696
137037104 994965938 580303132
18461505 914277538 78155433
25479496 960950573 322232001
109872416 667931492 308913843
977141042 930635572 764820968
353721022 260473451 323499395
82894259 658487666 357466198
935859432 815028324 135557399
844651846 818312027 548186646
817064322 973228998 102657152
998402636 704145387 282004346
309142310 504155048 596646310
440223841 858851130 487620796
309062669 786799247 948957939
675177517 138397631 591205127
39097790 188212100 91270684
688869169 547543249 723846592
596426568 994648258 655243601
239737188 24237378 413955271
238384668 811758204 369746080
534424799 980032901 600485168
689852717 762752355 26776418
723367600 244109289 498923960
599482034 628335264 830119369
123919142 716866969 156668565
104525419 238283309 884663831
709371095 666326694 778876581
971629987 771724641 477420812
269059310 999828728 985386083
970511752 257215696 882636511
773627324 432178354 640230708
618162780 14754057 342455450
874370733 356411086 593295614
346993509 369883245 982437877
529340509 842079705 399519470
636037933 614357562 328630554
749335149 824801062 22393817
584900730 815571858 298776562
200330668 618381406 960776414
790886854 711561 895624778
450007194 647190187 461628909
608208946 684652979 52440411
740313260 320015135 385780517
959778212 164525372 558154519
652552516 860070031 583280048
460797183 15862045 405082191
71594518 781563500 52045272
417156536 356009263 451378108
493596700 258334487 250749016
485704002 811905612 293527111
398631646 476797391 959581481
46419246 89114506 428501576
341822918 154513193 476912483
444931228 100108623 994761117
239090854 449097560 712838024
601444428 74208575 320878001
631087338 965206188 592530528
62906470 150338263 384092859
236171651 681845686 22007079
549786162 301026616 208790471
514226372 776192887 427852041
661387608 659041919 172581465
687353394 658063738 911477443
427101934 317570922 289215848
323511951 493740829 830938733
899112453 535686727 923075731
976458609 193649379 346935263
861900465 941069640 871440353
9825050 570697818 302778221
725110871 197767888 258114953
798806620 151224299 967392131
269006948 186948009 228268770
323713330 550060512 5118980
823337029 34262820 294105041
85917077 487875211 761753301
135311908 330512996 118767591
773251184 355402113 367228311
264785282 937489942 427693141
644623687 115977395 351788060
573997880 362964007 338577947
492349166 302568230 908218649
628095020 996611241 30917605
412502316 186956883 895604142
535783799 604623578 868649346
406758780 16048474 174108887
298017489 176675869 396127640
485522856 65964382 256798062
819145719 228594177 237966137
705619076 155047144 666345503
853440301 362857214 725480666
644012916 312584128 385297578
194651280 999565027 238629623
910880393 88655524 345915066
687233358 577480205 989584716
870192762 149571689 564101797
415403733 243052008 49488908
300147499 21749497 978875036
889207834 150132142 649722111
467167193 421239642 197376293
971544197 946767899 741052105
662752783 644346274 97330269
475261602 169577801 106524607
521165231 317280810 168549881
644501483 149072469 890368516
140683760 28392744 324308133
93429353 437303805 498227721
581510765 996014925 825813371
189873475 971921608 128015227
385669380 734973102 258490376
633873057 189078350 966203490
436068253 410652273 648672787
225395650 509854554 921740647
895729198 5319592 425432708
237609168 135508256 879831261
381126005 806943035 35451699
231336425 130040865 900871029
247635067 629609385 168460904
536990823 48487695 324345573
570842835 837770968 881889514
384712901 8149630 198584850
162375273 48407788 448809963
102241338 720936490 628180486
52343781 114077454 618963008
257010335 690401984 261476152
227253619 401227042 664641015
242335931 525498942 648749790
523141589 91002437 648220964
66350990 2213702 62421799
693774286 23277529 197361395
760996453 624667819 695818062
366781205 462017056 106783640
404567520 157007785 197789539
903753832 365622014 404342096
768307464 770883944 726939640
301477675 751634174 528527305
68709102 552035096 794528092
395637588 379994398 643925238
331898275 2638572 780711349
482643785 622090698 667490610
871766117 964776535 153144050
243636854 505160 306719360
852467057 837127843 369505387
780563393 863075210 233211583
146798146 797682626 251612944
88952833 413466574 698887348
673799431 503287582 499798047
983600145 839494253 573887754
825041255 81033974 305870200
355942903 404633664 310982800
473619085 788037262 309173063
899652612 263134226 476674680
13796010 840064818 794665631
126991159 660285448 317514400
812754910 378755735 210251221
727652457 659576839 750867234
979722787 112109502 987838937
86199403 719492928 484643845
535746975 459462927 451744840
763965600 459573422 365052178
62720822 370012350 189832340
707417013 505658736 695894883
962427821 815684902 448921233
71829542 134240941 28457066
841548925 617936964 171928587
594610649 92922198 881935980
751934101 695787915 344834523
511949457 587809201 58995729
436776115 711011291 79649206
855937129 774555716 671032358
64289329 167374517 141782701
264040072 74353909 724960881
122274698 419609273 513742973
672230652 587438209 729878857
995746195 474378104 25813192
414874520 675597843 886809416
513058933 679260985 459108389
219577812 360025246 264220420
145474065 162316070 213054541
734391465 522154625 132182114
578909057 381968328 628969739
166765379 76893142 933086689
148240250 406465823 879110488
682640932 554927743 773589883
305462246 694841455 550430935
394744299 444620463 236942857
978838980 534702154 89966735
89256310 307162097 908174163
163447025 650981778 334544714
206765234 23164319 42995194
31050464 801502803 262896251
487001911 891396939 361477391
829904866 975312503 263773421
611815503 807820519 577537806
606233900 974811399 748280471
159453509 938129813 261230342
754882391 748710964 78543765
222456840 153761150 278800387
469605022 369989543 643641875
707279741 672558716 539238344
914244672 408127996 408010532
657780473 224081095 136161148
514051496 810638281 574851985
766228196 276869382 110897670
527087788 707714938 594578317
216579566 860547563 733377764
533577000 443170341 367754980
612166727 76856654 947453299
365960428 961553822 225817903
987144435 562418344 149745158
44285541 101197568 105615216
836383929 295054475 716506780
935012443 32570735 874589687
416434920 863104232 379137402
175736606 751972908 459529593
421893929 314431459 197556804
462871399 477940138 929644213
851494641 941482995 236576444
935770873 952932516 395996250
68304647 864879866 155155606
523826833 196579255 300271755
339219391 370898583 236875344
867367036 976661815 267262002
525069355 895954606 392378996
722243014 421177263 337171431
998958177 806778395 414360037
658842676 503865874 441020874
279363689 567939466 473828119
549014160 315148778 632090958
457264222 171522452 176831027
299232586 874182513 861323023
620361126 309215170 760378644
394716243 891700681 129185889
23278962 329453027 436793882
671597906 148272789 338122827
6242265 443751428 621261073
139171831 609329827 449690211
351103958 411326341 573197608
997301387 358418069 922073938
117958183 153539203 878775469
721734711 58236121 930255569
452798452 822395677 135692343
806051348 480295534 940400317
448706636 763389561 528485005
192546728 641321338 248480008
794241542 343142852 753931434
23391364 659158247 473358718
627394633 834969743 231403025
276381823 735314311 942032055
289148886 930368026 148695033
78328639 140649883 617968512
118376857 323369996 469317765
932734319 840289501 705172609
398624538 967478265 4692647
199765871 158209699 845488046
210328409 314292188 958829526
529813958 495498654 590669523
920229769 740423738 917621404
750797601 717399298 783747915
750579047 6713433 308029141
977865077 370321653 529082656
776357815 609066840 497830785
921237782 941908473 147038561
401128806 124787477 927733266
558079886 312788206 749594722
703772538 55769677 492799685
26013922 218626496 247152003
697642338 656017743 568760811
143832413 100510003 314182167
486172634 596464195 730825510
902883635 154638447 831260068
260935880 207305046 477500910
692679092 785051933 945785011
167568157 744549246 60237222
994784022 609226106 750241428
755012516 289616289 340006948
68753065 770697234 990557911
423813963 524241199 429712592
822418910 783663873 478101838
12617233 424583449 211667113
437008782 676607861 235911495
720375912 150994689 911287218
926523625 841623880 867596204
558582003 457777489 215243627
4664655 121143570 72331127
148518128 948415590 852309783
886310870 162724162 29062574
882300157 903029272 52624468
957070444 953606562 773138581
725730325 556190061 313723656
540499929 985808656 288215682
135828540 416287826 877361720
271793338 830254571 933809482
583188962 218549677 219679803
808246350 228187609 454042040
911730600 484642883 725522076
618751457 409123196 24632666
848238398 547080927 178655186
742318351 580096911 649884412
435371900 535545199 777154633
794639988 685194877 92120575
748732917 222098659 409300283
9370610 914636179 360313580
687318239 727114774 271865605
651320617 985001905 307133414
956330883 466933730 941358133
983527347 643594369 142894408
25798620 603755635 397790904
984864864 450226939 300574412
610163726 767931864 895439936
55833040 122110890 931027534
201645728 156306033 280838210
667471886 396845507 819906844
931112008 100482595 975061483
605510298 999147327 231014448
401794646 53599571 885697597
701243466 955629083 939115758
981851 83156238 116266052
965210136 356270000 313289430
420374694 117815720 510235075
370420116 845124106 965970635
569723467 768149749 741873046
960544590 760726423 689644824
64439936 580779824 942503796
52385253 232719721 562557672
787856332 547147779 619631786
686037629 813179169 781955839
789520089 38356545 306919711
274105773 685108889 73162323
65767893 302629335 65966225
291992557 259835090 68584592
374275212 435581497 413349886
959522336 546503654 364997557
81440946 737771850 229326428
895111822 354520274 205011870
560966411 681080247 702796412
110625281 294678205 553032433
693343260 233261266 512509663
333175966 491861241 343295427
378240172 542976037 53621249
211618404 45164575 670514618
686294662 12908795 110712765
990177217 433057132 554393971
341193441 409560759 302615057
480369204 118100704 522974827
902796684 875788656 484046001
589392845 281603866 38753165
97936506 995510502 653048081
39945088 166180587 954102561
496701882 848588711 979142148
705510612 110281316 434649019
963637900 651019699 565985718
745085399 599958121 693463313
755145684 219264448 519404179
753473348 110413630 468077832
100296964 114571573 392789405
554004494 996263845 417967131
455581409 857740558 555510091
453543326 121142507 91469330
610690903 613413941 504683149
887556863 892928535 413798741
470879520 382518213 621849498
790105570 765370460 559759079
216857873 712959837 213896048
171617618 444339294 70515727
511627667 933924674 44758304
772468292 344507463 928612220
30154837 357383647 575858195
222671897 402571541 203572125
274430601 382828761 691085813
578874106 71912620 631427251
373423258 453099742 351273622
472158255 757620702 161008845
585653505 396873790 265121603
391643071 257070361 265713640
621162257 704518080 637015598
827279121 817208344 546727713
175121354 303105147 170963711
416500500 429689726 708087800
152499548 101215572 502644932
972188972 834057702 752047789
517519754 359865737 600820902
46508439 71442309 731561186
354604182 579204098 874438089
287424198 997538946 456686459
459300570 588467437 520633149
649347883 933089107 223357083
4617588 874871150 939494255
833618594 217318655 6936450
162806001 846852780 553447813
366116319 219589386 169211291
967387844 886622781 496096543
191952296 514311438 809547419
412583850 461706302 636220988
601483985 870932425 695085691
238347677 273853847 340006560
74767184 685016512 398331717
870811194 793121928 762485957
65745223 176744903 343527807
135057312 939296257 556046834
397946637 321933803 457917712
114348500 256144513 4743978
863064875 584511231 501561699
878518852 204487058 982759607
8218490 574635345 983652185
605915629 991984648 506700235
134283913 951336418 775306346
904488018 8560683 686022853
490356388 821976984 889757654
240260770 596538618 928818005
767751816 906894284 179226001
519455070 851861812 510151726
503738144 489498004 987685558
801972909 811392745 124504262
129783792 943625498 815995939
538226709 314058122 150547787
342565970 137730655 744418816
786502751 516181484 700587789
541116823 989497876 418690508
213051357 1177582 837768549
646971470 66012063 9255799
475222427 974313353 89060646
157224640 78580033 51593244
888285493 151994625 769151313
920786761 299206819 151196040
207728366 316972106 724921422
311672240 524909238 232579277
953963746 727793478 55651033
374519808 793344209 707216663
519077362 911355861 882240807
742749688 711048084 480000449
504283985 100862648 813242686
664692961 895735458 996346156
841494948 764304449 969901391
458695184 129181373 727842037
622366327 625523560 677420300
509744704 116325355 403939756
391662987 762116909 654890063
466543501 375666832 828800626
428166318 432326979 826421753
488830580 436711889 317822889
43692620 652035795 654338257
776776417 731498898 405474620
562657008 917721134 251823281
209134166 308778157 836421995
285630645 17263380 18753331
660343984 766007320 393682606
163572904 173384473 884892178
901541572 302310861 148616244
724200423 407873572 732453815
765198335 391410337 210750463
837874378 492732640 670168441
215060555 745775496 195742031
136562916 899568632 94750727
622185513 81538656 816300465
277425603 261861195 669764671
755291929 14264871 492476734
22818301 388528937 744403141
305494488 513507099 721298838
261184112 452403329 53761008
818473705 122425531 359247099
529184822 846742958 687774320
630011407 122717310 88708282
974821097 352995849 39880775
800175629 753873078 103275423
47090260 74348891 426238382
761110278 889921576 976600893
162555970 449961186 9570651
32996092 541079298 35107823
144472303 430920206 374359078
601859191 613987691 770697312
224342147 718789234 280949032
906984875 503291093 976820587
361060837 641961632 489319504
927194362 597328599 986246734
916858147 218300402 236928708
342141929 310335417 545031448
537293625 766361755 222281728
384567759 528277329 960387865
95840932 644377168 200672736
115746097 304607709 612521417
432631689 506799338 612177133
98021549 878537817 270743043
412750544 260345859 962337361
763302178 542623237 992273998
443635340 680290934 415901668
915970249 304546652 728833045
893089494 257767987 872214492
167252825 24637806 941238214
222982284 98375408 531346703
743752264 148937726 877555023
705877539 437730349 454496255
391773126 157037633 836101486
556678956 152457406 333265776
421814526 578452688 357633982
283327863 921604883 954525905
635917832 968130423 178720248
773742895 534787827 719203604
138014144 311490627 2806465
42302950 870637122 36918075
740029411 945515286 788810946
725099233 706338484 151666296
22324292 586375085 419965089
713040617 53289269 92729088
326626045 715691545 801315236
404790266 848160206 18756147
343199611 92359478 632679040
25864012 600735292 822153544
362839303 300436570 223844554
884657512 153803731 532046879
942113573 122988105 430188639
699760128 217881772 783437618
61224814 943935295 692525544
747403765 778990005 212759219
251762154 343885411 964864872
451839773 907328749 703789100
976650053 233077596 409513770
642390409 765329199 818864684
894003874 962890718 215577750
871688876 13812050 96002353
973963839 62505094 61057708
775651660 40497534 632791389
56280443 565135403 881279397
639078945 632051990 252110438
70830990 593826850 476061985
559463658 122361528 780737473
3813398 869239391 332562086
916554510 884709241 570902618
48162560 186283655 565569164
691164594 247648853 360693834
750567341 299229348 69223021
359814013 583852627 945731574
644391846 811746865 192962728
671081440 733304265 54301654
667478217 794134179 247084246
53009488 991560239 281870230
758359280 236894388 680062139
476184654 447921129 456015513
95048123 260319583 827118817
448270215 422955609 182958826
573152204 983751516 690090874
26556362 549589315 847042343
870562492 88419874 150678756
147215786 724109060 682029450
460731187 558252128 71704290
374510539 915954939 929019710
817152142 614264695 325450964
837314397 492701395 960064202
748835675 275344572 825818648
491772173 909249067 4022109
936104162 373106596 978565967
770740196 236532420 79081233
889282376 926815441 94786655
39015343 374576473 731090035
588926070 227730919 724070476
837255457 796374831 262537278
8983986 925584735 658067306
464554816 533858715 998438788
217758061 649249037 480890947
664360436 540992123 311616963
149795747 101645222 598825330
627633816 133994371 802080894
331168543 150249575 716471390
453323855 651121470 249946179
509351789 438292693 787532217
927191477 382228740 695396891
30904033 813325187 782192229
111503589 435441011 872194552
521647144 458638937 514253838
740966807 930691432 105541963
546628125 531759472 514017645
427487197 933868714 964157836
134502571 706739067 569910350
582711970 870258472 232727080
439339766 995183592 253604416
464331274 584917581 564750192
972865994 713824999 715936933
383900330 26386985 94254760
782446102 703022122 425751796
943924109 833155836 840006267
687066238 173371748 493803381
992479345 431126807 184573605
635788887 170634009 197649504
456462912 464130702 467057660
476583771 552679869 892067415
742095037 552846811 12018458
611899667 750799992 738505209
209074965 480549142 691040228
426363607 91939434 424314330
877271621 348820767 181471044
201070301 590876838 984381482
688079363 646635665 725826174
957767693 766786619 577432247
654119408 725588 498000979
312924792 623607953 626777510
259671030 868038114 341440348
607308994 574946492 114001826
145576909 347311290 366573742
668390203 511768104 515688401
499132304 163524359 465825826
346513740 647747224 897590038
532581929 408217232 318241848
26776473 589532168 900444855
201821554 979397451 598121114
396594605 796772337 571446570
26453501 340470409 31488819
992435606 77781684 986184637
762982133 312360952 134001312
830224364 473323381 117424883
957715017 838279315 416108867
353971277 518451887 592099952
625682612 202369193 613812213
75130801 883651753 149330768
633756029 926609381 378472089
931366409 425718988 376796271
860531478 99656722 573789591
572172146 473950920 86198710
696093047 122568433 903568249
331109618 564339511 460131145
42281596 60218084 937416833
699530232 387686272 830934245
46801065 4684518 771375397
647969968 197177303 281202525
289663020 638195468 755920690
685688236 194290402 561409134
480183488 602560432 896865037
954549626 527502839 375359489
686606367 497202093 53461042
672655611 250090089 689944027
17888874 831013283 151715311
633132508 210643394 19346520
132597661 109173086 784998043
941874014 160981266 364959908
680344392 14165618 68513167
691217014 544575853 420289420
897232806 671694302 38793135
529792387 295533528 183518973
613773008 809853997 24650666
431107521 710352841 690553405
645025424 370043165 160239713
194517040 174000876 243805889
913735044 202972197 438166450
649321858 226366906 881370046
127846391 680739347 602147405
16833364 412791218 180547742
951802884 44933657 14645927
840158988 535233264 686055154
209986949 21274005 146137875
872293080 280975934 843420302
185500793 971412652 413277550
699229551 762985537 454702326
149135033 278702972 753497266
864287211 616561584 484507003
390283723 256858396 504200736
851053161 788960839 681886552
309538686 26717496 748705340
868627566 350717961 531306928
949326910 839552941 741289401
98807536 866251541 689343306
818878651 297522534 327572358
419863392 712261598 641626788
394577133 967754335 438093907
728307628 834268181 975298145
532616543 274568855 53364641
773481842 408482969 582773536
969823067 529297623 847167085
223637472 388573222 693574127
326341155 271819915 400159634
235009665 273144808 354663748
777983498 70419722 301385801
408899382 703640609 460782750
962419975 589455353 576018658
711525775 883390229 449718593
380035703 995872413 938448640
552024999 213273741 715388098
802663164 936926618 287406296
544039773 212922086 844550454
318550784 602975115 796082218
919283670 245501290 710119644
995175143 379217387 703208697
587371794 460591776 676437011
171821373 917701375 447203716
893487413 530990484 231750332
466193554 420517057 891066547
321814971 555752874 336285028
258060505 165632702 31459063
924144551 711885912 871238459
494697732 507624622 391828352
563204337 505731915 4912821
992472081 545345460 967540306
653852734 312166485 261674305
170798072 830152283 948996386
698409334 438637698 828341906
863483721 655072728 602210972
234551455 705327275 890261621
696673655 270392082 322945077
261837363 935516376 782543250
462378529 641091491 741428202
362083436 930419392 575066010
34009445 382285450 25532712
819435702 777453207 848734469
328137196 342660291 858681931
63966436 387812085 773878984
34232063 639822046 187763577
571243180 288986794 430455617
497659026 177366002 786855574
883401472 8794538 54907528
491650963 211606308 301038634
184914801 985443707 814066258
648012228 814419475 210615559
608966834 49046809 748336824
501910480 479787128 244036309
982128375 792747925 526157496
973868230 152340867 906813989
633819589 337941215 289524906
681757573 846612117 990082175
370827048 716136735 675261017
736184335 5140193 259511714
603687862 993615041 30684697
68113501 452807806 147862053
359792089 600323252 377059584
118045760 380477576 41287038
726476586 142437498 739945187
748614868 682927478 5224364
322012349 368826759 24867468
706450849 198633018 603793998
101160730 334633658 225182695
368741931 243713454 949959098
69503511 149539129 975876393
498211064 640621265 284351805
828691060 734203278 737300459
721914900 735026019 249688314
885154285 240300106 805947165
527712780 666192957 921777817
893821073 814360633 354991663
201960858 84470578 856295400
774759186 778337658 972431749
107986615 119910474 152724994
256624948 705255491 378593678
618587449 31345200 295033357
933014280 179175108 430683223
384367064 198267042 950174836
494693358 877370600 283674452
159973712 592019000 466144752
902472241 725467229 408348488
972928944 196686575 865569439
717085518 369309222 119195540
742922742 54881692 562181776
390280860 532479507 239921653
567504460 206629641 594860708
767631312 726812702 375914154
374265162 314129192 367457545
86164583 278683318 678519735
812391968 463200280 43999572
857046045 648141173 884545461
975877832 671957977 86781613
627709808 249269501 348084487
100681534 84173272 511784511
714641976 968383148 991234999
326886112 369388693 889914366
383840297 335720941 811532865
734721943 236136792 739419171
487216226 750049068 33555109
991929457 821271622 448694184
145720142 508853022 200228129
583918267 907527731 115592123
446390055 489226316 214529688
265698202 474875053 268628504
413681853 102508355 905637890
150750366 908231046 93274824
717045593 340870625 891694626
510701357 402171933 454384353
772172620 775148917 818724360
933605629 802260783 179085302
817171804 456771901 276303961
948082016 108988708 186616146
808804021 455604710 30867236
551576310 276529928 564486546
127268780 548858166 841315490
703303816 474674893 421180576
171566508 15156514 632600842
667262095 63577072 455155329
613127985 251300022 90018511
648011072 893630305 463306024
258233773 21665545 848362993
906326534 252191215 991006966
664073301 641789327 360806380
79192371 467965247 799649496
530505579 63690400 333681017
360333624 34881693 764801530
354259788 774279071 660936710
882085406 633693438 579662627
153371851 985357080 881422844
134263574 981807545 727116086
755805594 776932697 449654093
473212205 244345007 726599774
863104832 107329323 186018670
816676253 231190616 301074007
839284525 246049802 888827004
832578498 570173829 987582453
597057829 569719512 41315764
331331460 539106246 369535009
912905037 97121569 706061153
313266680 698160783 163481097
61401186 155960650 396529993
652627485 876076856 260158611
430289001 319738769 393277039
49604657 922366787 729631072
155427067 593754579 188660977
843352579 775619335 255063540
114962286 264480329 274181807
142286492 506141127 388492555
823676655 398449953 474125109
406515140 500963127 198433240
651093986 654589395 68637205
118325394 771306918 355661324
314396543 634012416 26073527
803681751 306271505 675073069
277842291 208394500 961321184
91354907 559781642 913581986
759401717 218101953 694600096
321214817 267073513 468021128
948041453 660391005 399981886
241617535 982851196 854210395
90791768 951978039 40946875
736238982 701340173 918858571
168344618 713471849 628413590
519485938 519308931 127455659
728215641 689897190 115108408
344341759 16964748 438086917
157923134 733709195 627652102
123149911 722785656 502188486
649567251 135835919 418573394
969857276 839944482 364784483
868547459 68967792 976785048
485239484 229382889 920447024
173649503 546785453 119768074
903932675 458875079 151670952
735844228 659689472 89529910
798476584 57525925 785070927
540542821 525244213 245444509
880572380 664166359 167095480
168288526 105173253 637484750
590498849 264339783 426350888
609026473 966252310 81084700
844869714 346027266 475295669
233894461 729497396 494468212
467238191 835386216 519740848
122308152 829869347 28889041
385457063 147004924 606535331
551736621 732769359 484494738
523260052 1051000 474670032
690919925 313551421 371790720
913155855 638722684 795089814
664378200 902466584 782753141
86946413 400677608 927056615
210986781 60644610 273047752
294381403 341230881 54888010
11115679 868511653 190676819
6311887 140587322 833345770
693854062 405105319 797147278
866420115 559143600 262031460
601790761 530822799 595874691
658115488 36738229 952467364
228757418 799697241 332514850
684994889 371751010 945427274
59367421 182644562 638280818
339526145 540090978 429244463
485963832 817367114 425846891
50713791 255271068 696401042
836564504 51028598 292273188
9136275 649170321 838453980
771834175 846837680 220885278
293284532 438180017 735345748
740638865 493103293 729521659
373646776 319542823 671554361
73881388 576029696 763412586
776961069 156976385 257798550
846975799 455228021 581649741
542227400 103356530 47946336
81085733 954197656 261549469
891317925 589978770 714071368
141908366 479326098 185245329
76956109 52042316 935602303
805674189 336695455 107512361
261654107 262602020 301525258
402972038 64538795 107964786
585717643 333401541 171458407
159877215 3137483 105806587
252352313 574899834 706021687
587234675 181525693 388331666
854799679 253452364 186629880
33851085 827799366 590744030
794818130 211513024 735664891
785124400 82460537 946486070
807734007 721681612 415254172
561536783 130522429 777029187
837234260 684161342 441388038
238653750 445963550 903120079
9704042 255077060 577105121
607029508 726640616 716791829
730381973 92292087 696335345
753137285 514197901 263639060
792721423 408425205 644494913
13561750 500209747 804325154
547909744 636203800 758524336
328840457 695801932 521937249
460002463 517696817 197769558
49577858 45893607 24840763
379662428 138943860 86750293
275929276 750276424 770164282
107076912 838102022 54067306
508834631 980674971 9486493
490433737 122556790 465683552
259248723 288830383 601970386
392113169 935617305 852848491
29618682 853040475 702453439
720794143 572447124 899741821
651392074 344285661 111883427
193599260 232670816 492608918
6893167 568102114 398695801
86894675 821141717 118250305
947203989 838679025 627216428
809037464 86439768 668099110
284360544 857433884 689967337
326344709 388487392 278680786
390164092 451310578 650159178
507462143 152222332 662321836
424587460 369492974 363388095
418206657 883370177 123355423
644287848 199785116 486962881
459331830 535277800 84017446
253754591 471577534 479046938
788514706 734820939 870676953
124907334 738840227 810942155
725559179 537972378 537381943
445896724 805396086 151791023
908876659 457045781 258253884
627767787 380507688 430347139
114409077 144388219 796915313
431348942 821318437 890326473
409828757 991779466 833611596
473111384 584011182 234890347
27122080 399706064 390258355
530878229 222772686 492596661
105705141 210020878 584620857
908457894 914905917 563449144
513063229 802557287 307622220
883865927 49970088 178105056
783228754 150098218 233448013
738080015 703598061 996034405
770289580 817573669 309978278
716418659 408860220 73924480
324190481 319029495 845527551
419814050 951062905 409378291
188880588 530685167 455548847
219895371 781169981 234518477
911043 318747625 730119469
118594770 76899644 864937710
490784627 446779625 836590144
103897749 734651803 320179381
186955400 672387292 720418839
109807387 402216455 199253012
317313888 549067221 243486230
121004954 645281780 426041566
571084899 791478687 452580253
222488904 952597039 991151547
446309587 281247214 514534732
29219903 903788806 268705960
416931956 336289206 404916285
578368700 607068483 416074078
636895586 548160036 968938244
518656232 995329319 23458559
232412077 405234948 591853451
599934643 836884791 248385055
3210393 30394212 298826584
581198951 236104362 522290944
733270549 647843616 988415979
687942586 244638483 431176657
782689612 243753541 740984128
905099179 84565680 821957782
369920599 619176585 194481468
801891836 155656968 836943479
759078422 637651379 121992963
710087627 691327685 180031242
518138681 61902389 411567151
354152858 642430594 239502626
300819028 69163934 46902126
974788824 283706664 53557785
404929915 797604198 736147999
155857858 621706639 101133403
87999597 583273847 484969042
182899975 137742258 551434054
168446678 301469997 515196616
133226882 556835945 206780716
21928229 93957898 576034101
122634962 479264693 747886206
626409100 829655319 430010569
700083563 57368215 910514077
888396112 515888352 359344678
727079108 481250646 564595228
658012585 782863371 848319019
898197038 780802411 559032683
704555982 270630544 894030464
619067051 512243896 960343969
305865521 624526139 659600052
481890704 670317828 644532257
61074677 339005882 173119306
998427943 932275051 144763884
114305785 526490538 133400417
118518387 299745070 586569334
916618291 439395521 848822372
360510585 448296799 382194270
554892299 792173825 101920457
593663206 665517055 573954902
711793751 109527547 957118262
10107303 464574335 82645358
528835042 226837961 678435781
859840299 735203211 917142967
929063020 758669322 336492518
436349655 925104351 261191977
101697194 438016478 214873195
890229175 101058841 180563600
640355658 494993208 393551454
894215458 378385655 481714224
878295149 191135141 799772748
930648587 808843777 444977661
110977389 449417224 640684021
327586062 653696627 440793272
233988312 523989827 981245354
601889966 544512278 76268517
95219382 616283502 901062874
957387909 226837785 564311165
915843363 740604276 762922925
633483441 696074881 623588438
952472837 628404636 57500991
420867993 569514031 178981663
749149017 50853634 122222579
819919786 222459429 690418078
884009702 13924341 536431847
82527518 457433604 530161773
373725524 202427314 853994768
733653201 746902699 184405001
123393630 417704332 238159583
861651750 742012632 208810527
452680638 988833760 129422754
861495739 899343143 259928114
82551138 504880324 659191828
924473279 565736748 353715173
287506050 621047654 39332199
809937390 910409288 48757534
333367080 740073450 646447648
896353032 60432693 260567732
511339074 722150841 175387345
645723207 383601936 805021918
317670319 398971883 553931084
833787287 357457536 540652791
241492542 366947371 746083699
452150502 970453622 880821441
931551313 251706575 730233005
641777576 984695634 629209054
588580930 814437908 892134541
132781442 164442052 517360044
913337035 298985184 786535084
233890233 648278756 678731073
165492770 156229357 977938343
345913056 834507540 957752087
367247359 113646329 470240249
868358608 292411104 74882591
895100018 644458646 752224743
794318411 197843502 346465628
598773697 945520525 942925139
71692520 675759721 793553154
905210239 969834244 892786814
272795694 893429894 529924898
931628134 452015070 964252690
192741111 971310764 114131975
879287700 755071381 195632706
758779439 201723464 435741683
870909950 40074897 130474972
747553552 581968070 424305155
250472797 613587962 642349010
280375624 384407626 277248732
104870088 885637936 223240792
776667404 829530382 595775018
270249137 341813929 250991636
100734184 337102611 418342483
233676337 833203117 56609031
647582010 260233608 9316811
960737259 828727323 860045435
504973652 641899836 429435333
559759259 710256084 791217136
362575670 832332520 667612279
49544013 698589510 630440296
460258366 747070388 710389562
328408066 389083732 946964359
846387649 622013109 578080406
499090130 145611587 676068391
298033261 982115617 783165585
34478330 603875995 804509987
656355776 649991422 930122042
188808900 754430555 115546578
494890024 519106028 682954729
833652955 957815630 202059403
352855224 698845375 816510520
993994248 99801789 449400734
429990738 545699513 69118818
71449522 942041817 221401007
231705571 667545345 505161747
206275970 460412262 486213132
30905353 513483794 743470204
146120626 129948401 514130989
705300551 243055324 758719317
315394753 12031453 758434529
987715387 193552379 328167622
142382588 698422076 184308700
694001564 183326386 789173702
913737081 290310623 100993598
739105285 662208123 563940539
944419328 850309725 901391115
775074187 246460385 870545205
869063111 65853562 442161188
723389904 979642009 263747018
198457010 787610727 251994837
465874575 335728204 331293531
968286870 15479088 101086941
957305355 584414201 107243224
696658202 849225273 332864140
311588366 288251879 180598962
318397613 816880487 593507469
936963386 915908885 290716842
166753550 718764984 717424055
33089860 168944599 744239726
300122211 262691719 868130829
898490017 809534450 394982062
7862868 749156816 645236131
330337034 471607001 441686640
376923412 753285439 960403632
97561620 126717996 717589884
790100698 552712731 457195710
705845675 69928122 361167057
447243997 294167073 8659059
657869371 861899652 618430341
306024103 110649261 331710315
531494466 377477173 206593840
666790630 578909734 665764210
758793241 69743427 963420084
206717213 501929317 41802278
343510404 333983173 892084063
683208489 144133874 322210519
900623186 348738390 100221667
734844423 680148557 669573796
59917524 546073815 976351769
885463197 192289356 413974177
923501629 81704545 716612328
968319578 882410838 837412892
75805238 29164295 690420574
214355377 341778521 411598375
343087332 661964951 286869241
194603463 804607295 620523128
637407832 188364801 37830760
680938413 187367439 259697265
515701990 410417471 763564642
409744903 464696381 626083847
712927059 454650778 644189671
186046233 832544766 180260801
611868984 372560611 250963145
248799730 576877953 412019825
100148466 610616723 268487364
99713203 896321382 70249553
671209441 883389020 581716771
840133774 810132520 206023765
653726009 726716299 17440348
897406198 666913312 851530461
247492451 841214062 852541824
328075104 136168242 301123040
701910407 677451739 921981037
159768794 315740351 2362885
406461429 455953574 723001425
190776725 550171664 799593892
201670907 290080916 440353882
205423405 216436018 865385900
322023734 724288062 555545781
578529899 649085442 247038098
255690120 276332045 224075905
507493145 398279854 110088188
791967953 565658084 409362928
468344697 969084064 657445727
273161867 785608295 40031768
545171305 466710198 833273151
867983843 388663744 871808980
309205552 188686365 305242032
267457666 781102503 603464381
189617493 412015168 665958477
143399056 595373815 354087234
368857602 22359121 482933420
288824272 219260684 365099941
881748727 894280748 23309720
620212314 925531980 373013747
175115711 815097044 915434434
600696681 680324505 970039956
561633309 866467402 667290843
400739353 653671054 292035653
943967170 989091511 514971107
905731291 678127307 929461860
8865604 267081115 611300786
458401861 866153808 970992408
649666568 938047172 453064757
304276135 350854976 224980353
346513598 645254104 103214645
901413624 925444210 505006657
434712540 352334763 48105326
277684957 491673711 133789095
861750572 589965208 561603140
216261434 4864289 40410901
818215023 635566972 857028192
632114963 365311618 294171675
146430725 591072065 546168164
488906086 227919454 295033851
305803750 794109265 783537156
655541514 692623829 431606799
716145000 405113465 554421010
465615555 461386307 483155775
632479947 578632927 656368209
622116070 277255287 490684068
17610561 438712660 752474211
114344610 491318575 751920005
916280309 918196114 689855263
23889708 936498917 926950987
930436879 918172777 465177461
627325137 55287247 91271843
908685514 280098706 667035780
472784340 975156226 88084920
86751443 28257520 814666750
230739390 857297815 562210648
279935186 854824896 768610421
481069499 110197081 361552865
421109724 515862560 890421111
384932777 449716716 464001547
781571976 349816899 55317
700744575 363683343 82220259
582848040 781653263 542436315
453524380 21477842 736828463
102995382 412702814 527631129
711017206 314102957 279988321
604489928 952214024 776534920
733462952 194027282 219483775
305035660 745492775 222787654
395069737 655730112 953044494
686831031 467010400 617920888
555256497 351828923 20021570
948053271 994662551 298756682
348112611 815473388 976386825
17865820 693329066 359836360
839172011 439118265 438654121
920059446 759575160 619134721
849316691 246237076 520198442
368460612 333790545 48920908
145722248 885648037 764432310
804651333 967657071 283782986
967700215 191069859 854059387
602358509 466684177 77417848
506407638 892750586 754848998
576663129 631174844 180193887
965840076 355551454 860644116
478569530 133543031 322834128
35747571 906758281 139643419
354805543 59804228 925784860
732816859 922628879 258468406
578658039 347598273 935544043
757766835 526672882 459381725
799473996 185144943 811286994
404147910 939034879 892195121
323040060 552077496 847810997
76605941 675582258 441600059
816678525 811615849 267757020
555448583 694523088 308724505
615222108 262523228 814691870
803862217 437231853 922828920
600530563 932193007 55588331
720666725 413779957 210305599
346900506 549915726 376662146
237012088 20342393 773191198
901834132 90817227 23338491
826545511 85326372 912845782
820475331 151722041 471667883
589775766 620736162 405200646
645407079 358053739 90257839
865986215 655401159 696345359
223763757 1646890 815068849
315621981 690094298 988551877
540859955 923046865 396074880
158301477 973401969 932251408
970342851 760330588 525838800
493563100 376108295 562834914
403778292 814955746 509864314
52369237 957276883 232180445
415850822 351701882 445553352
157497519 55410982 208631287
802469456 453615144 231533041
272439905 326465386 730147472
301999461 226865375 675241896
639019669 277202534 432681810
546180292 838466759 641828523
405358971 802308936 793226267
771731348 262642788 249783650
112690923 576832326 77244239
723986776 161640251 210642659
238746839 398126059 472171979
729744511 452774308 95323866
511936255 766720825 904318440
797558899 968704490 51343291
481565908 947894270 236052307
900008759 133178211 951237337
479426375 323682852 300583744
930275920 383678064 494977891
495586415 951487671 459569710
185821044 724992679 443966941
955836588 145926740 416745164
263069952 421350588 477274150
577869350 336254832 747990466
44173900 547007301 659549359
968223971 976557199 595140721
982291356 951844927 650100764
524399338 873722326 532466359
284505193 841337533 532356105
830413941 922011544 401937833
658499804 292718126 734587946
308007480 698000086 257082789
306295291 901203115 539485907
765429893 358932875 148538572
630751558 380256642 911007280
204288205 479023200 805203911
493594605 845261899 272461888
942936026 886725251 933310260
29523994 808782525 841822352
257726102 511313927 418000601
500074797 450855136 598689074
510370745 302142953 26867368
284690208 936430998 161380876
24188595 930479307 515415905
452314206 501701452 380847085
86454570 330847110 640779931
477978491 376595909 214449061
320026154 94775843 81638046
340472854 810010550 505930559
823056105 223013112 699801244
834249863 223296343 63774865
667856972 631747336 62479796
846931431 34701420 690791506
770546313 49941122 613080143
913867896 298245981 792931318
35967279 855030011 439204630
400076911 427808801 383399210
779507062 543571747 161077524
260026075 799792917 311927084
775619007 282814531 368728607
262171421 564072810 859519811
358127460 702972470 705690050
453834625 392406461 264142429
367172954 193588551 981172503
215054170 928699904 726744963
139729973 441971285 461534283
34243421 677850879 733943659
982926465 982957636 720595525
818933929 14472706 925244336
39534273 279418113 500809348
31034525 918550910 612698424
791200100 84483481 75311805
64349347 789857674 263619558
875027376 330352701 628046958
809026155 714762928 388343547
885269889 452491167 83533496
84465272 644252655 740275058
821824012 641940948 538872596
609559613 635192769 789842632
428532743 895015427 337539518
86274942 93161747 588000960
109309403 733201681 952120657
341752226 539429016 230893606
804099224 480845219 845631194
997666163 297084844 431421973
457827654 82142091 334963378
784010024 329008084 505070797
481763579 456394196 991403883
99868088 548388626 690240116
820462015 695687831 438476085
548812777 522762788 718257671
64344 301360817 773681671
495594423 787136143 626582441
441961521 429384292 720711272
698896944 921806719 839637558
895386701 411672514 587938169
950731964 158120538 760391524
659395699 16989506 794970622
400359612 764520071 142987228
396060524 433916321 368393777
644673400 629391917 402575068
18012944 565597871 689239031
664457396 72799063 296595818
771299962 176170179 753104946
249828001 742659360 248632825
3875020 783826166 193789628
616597902 756313340 199647059
532983529 453992074 975245488
306846035 918441609 18628435
338814661 298757367 899984521
516661692 730583717 259812387
669093336 574484003 453474494
187620469 982071950 167037777
72032329 272061315 58835840
380698743 72190582 232230445
940244151 94746366 571159915
417202145 403830476 34608333
331063584 520285341 330206024
484329745 931594364 261602151
228936822 592451326 634346025
899804772 96946732 272011491
487245729 787302226 795266380
537238907 364625754 180023141
280407843 488774976 321298214
928511805 324748448 888643566
137656148 2859112 201839414
351451123 650373616 281809577
302823100 110715242 17917540
998604627 963351959 801338353
938194071 721766775 178760246
983895309 775249151 242590654
840837611 541754631 516309652
692713483 242300926 900120676
383700328 88139946 576889865
983307722 802856986 732247471
751277119 810441201 922775345
436247622 444120877 332960678
993931848 931002965 928279378
533542934 514393186 324749280
102555271 218814601 96822063
218566338 986417889 393492969
81985409 542757734 724041303
201754478 9301481 151777961
381545031 552028637 401459238
210018939 287264315 967121396
449262283 829407611 341750238
573927597 874793317 84326101
375016990 225525920 667868236
566106974 833030595 577634820
391572065 684720281 180160490
744926070 127697300 525016111
590963169 646733407 352045964
369074264 941482978 668530781
866220986 665587563 62154450
868491687 619910187 561045640
325975733 757934826 951542168
727370577 852178575 81578849
984270923 183404909 594853574
402769279 354648416 387627171
867208728 557088654 901409710
952515224 929163421 118758081
404574960 494689548 370614696
813787202 666615069 190926893
230996421 577712767 220690471
916776425 104261278 630927112
236587467 333986301 571760513
818410962 614115556 98461971
588122380 957271546 769311084
821873530 44079596 786343655
59578887 210537146 572164274
69826132 879527959 277241136
930020007 413583322 203021597
278223377 136510459 755460504
651439486 876635303 185810370
334746255 982181602 168562642
110376728 739955634 653120819
940921635 397258095 616578295
497475626 799468230 903214544
260020221 819403468 909450391
55858323 902390328 630961932
789743047 991859293 109097380
186174894 67983122 552988226
337578851 166148276 507001451
971309762 207438285 316960020
97364663 93583075 317530082
777098180 431190457 94619281
211142564 267854115 90030521
356847519 947742331 688390186
382636984 389170436 210214170
911579846 57953960 67400710
344378828 239935149 41866748
203806198 63228418 868085215
329973571 318721536 11019532
482947871 473467612 572115331
94436554 721252399 764729711
107168313 959606651 50951873
662110978 953482067 795000643
437299714 387151097 659182324
589516020 325428778 712582088
824691589 335933107 343346851
490290387 436773725 796096170
901309847 760123760 464027099
254885772 804568031 859229769
327949509 349541965 951705943
325962070 128504725 840831600
599536371 796697612 197313013
641706635 634594515 105527908
151783147 436593786 659142836
920934399 971564030 642045128
286582420 366407103 163961350
59137825 447724620 329408986
734907476 88083427 663705212
985008877 787850083 862957092
110572633 24597092 450274716
112358004 985392242 746008575
803387645 410647478 687964107
408596754 740905178 661274080
100162338 18542837 63214863
961183124 809338691 953684895
902160249 912489896 754110422
780299104 565256666 683381095
142179252 171838739 713129717
268498504 143878846 859059825
794626305 132604857 434326254
575039461 151822107 448183313
885006827 540583702 993270486
135233309 163149661 737675757
89892241 679484941 870323808
536034841 382079907 996293538
685086580 431760650 183072138
698343956 839842132 409126603
897281074 663876535 610401558
836548782 409587979 156777689
32724417 568093326 207825676
677989786 290973360 533187276
615184498 858597195 760656340
92717920 800748674 4168499
11942616 370722983 610640269
247384271 149413652 710869393
858620839 680907829 680056967
990509387 680270121 377629685
528577993 139056278 816111825
142452492 591919737 673555318
489481391 52781191 755333554
216076309 169544529 156516400
32755072 50064782 692980560
709752113 497467359 980185622
907618060 287044869 600067875
364643062 661086303 529725989
789217493 138317144 272825588
864428168 205486907 597538506
497229046 131100258 155422037
655047173 375431855 94889047
317013238 359356821 200001943
967406561 770107397 871236315
47991869 355604686 726806621
549454789 949814853 993753900
862044760 689899897 24769110
758595420 998308963 158290859
980892695 678338775 554059843
428888629 17110715 865450537
408132856 47156400 309276438
593154395 30794826 186296903
849646442 893088552 195344637
281478637 13737153 449370650
840928459 385056881 909672332
322590594 951774290 512288767
282920246 484424185 863979514
428572652 743662896 651747513
366216173 44729990 770964994
622310501 25011506 276140252
934826116 89583974 681358254
539744734 782411034 627520115
542303462 354852364 467777330
421059872 738531118 278727577
219298577 37878567 100683004
966990469 417609076 353506845
673241474 903014330 380554652
463228518 864640420 144458240
236821900 552787343 600075651
528428046 569988464 546168564
995086015 548091959 475450203
781689672 944971688 409006472
373226993 456950118 748673952
978525186 658571408 669413951
890763250 255180111 79530865
221194669 418064414 707597897
56335813 447417978 694876670
137414197 950314215 995872242
148232294 905535758 635202247
24728380 949961810 94687089
104890525 858310961 780520108
932154096 207800896 597013957
410373996 9794149 990102613
300048778 517537545 891965768
632564622 297527636 714477625
808781262 480195079 969106528
947262652 85514406 809241996
619997724 660779310 16561169
230123335 546469882 17906064
222602250 353552017 130194626
815966459 774201124 784128190
275254733 920022672 559478974
630139803 856458265 821731005
346445097 783673320 264024393
601423724 180913084 771223779
611536573 311222214 330755122
78831808 632564212 763750314
809049009 131034347 278760003
493493288 868527300 604900800
784987950 51302983 388358749
250566714 330310347 472983019
137595514 602148243 257019953
631922786 384836631 947797245
99831937 789647519 438987950
509202863 230911255 686770338
60446779 880547182 606019278
355817797 782449471 237364240
135393023 705993817 783996589
422885914 529810408 8403679
867399130 597637388 274714160
928283593 548180525 815119497
555197395 433804693 874769404
673010090 567709348 803389382
827020351 444391164 896266423
858644430 356190948 408019579
739557456 709560308 160255670
636730173 956616891 179099078
394664498 831396536 712462927
711276402 574232978 712481064
199255665 936987493 951234371
170564185 564291201 973060511
176898564 769769967 576085398
967516705 1729162 816190410
820276184 118952404 565800022
234434121 165638001 263570700
401060410 225129926 44811985
468999248 964518415 547558123
552160162 368130294 458588596
574642822 781139745 320003033
731764020 893141822 453554244
520720187 973505788 439701802
686269852 531726676 539428383
19834267 655854223 428663149
299082069 347836269 860829732
592344782 234946399 514998787
288622680 788197392 301427698
616899162 349453338 892226732
617231320 509967119 359406036
157366852 85200790 248089135
383770585 683091325 215463593
87145898 512793230 346149901
963385981 370025309 734094814
845347921 761411019 354069622
643923268 674855580 170339175
991885946 540034553 751640984
668568014 524570895 294782915
577081516 760786379 491080119
296818857 93400066 736405675
69116768 757797684 683021680
312601246 565393090 414219219
734336563 952755367 997017236
168030171 460143854 476486675
347066146 816701932 129171496
900902101 803364932 699987026
126504285 848158262 662601782
664451451 529375948 455696872
276136215 359322523 240539372
287999913 658341765 436217455
381814763 845174794 341765096
77246574 824100216 384604062
836068779 688618661 467969208
333590651 952108977 119821381
656461422 433042817 473090340
568426481 643012179 458238574
255102635 775913440 8521509
980879215 868596953 53494223
607442086 221775901 376843019
790701302 541506049 878510324
197230769 65525688 896649844
118387850 425204529 842117870
205805442 898854636 40414729
92193071 814541546 790712224
351415315 618053520 510456846
700302657 686444656 166680994
185276246 989952121 301487225
155245364 135562803 562990246
301468417 815318522 581377696
850274999 800053136 230818526
327823738 829243703 711695954
644462414 179736849 514963740
409708096 440459436 594098361
52419938 609590736 674771058
558238388 822800018 272773127
468037536 703200853 745346306
52951263 88919422 863787048
680503602 938713088 543475260
36062760 294843390 8704457
852157889 219023229 211027924
977093612 322135540 594368478
5377366 77298097 900338256
917332270 358247397 934656827
235335821 470979210 802891542
259857140 402361074 853152858
946121467 565844292 428564635
429759930 801946435 521806732
112020126 997016403 371429372
350357670 280477137 292665118
447566590 945699388 16935610
370494952 263118719 628966342
165615076 958310533 421927856
43919167 660409478 956200319
469674465 520287754 918899731
287036404 802878197 885509949
432611210 679670047 752172413
147946721 532331787 146064345
51623165 675519335 357296123
804647951 221416448 424222220
993403185 748144577 915435799
851808336 320954883 670069531
615668084 67609777 114982215
643494332 741820249 164451086
762998088 569851549 881554550
374761840 438911327 477221848
793372662 672739379 993733838
733151318 164887952 862235694
538279154 391304548 792274377
45713208 183301143 91795596
944333309 946225310 383773375
344652149 775944748 951407069
912456664 842530606 696866994
900258333 704760422 233547398
598163109 264033270 924379365
21056273 723248462 533786505
487466702 365269903 939257656
343624866 589508469 148992136
95928966 981599568 170418799
414762151 195842993 447519474
278981328 233586223 652126276
398122543 426989497 512918429
688641887 549754205 286683631
309851142 803575808 424583294
2714084 478685950 602561002
654456710 834041342 893563144
24025873 892482946 515930416
891351746 368716370 88246628
715438196 838889363 959614456
604061962 748362992 611515286
107433142 651922209 542102655
69443276 489717357 518912026
402271249 397633752 73574595
164472266 614810201 727552620
738726203 297788101 320979374
103054880 851977033 329444337
648556509 838326656 177394348
364055618 221200116 721752427
107707312 461112019 985322262
295915338 665625990 581428689
190957484 558360212 815330243
722589434 815994350 262569804
555499523 838188130 691589366
361146735 711851734 612424236
510960165 292179434 472419336
477752067 466404531 376351832
407200851 837660316 342780572
625292387 964102533 39406767
516908764 20124124 388313090
350194069 325335588 778767968
657942883 282741969 696474230
852327146 760599173 225750827
685742036 896944199 328476531
239074098 822309126 463759166
576646026 505464627 705708989
528956575 109359090 361083934
923228354 440800250 859748394
605243892 187605603 151251595
779454950 2869995 891279188
625199704 285219633 824291996
657657770 921910174 963785088
57733140 522780076 434774523
745105527 258762090 320467011
928925123 120853189 371272240
226032381 386484788 637526006
498015272 501030708 134206305
54710586 712954013 51259017
117885943 132144692 357583830
690898108 270863328 496437722
488395934 922138340 245582133
823022843 308954613 659880446
282212248 258118876 712118810
77048014 879015729 960388027
707878474 281765897 745428502
576126506 519429700 143335812
185702339 378384053 392219007
502831595 537387937 361600240
430882786 273334269 111521396
239713698 367873396 290300589
695954125 785151007 680623472
523769109 331808353 102253162
422525897 573342956 353045244
940099850 696537714 401678824
502074165 229777179 665263050
714243754 337234196 162831498
255322132 924173263 155228002
575962281 393761040 400376095
375292209 593443888 18954709
895489776 832415113 723864197
805173975 624996139 843699457
898373329 369378398 521821791
801910509 641887857 323638533
894281308 523770326 388829155
996395953 538572919 104927181
701820321 438928655 432129489
47578908 166842246 845480236
964140947 977049812 570052801
830445270 976120792 281848009
674384849 687490095 126226714
833969528 207679625 440818931
180006670 255911507 229141821
796355151 790340597 703516796
845140783 685137090 324218161
476783883 2019663 322748556
19588153 499305000 109266104
270177789 429976876 866363382
636624771 477373085 680321233
769139831 103096393 273251640
783330424 529032641 718806764
633365098 525209840 773485234
869040986 866119860 881021347
744676878 263664707 312293724
133665346 596969321 375057454
766269878 342890573 614078997
365121230 44818105 556414665
765436080 232735798 536134020
304299651 400358926 766527817
823112466 432097294 39813931
131706467 495509827 27271207
205045498 653353769 885456508
416938215 108204128 20717832
83572632 494047230 373591936
661183026 727787048 33543462
707653295 908797735 42212731
813873212 112592737 470652648
804989260 37866456 411476783
493934037 615016337 848876258
693858156 289599251 616997878
35909752 524932198 583037551
464367736 752402145 641434519
191231246 568011655 335652862
336957418 730041439 105083665
427208012 970518079 755522992
167606581 117941910 804512999
856981838 392093199 620945818
870184304 838155886 253779653
713589993 590211450 827479605
849824942 991435806 628543944
455503305 477997240 431434021
726768508 268421144 378967068
212538392 848886022 460029952
522705078 257862057 395152475
944024649 723494464 854251421
382301308 755088496 566063978
638174536 437570443 48828886
525113189 62054679 487966880
137532507 142635234 573355009
578028378 230208899 290007607
836541953 91670434 229384746
247480237 859901261 370876821
880761249 114321801 808829922
208144775 657228527 7839760
79897839 292170476 203540138
50603678 648111659 502613746
977937818 920487027 332739139
177133568 528816666 682097607
332597968 659799861 243429068
464085460 435067922 913824979
721954037 990939232 241609039
336777226 515164216 764791379
828811559 780803549 609645075
444578907 474195992 825305364
880665491 949659078 67168555
745718080 287795155 558517601
23994565 210471875 755477953
824251379 917141062 957030934
716787711 11815335 713171907
55350946 981585761 489923634
723212802 774078326 245164580
863924852 391062442 831268800
675265845 469174612 905680723
391655300 602068340 873767263
164677254 418578816 885152033
27047434 551544844 186945194
912466635 367976839 194857017
718750379 445689353 254782376
963067773 783251450 505598771
869492635 634900822 283915098
759717424 835804670 858906815
73346810 151924223 951717467
543936013 927695054 819895640
561663571 419124621 460811579
626285652 111332241 94983900
869997027 135566118 721789811
137892661 210586614 855518714
861427999 178506355 81130687
283311170 672831310 706172960
178661256 346036207 930651970
170796560 864473854 405456502
88700059 991356729 116184697
628762664 525308720 847953358
689246877 586858129 609465264
865466781 157568090 905059000
357713542 869743735 664320068
928944355 328708841 423391898
814136036 814732842 341957996
484799743 283581591 675573615
675507622 292968725 405383053
982166202 399755720 751690652
230607686 194200673 402421988
737060198 879364546 340403630
300823845 307530609 992711180
82045603 117440976 559174581
104749673 856086411 829428400
738232460 571577982 714825057
912682373 820891039 971827809
747628191 367873466 91620316
229597323 410219331 989309630
483340005 201412748 548906908
19639059 737821099 363061557
155031661 62211193 221274065
593367852 886405524 695857633
690918765 579686364 107661176
740899821 636849180 232344597
477341760 899260223 775539066
460462889 550819937 323097753
837865413 107070307 576661459
836009288 964015015 300066089
925517499 533279331 86190530
279356251 410171354 720223816
144503201 178039820 29958781
79994634 280284707 710683780
560737567 261810586 212951211
260848471 347509227 286649296
64064827 965723603 104631774
119498988 198195656 475577319
181445148 581648804 222327712
978627921 417865294 12259900
210018609 1738851 545630721
517203525 943228197 835060540
424012787 987986643 312544635
503276564 974890619 518514870
49617477 786316777 615264755
11346342 452891279 710173108
714051336 518798200 467604469
116401532 583539043 254732715
832664891 499324421 405033079
155028146 795065665 648218072
400695256 2774172 518813636
452118030 702448013 518381427
739854158 900158205 70523834
683445927 446715232 199223964
100726798 535783912 158142591
44878805 302729618 585833703
562160324 907908269 554207053
423861585 602276993 52963104
705202155 321912487 110571823
537948812 418685219 873942528
616652992 238768340 48013555
242867742 951387018 888102787
720788150 173769309 415669761
907258836 319301850 702593652
352731141 854532354 430147075
275632325 660091676 461064446
501725388 320523334 117239993
632243160 658068861 89458319
430869012 39733784 346712607
770865071 973032736 735176322
808239296 247702563 654151548
732002840 21939941 415434657
842487295 978954828 268620831
854789410 856420423 611096397
35637879 606191421 772361966
761986394 806045994 522421278
692749155 16606288 246389450
320369985 140325588 361091943
874402433 710821034 122935563
757167893 640146674 483858741
733018896 56994539 132481302
593039825 74250666 791769633
927043307 401325710 599849352
616186261 107203508 201679006
426389360 585005875 152687711
622316254 420112061 498803400
11569188 496467660 297718559
188067527 126557327 356604520
990283593 264787805 71924274
642485355 267327585 684635297
967793820 427320410 782355658
148763919 838548183 939125958
366068764 184546479 431138599
854580714 3701483 150963468
187080422 121420441 454669117
613521876 789168576 997744789
812533997 26933660 590990656
760036337 547655647 489084667
393889731 851120012 296722545
552331781 11236215 152003776
928614318 905209832 996493043
647986180 249006114 213660417
829683109 395198428 585443106
247809316 811754549 540613514
888581582 320020724 206291716
732767551 901079940 667392388
685883028 88780086 4575998
438358997 388788775 481717649
256960471 950679742 862684098
350331265 914058202 90689340
515415383 334468862 363001974
985991641 272431012 405210603
616231329 233723697 828379283
741169273 758081522 370613971
131122932 27915457 940685682
174938712 788560979 87496499
326694745 50557025 974255533
867376347 821581368 94947905
161643050 978052242 583127510
262576565 203364920 93179911
613489683 354784757 394754030
551073529 681596264 625891293
758634790 517748676 608018512
620825311 12814508 236810586
363864010 867611451 814290253
925912121 647356865 487259523
107337954 529120555 997449335
529294829 87451877 920218542
521765989 750823495 28803876
206422125 35066620 370870088
441099056 537211316 485225270
974479417 61186030 959121720
615393034 325842831 79149660
139124162 272353752 977186797
750166555 410155253 5167612
354291430 100097076 421079032
272053993 580755413 868819669
248956753 816866455 681388414
677742353 596228027 634148327
344413613 224233695 256697094
481270450 413589093 599808902
277956992 123805985 811806980
598452695 486990799 820300122
894135247 433482274 491242358
499062557 929505446 716434001
467703891 920957653 65112794
10082373 416368871 300449408
240991350 333036064 348533803
704433763 904940580 767087887
999889647 630417772 857960619
768774981 488602475 726195560
681850091 717577834 904128317
250372786 904905101 85930369
686177667 818790944 507256171
816370466 253761947 47896623
244433689 242449056 190102849
283679007 622925004 849592974
451185102 803606476 889828324
775845396 778778944 484460245
357911424 979691577 810599978
536734079 962219757 283497061
932309739 365379163 124887333
836962012 346058 324479056
582875541 301620687 963044449
572657956 922113646 46374038
629909212 325849041 752595857
937640624 471146233 778851291
861133227 233234502 905913077
125700427 581325221 99567689
369837972 415556038 20974168
919601626 366044145 907446611
310859082 174158708 519313893
55259447 488567730 638180055
836928585 911295442 626717493
956704427 386416739 877921858
622471108 771074443 955384704
320937033 861942251 512517387
444052965 893305015 126021864
112942798 115430014 55002408
519816461 618615243 507511022
421126592 329288079 946087696
482727473 388756097 311309968
723284212 797983156 376983553
449175816 366597469 495354376
160908861 549472420 606958746
848523253 489536918 162887371
178691465 415968822 733498251
619135866 225580609 317874061
544290384 362767277 288152727
730466821 26552687 814123692
218203162 622738059 11184654
653753155 544892440 276833320
735815026 408264108 567391729
921561995 374601470 796333102
447602549 12249011 905004346
465867862 406901009 776921897
633650216 782665318 641516850
195417054 990171353 929325644
697883290 770762721 926534588
437789903 72670133 234595264
557704688 141966685 439984049
839438221 588261691 511485321
36260273 670869311 824128772
925889871 475516555 948277168
473205816 956028205 489857352
471407952 640104092 402207830
502927126 43894791 812681727
702500403 220246575 611499269
606665007 958937471 886282066
436226836 154957147 403993768
239252357 533652270 502979173
632712642 197286769 944186001
800398496 867472894 814754520
990847009 476783515 74903247
719492865 843235829 91696461
59242764 470089369 815280769
255940198 383959761 132287900
139604093 594744132 641103254
450373476 185103715 201252876
709409274 851449116 34877309
436869717 579433170 967448052
701323114 983855333 180308280
308614476 216591163 176054417
248923721 206794474 734880588
833562755 259691313 55711888
845886861 153649806 231579405
662265266 632849071 997585408
246730025 270831157 300565023
407039662 24221107 845569641
430716033 874450336 760605536
955197497 29560062 896057376
910709039 405708913 607736561
277658941 759906363 243273152
730199142 984761107 2476175
428236850 657100006 369141527
702619944 140139137 204793911
366171220 469918843 577335662
944844202 420678942 346946056
835938085 150941039 642941235
328050217 97006089 146608886
543150489 368974778 260318076
517966819 768157534 896192501
52141071 35440208 843391856
410749379 925013419 284435380
272524696 570224031 951100371
889088290 596663828 361133470
308452105 570917179 514189687
837381589 365762323 263505836
114497184 125034990 621328532
678337659 809003736 821056754
858517803 558648701 841064931
10528817 274797453 179012724
388812650 375877510 333953248
971214807 153730390 568446743
861314082 6937870 347874612
265838378 476812652 440445761
816186193 325003715 141747015
392091349 357578936 859760529
32065778 515043106 598214656
923031244 455563637 591254392
569119644 684555118 479565455
584498292 426154616 29434510
728786753 193731218 45143576
245548527 775356177 633606173
139652351 181230224 131365105
267475998 953175414 80703238
984678349 515971405 36703349
968476904 965652026 99890239
667257628 769960751 970197661
350070455 601491547 430875143
445286846 990530746 224248317
635511831 832886336 619215945
710637925 141431698 579762155
870922713 506779656 607587856
563159832 834014168 519729862
171239874 987504846 950849914
557695689 533717363 217951001
887304124 856396120 751262600
81914328 270151616 860538333
169120170 864969658 332554143
609223875 389009216 855990796
438829514 186488707 618772988
877713238 121440506 508834927
983239853 715684382 620018749
421230893 332548063 322570364
123324899 458606186 8957120
251743905 209055506 816303322
196227710 581862817 597760542
543912953 7118090 505740329
4820118 20815706 348087126
84375586 753319895 44375014
191982290 565938224 523629760
335243089 363435163 735271285
85134853 161128908 22765715
157989915 731331585 170951395
784499961 755171538 704464369
807609002 3893877 88335734
776485521 952888942 525165383
387462220 319499873 393605858
291618608 71750905 427723815
295737248 568897723 535033969
665198077 147627775 707111088
928666806 747513361 73176350
59650257 932484364 953532090
288901125 435714489 445659149
141313055 938929400 500865702
343101281 698183390 794269858
19226902 837431590 104877965
381727800 183735788 435674804
731160141 730730634 613270104
480302423 271508892 296111085
183406035 886091105 54546924
246758529 931708503 774501344
427610172 59487622 516772030
573972759 975545607 823562283
366848581 313913415 789140666
582883878 864372245 202549916
216534203 14384731 615108993
399929211 545126493 529796318
152212272 968608397 255451415
739587442 596346242 232107967
427238047 574353853 759369331
691773347 11237458 457676725
52585819 854291507 94408250
928173160 278760265 360318746
478281347 638252247 164850681
246015722 144506497 430931168
521222806 81043141 287645874
796208139 712599249 570720610
367478195 537050887 755586555
107076773 666751583 681039881
494247013 7481109 102707466
391897069 47550454 775635532
114737306 607197001 464162991
532953308 654235618 909484358
519033172 718665525 141985677
29752081 662955229 138648605
376236519 79042383 613597585
140333563 49628535 127944997
910947284 603819871 166148029
590245215 777198580 774028813
378850075 135643510 255845761
243572651 757022319 160411226
606773699 483144387 903851373
4027443 892645294 288463427
617776407 695189003 913750695
212283213 809548558 511763841
628665727 365572419 542798899
173436506 637147442 976558733
110746400 369013930 575016912
678210562 975552731 399382584
981921424 346511440 870325826
134102789 83027443 461017825
904431908 226573048 861218558
648924475 693556088 476345964
89423283 303248755 645900774
177031767 20827652 970703151
845634034 501056821 358894827
891731789 493374086 325025868
747314813 922571212 118862584
850099000 332616209 982194917
197051491 321077501 602678846
870485379 502236289 887690123
255790901 625802391 442430393
170135811 413904749 139893582
371328950 645630361 85607758
555265685 993937188 585633399
255265590 744211129 75258431
190929805 322529668 701298681
617514043 850109382 982402617
504472767 781273065 482681043
253010546 815748444 992142029
693383880 466265153 760509917
847615797 495089449 515413748
184523693 946899090 806912903
276899739 318973243 205373896
682208721 328260705 212120884
676097190 948480980 367872376
923340601 326740348 668550205
962862657 496540988 557156072
531939608 176942899 648111945
930944474 404147566 388590565
511694813 118452671 362450616
970666452 436047200 808187581
763434701 914194103 330052331
239230170 960276441 556764528
930449893 726224187 695343873
46182277 896486198 168246429
658615338 983321491 613487079
50331916 819156783 865522594
243089152 290136461 996535256
573314731 695005253 20146426
687954347 318717672 134605410
314618688 505625357 624039816
927867549 449641925 54293390
672682307 32825556 774162472
53514537 609481793 308250309
10183118 645756371 70668879
449844358 750547382 380466090
518541306 244871677 513122164
445817245 136842815 309220321
943798803 180165951 435421160
410108167 745738207 836665936
745038961 894737659 148628452
135174163 392954460 280997218
637694585 165130452 990894852
35490349 237107717 443016626
839548124 643810613 247958006
56963442 639341065 816553446
90761870 770766683 288224594
991012768 891403502 675951674
62972171 979650700 107648847
728823641 356576504 159245019
501180788 259552189 116751365
763156035 122029565 807606463
494044535 197940734 880030489
195720710 425203859 333653585
978654118 70688266 277696119
527574783 930164817 352465217
452157160 613727073 846065080
13688313 943606478 12375385
680896642 70625726 560174718
285502825 135155873 986131290
655386700 855971089 239201984
233461156 354290922 655862375
566386117 791306642 293021330
481439114 860203946 328752720
175646884 169559542 617625490
578429013 684372398 260228954
895569515 852481498 817824980
695119753 818163175 346863626
661915446 448025536 734860199
446073692 978816381 744682433
516791389 845589539 511816541
856041059 88497768 378936041
267572503 926687071 639014339
21345007 847873719 181259137
178417333 463079298 825866399
980085490 175584455 796452140
323405524 499261285 782321926
836844770 253701153 432378701
348372578 11379275 45855285
772775112 217746651 153813016
649736094 604267134 17071671
617025054 40733027 755024113
683066189 59702322 464204314
322781818 904548964 486708505
436561135 72535210 928427264
902706619 692478875 334754203
323310129 156389404 484912652
540347837 524942192 267812193
904127856 791933630 757701919
348843737 341556087 278966292
707229411 56368751 767079633
988998818 305093213 189017333
688588099 266915362 134154312
430089808 664907326 529042598
642839570 154198191 777516194
757341743 805225870 65675584
788886023 464788414 475533014
390503529 871260733 926725704
287375687 613003868 241198759
667838217 210939708 328325575
248246601 734342656 616938327
429760349 630804084 20642389
297616114 343022631 916622948
227645802 793862134 835234609
721413668 633469011 928922431
196736024 849527899 739689608
372330306 187386713 551242041
503380764 599079126 745083642
238834639 359031225 490349545
212738336 266416788 888237335
857000120 886905821 548619015
105879524 957709705 237635242
264433958 21146078 516901348
249584256 297677952 365487674
266880796 675460157 964377150
900071848 729300643 223543839
54195645 194120184 246963592
454300802 333102802 108953506
907455557 191892028 163774656
314735484 814060565 510728638
272191501 23234483 680259508
612093929 578460869 401910372
204953071 767273752 879321329
492456949 168880832 59017926
259552951 247123288 372417418
48127667 348103516 983391305
77978257 429240240 51751946
134769091 266865760 882078248
141808016 350741595 102904816
879237335 30426960 523420891
760962737 96394549 392600292
382783304 348178166 573723250
922558397 535428127 58131291
863258164 631101007 286445481
680805896 749755715 56185959
293542591 163085781 163544419
961386513 695387715 878127168
737743317 724887033 321213911
366026739 422270729 328080120
76457313 84499439 637514090
666417674 167793031 398718714
872965227 399712780 918962941
94061273 141300031 344393994
249720370 548351099 859835682
872588611 38218033 522175793
827527207 554987626 80925466
629623467 97853427 906754045
267862292 882933108 786795098
951255833 370719381 970038401
22893809 375054281 768258865
797707007 239673990 783000444
739360894 332924799 656314349
272653510 818289697 73424224
661930045 765524890 938972388
505137683 118192329 357750983
743036351 533877728 921615699
812232510 337218241 384337635
532766694 130219625 960071726
421263136 464117063 856354038
247620008 186484949 552903055
678393963 697497462 141155092
298142837 439782722 264174171
18736179 901830978 841635335
462335275 129197565 799916756
440789630 144018707 907715439
914907634 79922336 720857649
718993436 936955954 576005280
705591320 391576348 957538591
768926861 464474154 254956283
339240933 141114697 9940846
938451208 836556320 833085
491990047 467956460 78552321
335717032 44598454 310485095
165187382 58771213 337576162
651883055 603847723 708165440
413833307 537917632 868308911
384935752 716877957 700220378
451000460 639570485 478236644
494543087 941955543 83050142
328642243 203847165 736413609
231683299 743813587 453611051
25746915 980223097 542439744
45132431 800112577 821908435
636579301 40739923 117364591
47385648 84446837 984042128
305511316 821724415 809934521
448392236 786767326 103129663
912228647 53746317 786708679
232517767 644133120 159772218
521400636 892341745 551306567
563118528 537769206 598362098
105401933 577616179 637691844
222397748 41086624 301772547
858186737 961891446 419552977
704850981 123029529 414328767
260997634 595779172 561569896
122279518 437691284 545735907
508021795 759910216 575157075
787975214 378294643 95128140
566336774 877569419 735568452
379268303 451469867 999614651
639826131 49119314 376365139
673999030 37779141 709569787
634809099 409964781 358706412
429775619 814696672 597864105
575850774 814608646 172133861
408229691 513928223 189082936
562646520 36802334 12918749
514502084 167592202 767226818
524281440 168140443 884894263
1908687 777391710 685389310
594826938 120538092 722874740
718080430 928573904 311796516
480422796 165718942 678898633
207399062 491882626 226321517
377640259 450944683 303565996
19050984 500481817 553798487
239740916 780773239 777850861
764419171 838666015 30900475
572806127 238311748 53383080
825327922 429864260 648175471
476145012 949518420 558806232
816296170 642543251 627052650
675180532 611703174 398603411
110853329 688851806 274129771
372244219 305002393 652367808
589081296 219493822 442012377
495478800 957454252 85288160
279400832 416105256 516261483
282861684 605911066 37923057
466843094 406860284 565706460
553086731 776549150 448669800
482582934 400048549 73420434
932434518 602569666 362523469
819116279 527661912 959082761
108422428 90195475 456325857
326763228 380451878 462897965
48784188 376984617 718156426
652427139 854274605 392391386
881570822 431827492 222509601
326063402 267301365 994422713
805836870 95997703 540930428
52414193 983660272 671965679
704182553 471260508 224958653
631973591 157356483 17456362
772835526 34759617 144635938
375261993 568284276 896461103
371623279 460122252 355705427
814349140 849337489 229703521
257941156 827350687 504363862
755383659 511979033 517662704
853197282 259796349 19787476
726930601 214815879 106753199
406441492 531640780 738211279
598299152 516503488 116249057
635550652 840487246 172752469
901566533 446336674 115675480
398547902 304052874 587880005
515918469 722947901 165032979
13545506 914950356 111128437
154164973 281987344 713808912
61822856 148708633 402597902
878390084 311462831 361867373
344939454 25528300 706719908
62066023 367328707 317599303
633350892 33662562 544688636
799267436 773009497 39167974
714905876 605145053 629372871
986127354 591160888 905090312
224176735 609915949 909068364
532549609 431066098 677635674
492039671 254371107 558805730
547610368 513581854 145067480
332705736 405344558 104578928
420614508 230376802 14162216
217108323 857204592 852072520
828863316 302900907 267072490
564951315 235964428 829408655
720749723 63822119 29524723
32114179 623052768 85327987
312512232 239875676 335943049
168994595 660445722 329867878
664067790 242692929 19069792
527978826 742644861 766511556
298478429 114199522 469958437
610034463 608160447 691294306
443215479 337253608 291488572
443790696 810240036 416059856
163857208 549739328 664857971
533145847 744303913 209005373
385716301 107133761 560352520
650296101 857326215 405436444
168322186 155984764 361661757
166647839 485698123 835359438
351442542 678429144 434028407
59793243 4485637 178169832
136789072 268233273 40109608
139199119 241006449 962759421
308131663 41825428 399732959
410428839 798389397 502616151
484910302 916025792 910540463
109612429 198054041 385930437
84624287 707912794 396170516
556903813 605442225 790895511
46686181 886981360 281743973
109831955 991093485 554676496
913583144 675419460 178243041
829146444 925627006 544216356
947643399 975189299 12855235
361651541 74571085 443259677
432231483 463165462 46648196
761967873 582252574 860108115
123220972 912466577 192943702
233549461 621819704 136461556
523767642 566081410 594128479
315586556 828202966 295720233
521746371 681703236 659504426
36126550 626746552 597938709
409758541 858625571 207984800
446981755 89010628 350453257
150898378 508562079 419734333
656591953 346774671 890269180
592335377 870067577 871897778
918596003 921031468 302632200
325071171 325269662 166744343
15905518 155421582 171874577
858182491 278659207 745262410
596271812 160175725 269575884
576267690 584351597 898069228
421858420 205506499 777589768
75695139 262332697 932336838
495520540 252013072 496094067
82473484 322340967 394053885
44616526 243056235 79106194
899364180 897190465 935752631
117979276 980755566 572318964
33893916 746733886 163745181
408300030 729113607 408718147
677851546 630458701 872064462
130764124 987935557 283006398
846093820 130482917 648843691
818441952 266863912 718908985
616062777 438907227 6873145
411495212 91557724 26314492
283139583 487693627 999309360
840215209 846061462 99337098
937760505 538331892 609736005
894762458 799247412 133294744
892085406 109452620 874651521
622943270 863543372 858558299
661036909 134426677 787737473
338581307 909458150 406266415
706283231 726430880 643437075
153560731 953902422 326174634
779838395 522055419 439382623
601508999 592932647 718419915
834364675 227008758 310811784
68065071 48604517 236700428
281141727 84280107 301618042
100111799 212605333 811339188
74904797 553695027 111287547
119039671 921125894 917936934
603832627 680202658 111206026
335061642 10423305 367011417
989592494 92260036 748835684
755776143 248523855 168118311
338081409 683094030 124386743
477744540 938315364 630550994
717814092 2390636 332556882
334813242 483651918 41395313
539370644 387790966 444604817
1464116 614743641 799766026
295161407 850816810 51288764
866157627 969304260 414885189
486657745 107468128 317733288
709294673 877814232 540444929
492601928 565397101 228363556
74312560 23387118 212528425
112277389 282046333 869005258
866767456 379769006 819187126
977561320 418464564 291806811
337909217 508740226 134371566
820951326 163709327 491478089
352318586 710164638 507231902
643862317 288614501 848856783
58682835 488546027 779154214
287471883 29336116 238890502
230633903 921110962 482897778
285104918 277316621 663826795
673652324 623440756 658672817
989031265 563996653 482945002
3983540 648828476 246606808
265141440 653327440 114399266
760229550 245628495 422178551
802937649 660212309 310236809
95521774 199524991 875980425
676536353 434350561 322615928
76029916 4624600 894916219
413721665 18169192 240676403
180205750 458087572 815053296
868726671 484171967 376446260
250979419 70187957 754650528
693533888 597560110 488