200000 500000
139232 41271
14911 133125
21001 48713
17963 155985
17816 177003
61658 105848
31428 149337
64544 151761
155850 10419
162368 21492
109898 172327
153007 148171
137045 82935
68359 53546
175565 187746
82362 62571
69630 103753
34309 176080
169215 78643
119859 82884
197097 19017
2442 120137
162834 147586
26210 19205
140938 55878
132615 69521
34723 91491
18034 64038
96870 74708
41353 114868
142402 184429
79304 160348
171436 138659
2051 175077
145386 78481
173904 27155
35204 69329
30259 28059
194621 145025
40750 71395
73861 158553
55216 188118
89885 53372
180224 166262
69202 132490
128066 65830
13317 24196
166274 111038
72531 11558
930 87440
34294 167016
68671 42358
194310 115825
144620 184987
112116 147039
2535 29328
19725 181147
39074 143024
9445 96788
152702 144842
38822 112667
33410 10966
80809 95592
10459 93798
55071 178800
65413 174833
26947 92715
146771 106530
162703 196472
40516 62060
42599 46414
108081 6498
47019 193086
87081 107929
175613 192691
65056 69942
41733 183836
28337 100282
10152 123389
58310 52317
120666 91661
80004 59663
58439 6204
173024 50628
104456 86052
73035 18199
73171 92051
168161 133538
104774 178132
140566 86809
7236 30237
68476 46811
152199 69591
10029 28418
156388 113919
90620 190984
82229 114399
158915 134067
30316 100977
151150 49829
66774 11636
185804 114310
444 136294
141152 180056
188595 194498
193211 175802
51652 95479
113063 18344
174126 86560
163357 82292
173904 32670
188680 78728
132940 81078
174822 107058
85507 105487
182770 77505
145336 33368
50290 110218
174308 99391
177555 196119
45621 161354
149188 78893
106451 143639
107 79659
75213 55099
112693 152040
159033 171628
84476 121894
115812 115910
177112 56021
134002 124043
192928 44484
172714 22229
74393 135123
174026 165922
162336 87868
24481 196907
61570 176370
81375 58889
52201 38628
6403 12115
64185 124555
160242 19092
119385 108644
165090 150909
50971 188311
182546 100658
129599 104767
63960 38685
171982 180257
1454 196861
27942 111450
57368 46108
182430 135780
121779 13165
146121 65326
31814 119659
34955 121804
175002 139234
146519 156095
83178 197985
116018 160604
188554 132325
111868 143622
116894 41723
194945 124434
117984 67946
197074 64813
167160 72696
136656 127035
164299 62717
71985 115310
20312 187052
74902 61472
71229 88041
83810 141598
21123 36274
39540 60624
100411 181915
40057 185184
56087 16838
108756 106850
86739 142243
122140 108993
16323 54221
110139 102100
153113 182328
5121 150914
99715 125038
1546 92212
78280 197519
102233 109844
141092 195957
192580 143166
158140 57813
127987 57521
71549 114252
127309 7609
101937 88115
175342 178033
105990 189840
43266 122524
33457 163121
140018 7070
103291 155162
147952 173802
7105 22007
168493 112359
35573 121032
47640 13182
68199 99380
85814 55486
119197 85681
88474 199552
99386 72944
197135 110511
66132 21472
123289 5082
196353 141406
13654 91741
58779 170432
17988 170854
10554 197718
8135 64824
52262 5343
162880 39947
62534 33089
124142 175495
29987 147842
57139 121906
183361 67173
96704 43985
158832 159187
196065 188314
30025 42931
81537 28338
151699 6732
81778 150942
177563 98385
103981 187437
51991 19923
155215 181041
164428 63662
26713 182765
79059 179375
157395 31734
148356 10767
91018 139656
112297 173414
97143 18077
132635 169750
89452 3317
110116 128504
27667 113646
94946 166615
120518 185417
40106 114161
46174 192361
136773 170514
70801 161458
141079 126746
121864 114184
191635 155314
70359 84491
64356 22719
73120 118176
63928 196733
121821 149383
159995 175162
99350 88185
7524 129580
85201 47669
127809 55606
93016 67726
89218 73311
156279 183812
72423 145698
2662 135431
50085 22443
63271 188764
106543 128078
145537 198749
63000 181040
124805 169320
186606 128666
117487 4521
24394 77133
58091 106012
181348 63781
80271 174054
152452 96737
124063 145090
139178 90114
111544 195543
144282 86715
92226 184250
118947 71020
80380 65904
60435 31630
189081 50485
82720 31341
194742 140474
199804 180923
48536 50212
56724 193621
126930 72483
189946 154557
199284 137531
156446 74187
26353 50887
77660 59634
94603 47040
79238 3709
185603 140021
33183 71910
11932 14294
145060 76582
182824 33104
167214 197340
128681 26893
3216 150488
74538 123050
125493 115467
89315 48330
13469 66186
125234 29908
17130 105044
128909 19421
151263 165006
179950 14054
39775 39112
147546 79649
22330 65062
31052 146296
109098 158943
156272 162115
59163 136990
99714 118100
116057 77950
154279 112416
80054 149063
162799 15790
159812 194010
26014 199947
54471 163976
55319 69376
173128 21283
41172 62880
45565 144702
19678 41035
702 107091
118097 180715
155665 123185
76352 8557
60681 75525
185325 74113
184284 119022
18660 180194
61191 69352
163856 154610
173326 51858
111448 30088
142754 58933
169774 39057
69634 37287
18720 15634
43496 80639
155988 196335
149215 75658
115122 32599
122867 180533
79716 183431
105516 71368
131196 141553
129446 114756
21088 156772
10450 113254
192554 84495
158260 65633
6781 23941
60012 176764
150785 153911
5439 176235
70651 151060
10547 198252
45926 123339
136044 170790
115928 72918
47577 153441
114265 166406
128903 23919
123211 91216
107047 87375
84164 175672
27421 42160
86457 107911
181843 129885
75555 173693
104977 199361
144205 9620
119230 23085
82449 66165
84745 30389
105953 134899
302 172402
142238 121105
108331 14210
49174 135906
94839 163220
198298 130677
163948 115879
199227 13530
53362 70008
143975 34345
75506 114850
183043 127065
31832 7568
165157 159613
62731 186066
41518 81462
144400 3585
144770 106953
24435 58904
29744 120966
30794 169794
40363 130647
187854 76510
133398 184920
71677 108919
126485 123790
63893 119744
144511 37918
100555 49968
157124 133233
195637 35785
18301 72417
108775 89097
133101 70038
673 74145
190330 78265
153863 152024
173000 128357
38954 117060
141186 126968
90473 87148
144682 199983
142457 98884
119366 84353
49455 182846
62602 149894
100394 61227
107683 11442
83409 195220
123988 184872
99938 101209
173983 170923
39874 129848
9705 33095
131673 154713
87031 26310
115424 26139
137875 119781
4024 189385
37790 107474
171647 40465
19616 123075
69475 88752
163384 181589
104198 170351
21055 86132
176779 139886
99618 83011
164312 188408
199073 127913
141825 9411
161864 17937
61544 165456
179412 75335
59635 195761
23693 113764
25807 199327
166134 184521
26348 116308
43612 181929
78504 7589
12057 85033
14712 76905
93970 98263
112902 38161
64015 139243
108017 148355
178730 47201
44561 45894
20702 159775
100282 162454
179080 63133
130461 152872
37518 60867
120888 167223
66579 120474
66933 174809
2464 121964
75401 177632
143288 41413
19363 115797
90588 154029
78422 167494
111231 180962
65562 119757
79200 52224
100846 126671
27959 62183
99973 149927
94099 150684
77562 183312
77393 5752
172551 103759
71954 2123
148355 179779
195211 12857
158966 195343
130215 75025
60325 159139
92359 57411
166886 49842
162763 65701
177672 198071
188988 172801
178483 35856
164692 25471
164485 169435
10335 80985
115560 8747
151932 95647
191984 34449
23628 77362
85648 195948
108922 46043
52638 34645
141403 95908
139160 131543
71442 43135
67364 126314
77370 195707
88793 30192
122771 19740
36899 197697
59144 177295
189850 176792
104180 146097
95886 23673
103436 3649
69327 140660
32399 119220
96623 176378
196349 176251
68725 153239
99884 167392
97380 28403
176905 61296
123595 6561
162411 147170
85985 159930
58031 169779
16572 166568
121705 183784
79218 170195
107033 30586
36642 11888
9755 79788
129139 30441
25479 61552
140915 35564
101882 118920
97259 175764
194810 182580
141609 109872
153968 194582
190474 40508
108760 171684
25958 128280
161390 106986
73333 8577
180953 97133
56956 116231
116575 61896
95076 26046
179747 96295
142729 169038
94025 15873
104370 72321
49758 32024
119202 24032
173741 55603
168219 167640
156539 5599
13259 87428
63851 33011
148001 53794
17986 145283
54306 153717
56611 61080
86130 38681
156234 744
72686 37930
34077 141615
65708 45744
28817 173293
6759 34552
3896 93912
62373 154365
84875 4137
45678 69565
13737 33229
194437 110353
137911 29793
195472 16662
124846 117513
94907 134543
155626 28588
118491 132079
58078 161247
11368 190643
172728 136696
79071 120074
168648 8166
15946 125563
105282 111746
179857 28302
128522 186752
116278 19266
21179 84440
159462 38885
17219 33081
72094 163662
165958 153450
143749 186687
85246 99852
156603 139083
77306 118939
132528 158710
112775 26000
183968 29993
171630 170634
144530 188964
56368 112741
118373 59899
108479 88849
118883 104525
109050 191264
24927 81933
111874 81927
174355 66818
98121 40014
180047 124327
17599 23915
22378 24440
113214 25314
195190 193671
97688 34109
145850 15724
153739 147217
147242 86415
175640 32043
107692 92694
174416 196683
110871 189022
13487 75401
157394 81907
92182 27159
151498 133016
55769 40562
172160 126404
58785 28369
91781 145822
96354 30117
199913 73025
150497 59287
112490 147054
162982 160845
176942 168480
145946 6883
159645 172447
181790 70110
7590 47295
71637 184209
199862 80999
89083 92019
1601 47555
37553 148458
172319 105064
18242 37192
194241 165983
8037 24054
195589 139063
56396 98618
110057 118921
89364 41264
97008 81694
189163 85036
148792 156297
22271 13792
40785 41265
197771 161963
13045 176677
21387 71331
116160 173524
111153 127314
159142 115880
108576 71610
56511 197904
134309 29837
90485 112700
29070 74252
177791 177862
155487 127568
138133 174885
80851 11906
57808 103616
157110 14361
2016 53589
79016 55374
35976 66983
75877 86016
31454 2027
130387 195826
112894 46058
33866 99670
139614 184464
60323 131141
146467 175125
92843 18895
104090 194522
11090 114353
4913 120522
20412 82067
150932 112535
150314 106018
185991 167810
109496 75895
30193 106177
5468 85137
45056 162038
120612 180778
94858 23103
114482 27752
63784 114210
154370 104976
137354 20617
103748 81337
195509 89002
58084 87312
44075 20023
133821 165997
29892 139095
133681 50831
91587 92039
190679 169200
38717 61937
26950 38390
67101 51714
45482 157916
40074 199286
199008 171838
19754 46438
164614 129530
121623 197774
147780 199198
151905 117678
178556 147979
168557 166540
163715 84728
164422 82874
39573 115282
17901 122925
115923 165514
79383 72005
155038 14726
92260 132996
19449 81372
121044 118467
9859 14914
96663 75256
20115 168996
23671 161221
155735 132925
100790 121298
152130 145311
193704 10754
117895 149857
170876 49346
84287 158599
124684 131431
39548 16220
118102 27133
90031 187254
22107 132265
169379 45236
10261 64945
185499 114756
115192 137382
137036 159857
41615 95394
97741 74159
101559 107157
88701 177969
156733 13728
165384 169688
87727 17279
86427 24775
146267 177834
101336 74488
66060 189723
172115 157995
39420 87389
21366 152762
173962 37075
91704 81326
171981 183103
173575 102750
33804 155987
185817 22209
81156 146519
98745 168688
86109 33501
175667 184243
193666 179678
137991 24499
169352 175757
110994 133298
94852 4780
95053 80968
47255 56150
89584 127474
50334 59387
36062 40618
20229 77541
26514 133088
141498 193632
138028 9896
173521 88281
162014 34354
156565 98755
40437 42533
47408 181626
163772 43396
189054 114734
11454 107705
95499 177305
188636 62268
116445 160064
74693 197235
196225 117684
61343 139988
62697 81126
122950 50861
96428 177815
149533 115500
121027 73865
100106 131834
138271 109750
42483 52350
158509 36281
65537 13679
168082 125984
97312 145370
26894 186490
135243 32684
74728 21988
42025 71511
117787 134573
38627 114681
24043 58206
118261 91642
6992 108763
13961 103929
131599 98032
61808 101232
21393 98282
58862 7390
83542 25975
187356 170384
87895 38286
36071 10041
75204 123852
182472 36384
198926 184953
122975 117599
161310 1377
20769 4982
67089 56533
39196 143866
190641 159615
138353 110954
29147 75525
62296 78945
31942 12518
62506 110055
167498 163267
119830 16465
29061 131028
156432 140524
4309 165664
135103 150746
63423 188363
37638 76356
112523 411
161169 92489
63063 149597
109201 49104
174161 175169
22444 137229
94531 17742
137904 142628
132993 133071
145268 5331
102356 123244
11413 166638
101419 97859
66493 195905
4258 93611
17711 90388
63210 192137
172256 164694
27175 152543
192725 198359
87168 34973
11623 92354
143135 88749
168506 45899
179486 121799
182293 125445
165606 47784
35351 16542
187707 119978
9696 76925
52846 11484
52290 10986
82732 81285
135105 104393
142353 124099
66405 9600
197471 169582
50097 75003
93579 12532
171897 87013
71623 32631
96475 114545
104864 194854
115275 101357
88877 48974
130077 181422
130423 96298
136126 69920
21657 190601
111281 20691
112882 157930
47306 142993
77010 84204
26896 20990
85963 173257
77501 80347
116895 157974
188132 111704
43685 180818
116368 92156
117213 11104
190531 92422
161180 114018
71974 167634
15037 19672
175947 167121
106486 95240
134503 196582
178104 41940
8164 37429
159272 177757
114865 9123
33091 17625
61865 169126
96031 94936
100363 148700
8490 158622
40223 178013
117945 97247
97522 116377
20156 150451
36096 138795
96194 104343
82415 170279
73057 65435
29740 6794
192853 48772
130822 135724
101447 147240
30871 68624
68234 184560
116988 56249
160400 74863
181923 128766
52476 32149
35581 19413
118501 45261
187006 116684
23014 178764
83779 175071
91076 186002
17024 144179
142127 76117
78632 41290
186597 186008
183559 167170
45637 94764
133368 58784
31815 52686
36406 62059
129505 6891
94607 145234
150020 96708
122528 144611
34019 160419
22601 17236
81079 104376
187940 188448
125480 137808
107688 107331
150707 19334
32854 83107
168386 19442
117959 122116
178287 135623
90313 33643
144521 167719
154085 47701
33826 113409
131823 14527
32549 135818
40113 79725
43164 42459
84584 185948
59106 90708
136026 74462
20673 65695
51460 166477
144400 71946
32813 163846
79384 161069
139849 24492
131747 168032
44207 155140
152213 40422
44880 172683
163704 188910
158634 88505
147750 10799
7438 21293
11918 168154
151198 69378
170690 55263
149983 109206
162034 167508
7940 130558
164408 143020
75936 168273
79193 126602
64194 179567
106455 77971
118894 19130
180516 15706
41440 115240
108953 126944
121751 53484
89180 159033
37662 81942
188315 83707
192467 90537
104522 34280
199404 97135
134999 147234
27836 83655
63371 122283
32119 70117
117859 64991
36931 25379
13266 76078
100703 161318
109612 65083
41865 85836
151438 189040
81977 49764
41771 130618
134933 122373
130747 80883
130383 6076
23606 103087
132500 119861
63106 56399
152921 92510
12756 13249
73756 129734
156636 171511
176298 123362
74908 140691
2144 28180
112966 35111
69330 190712
95887 105711
95929 11861
105011 13411
149496 147277
51028 95034
145025 75656
19276 101280
132188 118058
144142 73328
163380 178363
160182 31146
33729 25345
103260 97832
88890 146233
95842 197910
37819 52182
157933 133464
105222 131093
10553 11877
10202 35924
187064 87305
124190 136140
119797 39044
158928 135137
36643 85975
160713 83501
42599 103011
161612 193809
78443 155642
88179 132990
133619 139550
128411 185792
147568 78589
124491 4362
96563 86833
176635 28733
109194 153015
80656 190140
180367 164957
6986 156477
124411 69608
171860 151644
151424 59650
189111 13463
152968 125947
44699 137425
164896 189054
162461 99665
38739 178449
63491 8277
150096 183638
28809 50013
4965 115616
82233 109781
39697 108256
181011 53449
107578 131549
160296 123629
192896 190685
16327 185015
36198 135970
54354 147034
85210 173599
125403 137751
98783 82249
45399 120499
139757 89739
143203 92875
177175 188987
178454 168640
181748 69301
159928 126925
50401 64624
73140 146300
78250 58948
78018 75761
184786 54337
180943 184809
128190 83111
125778 91437
146929 189180
71686 75443
31949 150334
177373 142395
99535 103425
90475 38398
76141 11028
75401 187208
20718 90798
115967 171960
67226 195911
125588 56096
52971 141185
71076 147330
182498 71204
35986 28634
161397 194221
153835 62727
63559 13308
175593 139210
59159 167234
61037 13761
26267 108345
86585 188052
123838 26358
178571 36037
1359 144272
41404 106669
171152 124702
125161 170535
52287 198158
75300 84193
74820 169319
15510 23452
170997 150506
60876 140287
193643 189561
9778 45893
109547 46082
9527 104070
129862 48841
196347 75883
9822 2430
78222 148888
158016 28129
87830 74597
119105 168117
142423 137447
129477 35180
132177 122689
71523 50545
29530 86687
42597 191659
120302 169945
67441 188377
48811 3693
193100 88372
77339 148841
176791 198518
50637 46005
160159 167439
106297 112120
135078 85965
22738 105077
175442 25005
48440 36861
125162 84831
65025 1791
68364 100552
61741 117110
197593 69991
86410 79154
152689 189500
150177 2998
68565 171360
94255 181606
61946 16286
175057 30992
122001 80428
41869 106278
179851 131733
184434 81522
180956 30780
167435 77343
96350 161121
57895 57444
35015 125353
40157 119270
196015 158791
97944 109012
184010 143979
123425 198535
140908 174089
57256 199717
64872 178348
197851 156190
21462 137759
117113 138458
184489 94840
20475 147894
29415 16190
143563 132511
52995 150131
140683 39283
43133 86015
136405 115826
30472 178336
53845 187936
152869 128144
23840 133792
116781 14585
118865 34589
134545 108902
119747 147826
15136 146486
121210 176363
80785 189604
5707 103796
66705 791
195509 57122
151601 19145
11873 111070
90317 183602
16715 141863
15796 18093
123751 8320
75260 107183
47182 35502
168172 191179
169314 110196
98163 100265
117582 98959
98474 21038
178974 173485
141375 34863
171321 91166
31099 46786
140840 103038
138633 33384
190804 58377
911 198228
5960 78215
121374 176554
188507 142724
111183 139444
99426 60206
64884 120751
90744 40665
72260 49410
190061 29582
8446 173067
109902 161199
4102 63090
54024 17640
26450 155699
8802 117032
156706 176167
184363 12761
64156 194129
11597 105452
115072 61431
141495 56956
197758 14797
36736 132094
75829 61385
191763 151024
83599 151382
156741 176301
84061 62103
79106 37555
173071 136643
57946 108413
78775 72130
15980 145941
155102 192732
45911 164101
177931 111989
145713 129925
12291 90287
168642 175989
99918 137485
83555 182534
109138 107023
39117 78614
98687 48203
197766 141015
124131 63169
59073 78837
185488 37841
121380 15106
147427 108181
109186 146090
138935 35152
101822 63664
66846 53304
86577 169531
20728 117909
97276 24239
140414 189946
49934 13511
70376 98873
176600 158590
158053 10368
19080 49326
199675 154032
189873 176017
146500 56890
125671 54760
87285 79479
4020 55525
49814 194374
30754 195790
197744 125547
63595 182355
158441 184489
53612 103975
62740 144725
84310 74203
99789 122225
139894 170059
94178 80852
68567 94279
134432 130359
122161 25850
189377 123075
199657 83948
53249 97179
82031 108510
11985 147463
58006 194315
38253 4252
68361 145048
153101 151819
188747 109466
77383 39954
51431 86473
60299 99573
149367 64417
130889 144348
171602 179529
88491 67457
128090 189677
168217 193881
128607 120804
44102 192092
92321 44372
36690 188826
143274 128010
48248 142118
168247 15397
137349 8867
19486 175169
12718 1674
108107 36043
165335 60669
17818 185381
39592 2397
57337 132575
119541 97833
15847 161962
167177 174786
161617 126670
172828 127889
4124 1734
139517 144611
107830 3107
4385 138784
189319 72022
140441 75154
4494 131653
182940 176694
112873 46994
28054 25249
137465 39033
63169 50314
162472 138008
66170 92915
70078 104045
20715 97794
106438 120324
148112 63756
182777 59208
78637 179318
21134 171373
170366 199121
8306 24511
106242 99422
98873 144888
124782 14711
166920 2478
184247 44928
21676 131035
113747 169059
86841 148336
24999 138454
11155 60232
55422 181480
148580 124650
71066 12206
19490 179419
73499 142353
147721 172520
8626 47017
82441 4105
54306 153888
37799 197199
186834 104411
20169 78454
42586 147839
63039 148556
102016 177481
141706 86961
100623 198079
193920 36688
180699 189836
20560 131280
195417 90665
14077 25608
114581 60856
19928 89285
158642 160922
156136 103994
85558 7767
166232 71652
118110 128609
59806 93274
144976 98416
113207 48691
178178 153584
173192 99634
22465 162167
77432 64606
186938 19270
21506 70248
40429 99615
186562 166174
40443 193897
102138 83016
94556 27932
23992 1362
80811 116585
94351 199583
70718 26800
34736 22885
49124 112979
117662 146011
145422 134334
106967 27078
6885 23494
92777 145286
24397 156481
156774 85048
100988 3236
76507 108478
101660 22204
190014 146680
63634 149936
136605 44456
179652 99807
44434 36397
70496 78940
70362 129270
38256 16586
43833 113948
72342 110390
78579 126939
20165 94667
65982 64643
188980 163849
129972 155663
161657 51262
120026 28043
35518 79865
1775 103729
87089 162580
99586 86388
115402 87750
112884 170666
155817 35685
78758 84061
158129 182267
52653 125570
82362 46567
104397 83661
76402 192643
182180 165912
128715 150964
63551 85430
98581 73480
103006 95687
29856 147811
52377 155249
143034 47167
178707 144206
7056 190635
121012 185695
54959 114939
76371 181623
18130 107255
176418 130890
36485 166026
79386 63445
66239 172665
40408 187495
110921 98826
19390 117721
156745 125629
152632 105069
140082 132806
181328 109656
142514 9638
94249 183930
140747 155667
167296 22278
28671 65073
172387 174246
93064 43605
169608 160610
11613 147645
169092 177596
169540 104758
197312 86927
112842 27773
2766 25850
67827 58197
133871 195784
136000 146275
152180 180268
150795 57943
116859 98074
102534 121390
178142 154296
180994 131195
39517 90432
6439 126556
27407 77446
109046 22507
30427 191405
37140 91313
81761 89933
119363 54230
136608 126597
91305 124824
25592 114863
189267 182653
118607 83601
17610 78713
11714 186327
30169 5921
89936 169862
28669 177509
43085 194115
63941 135265
45732 144680
41979 86767
146762 111771
121125 60780
106181 165088
48353 48861
167898 172310
113282 103700
7653 193302
160985 51728
117854 155243
112605 101931
1167 184743
56308 53946
72967 197218
184487 16401
151349 26674
140743 49011
95891 85455
51662 119945
29873 68775
175821 128316
138338 167539
82158 156493
101880 160251
102904 153880
29946 91207
92271 120026
161838 45228
176578 185071
77974 161084
154710 22218
176190 35114
82100 30897
62541 80054
30658 47985
97860 181781
37057 133910
101834 109639
156350 36142
150682 100588
110898 48695
127578 166593
140871 181780
169152 45413
145468 43743
128357 75717
36778 49047
82466 118228
162375 14054
94120 2513
127038 35792
51152 100649
147216 132498
171199 129754
107253 179490
128903 108956
186160 116354
128110 43845
21672 148216
8090 199507
57811 76570
8571 72052
58942 140931
75674 44095
119885 148282
194647 129844
144108 133905
29678 150134
29939 70226
142373 96171
142094 198387
10908 199231
188477 115702
143224 57290
111452 26848
192936 171357
196961 64889
78043 8450
117895 68896
91378 22803
115100 30773
62114 55019
193361 154121
180653 91916
186320 159977
165878 112242
43512 161521
36500 54165
54249 15561
149442 91965
139535 73685
156463 141235
44140 84844
184564 76713
75847 150140
70083 134851
178075 24963
35544 196633
107898 15542
72699 171940
33263 183875
34785 65452
38337 186488
84436 64895
199616 177271
102945 128309
37270 151369
165781 70443
164578 108587
98350 118487
19797 166102
24405 105605
135165 196557
72936 182113
96750 119196
127938 85797
152557 649
192080 24417
191610 120180
166420 174102
182791 93906
16602 140097
104259 57103
112629 55536
129687 70396
84638 74343
88541 143475
151502 34235
148411 127229
90110 178927
199821 12691
12044 26103
164150 120477
4269 32569
41415 115681
119674 178
112146 53037
180511 34581
170393 79133
41675 71833
24469 171597
94486 65639
21607 97477
174197 170109
43392 13576
103899 163999
80088 190314
183355 197980
61380 112521
171832 23908
184471 24952
285 55948
124993 20432
34787 155630
59295 136170
178254 116672
2435 2114
182347 90066
31613 110708
181937 34649
125227 18568
60018 100420
23418 191566
26851 27054
82144 96355
78448 35948
100329 197436
34904 168186
177508 37449
17934 139070
147664 2222
159992 170399
43023 115370
92062 189382
55852 164648
196155 39682
107928 161501
179980 115969
56950 22725
26337 36704
197250 32285
154554 191368
100672 92153
112562 82446
36656 64956
72606 168984
22086 65056
145070 157549
157289 189053
159277 74691
181005 7032
172598 79076
53857 135725
159103 133569
49453 196043
102696 77475
169390 14305
62742 129732
101158 29556
63199 130963
167270 155696
18616 138488
3164 94660
82962 34599
101408 148998
110327 95791
143225 179030
45291 199945
123474 19135
4376 153974
17704 3616
68731 56556
10441 15852
104327 132805
75102 164777
186812 131347
108904 111038
183976 105455
21608 167914
140658 140944
161494 40025
72737 21915
81241 20716
134036 53268
40732 140612
85656 102428
153731 166277
170352 178535
168600 17332
81310 183154
114685 191355
62558 15180
64089 22601
113898 30406
118849 160510
159602 14426
81079 174609
194431 172505
194160 46045
31312 3321
185572 35970
183894 2976
42948 130132
90887 137103
135587 188945
67961 43769
97484 33275
196550 70455
192135 30948
7696 87822
112545 71299
137326 16744
68931 186732
151166 164504
20204 130063
119328 133899
94405 14534
130970 148606
43747 96388
41238 66878
26976 150448
176717 189473
30235 59875
194192 133386
674 11545
3222 64108
12054 123671
95415 100396
39344 46914
9271 144931
187177 194162
171889 109936
58856 84359
65081 109120
188820 83870
71109 20418
149825 97730
31301 131608
176509 13808
47015 58507
135208 12040
105101 18069
121922 74006
81448 85800
22646 144990
119734 2090
96710 52605
76440 147799
79669 193876
163242 63592
121616 96541
155109 129332
51229 192011
143278 199356
64259 39471
1672 107489
6268 61079
141963 90813
166709 181787
2516 87823
384 198949
172309 98639
193484 190636
80613 27250
53791 138888
62435 110053
128983 15702
37323 186556
73355 24387
11509 60680
136252 108281
183723 97647
120183 196058
22257 152246
25055 132495
35000 167043
103377 19617
155162 148851
16328 114029
173656 34265
62069 76462
68418 82578
103011 183692
192769 85525
83377 118688
71292 61240
19579 53140
35681 153278
28567 40740
27698 43090
117852 122174
82322 106565
31651 140490
93923 54431
118468 80822
121464 69471
31435 23704
41318 179846
79749 184735
182683 158153
10573 56367
85930 38883
23911 186426
65070 93256
103874 134601
12833 177520
78340 68202
45579 8148
106009 118542
145740 196105
144211 65498
24832 121122
26715 36646
31839 3135
16167 58272
34267 51940
105011 97581
179906 165229
169001 22031
152653 153648
67849 19658
5715 16901
51840 169342
116243 33762
24112 86914
32120 11193
120848 13275
44038 150441
113550 189906
103547 130057
7729 100331
179101 111848
45301 92785
56287 49061
72085 73363
116920 38963
9084 160985
162314 161737
64432 169681
77361 130782
108002 144360
125576 15986
22996 73342
100406 35976
109900 52287
168468 137840
65313 165349
142517 5120
100270 187006
94140 125747
142743 127056
90187 148283
131700 84307
101812 70894
47138 6833
83592 156531
57415 7682
73645 15360
123650 138788
93699 153090
61018 41845
26250 64975
172194 63217
69869 139904
193216 14657
57518 150915
101823 93010
45538 46164
62011 155326
83363 193490
182879 94053
155075 7395
184406 183648
92192 148807
147747 37252
147616 49345
129035 142115
81017 46022
128565 9952
23661 14725
60981 157723
57360 5225
138006 125302
180 86963
160992 52813
34208 89328
187941 46521
84827 15613
5745 38722
153777 184732
37134 29078
137966 95654
19014 97935
184691 173576
103704 153621
26485 88228
79106 84569
35770 41289
191982 114523
167580 127717
170179 83174
45667 185384
147319 181813
160881 93540
58521 174466
154390 45968
99192 80432
192413 180486
77206 33384
46586 191059
472 184028
150166 102656
148763 8489
47732 157913
83419 160270
57907 167680
148256 27292
130072 36869
86814 195388
20397 62390
90915 83760
44011 166773
23259 185852
175643 167537
191178 88015
117082 2988
69524 54968
65416 181712
17772 91877
67282 28321
188853 336
12622 101172
114877 192043
110010 43605
108533 129259
99278 92074
143137 98396
26589 125696
151534 170648
198769 180135
59136 42640
118303 19323
8759 77309
5264 83550
68454 27454
19452 89603
44593 98425
42181 191886
19662 143405
24407 88592
155722 160864
126547 184682
8125 113069
171347 43254
159205 113824
41184 14040
26545 86795
53884 49804
107291 182766
145258 189278
191359 141591
69538 173172
73800 77962
62272 25144
13012 102997
149887 144091
128700 40263
14289 94590
1001 112095
22972 77215
173545 163864
157343 125916
52344 25425
6747 54252
44783 167298
76497 21480
124144 30280
80833 104194
123456 128214
173288 69470
23891 168262
142640 101588
48466 97261
99994 96837
48912 116858
11697 69022
115276 121913
69049 59309
70402 147914
16159 39618
197194 182576
174973 25351
22468 175150
90123 141938
108525 198301
154594 59642
145124 15987
101478 136992
109742 140382
180111 124473
150134 61773
124850 78343
20698 103496
187251 9104
131623 149742
135481 149812
177612 162601
38653 31532
198493 117714
45320 43822
55546 50522
33079 11188
110986 20544
179078 114136
52932 164424
38766 155989
67604 83821
190606 17567
22814 101738
145848 104165
144718 85493
72405 136234
120104 3242
183609 163331
154030 136987
109995 29497
108644 39228
38850 148530
154124 152746
198805 26268
27692 147505
26475 74998
140414 90144
107713 69242
100413 171649
127294 149953
159636 124007
9822 45142
72199 105638
37711 162070
159556 178472
181840 105309
10167 103755
86900 181015
62280 12922
195494 124576
70408 97634
5304 88570
79445 81514
73492 128876
182501 179530
25748 59758
35229 78770
194963 116159
84114 70627
191051 109255
158592 169229
23407 49267
115794 55415
106738 194235
126999 199097
135398 98019
14735 135075
41674 17202
81560 186010
132854 105745
35560 137439
149075 7589
45545 50532
52620 15107
65403 8670
119656 13254
94471 184716
52196 71822
96562 121693
132416 104057
166569 32473
178566 8012
63423 97640
128133 155725
116944 46553
124409 153848
144529 91688
90243 42865
67807 196336
180579 23696
74730 7196
101336 13016
42706 150015
56183 58026
169707 59012
177654 54194
70539 170810
107350 134554
5257 178835
2333 124282
34686 169705
45404 157586
2219 58660
66163 159474
80075 186841
185957 168491
72189 111099
98691 91413
120324 66060
57203 122343
79206 177523
136483 163475
104112 153220
26821 1927
134091 173633
98103 147183
169697 155654
159659 74103
78244 179415
28339 126285
16735 88155
72479 167929
85233 72584
68459 171998
186409 170779
78327 49378
39304 135606
62994 14884
157296 105932
173155 83778
178457 36682
189081 6673
171810 130384
77491 68008
109725 106064
101784 193130
9259 152837
185617 149958
49786 89960
190461 187006
58292 179915
140152 167331
124712 176127
93978 132990
78695 44561
172390 146342
47484 77014
25587 123413
33540 194228
67805 190104
146547 199995
47991 178183
87985 171557
23410 58263
93136 58545
195091 80501
110225 86853
97435 68305
153504 77084
121573 30876
123349 14072
166304 152981
152126 162701
18669 123790
50999 131198
31410 178441
100053 138894
78213 108294
14173 39526
36010 52507
89829 107268
149266 119950
37546 82939
187609 47280
21185 127817
87197 165422
46354 82160
166331 15208
1236 118504
71704 54889
199543 44199
151069 41533
128340 23080
33923 161083
113695 166065
112568 105748
112467 125148
100485 1224
9890 139928
52276 191538
97807 3691
84467 198404
139208 49959
4697 177406
1082 164283
192310 65228
59315 181804
90270 81814
33799 26925
100546 131947
154317 80247
43784 17115
11985 78172
76239 119519
190797 136391
156335 137395
88562 113683
180036 35073
89846 128498
94176 196639
49395 43224
105747 5014
59879 58805
190623 34395
55363 192434
5745 154585
132287 44299
32287 96100
186414 170536
9795 98355
167857 67054
140178 163352
12737 155694
12573 173532
28342 171329
5176 12645
180814 30354
109256 116475
99682 32400
143467 66254
124361 183991
40142 53870
182241 179763
165233 2440
78936 110329
173452 26472
173666 136396
70773 163263
158764 183692
35957 109793
27503 134109
188421 161926
30864 74110
29888 27857
130480 52075
159647 52364
68943 137140
52868 93828
184402 107416
77425 42041
10330 143692
130117 54446
180409 126004
86666 61475
718 3343
176065 23332
28949 150511
175381 129527
39098 23615
134141 19674
189678 189682
26553 67081
168910 60598
119735 77601
69239 121708
13129 26165
45798 10341
76171 94429
177411 81975
111673 193604
30383 24904
198759 12030
2536 36280
173895 169660
44699 86157
93724 114745
163003 70336
192170 24367
97681 89843
47939 29841
105062 104924
119679 71260
101114 180854
125370 110557
170092 43721
29638 34738
182497 190425
15374 41785
27188 109060
154862 126531
149146 177837
114862 47517
160255 99550
94005 160264
7555 179429
190652 34251
126637 127959
29606 107816
115524 12052
16604 68581
171698 82376
3241 184699
177715 137578
194937 151166
189733 148115
58717 175596
88684 136079
137129 180419
183653 162068
24968 113469
173465 190488
65163 126335
90637 173988
177287 168141
100894 38969
146367 160672
14305 3053
168664 41138
132532 123022
129981 43360
19626 196983
128883 84053
63149 86743
72918 13200
132889 58382
144310 168642
99258 105717
61604 20665
120349 116442
150218 117467
23074 130668
117197 82854
31119 130384
195360 171278
4659 26908
105760 108093
9394 146049
143943 45
23828 158389
162285 167127
79849 133258
147413 54225
171599 176023
119593 89353
95249 14228
58437 119134
87025 146841
162466 157274
124030 187868
172273 95236
187673 118629
29891 25543
199052 172730
58130 576
89485 93098
166111 76542
143574 136836
98014 184051
27872 12001
43033 129086
36818 187920
194645 189153
107273 28040
66661 160132
51360 49164
31653 102996
56516 119812
49960 187902
88588 28251
198483 108651
12190 166001
176198 154354
32302 118098
119902 172611
154486 132173
35295 130765
1138 139032
192995 12733
145025 113459
153386 126598
133257 46453
181356 151665
45522 191495
33655 27147
101557 172366
157430 158902
84370 132150
100838 109751
159645 181539
199852 65075
71722 104300
89879 77116
118711 34963
36224 108199
157949 183505
196196 134295
78359 183893
143605 82290
186614 193153
145119 165828
56976 52662
54975 163622
187272 76174
179992 90517
176259 34780
186227 170417
46613 132093
142211 182010
166954 84511
186215 30253
199433 92338
147399 125927
152780 149590
174892 186155
109440 176749
196050 139960
74955 110727
3348 137031
27911 6625
99843 38097
13911 175704
14839 52404
69987 196657
42189 75135
179147 65684
38386 16262
181036 77370
53478 197551
141866 8469
94027 118645
26865 161510
177086 193854
147295 58801
194620 169639
147134 101945
62285 133936
182486 75403
181650 174194
12316 100030
101596 109201
179608 81961
144737 14104
3399 194949
65888 53239
162677 116147
59127 166144
184715 186004
169773 96402
197947 154242
143292 193581
158175 51504
190032 50725
77117 117655
46512 178955
19522 49015
45560 192697
134702 31288
98881 10653
112331 73168
145909 69269
34097 42187
153089 66851
1480 86656
122246 186041
40582 10471
40293 84576
156469 13332
163937 161379
173511 78946
128595 150124
144222 93870
19106 185515
83325 137730
57662 48201
136474 17873
132420 41779
109034 142366
140781 105754
24103 91594
57986 55930
173890 87002
86788 94581
76959 57265
197305 162079
139068 124481
147151 197168
170211 2308
30074 175359
90704 116829
63006 168366
160879 162826
63918 10454
178927 84132
99975 29721
101156 67264
141620 189786
74142 6477
135494 98294
134824 133362
116801 127613
11496 77709
170795 50466
83969 134715
21587 25155
43882 141027
139777 1922
164347 17164
55256 175725
165024 55883
179675 111204
27244 53892
140970 184220
194348 114095
169493 18906
195793 179843
40306 6227
120384 187923
86958 9932
22944 19202
14227 46660
66037 146299
18466 150723
59676 67804
106859 101721
118260 165208
106024 113515
82944 4428
102106 176502
31014 140204
1547 168146
188819 162097
16578 198171
195547 153514
11932 183733
19029 93769
131816 27823
75979 179799
78998 159008
22677 73799
114735 99986
103577 173205
8080 124254
40980 139846
57637 35752
195758 102497
143059 77327
166212 37769
78134 177548
191189 169854
97814 2923
145104 145509
37061 32306
10951 1319
150135 156410
103307 140812
143531 22316
79873 55065
196162 194362
190301 90139
55506 108175
169328 134363
37344 42194
48233 57879
161713 66255
50942 30048
47542 175893
148713 14258
196882 143879
120918 168998
144092 19175
76193 176079
17659 65717
25744 51752
190209 152200
127715 86731
93622 33611
175977 171829
61482 26227
74747 162403
18300 50725
83306 127366
118135 86074
161571 172864
80131 181786
153137 39950
148257 148600
95550 82925
112279 44208
1267 82108
64534 58072
186699 193939
167992 114328
72530 94238
35208 178148
192145 86918
125818 121333
116748 94042
80078 127657
144618 28530
46078 169228
159024 21489
73562 36701
141196 51494
69006 192295
164265 20045
190691 19766
4884 132954
165578 8178
152540 151756
106204 154675
55774 9610
144598 68320
142468 141474
123760 171419
38964 95898
102892 58539
154561 192212
76284 35097
121819 131367
133802 23739
104015 95386
131641 2777
173718 62622
160966 179349
43475 198498
134778 36798
116975 41740
46962 148468
148325 172862
38326 192917
191891 126748
94057 10596
57363 199616
127833 60752
16479 69300
96846 61347
11222 175266
54205 135761
94700 101737
123123 119183
12174 10461
170007 84954
27060 184481
136675 166086
71696 194488
69027 151685
142699 149465
45574 98740
171358 99227
95761 154057
171269 20405
135441 65952
98653 58432
135364 106390
92511 90449
127628 126383
158391 1730
131554 36430
115317 43413
60291 20209
134884 168684
73613 55448
39385 48997
41251 94955
157817 188037
31020 173306
60384 108689
86567 188811
29712 126227
177008 125519
125573 55235
154873 42270
169676 107715
5885 63877
11311 33525
150337 155281
42240 35318
165031 134387
10274 150017
38500 14657
43606 67702
47196 135435
106288 157118
147746 167149
4882 188626
190835 173473
74306 22479
56779 117756
158998 123579
126267 44714
57505 107681
157507 37412
152738 47680
163372 172923
133905 69343
43968 189842
179724 89830
118875 156378
154822 18047
60245 99146
101047 34659
28462 4342
53045 137026
132215 179403
110047 39207
158732 25245
46511 124747
161153 157238
10234 139312
131945 197233
30807 24430
126417 172856
34165 158198
141371 315
177881 170193
113115 136851
110280 97093
11388 182883
138889 112449
60159 126386
99939 91887
154416 194352
199633 182638
151027 25616
111540 35097
66721 125080
60952 21973
74257 156839
142536 107125
67583 49551
1434 185900
194943 1865
151516 136981
30889 136253
1886 98312
171586 53850
180294 82812
107177 94967
27941 40575
111693 170807
153452 66489
68499 140537
111035 148025
95852 160401
72237 178417
104191 197912
53398 108326
144731 146162
126477 46851
97050 146564
145467 126815
66527 80388
151428 90271
184942 104368
192881 36194
172828 31218
196036 60234
117073 183321
42414 26288
56219 133260
105005 88720
144331 160964
182730 179455
185281 13646
42137 102002
166692 1387
23879 38097
123646 157351
114132 23106
16799 68968
58136 97213
20982 159654
9898 189922
100749 105027
160948 172013
136579 75097
186544 156624
15064 45947
167849 129596
115074 2808
52877 172199
135831 74975
51052 8811
157160 133838
135218 183095
60732 161269
44429 176692
9454 94304
62720 171710
76 41274
22766 72336
104710 92571
175548 103585
106287 153638
52511 135724
4029 193181
184451 17988
23637 144073
74579 190353
146569 152813
91252 91089
72485 59323
158955 50994
119213 105895
150709 1220
68448 45885
106728 132708
27910 146442
18976 131903
77137 89121
30674 134556
67553 141009
150705 65574
181979 116070
98850 147632
126781 63773
198568 89041
120285 178676
120776 153834
7170 126346
30480 67586
17709 100316
166111 57772
177449 183810
60275 82767
108115 92563
135399 140418
2549 183716
69036 65080
75312 24382
104578 176606
196291 89652
19931 145373
46789 124927
82280 92678
57296 150396
70537 47916
195601 179073
49852 130810
193230 52342
61568 192789
63454 69575
54206 60086
53155 65457
162162 93331
40894 27968
31426 20576
177161 173913
129150 160912
1737 141945
11080 126430
97307 162705
82685 129065
150607 72020
128662 47939
133991 73471
104302 58221
196653 151170
33619 14195
137819 110934
125389 141760
8537 131721
91040 103211
179920 45823
119852 31554
183041 135845
120605 82747
180673 2207
3099 176713
55248 99465
152308 26411
85312 94792
160637 68079
49061 143803
68905 62165
70624 123561
160717 89941
95925 48212
130750 111135
55190 109863
183688 197184
97599 95704
105013 73304
118156 47157
149792 34378
150967 179834
59918 26181
188958 70766
61815 145580
113304 99847
51397 38233
193605 39204
123991 2554
46297 110500
130967 35251
165322 135531
139981 188891
82767 127565
78653 65792
147362 148855
12507 104439
25946 181022
42820 15739
56484 66661
124922 165115
25245 117927
195191 87729
68097 94625
94453 146893
146144 67559
90215 5200
107941 31782
92037 178150
158749 52156
151219 150968
170359 170166
141149 45755
74609 93090
85221 176474
133810 127794
193076 117161
20555 99896
160869 75111
121570 165600
37972 43929
167925 88445
110577 165485
160514 149852
106109 18703
20739 42468
90080 59826
82178 83068
171184 76378
186236 70117
158699 168990
103667 71107
116628 95202
196057 153858
136561 118041
108525 43862
48205 6056
32779 190782
61507 173546
65968 195003
183684 196540
20989 55201
43755 104084
27004 25049
16723 124043
143769 14111
6912 104075
137359 21824
27245 68801
162032 40705
22102 171661
102196 81100
60125 64854
193356 74495
116172 164229
33139 34414
138083 44724
7490 9216
173946 93544
85250 124822
122472 141711
71412 143798
116614 35420
182878 141372
46410 154883
156654 119681
165426 196323
166685 147846
114027 137222
167717 167649
139929 81176
91009 126263
141471 59541
23477 115832
80706 95888
108057 68107
40821 79580
2768 25
137185 198783
35731 90148
75174 122998
140273 2181
180295 128957
198043 125061
78542 2395
112837 76788
156501 60612
1893 143711
97949 49433
107935 146946
114585 103482
65509 42801
187417 193232
169343 102164
99185 57827
68939 20765
110688 163925
62800 135427
160751 181909
179475 71268
74627 169990
194754 139446
70471 108241
49284 17948
47817 35816
75916 28930
166958 119366
161935 118691
71339 183625
163252 128974
49228 84055
5085 39886
13011 140240
5802 48743
26811 73955
70568 32779
187485 114929
190607 2151
61030 23645
39501 3861
129389 56935
89631 110165
81678 130652
97360 121553
182698 8320
86573 21031
196758 38297
14691 69863
102872 18714
142395 123247
47607 50383
65557 100029
3308 31972
187350 65264
100873 116120
64793 193363
8785 52214
120806 192761
24632 136614
174590 54644
123949 102007
178637 81818
84690 41580
164932 190903
11059 195226
144070 136558
32019 66405
126152 167385
78333 52095
94484 13655
174771 57092
29604 61858
165914 113813
85070 3950
43873 72378
153275 31366
103759 63725
2341 11009
152326 181077
124590 180462
156294 40631
97360 23457
65202 41340
131051 23961
179817 162175
88716 199115
163875 15743
15670 93197
168972 40349
183849 140602
28153 32985
127886 60995
83032 146369
168991 198364
91048 115008
192202 50585
5598 180683
99030 93892
189897 35320
65719 10352
127220 185238
114689 146545
77258 142275
182725 128475
49749 148558
48924 142507
91139 84851
191995 122787
72175 156941
145365 42034
18056 139235
40639 117804
77509 69036
141979 96237
119035 189
167255 132634
99364 192324
48637 4908
162460 95441
162582 62597
84069 189007
16605 172567
141285 101579
49774 137382
179104 130430
144564 40405
160705 74221
84568 107428
168010 84417
28958 25234
137154 172725
17480 11476
34020 46830
8199 52974
28064 127237
50232 25888
8341 149688
168232 101869
172471 128427
137841 163571
183846 154744
67093 12868
96038 57862
158848 188179
18580 3431
54720 171901
128820 20961
122699 167489
15913 94615
146282 194899
109040 96750
185712 15284
161726 69682
138680 10657
192493 18452
79667 20431
56597 136180
25460 26536
190100 60560
139372 101013
49666 50626
137939 172197
65212 149430
163926 46898
146388 196397
146314 108839
195588 27660
167412 151143
93838 176815
120251 184170
174390 111956
27290 43729
47290 144171
105266 132303
88477 172369
41466 139959
157265 116133
92360 82616
144201 85107
97445 108094
166001 112877
190282 84791
159492 63104
147626 143033
56080 98321
144242 195187
66608 94375
118595 117310
104095 52
190399 9087
74576 156176
4274 135689
35412 79126
1722 78731
58167 56315
82551 5689
180806 72341
145140 134027
145837 149598
149845 40558
24717 9893
120684 93234
40923 36283
69466 96229
152609 65499
61079 67173
78723 24093
149550 104805
149177 57000
192484 20238
189683 85117
126494 45326
127999 180774
184248 151056
25000 156037
168364 78747
9797 191573
151070 100021
20573 14660
87659 91208
113851 109189
31599 59433
196000 171123
157890 2998
166170 165726
100267 14190
79898 137464
10796 83707
141540 148089
39212 85677
131702 182916
57881 40160
13244 176590
191779 102992
116816 197353
156011 150800
132312 23615
58219 113230
75965 103370
38801 34653
88125 21639
124743 149800
195380 12927
143695 104646
68828 22303
104472 131550
113900 182943
34178 199763
35356 126071
146617 51933
127890 103631
170984 149771
51407 147107
161480 192851
137429 64552
63522 18782
69798 112740
84781 179500
151000 23487
29500 176095
108419 111029
95753 91307
49936 84080
90316 155682
171812 6346
79907 44370
91677 161539
115923 163364
38226 115465
11765 61208
52347 179663
97995 40893
198636 190969
22496 29458
193877 14297
63714 162793
38713 75415
3601 89987
181875 29171
79985 117981
123520 5964
87000 54791
193990 141035
55542 53426
143242 137172
196702 67806
143865 126623
163327 191346
37054 182209
183175 175181
4821 98726
152832 173940
138098 11399
66967 44649
15758 74453
52612 182591
161996 71115
13916 121887
171641 2185
17459 101881
173113 71123
173797 173042
94430 28284
5002 76676
170240 101325
60600 99799
133311 186041
26111 82695
127052 156528
139346 23075
48869 52134
131243 120059
146981 186770
5634 10421
64853 138784
79935 87444
128433 103128
195138 41158
4817 90907
179389 92252
93161 163901
79254 61920
131401 72320
16256 164048
67550 101495
7725 145475
73452 59136
39770 89598
102983 172211
35983 23015
191337 100194
136504 177733
160550 163978
179968 59619
109402 63010
150182 40043
111796 81890
158694 86321
117748 142144
34544 54201
171042 36328
152314 141913
179320 53035
36205 81003
180495 184848
137313 35456
112739 38051
172028 148071
41432 83230
17778 146104
139713 188598
31035 48270
83257 38148
190600 7729
83543 108539
107808 79521
116131 195458
166946 193552
71775 39835
49266 27990
34484 48431
6868 199872
160428 161729
69957 158756
148647 160528
60533 156333
60866 60533
180192 6838
94179 20835
180393 124939
35151 131682
158522 122884
186652 170281
98032 48229
101571 128830
124217 36049
42936 50662
59317 8449
107110 3936
70742 108278
58342 194607
175988 53172
198647 53625
17338 46420
115156 161759
128436 180320
85170 119943
64693 112082
106134 10965
159366 192763
99713 188797
82025 103325
160303 194634
149930 155663
140551 137687
168138 184579
10096 136486
28657 118387
119774 11120
64415 135975
141000 103708
192721 10290
146198 101555
135300 165321
12923 49769
76331 115227
104344 79838
74951 120940
43644 110746
77181 160730
14300 180868
135521 37288
121525 169372
118410 23709
189438 131245
29668 47126
153472 182483
143238 35470
103041 108413
84794 118198
6531 46892
118930 154748
186813 52936
119193 23641
65558 84955
181330 170021
186508 42991
188318 192221
32387 23906
29928 185134
117808 166219
95144 22363
137316 185409
100687 190546
134131 160452
41917 99269
144270 99774
11510 44797
87869 148241
172892 39346
42500 37908
46889 186659
13451 109991
80757 81139
191408 116984
75703 164221
47369 30817
34491 53177
927 163201
66352 3201
120231 130451
130717 142476
1508 159380
129360 62359
56853 154367
172877 124706
118945 107519
115835 20816
157606 157314
1724 64151
143483 72906
162468 164794
146159 54431
12824 48455
38865 14435
171253 91494
9627 38110
8502 174850
151544 158148
78235 86799
22991 12854
28545 109303
46727 42294
176185 74549
160194 173258
181277 183461
155968 150021
147372 46510
119365 196434
151773 94422
9396 24413
78459 84626
96619 99337
17739 198822
112021 144303
17020 76765
123422 35271
31988 182091
71938 86301
138164 108465
137533 55010
182408 54802
160447 15253
28653 149781
191294 164883
138661 22983
126790 189812
180527 158539
185285 75285
111950 159605
82966 68069
137729 150771
163380 92761
34004 161033
147492 130128
136238 191152
165638 130480
129108 47162
159753 61007
185752 76150
50740 415
30988 6288
121867 163961
30914 193323
54351 161300
108694 108539
11926 87502
91659 146910
167118 55664
2962 167935
52741 180884
73827 66695
17783 80681
78718 132826
144178 84915
1608 29842
179788 87369
89486 103822
189897 149140
161479 7633
46041 50861
86643 88589
176285 125596
124388 9322
169254 35588
126222 40734
164417 120749
140763 87847
121234 108516
194665 14686
136597 78472
148097 190046
177786 82708
145537 140480
4907 54595
151362 179698
86959 92693
17358 39140
73521 8172
88907 98368
164237 140057
43508 149680
158778 102123
49121 156026
30631 197012
80815 184882
82445 186081
8292 71172
108494 22754
130300 62297
97409 118465
79333 56660
137652 79251
45879 29421
98099 9803
52979 24276
116333 132644
6537 126528
131087 40391
49863 89160
126740 192006
137266 81359
85810 37564
25757 135305
177398 34792
53789 189942
9583 120421
101604 187087
136930 30366
1078 81522
11543 180107
155789 22827
87370 122389
12096 27028
136467 172749
195443 81915
5894 151404
198835 81827
167471 55010
84117 52575
50475 75122
72523 139533
83664 115636
175932 30842
71475 39144
41287 71733
30006 4000
163302 146703
134758 26838
54154 142221
91834 144013
83489 71055
37109 184643
74257 150493
64180 44899
18676 81626
160764 88799
141710 116300
13298 34099
7601 123401
177078 13227
27769 100559
14104 22576
111796 102739
46920 184728
156270 155388
165012 180913
183335 116874
161564 93225
81905 87119
51944 186883
198811 175865
139850 20591
198114 122080
148843 34550
24358 183134
122756 25497
119429 81368
179432 168931
186179 122001
123351 60738
58667 37676
161728 67647
95277 102781
48065 183400
174374 86594
85135 118826
127797 7934
17136 124607
29593 92129
125476 120912
44775 73993
91388 158451
150649 33396
133156 26984
106349 187243
28045 85425
145792 170250
18593 79199
139657 120842
105072 154806
108382 62542
162759 63883
143642 41687
126452 100616
17318 89317
54589 181944
154920 113023
114126 148692
89706 142745
181963 61907
45374 173700
175533 20420
193821 186623
150521 127568
29970 155233
156258 121349
85296 145513
25600 116711
46183 80750
106377 18248
156831 28507
179702 156345
99330 85829
129577 169081
173059 16118
23733 57046
36417 152245
197916 166759
49 198464
38464 173247
39117 118745
139266 76416
102232 161369
151502 117221
51293 53913
178656 82995
78574 149495
178143 79836
113962 188165
90247 23407
152759 2129
160299 133805
105958 33438
77119 16361
96790 143887
13928 222
184381 146809
94174 28757
73980 8175
61668 113172
184084 154708
103356 163897
83396 186588
100347 106440
100025 114083
142900 55370
173668 45459
124485 36457
49343 145601
100820 94448
109376 40441
75621 175654
32912 35201
3042 18808
169972 4118
37748 189095
127586 172472
114488 35593
22195 35972
168361 109015
119546 182293
158448 111596
163381 47133
119117 133541
111182 144717
117977 100851
93142 59177
48705 111352
158486 1948
151504 130589
191605 62063
186681 131526
70583 107699
143175 151088
96199 8772
9927 148938
126686 184781
96621 29666
152114 126231
181010 20989
37248 191414
191705 137995
196761 73249
121881 135516
20509 137195
159927 23186
64286 123851
165325 194429
173995 175301
20469 179326
166118 141348
151947 81920
160705 13835
90059 140256
2827 122912
119023 134392
123007 150462
192366 86905
110367 92515
77233 75815
43912 9261
182204 156667
196458 79711
190572 147773
68274 16101
164968 124037
151557 44324
150172 13532
172051 76482
193300 163661
7157 75188
127077 21630
33246 132539
20149 72837
66074 34745
161428 73656
72147 67360
3724 194362
29243 158289
45774 155129
193716 39620
172794 117088
96933 45980
68486 183704
61918 127119
47399 138252
8675 89876
22126 38030
156119 40410
130010 197332
108252 100445
62377 173190
115392 190317
167137 43853
55275 151456
192509 90460
14242 168365
69310 198046
30408 13769
43936 121639
104529 124842
79002 124851
195599 197245
139598 61253
99563 179179
184971 102255
124411 68846
38051 139053
113963 3110
75706 117656
100141 177863
82756 139003
179012 10753
25524 139276
167097 92754
113191 160036
170936 71458
87810 70865
70016 25763
66937 171533
153139 102539
120877 177024
196370 63386
192496 176132
154331 51099
136303 88450
177660 180953
47165 82122
143554 2773
176371 2222
17814 3136
107807 25612
137695 27239
179700 116902
92148 57519
190121 74265
66034 50615
8924 6213
162372 24102
14912 155750
172126 56840
157126 167270
31927 185618
31452 22646
158515 34055
98556 172070
169845 148392
48436 29058
182362 48304
66411 77220
122410 173141
19849 167453
118868 72453
111932 181462
175002 84779
67460 42459
19398 72690
16355 100349
101867 87204
15745 67696
69381 46644
115495 18193
128902 52605
159987 102927
46778 169210
128990 28425
37716 141724
113051 57249
160948 168648
27853 115758
187538 67895
27077 9139
19116 18459
149775 190722
65693 116886
4920 130470
39022 171145
167861 228
9919 174223
102363 69845
39743 183516
86464 102585
150639 971
135105 185495
128629 125342
114310 105884
190780 18377
141592 59205
868 100775
180686 126371
31773 148700
140327 94089
87410 178740
79385 105019
14469 165747
169627 23768
95776 140150
89146 21092
120492 199349
76011 169815
53247 46300
145353 10311
100707 173208
50071 78348
182422 102264
27989 165313
180576 94179
127534 22247
165883 114815
192761 49667
36686 9359
50619 6650
188676 155438
62518 128250
101914 16514
141703 168666
80670 130990
139970 117784
4304 9711
88942 14695
88531 189009
11224 106302
30983 55491
171403 174933
137133 120160
177755 140657
39048 194263
151873 61076
18884 9668
192797 37118
128161 171399
4998 123528
162103 12007
63618 183841
170076 34220
3766 45155
165849 13097
80567 25505
119587 160230
44746 154939
16767 27875
29932 130324
155970 161384
57822 16544
53122 111729
88433 193444
177838 105385
84997 31668
179330 150987
143101 36001
84303 55898
11951 155474
45469 87951
16574 31653
71800 37025
198588 108831
44054 182530
96975 145073
43256 114993
63870 152565
10669 34963
26206 165727
160548 98601
41355 4098
127656 21161
1665 1894
47033 23368
185268 170854
155643 74379
109111 181798
124784 181498
33265 54044
37510 167727
71028 137125
118075 108012
62719 45757
160049 181319
9863 156310
47187 188010
131043 160446
23075 164415
78958 91188
109783 1199
146201 61772
50307 30804
138989 25083
162247 94871
199526 141486
133049 57482
121692 164224
172839 54555
72464 13912
50783 29539
39117 179633
124365 130421
46223 41881
175674 11303
14164 169047
95472 74728
54943 113947
65899 87634
161696 198813
118790 11356
27374 194096
13752 140866
46108 41431
7620 127156
134979 30426
18576 61683
189112 116608
155375 151982
85452 109856
52102 195845
177433 85377
60310 28871
85494 59712
25707 62160
193397 108160
52418 98444
57846 19276
123468 153379
126985 14245
114260 37996
56667 159760
119274 46678
101537 97907
35758 119994
188697 50897
165681 94003
70699 53009
88052 33348
8414 181459
149073 15638
73559 35784
29127 122038
120214 109635
44880 199319
90067 57634
77375 158240
41102 167248
160309 44548
151552 144902
60216 22669
107924 136779
128245 56740
155080 124123
121311 73183
3803 191370
112227 192985
64659 64968
85799 113836
151904 58303
155130 39052
150393 1332
109517 11594
10502 123379
192277 132178
8814 111595
139231 103369
125638 182624
25690 118605
129837 63049
21782 146405
197416 3257
181708 191834
106593 57150
34790 93954
77540 62669
169775 23785
4176 125773
175384 79912
42416 184368
120399 149522
195897 153003
6400 119234
121573 36340
184323 106263
48483 97104
164315 121713
184524 166043
358 164445
18534 100894
181077 87270
139178 8576
77750 111648
197366 70724
182991 160564
142197 150793
54303 179481
21223 162649
88001 192876
14369 134936
176857 95418
13517 29090
100390 95838
121990 162303
10715 95833
96059 45946
169915 146484
184779 17566
147000 185949
53665 36283
87800 62557
141462 29769
170142 125435
193300 197205
152075 184247
54997 197440
195302 199462
59098 84008
92462 70087
132007 178318
110869 72652
14277 16612
97731 90500
118597 127462
131453 138067
32168 123251
186077 139436
177815 139685
76616 118484
162779 96508
176504 181725
17204 49376
120029 22888
21017 102416
46875 75596
20172 28670
43193 72337
29367 182736
38786 130110
39453 53545
136496 164437
5949 76853
109193 178888
141934 34611
124232 90886
110135 116356
193387 169001
5632 76420
49562 16502
5777 60904
136216 168997
88049 107923
151704 89861
171904 169359
85540 127441
155546 174550
182679 138980
143778 116722
120064 79714
148702 34592
80346 45020
68160 59450
126942 97492
75536 12405
38887 92569
74550 119519
43612 162171
42151 186598
140331 74776
47784 45970
185628 181629
174682 40236
42272 62366
30650 10788
83002 150609
33155 115577
68265 96908
48365 53781
147453 185372
9094 174471
83085 90138
38783 97758
117553 141523
42624 139892
79053 31848
6534 106054
130920 38112
120073 83944
40909 1126
193593 143169
133015 86844
169672 184930
77479 124233
75977 197699
150400 174821
38558 148173
190984 115896
88785 180656
29443 191796
125563 10507
36549 177736
144431 30639
80762 6501
105285 161880
57768 116910
93689 24244
85556 14427
159424 168117
51158 152944
138002 58234
72857 51306
5911 21913
141142 116775
177489 176045
22906 134163
103396 50974
128573 83299
158118 158618
134102 14693
174789 94651
104218 38784
187686 112104
96897 101218
97736 3196
74620 90419
92106 80763
116806 147072
22964 56544
190803 116450
194388 108950
116000 75664
42937 190842
111106 191000
108579 36587
153926 156746
22565 37655
54470 79491
124417 137705
87928 17332
154843 198211
98507 23187
1736 107338
167460 71652
108663 45848
145704 121142
186187 148876
197983 35895
52235 48761
100079 75882
145193 128605
11072 79166
153409 79670
129526 146613
193949 121492
58857 7036
642 40377
68860 78688
167918 166871
123874 32553
171394 174566
75416 109356
47022 128946
180314 169027
64160 7457
31289 72671
129251 17492
156996 195446
94834 152323
125957 148262
114313 67610
164626 179808
124792 181993
31349 97833
134356 192141
150802 4600
68037 42690
152478 15339
38309 83803
120860 181740
35520 93687
42811 13865
71479 94677
109974 166789
93320 12771
75985 76458
138835 167496
20140 134708
50808 164635
48038 24775
156962 197298
43814 142531
84570 82893
179561 78925
71162 179685
182968 180446
95034 25123
140096 152056
92178 37675
3382 35901
135836 73772
97784 127114
108002 89212
42738 26849
57115 40516
131959 57964
49393 146449
160807 180789
137797 139486
186790 144471
184095 198262
29876 109405
120716 20028
30557 34402
4556 125703
91282 81678
181155 95046
36442 115852
156671 137134
89666 45144
186095 79872
7540 195156
31090 58290
33742 181992
37319 180368
59396 80591
32859 55009
34136 20606
111361 181094
29288 20378
4930 126945
198531 113049
11146 51473
28264 8597
172960 134606
155498 15537
122968 31175
66326 11346
17367 79075
175004 2693
197801 25298
32452 157757
53845 154037
52436 48440
175794 92153
7671 23798
38157 195612
72713 151979
91184 92328
42090 131239
190987 160683
63393 132359
149484 17915
25980 151555
3666 138632
56885 187646
50214 73888
45030 197662
140805 1135
190146 25870
56103 132172
185535 124444
96067 183012
154503 48530
115256 176561
28135 47409
93015 99514
111174 56171
134808 59652
106845 29582
199599 82387
32406 122134
28919 136244
35629 129976
199826 94700
184741 75569
146049 189304
10646 21561
86014 129424
30336 100869
74348 119786
157389 192984
81791 180106
116381 59212
145206 106767
76177 112188
49489 18248
124696 178031
96323 47002
3352 176727
128883 176186
27571 103906
114835 137013
172635 177346
22284 31253
37583 103498
105022 182200
154812 26666
194362 44230
16964 95345
52190 88771
52498 155966
105982 32182
61046 111334
190107 130839
73012 187039
152547 155622
71559 198261
168777 104920
93349 124736
174766 158117
106023 127018
134065 73110
38634 119180
28322 32032
65717 128278
130358 60509
164724 35287
7792 26111
193410 13855
17886 130584
177762 7013
46949 100305
158489 178050
85710 40039
79365 163045
163377 25254
199275 20059
173299 197030
136302 129025
122165 52936
76956 173564
130522 128517
132329 68594
142197 90077
141697 143294
4633 8284
112829 31231
100567 117996
82460 98655
116014 120497
9433 8614
46366 145927
172861 79442
185090 43030
128839 112901
35256 81910
187623 101996
127784 28674
149122 176954
128596 173036
145172 179667
141399 150002
123161 124758
147392 40976
132825 14612
102600 69047
129681 154939
99038 161728
177338 92475
74564 84013
16102 7379
154787 11828
33607 96053
91456 194526
153084 7052
163881 89459
99766 25520
112237 90478
93682 107985
92084 14798
173341 64024
64911 61505
169892 81816
155329 22267
180353 17171
79931 30008
88499 44507
5168 141143
85490 9799
120825 172430
110749 148911
134942 110408
69893 5349
182442 123130
154138 5830
82973 99022
149515 102316
84521 150088
25619 128021
26230 181106
176977 53978
88072 130216
131798 174952
89009 43681
161174 78518
95246 114293
52890 130273
166578 19745
140466 56120
75329 69509
12461 77941
150346 105390
59215 163728
194744 24107
188143 151570
24834 155154
88301 71661
17635 148486
139216 124589
111964 54982
91047 20097
170797 79128
132289 78620
113485 173922
141545 82144
52449 108610
105461 65868
163831 135101
118812 176046
143541 47344
4877 164586
184375 135326
48901 151217
130864 55825
173227 194566
122499 70238
167229 139650
161068 113699
148405 190478
164301 15698
136910 52599
95493 121239
38731 63013
39446 195674
179650 78716
114135 107548
83534 16890
166181 53362
108119 69976
75248 169357
42097 67226
180055 157610
61901 106396
62517 29769
39312 50310
7263 64380
81407 121677
127241 146755
114330 110630
169587 9701
52951 41775
71490 35765
7640 67738
72817 172667
144365 46134
168898 11071
189393 127361
5219 14504
22002 82289
157706 78114
16668 106695
95273 176075
172342 23674
104044 189854
36848 61877
29343 149678
192540 131138
31626 136829
174121 152154
137694 66010
130142 23659
62411 157240
32055 82159
86321 153178
193263 102224
196182 195025
61850 110853
57150 37822
28001 45916
56128 71971
115206 107054
66665 154529
14661 128545
139846 98227
183401 29613
82966 143064
111092 124481
178976 64579
72807 37988
95158 124577
187609 96401
80786 5525
169188 158811
9126 193843
173598 14333
181059 176056
62830 66318
144895 100845
81073 167497
183663 95121
179634 31996
140224 61967
115974 101836
2063 103017
66987 78877
23659 198356
61725 77968
55152 42003
115041 165506
83148 168934
106507 8882
71838 20997
128895 123494
193185 108256
87222 188059
110721 26319
42034 183103
68412 132733
17398 92238
110329 157842
191164 143584
193407 85661
118820 182246
7170 199748
13658 168133
168190 48167
165192 116236
168061 35676
807 105032
52449 164705
80098 82241
150945 21557
29053 41373
65433 135363
187057 170179
34104 155718
179767 107562
83729 118356
125401 192721
34999 68336
45477 180216
155457 85874
73872 52079
22125 108658
96365 47682
103153 98913
149525 58848
5436 6022
146416 169636
160433 164267
59955 23325
121222 51975
68625 183832
44239 13051
105129 162007
112435 157390
68199 39126
23347 96449
44597 148700
30763 3701
188373 137846
114075 118937
176583 129539
31068 58848
187057 53254
49951 69784
75488 195676
129544 100159
34131 113065
54161 157309
56510 74179
190503 177521
49641 109663
47283 107093
38259 7543
76073 68630
61732 161922
118221 65096
96899 152805
179377 169669
120105 22476
2706 122915
34919 84737
181672 104217
180055 55632
186997 100532
185717 110964
192966 156552
67169 19152
24977 146015
15402 13662
87258 61563
123453 92879
158958 175844
156823 186009
196148 11931
1406 66495
132263 162440
99861 79301
103468 175968
97230 34666
146686 10781
152172 47022
68234 44530
132055 129196
88914 122706
34582 23501
83183 186190
139048 113490
37171 68264
30630 82122
11577 33521
130866 73663
196038 94528
112745 74168
69001 160677
199640 69143
135522 82054
114236 43250
82718 193166
128785 39654
145667 172339
166895 115341
13952 49525
38961 14305
60257 48010
9402 123273
68217 42875
185064 122457
114408 30416
129738 10694
115742 93460
185868 147025
127193 119999
129234 29489
188682 38812
32416 91647
24531 53408
74480 47358
44118 196592
133363 71511
147652 173838
153532 55679
152974 1082
137892 149629
47336 109162
20142 64529
130577 177448
24722 86156
6806 74523
178602 178426
31980 103330
97927 154754
27806 84814
40312 7570
21251 120648
185522 172895
125792 119028
164720 70601
155768 172493
1522 86358
11495 172012
163150 118778
85175 191771
192498 149202
33901 55409
12762 168728
74175 84718
14559 194983
18540 143434
157888 99980
24262 104559
66890 46665
62936 104574
23381 5378
54585 42714
101844 105486
74695 169652
197279 171460
40406 31616
78263 128673
113341 192909
81292 179559
158208 34417
94122 174463
25196 96327
134389 52396
128352 116771
101736 124896
70381 147603
157376 110906
23652 198310
110766 96531
160922 48853
113799 165331
111678 24366
10601 134570
89587 121511
177325 58781
169768 179893
187076 40651
129846 138223
165036 169667
137542 22013
76207 122741
114651 20758
125203 78747
38957 33500
179389 78751
65184 137126
112128 77459
149039 12512
144440 20063
11822 134589
28216 133865
111389 108271
24769 121807
173240 188825
149024 66423
93182 66811
153504 21436
131975 4265
29868 194122
173429 121341
47069 47765
103012 11865
21835 109118
184649 78027
82300 153934
189818 119276
198536 175705
117952 163529
69488 89479
49072 55331
48520 20506
195830 158349
67979 176531
27874 113718
140084 4697
1533 103530
30587 3488
45020 171915
125075 120629
181353 106193
172417 195100
157782 190294
127592 79378
162136 161676
94563 181053
176634 180957
176975 103547
79340 22974
32792 35420
3638 50018
29338 4165
182461 49342
7030 54849
126122 170033
38052 170326
63382 114240
164118 141187
50048 22569
78884 121485
38841 124254
110594 5720
30529 43544
39957 193668
184182 116724
127153 123599
5146 117838
153414 63604
52780 77289
149273 102691
13349 87517
2065 26913
165259 186934
113191 108970
129946 193221
151693 156196
191648 145308
76225 9704
127795 104774
127429 134574
154938 189954
160300 177909
127901 60793
187247 15914
138493 4986
110626 151101
82799 145033
16649 70215
169949 109351
124083 30656
129706 163237
169393 90903
117526 182850
114356 5455
42293 75501
190372 50385
123009 90138
114849 60845
133074 57594
154052 179562
88907 157837
187486 172218
122806 34383
76912 189529
186486 102334
109278 176452
171050 192567
94439 123818
42475 163013
54319 74045
181063 196413
22595 174865
126587 33842
45428 52294
40977 158794
129024 26452
109048 129428
79601 61531
54902 145970
12334 4753
94054 68370
93597 177453
41578 45801
131984 8381
16690 88536
112885 29877
161891 59426
31638 147321
58746 127498
67587 89214
93125 12236
146021 70122
39631 180915
135106 158411
175502 27301
185180 13218
114774 119836
198120 29080
27759 160058
159818 26705
147449 11003
132988 27633
43791 165132
30949 53841
94802 41166
190933 76579
185641 115742
199745 132618
130651 192035
26030 40448
169632 95352
87716 36117
32240 52925
115110 108987
1727 64309
124169 89476
75172 132389
44896 22344
69735 97632
187486 197879
108793 94541
165005 174325
64344 39744
197449 197528
138845 110552
59817 36175
112414 108373
107298 120260
135308 178835
94837 7803
116020 38165
2608 188122
135620 18241
22225 88685
82525 105291
43077 113790
16114 103093
199018 9724
173062 168157
39572 150617
15155 165573
187006 173110
136257 77523
109919 105383
178487 183708
145126 79777
189151 194694
82234 90219
2072 73343
138358 160013
38499 183579
105890 116966
168790 53775
142718 163673
162055 170928
115906 182838
90506 170068
106039 51720
79045 22094
9692 140885
87686 102235
190081 188451
194001 33032
136439 141765
74430 56030
24333 134132
144648 81856
136666 89315
198456 166642
41951 6140
7312 141541
155322 67815
63266 79677
190451 110821
132455 28952
191886 15715
97775 68094
164362 133038
92924 32457
12513 198328
170646 32703
117634 78109
150061 193164
1367 118790
88862 61892
195497 152462
148268 187341
164560 174463
139799 156120
61300 91839
78434 74590
174830 187395
150148 176275
36693 187263
99003 136228
193335 64916
27585 85944
135385 152665
50478 94705
119095 25687
38419 186553
111593 108018
21482 24183
16304 111382
34096 124847
56305 116960
20467 96809
177425 137955
105580 154204
146531 136039
103490 69126
153172 130765
166845 110998
115365 180622
128331 191816
109294 42689
37840 132589
33325 127079
186424 119987
33918 184687
134529 138712
30949 182052
55743 119389
124088 8548
195690 41115
146546 96819
31134 157706
107118 28924
31685 96885
149885 75915
10560 137043
40188 30866
97378 79935
98163 79498
77066 127383
7335 37453
37262 154567
110562 12754
79997 74314
56514 47993
193898 128135
547 32068
143534 91397
17712 11714
109465 126138
150225 81187
148312 118588
88559 98909
124579 188753
158784 34816
199741 36313
132321 166845
120832 199670
117947 174908
117723 39055
190806 85254
23414 163780
174196 163471
107382 101512
61033 103651
88867 141819
12012 175753
116156 192916
72713 169324
23208 43415
185391 6503
149946 165180
185441 80963
147075 169125
32449 168799
146631 22323
50444 162190
142039 151220
198605 13861
149487 136775
49649 196755
124738 131764
4893 31532
172558 139424
47119 4974
72080 53951
64301 184974
151927 116453
22190 139866
159084 84000
105329 154375
11793 128837
6099 89118
114562 47320
108774 6307
138387 83200
100142 67418
23862 30054
26040 142025
44082 74804
37758 47886
66993 23496
40430 80425
106766 177894
44353 15444
161082 85274
47569 7123
186988 15336
78126 102221
25886 83897
37346 108220
84992 67616
98439 31711
13600 53100
62816 197168
156502 153625
61995 129232
133333 197235
132232 100939
30168 70593
15895 83450
121851 144998
106713 17160
126923 7578
106823 166080
61274 4882
70559 145248
153662 176973
26611 64571
145414 170801
32918 79853
148963 106627
116912 21997
166671 131186
53336 37321
97860 141674
44090 64268
140912 111085
145530 118422
10956 263
121806 162721
75826 171196
43879 143
15775 126403
71645 156728
65770 178258
99655 92123
165730 55773
153396 133780
73745 11924
42315 193773
140009 147609
18334 78811
23519 103627
183090 32238
36609 190074
145878 73259
113237 55274
160025 132336
83442 178809
89820 166506
68515 197315
185534 118678
71569 64469
173612 84316
89557 55214
120534 157159
86104 4162
181364 35056
169462 537
159590 124920
1122 2511
176346 45492
108309 145698
182581 184366
128183 199876
102968 141068
21273 170157
170726 20323
141204 8113
176060 116701
176226 32353
92536 98665
157631 93839
101385 46449
182723 2211
32707 121293
97120 50592
116544 2455
58071 194811
5186 198816
73698 178404
185912 93801
50204 23585
160811 163903
79477 188170
57973 61410
129449 95159
9646 73599
129195 184562
185328 158867
54811 1871
51403 167363
103832 29084
72705 149187
131158 129503
44690 144648
50796 172973
193676 148297
176207 178883
158066 148149
46014 17134
154184 33620
195553 17053
33406 68059
149397 59760
137123 191077
71914 50293
177729 6061
181663 177665
139708 161077
66302 178437
146832 118995
513 111966
168026 176450
170402 13596
84673 113390
106661 71837
31908 178304
135868 122313
129912 94758
135596 198973
11395 189064
58864 12312
72859 110117
139569 117667
82901 1353
102724 51016
87742 21446
149900 6652
193317 59148
180762 111102
19515 65532
51611 43118
86305 81476
16475 164101
163918 25357
7307 125821
113233 6298
155329 164181
87636 65644
64790 28270
124146 62485
89340 14270
87449 136230
62061 19114
157278 162416
114958 25080
163932 117036
151765 32723
22423 15909
8741 98932
82125 181762
17047 33433
16254 115847
14363 79029
160102 164151
113205 17247
26694 177620
14626 146607
13685 77311
99997 105299
25122 161823
197123 107770
61109 157176
172943 163580
2781 118860
100643 121690
112226 162585
162328 26550
89029 170636
177151 6809
119034 135585
86035 154092
50458 28314
26920 3222
156022 186988
17707 155422
50755 150265
33026 167082
133405 67184
93164 110365
126196 189956
162753 116556
48739 63741
36091 11553
15858 33471
81702 153230
114255 134513
170841 197755
93781 81577
153005 141858
38175 38643
123083 80918
158160 89890
76301 96687
2119 135707
153732 172407
177813 37907
15026 62230
132936 146657
14315 110641
90130 51225
52527 167918
52760 17932
89536 49639
175076 124709
182133 181362
122527 157225
181513 86808
151627 148399
87992 161508
78547 109759
86146 42541
27486 119093
11061 130006
57516 970
167449 58465
181724 60365
122300 163557
55873 62658
126025 192568
86905 194008
98544 53823
104940 48299
1764 95111
2594 19329
93818 7869
145410 30197
37330 76173
115451 50962
165501 153535
94349 11510
7782 52199
51859 74476
45652 57396
68682 188439
45688 89082
145361 64479
46804 51377
5635 46158
68627 26527
5504 177591
35978 99333
171671 29090
88706 55113
79973 119592
62954 96900
97610 173254
44921 138131
163370 113697
186370 17139
31063 37863
34288 49714
50249 139607
99142 182021
98109 83350
157169 112602
166762 64108
12110 161489
153964 49572
140370 77119
38946 85900
64795 13962
165009 73420
33151 133240
153114 128186
54851 190657
21341 123383
173934 161189
17007 43892
133331 101743
196951 169102
196906 133473
98112 130702
136025 121705
46924 84365
186775 98011
137751 182062
126694 187604
129707 124193
70343 152355
105106 167276
153088 170325
9596 54317
57548 53216
118511 61443
103783 57304
80216 111418
98851 149782
41212 98070
66724 144324
22220 35214
197034 22028
77346 116525
136006 92164
60340 153083
10786 121964
134287 162825
88179 111701
118267 122566
113379 107205
96342 130428
83106 71571
100237 6480
47073 115786
61287 69632
169176 19894
94135 21606
77207 131535
134426 143302
168731 20489
72464 59702
25798 31088
18704 94434
10036 143138
52510 87493
51550 176976
86309 65543
79356 195353
179186 71950
49976 184980
158344 36141
197233 187744
193940 142378
68456 2238
78506 73885
90868 105857
106368 152032
198655 171786
3118 123734
171467 134388
199534 39134
104204 59659
59488 189619
196382 55018
124372 61270
135221 153880
144865 198606
122877 189402
120954 89302
22512 82071
49243 112406
182962 109495
54942 114998
117958 146394
7892 98226
36425 151391
33646 80104
193412 2538
131020 172714
92973 89083
59112 109877
111600 179769
197297 105741
199975 181016
140930 78549
85480 153867
6093 148788
8444 36474
40290 86574
148948 165109
158074 159341
150439 102469
99961 53532
102403 16701
140114 101302
49372 124461
28479 86204
149295 118368
167511 79861
24443 44938
27346 176918
144942 46567
8405 180624
158169 128088
7036 48941
52167 18217
101160 74402
53974 61090
76312 172903
137468 18345
119188 15062
96640 135930
2896 45044
85662 107705
102526 41166
29031 33853
140628 109685
125371 194811
18026 101973
54128 34061
53917 81201
113299 186037
174272 124461
41624 158259
150757 81347
154008 53209
131721 187898
179526 120313
72206 52876
1952 37406
116846 16770
104658 158558
64708 137851
86217 149220
128702 120640
121293 151030
10246 193277
23883 75475
169424 119619
90907 183584
186555 77975
102522 160702
45909 108804
65310 47076
161936 192216
113267 120017
100838 172774
48089 183114
149060 25044
103168 183146
11447 62835
41401 71769
164649 140965
76518 174761
17497 182989
190458 189376
56953 129365
107815 199718
144920 31780
96661 20063
198023 27584
132225 85463
107505 118211
43212 66262
54362 132662
11701 121155
7004 19188
167476 182056
177111 196539
121086 99918
90088 195549
104686 50962
103986 9903
2815 65695
30064 185887
35778 85751
175714 196261
121700 127077
120942 17888
21640 143768
172235 63516
187062 114747
36768 123415
73176 42302
44719 4736
159119 26350
46462 77109
32546 140157
194366 102459
44160 20339
176002 2939
177572 71632
40239 115516
93871 46646
56800 187279
9030 176959
139539 56667
115883 182647
12519 166407
137069 168038
173681 187803
173026 26947
102399 180971
80826 116389
13741 156816
1224 12758
98932 52885
65458 98211
62532 52426
23957 4205
110542 7326
3817 88374
50372 178248
175362 16561
57821 25324
174093 44010
189796 43791
11538 108969
134349 28229
85759 84589
147340 164309
49689 163755
54296 142005
103564 112167
31669 60925
56042 27758
93475 84769
45514 3931
105419 171441
82901 3141
102023 55776
120266 57697
17306 172481
72996 170380
163555 96726
11519 17651
57295 107767
79046 156990
130961 26690
186786 140557
149214 44947
66045 24837
157252 85028
165380 182535
101861 177708
181855 34848
87045 45962
166555 199680
180257 83354
174686 126388
17699 87846
4627 159524
153364 117680
100237 133963
167928 194463
60929 131969
154002 184715
3485 60977
5561 161573
198952 32521
80963 61970
193440 112329
198508 63845
162468 20812
15709 36060
98180 130739
77756 52957
39760 98501
53579 168307
9938 62408
190136 156782
116321 193792
86165 35198
72910 83241
168717 199359
10383 136544
108762 169882
75617 196753
6212 60034
192119 86841
89845 63505
53954 141378
14176 174328
65101 180185
182526 188614
58313 159401
100005 136701
84316 48116
115963 165094
1585 16939
128882 18347
50454 13660
166296 37102
53536 32916
24055 45529
155355 143877
53576 61948
133019 20491
111737 190052
122441 81649
43034 189183
51783 64206
111154 46252
158821 65266
79457 74804
151106 117512
166620 52797
71267 126137
20976 94263
104398 99017
43979 123395
115705 110808
132460 159750
192657 113622
199315 40863
126354 5194
199736 99987
112040 21819
198931 78704
156024 140824
40056 144927
190487 46059
67448 99733
121544 80177
118910 74246
98343 147363
158866 126051
18859 87356
35824 187398
123014 51306
40561 49710
1096 3365
131256 191462
190145 98110
128832 106052
109005 103456
194562 97818
100674 128333
80691 168048
154222 18674
107162 10179
32632 100880
148271 42563
50916 114373
66915 197022
189333 91378
133591 185894
128090 166457
180484 96517
182572 15127
170632 101013
111160 192850
64695 63532
125233 9046
94743 165401
185221 177321
7408 182838
174503 169171
38767 68507
158712 119399
178538 38632
66661 64859
157850 151609
173698 42318
3235 30601
24198 168925
186545 100755
104246 185092
153659 21063
135932 49499
110873 43470
111902 66289
181361 79226
131242 139776
172619 100346
153638 80735
192397 107901
197254 190750
23298 28646
166771 150107
90281 37412
70523 196276
54926 196160
104326 183242
80767 1684
44145 128903
414 25395
18309 182536
109535 137616
109273 171579
75587 192163
112971 44731
46243 98213
48864 184562
35215 51910
127526 47707
131758 28899
118139 148660
55725 48664
52676 15462
196586 47902
199011 50302
67988 107163
115535 164322
163689 28625
166838 43549
20922 76842
22468 99020
32685 72552
16847 89694
7777 153524
61547 125278
127191 176372
199370 26427
2493 16006
69752 197080
1895 174411
152685 10974
25387 55331
136927 1904
98479 158069
136335 199587
69688 127383
124055 198420
88351 158433
112579 88225
97200 178746
89936 82635
62809 94690
174347 104457
99205 160120
15006 93331
86575 26261
809 119779
183058 105332
190113 36403
6732 157787
32217 139102
73261 183309
196986 65153
96582 118468
162098 179880
172721 124571
134982 108299
173075 49267
821 167268
84459 4360
166141 94426
11995 192889
85335 177716
116473 61226
159060 127019
104901 193779
160588 21331
91314 112176
124813 172580
183370 26334
192487 100889
77035 159167
51139 186632
37529 136330
149919 187870
132288 8322
33519 130529
22831 78997
176440 143851
122370 44055
116992 30325
126398 173708
141733 63151
63795 55481
44678 197461
172949 183477
23445 27649
114005 187634
7661 42005
85591 100530
73495 57771
188528 67536
174571 124860
175795 32270
174451 35588
140128 166081
190164 128965
23709 181348
87242 58670
150988 157465
16953 168818
89975 98831
188074 194765
192939 190062
100048 171422
168324 147299
114548 61176
58603 67920
30328 76278
22985 29199
23368 89192
194139 155242
49325 195198
30437 150167
96401 33402
82149 99666
151236 193179
441 81475
16223 154681
140406 49771
101751 111071
83793 95689
178075 33111
136250 173997
157711 154869
58234 27941
103629 2409
141111 120745
82819 37933
77811 57385
131029 178253
119482 38647
157671 74290
38240 195838
174418 184279
9004 156993
83923 80975
131696 180513
32366 71684
185211 150464
125379 165434
56546 129768
76414 184587
98752 15418
87332 40030
187896 55211
192062 59002
183608 192867
13780 46930
127797 190683
102711 78408
172819 41732
5654 143640
102836 88451
110740 177708
124105 91307
198631 102594
102515 18829
138372 190515
74198 74021
182551 51143
183792 143658
103226 25512
34315 84783
197203 152145
14189 186015
79712 119940
171609 42912
151299 36061
115838 182441
126470 76306
37965 54989
57184 196184
51290 192760
170719 2395
94956 190306
150912 26726
177817 38694
98712 111965
178113 44099
14767 25179
93215 124224
47090 13756
30762 135119
170420 88733
155555 113724
38947 164358
189413 105905
64226 8912
31144 63139
103979 128091
79349 180351
156279 45217
171127 195350
98402 181350
175830 172627
23492 121550
170476 100166
72147 165763
171232 116686
96292 3042
31458 30574
21663 31996
128246 168142
175320 133628
58966 6037
153840 150204
150112 125698
71756 181857
195392 24787
155420 47474
100653 126928
168978 184219
113681 78215
149796 32830
26068 85257
16646 187111
140906 48468
106255 183696
5177 103232
145768 140619
138960 128074
16760 136027
153282 141291
187106 170840
32530 197528
197392 54386
172644 30757
47361 157052
182247 47170
1396 145417
117240 82391
32256 10262
33769 150755
54062 171086
42261 23022
147456 67309
197413 9177
22181 32694
132684 78271
95305 142719
44985 110901
172533 23
65101 78801
12103 136169
76913 172795
140012 116634
36663 151276
128567 182217
82035 137014
92306 158905
141089 133849
55009 180337
25955 173702
11728 62155
9630 49303
37138 78567
56417 35182
157849 144723
56634 155133
94127 72718
33684 191131
163136 110629
19493 144140
66839 68335
100082 170334
42814 104874
119556 21825
66632 177348
111502 182064
37551 140485
53416 18497
165038 192067
70622 165969
182663 169233
50497 187288
97555 147756
172312 169810
134068 158583
43003 110019
40237 82932
113673 99338
6793 158233
64881 20323
70812 32669
139322 28834
179302 143752
106636 17291
86340 167819
23325 95111
87430 71632
38360 59184
71735 2586
25677 98870
58256 99257
27526 32376
46067 138013
190927 80361
154358 128351
25046 138664
91463 183621
149988 73924
144584 71056
159244 25970
12574 44761
83361 197099
102122 47363
90486 194327
177685 139378
144618 155876
105553 125007
155271 33443
67912 2490
180004 134629
186968 40762
172377 33127
37401 99301
148783 192787
70090 13859
190165 167561
97033 185468
65304 177791
159568 109641
185280 120007
48000 115071
92800 122858
131657 75189
72306 112137
136471 188342
59970 80004
166628 22792
80128 106566
81983 23630
166377 20834
20105 191353
62925 24546
43284 150816
15051 22174
194881 74935
145270 129198
2804 111145
177481 133349
191575 35764
125739 130497
135008 179601
177413 139568
182946 32688
106292 3644
161556 49856
195538 1912
187213 111406
184181 140071
196521 90456
64023 193720
173323 138442
179327 159697
11104 159220
117612 44180
176822 137237
59001 45827
19693 96221
34949 134660
92614 13345
110815 129895
99378 44692
97855 29684
88594 178013
65475 141327
30898 76039
78428 126649
76952 69403
55854 586
193470 165460
149119 103186
57007 79907
168552 135143
9288 121388
161940 127997
15073 93257
1545 161358
120680 86128
78211 92771
28093 1352
91678 189382
48801 105400
92939 2324
26566 112933
128987 51786
22216 138700
134826 40295
107668 32465
127773 1812
40798 172133
65572 59270
123391 103641
98123 78456
95551 112288
47758 140622
70644 28494
114970 172040
115175 42424
36668 92731
195846 113761
1524 94172
185918 52027
29011 49694
74685 10553
35044 103428
110378 195016
86826 8286
42025 174642
52165 125645
174390 69678
31141 110388
128207 144212
129911 178714
187255 33407
85168 196894
104826 131560
190316 194483
101935 34451
28766 28280
5545 33063
40775 90210
131073 3578
179422 61999
13642 177815
89691 112635
156523 193314
2105 113857
125880 75882
73984 127384
21657 199466
112448 64946
161904 39976
191169 134019
48985 65397
73699 30152
69083 183752
64843 174675
112502 52013
124229 185195
27018 183801
191485 131684
160197 47498
49459 154979
164865 166325
38988 60132
31579 34681
105194 10058
71792 50379
38328 111753
4630 161604
52336 23839
13358 99708
106771 137619
80333 183543
166019 60668
58138 88128
111694 125619
16083 133658
111955 168788
13542 79768
28851 70582
95310 73547
92019 186538
109596 64742
83845 12467
47646 10719
141 13666
173128 195233
84316 55569
74795 123748
73443 158997
26415 112960
48455 66130
128788 95311
87631 79786
29237 25399
175361 3582
179035 144643
34160 86826
94521 194326
94735 194756
154380 138639
158523 97411
62457 170459
72338 55059
153178 100677
22868 27884
34206 165036
194665 157768
31551 10759
153764 171536
49922 50575
184723 116856
25858 19630
143283 162270
89889 79031
190147 124309
199489 52953
139869 188946
40285 11485
33511 50255
109632 144310
186543 66199
199061 146892
91053 95948
117567 165116
188043 30784
114328 17750
126569 109840
137302 132087
5735 43762
157065 71867
182638 33800
75932 11914
148420 15937
181877 49858
194175 104201
129769 179489
139584 134608
19658 43390
114753 196799
133505 100703
147456 102301
105081 159179
71171 54245
48252 944
41944 149920
57097 155219
182642 2323
134427 119392
132073 185534
188896 137645
67852 79538
57760 77690
185665 70390
144744 31223
44856 58702
11958 139872
62448 76505
10248 167672
38834 72813
34858 70893
13506 168405
65276 55044
140141 30458
367 170039
91086 165855
158639 96761
85082 21823
184933 143990
69217 189289
35026 107045
160297 77306
85102 15012
164091 2729
93188 57483
191491 73320
46331 67106
4100 140874
172312 152899
27904 189426
195500 180386
100135 171397
67462 164163
166280 158425
144410 54044
115917 57840
85004 70463
53457 152480
165099 197368
103669 40801
116931 60745
191316 190392
113746 96637
38885 125569
24561 130014
47583 120427
48504 46167
49509 149333
128587 191229
47293 169756
73937 5518
81307 42709
46592 103337
180190 159337
49244 18207
37624 18888
111777 64292
119282 169115
105515 26276
189873 138092
35991 190517
196725 3091
158150 26144
99058 100661
5431 28846
3553 168948
11467 34650
65102 21915
70165 37392
164466 157192
3539 2464
27877 142180
192973 88707
185456 22274
53038 36499
125941 199144
147549 116478
42768 80580
86968 125543
40505 63914
14648 142483
181415 70113
164492 142505
32264 5560
11673 26953
142775 77789
26888 134098
108865 37182
318 58803
6292 59422
111971 101026
38634 92619
171800 75196
59215 179416
100859 180032
187394 29468
128928 44449
28872 58858
26670 73876
93667 19999
161402 87484
31025 94502
22231 11364
158468 39611
46680 112363
139063 87778
157185 47544
178110 111476
39380 174922
180136 79054
163777 75237
91328 27243
71066 130876
173469 96761
69574 186465
20020 572
38966 171929
38428 83954
38740 102394
117099 189096
125419 17646
29666 151479
112055 190503
73001 37924
23711 84687
33433 47677
100931 92435
83707 129554
111106 126167
181777 108514
157744 166882
87416 36234
171431 64464
100450 109750
144006 130313
141230 139925
129133 139585
140565 60324
100828 21920
152297 187413
110584 138136
151487 181797
196159 57498
184312 22873
61655 94820
752 53289
4497 95001
146375 124237
35021 28877
15618 91580
94597 36530
77254 120689
37786 144573
110383 63570
55244 58875
14645 195821
36124 30733
182395 184540
37507 98950
192173 6907
182485 111335
97435 14178
183869 27790
173736 152465
19339 124998
155695 41465
7914 38506
95747 37036
20708 64238
20203 3271
149208 109182
39248 47822
123147 194920
36730 196112
138268 183125
78515 123257
107879 189415
88431 116386
169043 182255
3463 75175
29168 40865
15729 168416
8420 158381
196905 45504
131936 42035
2849 103912
111050 178233
119092 145269
186492 67648
149964 131563
80225 185953
59590 111063
41105 71258
24101 136709
98976 32803
194809 55539
104964 162279
14680 57386
102837 48155
195559 146616
158619 20240
181516 122798
125152 82101
171102 168268
106195 99738
43208 14332
97381 169515
111208 51048
70758 28417
27368 20398
95081 158123
87942 7353
62792 73979
42667 141969
27910 17124
55551 156530
2878 198318
81034 49216
144623 52882
167350 8485
63003 70561
22293 149455
148059 11764
147781 126828
11975 12596
82466 24435
80899 2223
93494 197049
74031 104370
131129 51088
82438 197091
102405 190235
93281 33953
184198 176865
25528 86854
106768 194368
132011 26478
131643 39371
6209 153925
100169 125031
153711 9807
76054 42264
39725 178881
121401 20645
164090 24456
188341 60705
56531 178641
171500 36927
188365 42218
131497 135346
191030 159578
170760 137177
89500 117305
34393 88873
76243 94455
163440 112959
10490 186847
179012 101616
62682 54742
160010 159090
19661 39952
148610 164572
130423 25535
3917 37388
81145 143429
22851 130787
24672 119226
82240 44491
77492 42330
17869 73432
151130 95245
92634 23391
18648 46973
186294 120781
67619 124063
67116 115880
170471 36818
32498 149091
127995 10379
95283 75138
105104 107226
162447 178412
33813 115561
96137 134344
163744 82221
97959 21887
178835 108317
132630 117989
68899 178928
11188 162691
168786 14958
194260 64178
183435 147011
2083 40518
27604 76195
98520 41473
149458 104669
19131 58472
101771 121184
175414 24512
91472 122128
122812 168424
140278 121859
28605 22498
47258 191832
28403 104057
113539 52291
105257 86173
16901 83175
89765 158432
127480 55742
184102 194324
124839 29970
72975 119166
10036 142890
40827 123200
38146 167829
55960 83936
148952 8212
157569 99690
16358 94764
112751 124102
55947 14177
55442 6015
198867 179221
110867 70740
66079 166642
46166 21913
37156 18156
71803 106187
21420 78208
186701 118338
110028 137568
56127 175544
68013 48256
14089 24233
112338 89659
197441 77832
43132 52064
91561 109865
126256 124650
140380 180573
42124 182634
114501 92981
181640 149506
102011 2604
147039 156534
52052 20398
189458 175103
151648 161616
37911 84865
174081 192508
194731 193127
192185 82973
3719 39455
120235 38663
130927 82945
29782 176671
106532 68893
136497 189343
964 118112
32957 166277
117789 167489
151619 25545
9565 57311
195483 49194
110147 182570
143154 43543
157534 98975
56660 91249
54989 50112
178161 151215
3768 97061
95367 4245
79153 80470
131619 32702
183322 130845
170109 119538
108542 107581
92204 92331
142205 111634
137146 88035
29722 46089
120278 112299
97812 46373
144902 155948
42640 142283
114263 100025
74719 172912
180500 178332
114687 166228
74252 184050
162628 26012
22970 27214
23499 170296
4307 161549
107815 27178
130130 196594
197061 163533
142799 26137
166075 116420
131954 152367
8556 175037
75997 110269
55541 58427
119179 144596
99898 30016
51265 123097
32622 91912
121621 108249
169047 184507
194289 103759
1994 98211
58704 133055
74346 70153
172670 69337
80583 108716
176502 63323
1090 108674
8566 4072
6881 40207
98149 136044
194314 157273
83224 87842
44673 149996
112728 63395
145684 102594
50505 161551
168935 103106
13522 151481
112487 33783
166796 102345
190871 45539
105676 83395
135602 41536
114663 60548
26104 186129
33117 132188
31031 165529
151240 102764
199799 164448
68218 144941
41695 84517
53416 24447
24449 6722
114668 3025
164861 155527
40121 7293
162032 185487
142521 20650
149893 100246
6630 194600
192459 34223
118937 166321
165545 93880
48905 62842
171055 58132
77837 50812
140357 64292
190399 99119
68284 172821
13566 72081
21749 37689
164480 6067
167350 151875
27111 29081
120358 156211
32161 28070
37182 74046
68681 47351
24321 20286
129564 94739
54519 102446
26391 128723
5756 108461
19288 127538
164019 20005
55128 180182
110077 98371
82205 166082
118196 42233
47136 78317
2659 46840
172928 148713
165469 159031
8245 30726
89866 90908
126855 160958
157285 143258
1315 41521
136774 194432
66716 31876
50554 158889
7748 140498
6040 135790
134151 199482
39937 56704
95654 30092
56875 7733
85863 36324
57610 21875
190774 181300
33183 70148
71741 126242
52229 24110
91372 185620
144572 170899
77155 122433
195349 129972
114312 134390
104843 50609
65561 45341
51873 180108
188062 73685
102977 26974
153000 154031
81681 43425
53958 189284
127883 113632
116958 111081
156325 195843
71218 83559
163293 28196
159199 100414
112542 52356
148673 92515
98032 165859
16848 117809
43844 8850
134050 66340
153845 107429
76933 158305
169109 139067
92342 104414
7849 30055
47161 84589
112562 48737
93781 64309
19043 56410
172217 97429
97509 38022
82432 32062
2526 83517
180432 2858
187906 86212
56040 121996
148759 84296
60988 147231
17364 101081
74348 157759
55621 138219
57007 26980
147052 72889
187765 159359
175990 19615
150458 169416
110560 178817
198234 114087
83305 83918
51944 51675
13019 129482
130719 12267
71937 110425
31264 32531
118695 44864
157662 85689
154972 100364
61977 151104
5576 74721
4676 168734
150932 1219
121051 74545
34357 105595
9702 139846
138285 10256
88445 169025
4266 18207
123180 24936
108811 189597
78905 72005
83150 197576
90656 104948
20911 145871
82097 129452
160517 12340
103109 78236
182573 119166
129326 168060
31828 98018
161999 26934
7678 58725
12540 2726
36369 27561
84636 180250
189859 114212
59335 44615
23074 50112
189821 96700
140918 1296
180419 13761
68076 11293
29047 12584
79768 19672
69135 86332
180335 160629
99499 70756
183151 44654
36114 152949
120769 31432
33106 83712
38798 197404
153127 108343
166961 117121
175174 32080
136778 138305
63052 151490
125286 173348
128478 73543
84388 191592
126539 59201
24065 69157
77657 186485
21705 92540
146412 63538
172879 169643
192747 53974
182181 20452
19699 129658
15799 55700
3442 175768
56659 122723
100942 49262
127834 27404
89247 54700
154803 199650
138319 134723
82146 199358
81744 185733
119020 171781
40370 132255
27699 34095
57354 95328
101077 118603
162655 134602
53221 104912
49271 17994
72834 110912
43044 179901
80517 151321
169970 26756
38612 120837
28095 195305
28889 63063
4349 120809
49029 69929
7494 124844
173510 139169
118658 92264
69620 31019
144259 22038
92911 113109
55592 39485
104053 131647
112945 133150
87488 13935
115695 71458
96936 25642
12881 170033
100276 191890
110780 50839
77072 49664
105564 46307
155727 72333
138822 159239
129399 135953
113657 28623
178563 13074
169436 65260
29120 57562
30196 13930
9356 150794
69778 62592
17262 139496
26485 72211
59367 162588
183373 187649
106053 102737
102993 26557
57643 192394
181321 70325
129807 53925
44835 53367
91130 166960
75496 185036
156320 75492
192383 815
24706 48518
131922 183625
163085 124980
193749 80039
180339 62553
44626 82605
178637 18208
43686 49112
87073 119333
37181 3339
174597 124414
112178 87571
5460 46535
69163 20180
44755 178049
199298 2552
155715 92313
124212 152872
264 128007
64884 123881
28675 11843
4559 148706
178271 76195
59845 137697
131897 43858
197917 38426
24618 26213
79850 192987
87996 118651
128625 192628
91956 143056
67461 173909
127532 66464
95497 120259
3555 92439
78941 186164
87488 135747
174048 156171
126971 29560
70763 179775
136134 190898
167720 5434
38772 107563
57739 172850
37129 93637
130504 8102
64060 151411
194252 182402
112911 94220
54083 195131
23403 50815
99033 167441
28294 71808
164336 177944
142847 117774
138126 45863
69550 178014
91448 86821
102506 154442
109392 72417
81088 49958
10775 151917
136336 183983
89988 160529
32234 113629
119283 148548
90964 75605
28886 2185
130791 179707
38570 122243
178500 39382
137151 75965
163525 146314
174148 42627
79599 127619
75566 16939
77261 4088
118977 10736
56971 74192
155471 32358
13945 128023
80170 1335
112807 92342
173082 169
13082 65912
36103 91808
74257 131595
174412 146998
40643 22546
186961 70955
37394 192166
51571 113260
153414 21160
76233 57373
8425 124041
92965 65203
177865 166998
101251 110773
104626 25727
68488 79174
156511 81458
45431 147825
114247 177976
84537 151564
36485 179129
52300 65542
35571 109134
145303 52304
78922 79953
22439 77945
148548 164711
120889 143087
48070 98558
114529 25177
36336 138038
115842 181963
82120 132073
179612 186804
93732 122783
92850 112111
122304 110234
107547 120923
7255 146515
6927 110342
23182 198144
36854 161274
79270 63609
152129 134272
97809 33365
162763 142415
148262 76899
14035 198007
102934 33014
105629 175658
1561 121323
135793 120645
14247 22193
14338 70825
170363 28063
87421 155803
25533 76173
148228 126214
181035 86851
15956 31836
194111 153254
176794 133909
193820 187945
13899 183914
53757 135336
37789 147338
194098 129842
35758 58601
177126 167686
40574 78878
164690 81499
188519 1692
127129 163490
180297 52613
30071 17601
10 40114
158281 31729
136269 25393
64804 53555
27160 124189
6464 132594
116344 102424
14590 31933
78624 106053
126805 48247
61585 143320
68229 160632
178605 115116
172533 161785
32296 113339
38338 166776
5678 48447
37143 195193
172351 63094
44768 134091
194423 183404
143310 52521
124823 125952
76032 75878
174991 26220
154341 129228
96296 175034
72138 102548
101141 182886
28138 121626
109287 111368
38841 7333
74298 119822
31491 147905
102087 2889
152185 79368
8935 169112
170505 172279
162497 116518
11176 92990
36518 122660
189548 120154
72589 2391
41502 93782
131240 131913
55255 91445
185133 137641
102400 134492
16454 45744
171946 39690
92240 171950
188537 147626
88944 120451
187481 36711
72966 199914
172608 79412
103267 17881
169119 126811
98704 123668
158818 172746
47285 151006
185730 132902
172729 137740
67955 33928
182916 84955
154365 152234
91252 153222
161868 105847
17714 11778
7739 192120
41728 60740
25308 174395
27846 130924
178081 124889
84846 199206
60696 192060
62028 27639
45613 190884
100686 198133
110116 16875
16234 160407
65663 30009
9809 196591
19106 115745
98127 159000
165490 7723
45631 84190
28223 183167
117837 98994
34922 167090
150413 145875
52360 51307
66191 128740
114692 177957
74997 59113
52742 194552
42491 113788
138551 50410
22550 152597
6356 164919
175285 25220
53357 8714
36848 1373
94257 106962
148976 143283
18866 89316
48577 178877
191360 190916
168358 138453
130070 49844
54389 149520
124187 131295
92303 93451
162131 146460
36143 17605
115050 112070
163964 98598
18578 149200
20485 33343
135594 78179
26454 30914
130735 60444
13495 157677
141699 86749
5910 58726
75995 65899
102348 184359
93823 17814
41383 75516
19603 140096
150827 63282
135728 160235
131085 81852
104654 162175
14850 143116
182851 29066
152771 123465
68958 171241
7859 8461
88617 110469
68389 52563
87698 15570
36514 53539
143416 192381
86406 198534
173890 16340
61766 129383
19114 147812
159909 184312
9270 90662
18551 109115
156801 193801
160546 21128
144553 125508
33939 70913
189617 10943
27280 9333
130180 133066
59047 170482
91818 113120
125199 79540
59705 5622
14512 6909
51426 140034
159420 99455
178767 179201
193443 4744
144834 126399
13669 101483
98889 182306
32831 112649
183852 111892
144060 36116
30300 114807
30932 161390
96393 92220
50764 89949
114433 15185
62435 60827
24115 154303
2635 59540
108283 195947
197282 140567
148911 12001
3906 188699
65516 14912
20084 14852
33218 114965
47342 74081
11461 82347
91664 157920
171760 64028
76655 34005
158892 104286
125489 172382
32081 172122
20134 20023
65589 142514
53966 129743
184879 192734
93575 57747
116272 186944
79356 96190
144548 76726
171349 64018
138110 70133
83587 182917
141930 131976
27363 14156
90869 107698
184944 163020
127457 73344
20565 53361
35949 136576
60434 79938
194487 144957
55252 32178
97620 190032
37215 9403
61632 183067
115417 170370
118952 29947
5581 130786
8849 70858
72868 154204
100710 78752
22150 15656
73163 159842
100647 129855
4942 100294
100838 116398
11644 58838
53931 99439
48347 172996
113007 139590
13700 173121
79993 8207
141964 91175
6814 159578
197782 88138
68822 197478
154917 56766
198510 7169
89377 190261
162931 113791
112080 191163
192785 197238
14974 28629
145043 101741
189084 177726
75346 140185
121505 111106
150105 188540
148978 136030
68184 42612
99954 122509
195464 62450
34570 3981
73584 178940
71931 22423
65519 142293
77549 88483
149706 103443
10121 161363
71899 94817
70451 172814
65671 171189
159384 3235
32587 80451
149014 173219
84146 69342
46868 116342
121301 4527
115320 2326
122275 9701
94038 125884
167181 145912
57107 107115
15358 151931
20853 72469
159994 144559
82321 16789
115459 47135
67635 72390
68038 129743
33351 59617
165240 45743
38510 161992
171961 12998
60994 30002
171600 10094
48302 179423
132834 115425
152015 83188
10999 145073
188052 59757
15942 187315
67910 67488
4226 177836
92625 141674
188304 11727
157439 61525
91680 28617
20311 132891
116343 29671
133965 20304
62123 53489
85404 149518
97350 178525
109044 18716
168267 111798
74209 37508
6474 85601
159113 94448
87815 106991
170913 98230
123388 77087
163032 8168
42026 96549
11695 76251
39339 154987
6694 27849
159656 55439
82079 133903
187635 194523
133217 152434
186867 90192
56327 99311
152748 8546
172245 190385
39342 99901
199915 170188
20564 20267
58873 148217
131989 150586
165236 143716
192401 109598
141288 192164
31783 138349
13483 159149
123819 172805
137481 136403
115611 83084
70565 51125
150797 76826
63971 86163
63721 94887
60527 119491
82528 196134
30256 181685
63189 116657
192099 107460
94865 20891
92271 146921
132552 20040
94974 171267
126919 158655
60385 117695
109800 60232
149250 32842
140933 64211
106855 176713
153291 174563
36213 158741
68231 75206
89541 82273
30924 21367
107087 110369
132390 38902
150999 129552
165841 51932
47164 119032
4067 43719
31665 109741
69043 145380
186485 123172
194735 26476
33135 8933
113095 6274
180892 43762
19141 34703
134978 138756
101742 110719
92896 33412
105466 182696
145999 63291
186643 76911
31203 88293
88249 155053
159583 161646
28252 189316
11859 19334
193659 93051
117676 107185
165369 117901
194170 114214
75836 198617
125071 183531
35287 192268
48091 189716
154550 133530
21965 39914
2041 155597
155465 96961
176661 170238
118890 99451
84001 114973
46327 133345
189408 154162
73217 25402
60887 77949
129314 89422
12659 147884
135707 137677
151999 133229
111855 74779
84621 100682
83514 198522
46771 37539
10993 192578
191624 55229
112863 136089
72944 150769
161344 82410
26075 91055
74657 43410
31078 75457
71788 127569
115060 58625
44387 75623
68008 158904
197518 27819
60733 174702
73041 36964
25160 54223
144747 133353
197884 44264
7170 156865
10419 141514
141012 51153
1748 128023
6758 96873
53253 73883
149728 111806
191913 116609
136550 33077
118974 77318
28735 187761
185159 31442
116499 113316
129304 68959
22771 35867
72995 191794
175300 30530
92726 20727
195108 58312
190674 19491
85752 41086
132923 87907
72381 118873
165315 192813
134440 176183
19422 185286
180339 82526
10056 113608
26330 184839
136655 83238
49912 146321
173312 164124
9342 166330
164440 2090
64465 35881
153707 98621
57727 176515
51296 69544
123238 39698
127011 49049
192299 130214
74082 34549
52055 166402
23256 135347
189605 196463
56149 839
113855 17633
128632 146208
160227 54670
186120 46692
10175 109618
180351 68964
160794 99691
165420 153066
61530 167174
91411 126939
139058 172214
47203 78670
60790 76577
175106 127156
128509 165158
102816 156721
93619 142453
126081 77442
25306 57392
29457 197909
75307 109995
117224 85301
64854 173649
111376 30362
46189 121828
83600 173176
29763 91116
182707 104357
184765 33570
126810 128235
157564 108005
180152 61568
7593 76266
70235 133035
56389 107219
15940 147393
84723 68579
176945 83262
107802 102598
115855 111464
104512 68341
14322 70338
127273 190890
57396 89088
166794 11962
80875 117346
107430 58016
150079 43657
140513 54055
163916 28919
160774 160105
86425 33874
158587 141497
5222 189328
5536 99402
23660 184741
87370 92459
144938 16637
171687 12902
135961 55172
94922 140371
52020 41155
140431 103685
188173 60119
76071 42312
98011 86902
108370 56523
144953 192240
65197 3576
9457 5251
197951 138034
26876 131466
104317 127114
11085 41143
74211 79028
6356 60295
165559 180374
64831 8855
71424 196586
32413 99053
171777 105055
34392 194125
70779 22261
20062 19370
132255 189298
184416 199855
192057 108890
5284 3865
194682 142003
158564 39806
25050 192905
154192 102531
50931 158779
81839 84864
111452 134311
194900 6143
79208 71841
120300 53128
26131 69277
171980 151048
123575 98719
76347 112600
24396 58263
106518 147062
73023 126708
74560 184256
139777 132801
64125 100247
4513 130295
190725 103192
97711 199938
143284 187323
28392 118560
58737 151488
6526 104163
60848 117201
96947 124992
147628 28561
168512 81425
87146 37689
165129 21925
25006 147033
44370 54443
128402 155559
65528 21991
37049 105696
161609 124130
137208 189539
148542 199382
60931 15449
129347 66067
107967 81647
194121 88571
39483 9571
84265 180617
148194 156954
106571 1461
70293 180984
54847 197929
147433 128117
143023 131024
82056 170921
61798 84368
120946 185826
126615 134856
145440 193904
192170 21348
27537 111596
183306 20318
98484 33367
198414 3572
42492 136299
196123 31845
43568 51739
114715 29797
10240 111197
129810 44754
164146 137518
127715 36665
196345 143416
109615 104702
2428 77792
30824 114159
77129 188729
177389 71070
136966 84512
161245 97422
147800 170452
43502 37098
76074 137168
179575 53599
160957 187296
97322 136153
158471 65861
123761 121342
55213 86554
195760 188778
35479 43055
137463 187455
124223 2575
83281 109132
46983 39414
123338 17577
1469 81748
183885 49198
52237 181940
24602 140964
120218 86779
24829 16020
163833 122866
155833 41014
17504 91870
166814 146580
59253 90429
164842 3704
50500 71980
74499 111717
153215 191188
80151 96279
163710 105715
66782 147093
141825 168192
172850 53108
20310 155357
39957 26995
191538 56739
73397 46747
68928 147761
26824 33215
136923 153962
169039 100388
86550 150905
155234 158539
72677 193270
161452 175243
124101 54869
44067 701
60774 56740
23944 161199
38402 37574
43207 124641
65 84762
20392 13682
35908 134141
115262 111518
174285 123651
85745 79314
131171 199232
30749 63118
146839 103088
98910 101065
185138 124382
93059 81727
136836 83093
139117 20500
158697 56073
43547 166139
72808 186476
37457 114621
146929 115776
128476 182217
65678 179666
31521 146252
114142 170943
91274 46665
6632 95863
122179 175647
90700 190970
111170 56042
161737 146747
50066 100259
98096 46926
195987 2798
51338 115889
94632 137889
51089 1472
153666 81368
86102 24670
96697 66522
131805 3407
159063 71573
8790 169665
72077 168212
125498 104411
11513 182321
184619 66333
71874 163911
15002 149994
7977 188228
123420 159265
165738 119140
128530 45554
124112 196592
169751 196762
143023 27234
10013 96872
7560 160674
186991 40159
184980 192990
46376 34511
21712 109989
31308 14693
116229 167112
186278 16339
82376 25553
142629 72740
50904 171732
160958 193320
4372 87207
176159 82964
185942 44359
153839 189304
96012 135356
3715 174194
105690 109152
175040 175543
16118 17028
50579 199569
131472 38670
191092 69898
22012 45243
116235 11668
72228 159523
52084 180543
132505 107283
45343 166541
195777 846
81570 71766
146948 91930
30859 89510
122226 148944
182529 22570
148424 121375
23112 30478
23741 47842
191248 22654
48670 83232
154967 164266
5272 44391
2737 57024
167234 98181
120678 21306
189865 64680
80684 178492
168380 50093
195929 198137
193492 34796
81393 13982
99434 185052
75256 46663
73129 36812
148122 82718
108524 59235
49348 71513
52226 46429
77315 67989
182861 115239
69349 24226
128421 93102
151702 95320
91452 168251
137113 117880
165420 180104
44689 9629
153413 101104
40817 141021
149085 55224
184075 113733
90944 169348
178787 75679
54381 89701
183411 132060
144602 194808
70504 23792
134552 55240
67690 57215
122602 68380
8244 30225
135537 172578
165443 48871
124574 36652
122486 153832
84671 97592
147789 99067
172571 154244
8874 84508
183839 27424
165013 94080
2071 41616
110470 124649
87743 88257
169839 26269
49051 93849
80289 42663
122380 143335
48801 197145
5702 115084
161642 119655
155603 150986
182059 114025
191616 104683
124145 63856
66211 189628
97837 157534
88573 126500
177880 105160
78689 10520
61422 132897
28274 110359
111646 70612
151386 105055
155472 7486
42999 134272
43617 78796
156461 182880
137386 52026
148895 197093
36582 34051
173909 87333
14104 23698
81075 37084
90729 120249
103808 43344
120741 222
172651 38664
52536 45107
78980 80617
21070 48391
61915 53300
114439 23637
189828 64156
40407 179494
145582 98110
1297 125133
41768 90365
26192 123418
144135 180037
103298 183181
55704 123813
175227 98643
121500 185133
63634 25120
101601 33687
83456 35004
104828 85751
74238 176882
191463 111305
156484 103246
140016 18785
90930 128008
175605 194100
153729 7051
58116 159521
46704 61646
96766 94970
89090 131454
418 160057
157069 197050
104381 20256
169235 60313
36197 131059
49276 11600
55374 79152
114138 24341
89021 100681
171454 47154
111598 39518
74702 81551
101402 177019
126001 9130
68425 110556
47060 42872
104390 178872
135620 27901
121877 21664
90778 179848
192066 26583
171933 106031
3205 42175
83631 33749
150650 132900
100661 179910
119195 3038
127439 171395
175688 105305
110745 14290
79418 111407
67804 194528
166231 30398
158240 118036
131613 97734
124138 186653
87835 140254
95647 29275
46882 111167
139386 199128
100525 176874
20974 39424
1824 88373
185484 154706
67591 51804
134977 161093
190744 119273
114004 12726
121835 73850
10445 31864
128352 120652
96235 13127
157111 179933
96809 66146
111596 88464
176947 77633
6169 142279
70055 46853
76872 93556
109330 4593
117119 85101
78036 166720
9337 156180
29278 93650
191865 9598
139269 193641
103866 65177
45937 22033
140244 24792
33045 190523
37918 165917
129356 113011
72010 90541
120071 180616
161807 63990
192070 137248
149178 120172
10654 20064
85614 97727
10037 38470
159739 189743
167200 26509
100117 134384
190160 20648
88546 166918
196416 79164
110764 105052
5868 48217
195761 67334
189162 171153
194691 20784
113623 30521
50239 149657
68414 79483
161371 134753
141337 63899
181996 12801
98104 150297
123973 56416
199418 114543
72034 195788
180582 48684
72576 131482
176014 11992
158499 104510
47517 177789
74689 71482
1325 106741
54300 4908
108613 172285
34018 72029
70007 121227
157046 166424
83404 25467
58019 58937
4738 185863
85095 57949
16705 160272
75454 190884
186656 159729
120756 154119
110301 166402
156037 86181
141940 101985
124677 146187
3295 89903
89286 83793
90798 116493
39788 121097
194661 130804
55218 139524
182905 44568
176420 102253
67029 105628
8459 173199
149767 20607
165514 127544
147149 90519
21783 54409
196087 138830
96782 79701
76500 196833
82664 118358
176817 122521
7751 40869
163805 153338
43709 163648
92177 148084
113124 108893
6137 196972
74420 145868
195049 128649
61531 98379
140927 34524
99203 159154
32374 25423
103744 57228
55393 29002
149618 75852
46825 41712
192535 105151
144198 107091
92282 196944
57083 109624
157090 73107
83730 95205
165223 27693
174126 180053
165970 199690
166780 83303
131677 140412
139594 102806
59009 105898
129718 198398
121613 75048
117823 41149
46564 104872
75605 875
139636 87571
199999 121641
172017 45160
179137 25775
100494 152085
171208 109603
109647 107557
49513 166833
7613 162235
58771 36326
159831 162509
131954 21105
157174 149576
191929 107158
5986 85203
159859 65521
43637 149241
163970 123710
179402 23847
97071 5956
194764 157639
171473 102063
144719 134044
50603 42305
120002 96748
189546 62736
45931 123777
186855 52373
84601 34774
76804 16991
8098 54266
151415 120896
120375 64238
179221 158139
116302 63409
46368 120955
131129 168134
29140 158337
86838 41751
64190 121167
189281 18309
1805 196244
8474 178789
177439 106522
136254 123263
101009 18446
109338 68166
187689 140861
31715 187642
159116 169631
140030 187372
6219 114956
126041 190325
15673 76799
104438 190094
10462 95257
104709 187859
134103 164959
170297 115356
112352 32521
27165 38269
68813 198690
151995 197546
29304 189267
44291 96067
108238 172108
89086 37212
63719 126509
55073 69340
25461 86515
168306 181854
19417 120126
185882 128864
197265 64155
198438 68158
89770 77410
180669 116569
86681 118064
183386 67613
148959 72168
155826 9371
199577 36706
38804 136782
75611 6801
57940 97217
147729 95086
187120 76342
80390 187653
41499 148804
166172 79887
124594 186930
115308 176496
77301 40486
194966 182212
33700 38411
159240 76634
100723 67452
166924 59748
7342 55486
152891 79419
38893 153154
3164 68006
95463 189043
133325 195418
135481 106390
125036 162126
44672 90234
168782 40863
153915 131360
82391 137190
98137 99085
127205 169969
44335 137688
126368 45977
126878 99582
3731 175308
16975 89750
58937 81084
54115 58802
39345 72959
159552 191041
31351 170393
51628 93455
130755 120409
149267 167415
3199 195627
137395 59867
194348 53093
95306 174128
8609 104463
164208 25911
86381 133017
17616 71166
145041 140183
194317 140963
20827 14674
117083 148558
137088 65005
64145 67128
193839 47890
180801 170606
64249 59858
180785 188057
119555 46513
10547 159682
69669 144698
72739 23950
194802 49812
192240 16691
34747 136986
79367 15956
54456 59661
63948 153532
199670 152377
125117 121706
25761 140754
13392 83587
166175 19151
51492 125384
30516 115841
21860 124790
51747 26182
142179 154502
56360 156840
127725 78633
149247 2518
152493 112658
29236 188739
116036 168461
51066 154387
166444 161065
198062 119605
130 65995
197804 106737
157642 70974
129134 165447
46277 86151
132984 126689
134795 74385
169157 78549
69259 139511
65280 89429
72166 177693
147133 131875
80952 164082
115355 29222
198342 47758
127817 1709
83679 133575
123341 129968
42764 46871
17187 199345
113251 176417
79860 24791
116182 89767
167218 180083
141189 47883
50750 28499
199978 60766
55894 80531
131539 80055
83891 139042
123700 26980
179503 78660
159784 55127
149687 176132
40527 84874
40997 50307
103872 45031
41404 159941
173695 41192
85376 135389
124198 171309
156036 109291
190440 70618
59959 68906
123728 79592
97201 38008
80277 87484
190503 92782
195354 82667
117889 80745
111490 147663
103165 199936
109347 1488
199813 105928
14499 107162
92698 169291
36682 119771
71882 5107
184639 53009
54686 173554
187872 67091
77280 97905
6208 84370
112067 100246
85377 146295
146794 193729
52286 56356
161889 131844
115371 71818
28007 19511
63738 42053
85324 189491
125746 189076
155436 123175
12059 172863
102253 180303
185202 127675
65496 73438
159045 153647
98309 15550
26592 14711
167675 89835
72364 141007
96849 114852
74511 29107
123691 35202
196563 19396
85078 192008
108470 39787
39432 154615
78344 150494
52428 147283
23071 114888
64285 85942
150139 143285
199961 173197
68346 145929
139206 76394
180767 5729
36823 17827
183305 186490
193740 82304
94695 116875
195894 56312
48272 84219
122769 59686
120797 94950
87298 52163
177647 184566
67903 66941
158235 195993
6066 36771
31246 168360
107684 112023
103890 127496
12592 138517
15804 134287
97905 4248
148299 114612
8411 132177
85740 141246
128978 74095
150685 87492
166298 17593
192528 19806
148192 24155
146353 29448
139399 41478
134612 22998
150452 122801
159917 170440
50041 197109
19159 179295
112971 72579
122085 118303
193708 39900
170510 86621
19144 47625
169828 150792
89080 119026
138338 181558
193845 113351
5632 105242
150665 77022
1666 163497
102223 4948
2239 59043
84512 111975
39452 67857
58430 153191
176827 85622
139557 119998
171341 174432
52516 150586
92969 187408
151220 40005
49506 38872
54040 80867
47602 26450
6875 139834
157791 10343
33378 141578
91363 18158
85842 82664
60321 172535
54738 52875
79412 42806
111224 71062
61075 56948
93152 7156
35996 115250
32273 98334
6665 116380
195021 193964
54680 99724
12902 117130
114963 104643
52072 53906
99748 154722
32677 24341
45901 132830
151599 189929
135397 31904
42699 198340
54956 31552
128217 194155
158558 93950
196525 83069
108824 50065
55137 23801
132884 94335
125300 66922
133362 29359
119788 4233
1903 99623
110105 104939
26232 92978
94475 81260
17120 113810
170919 78826
60126 183820
22139 170508
168712 102154
123565 4155
72016 191268
169702 84744
11894 36894
65274 46494
148002 2432
33541 135954
40832 36758
182209 123159
199830 10222
16039 156292
55005 193948
173265 76831
97440 161889
108758 41284
109902 45199
45781 135948
39684 194503
175288 47610
95701 28677
42566 7860
130432 53498
80234 105816
163922 97828
69516 163031
84168 7466
6772 86923
7471 123340
8972 192663
37839 106865
12190 141421
98838 199886
156896 189405
137680 44497
41464 26245
3917 91401
58380 24150
110070 17387
29468 124700
121749 108810
140700 115453
35234 158144
166948 190
81640 124845
123074 67335
33607 84641
172065 141555
95836 160855
175226 187778
25271 125250
129186 196273
149748 51456
32987 57492
134935 34029
37381 59128
172808 21546
194822 24849
188028 105864
74004 161223
27585 65479
59304 65712
48399 191374
172850 78934
86148 186243
121150 175206
154871 136294
135504 151301
69921 199202
34527 85969
110631 98244
173331 38069
151878 193046
8972 196067
100934 165644
12588 51878
47756 3755
37475 166365
8943 62346
42438 104010
84550 3071
149970 126033
126838 90152
49218 164814
151310 106341
118517 56319
118802 162874
68893 143100
115308 30886
195287 73219
171826 134871
88435 88410
48843 66922
89387 127758
143892 119621
173867 25298
175116 89752
136072 68909
16546 95794
111809 168374
6663 142428
33090 24795
59540 119914
29134 31531
144302 186829
77520 33109
91128 80487
118638 114338
145044 21750
132311 47871
104218 133931
51087 37149
178409 58159
4383 52083
192260 195192
92783 137777
157532 39786
147557 139084
137638 12320
139764 95069
141416 60405
181848 139165
43714 98166
41616 26251
178362 43421
166438 166282
162054 59313
196898 187718
39860 141774
159821 111154
53005 72987
12823 105087
77725 102177
136774 110432
124924 122685
84390 35684
189150 78642
93 19627
65885 185688
145689 175144
81686 54724
192273 160726
155710 17516
15525 197964
107578 36780
37695 126074
42010 63561
102561 41798
169368 109841
102499 155037
50692 65162
91858 18490
59325 72409
36816 105236
32368 190312
193897 153598
176244 39806
53958 116230
37332 176224
72213 199383
85845 2824
166922 30748
136478 81569
137427 26900
164770 156880
123499 60865
173126 114891
78335 32733
141888 194750
159918 119110
40286 18456
197723 188746
89490 71331
10741 100009
66966 29580
164338 122297
111650 153349
44160 186060
181257 127744
198826 76312
58887 137060
27014 23219
191827 158156
157037 95041
63254 174303
129639 183920
113372 110540
14852 167264
27575 73454
189806 192006
72317 65974
167842 133123
86201 110008
174845 65864
93497 21783
3389 26511
186934 127284
63634 153560
129756 58036
154950 113710
174491 69666
27254 185737
127891 146977
159028 148274
98520 159024
136045 174997
100293 11037
157723 28259
154755 168475
25842 150897
24882 30795
62552 94556
152076 176321
185941 158285
110581 103218
188296 195117
10451 91044
169631 115408
120782 150299
137040 9772
104515 164658
195137 113194
175393 6722
56634 148618
47380 6330
165288 86236
25901 76619
108042 7439
191119 119702
66458 94002
179048 90191
92374 65196
72518 116919
12531 85069
120116 183267
166411 68990
42099 54888
146402 143466
169945 84380
194172 105204
197479 91368
45104 131030
23297 87495
92224 161587
141096 193950
59657 82978
80173 26555
189253 23707
167629 106448
82032 163002
130337 167635
48810 198329
100322 52993
69385 185440
127256 91907
88343 114759
94756 197859
41738 44183
84610 4176
29224 49753
152528 81403
132677 183561
168378 146928
77649 198383
146780 141101
46638 104326
162129 182357
19906 52067
24475 23736
186559 156755
173852 106074
69041 38212
187666 89172
139678 92747
104008 34874
100989 27165
193013 77048
160805 149451
21552 84892
58937 116009
10689 64463
143652 40636
174987 71772
6910 129629
58844 182211
57404 64318
59201 115437
169842 56615
38110 3256
77803 63880
5446 160490
126688 115069
108666 145837
144501 148921
50395 108089
48774 135941
152279 104758
164432 150853
101477 195768
68549 185270
95413 69090
113067 97054
95556 61527
83927 141655
93605 20196
181718 35257
84322 184140
64723 141106
151771 33755
25329 133026
185691 124712
140342 82179
27475 158359
59723 188772
91316 188106
184063 169074
145247 58711
121973 70552
150539 13947
120649 162217
114786 130321
154944 114344
16950 44917
5798 146790
117564 146538
170467 15086
91123 124945
185155 38766
16719 178785
92908 17148
188448 72376
149358 66064
190779 7230
187070 156694
128663 112940
184607 34959
103874 56415
173488 118519
81219 141138
182769 176861
79866 86648
60966 149385
133158 106730
37810 141457
178605 153846
82434 1777
159802 13887
186677 197779
93940 153996
31375 18616
160918 16680
138877 108452
191465 42260
192036 51019
65222 157687
198921 47014
47511 7730
170239 129755
191016 31327
86977 23359
24684 105790
150472 183745
179662 101568
106844 99954
182562 124364
36310 89993
47970 25130
81579 93103
46508 185405
112817 66064
130989 23786
48383 68290
105232 52588
59413 92066
169667 165940
21383 89056
118418 197084
24649 137329
67573 5348
158902 15965
146048 15505
178969 97819
25033 44175
454 138706
3298 1222
85685 100861
80286 7250
148919 147683
98262 18190
45192 49410
166850 162758
130601 47655
140304 57246
90505 25419
179092 40547
157213 98086
150467 46381
115527 185171
46529 132994
39021 116682
7954 163076
10165 140926
31532 81702
76397 28253
91503 179053
47296 154693
135919 43880
26142 130457
50636 158205
40699 160745
88447 119189
172619 143650
101934 117424
30509 175298
145349 17161
88695 64546
95865 37063
62771 128652
49373 105981
10903 93932
15368 125941
172926 185503
197817 154963
25895 136274
23843 173936
171653 84032
138239 147587
150756 184080
139442 136754
103334 198423
143231 168611
52674 74072
83970 35515
117416 51916
76798 164192
111758 105969
114070 98846
21598 128573
6248 128776
27347 84284
147130 126906
159820 101924
80190 130447
75287 179321
183213 14449
138295 10914
49304 23380
80510 154002
196045 149757
142289 45445
168017 82223
193792 12572
140062 7331
12376 79416
100900 49346
92214 140972
13746 179350
113720 193604
133268 137360
46738 133365
97210 178556
183287 11724
56229 25861
119862 48682
58083 186755
83968 19127
187180 53375
129834 54195
149723 167883
160699 4088
11858 100005
54010 180720
30496 76138
1243 63017
172909 86705
46415 102215
59867 97461
105372 11733
40876 37138
156960 64533
162992 175252
67682 110846
178362 149564
186168 164153
81197 53708
171269 193105
71465 107271
180954 2682
109023 108434
98863 72899
49676 127984
66434 157321
2735 164243
181541 103670
10958 182453
117737 33788
173792 180749
58452 18488
167143 29985
30220 41661
128067 17433
48067 140756
85821 43875
194011 67240
178496 187440
182196 104387
74661 140578
75089 74634
149451 68551
28441 199489
31301 103523
52987 22677
145425 130540
52636 33323
135850 9358
122935 125520
28664 29205
59938 9970
101729 48360
21918 199896
181828 17669
63374 114282
161303 97230
114848 193554
37424 115874
156501 10762
173770 132021
49538 55164
190031 83342
11471 149108
3726 40033
89483 65747
46014 91782
121120 52600
168857 14793
102581 99624
40134 76496
132539 16686
59045 48225
164421 50945
88052 172494
189054 115048
6635 115483
18189 64429
157722 138558
75447 145976
42231 37582
143426 83245
14868 29194
179507 17074
107460 135803
140057 4578
162159 188871
44543 189814
84321 97091
10075 37615
27209 179390
61254 1548
99933 897
147512 15314
101588 148624
31364 58857
199800 164702
9227 147755
143022 19379
5189 170096
124893 149814
169028 101202
74048 179729
161494 101389
117879 196102
62304 179014
128598 160592
65548 90479
166907 119272
125601 40145
119072 140629
94408 58679
37856 75200
167011 191622
45706 101831
67427 42027
96490 193989
5489 113178
78606 37745
11156 120569
107577 186303
141951 59503
105443 32775
164234 92522
54553 106377
110400 109505
120739 192270
118571 116364
101828 121509
95306 88553
85462 174424
104565 34896
189611 138920
53980 64490
56875 186802
50061 149000
51014 191184
172839 162235
95268 121472
143709 107010
98256 168821
80452 55972
102978 37050
123269 28482
142300 170981
118573 78728
163472 108035
13340 52275
56932 88522
144624 41084
172924 100740
135660 113190
47269 116125
6249 181920
54121 101180
148739 174849
45179 71650
195553 178424
147683 40857
168097 105350
150751 51855
39501 107818
82967 122836
64409 193585
34225 199917
127582 82894
160002 160518
139091 192760
164649 9255
177259 25445
17134 22479
5628 2273
13829 86903
23580 82129
93506 53218
194927 39480
55840 80626
17308 95143
163377 82707
152948 117078
124542 88768
184446 45933
75954 79493
26608 147296
41894 39851
42797 108839
31049 139541
162081 107396
41493 147237
144788 164806
123095 183465
73724 180870
65377 29717
174030 38443
116629 25447
198096 10323
35547 99864
123946 99450
125012 44685
5231 153663
180387 94997
115589 153326
149923 47667
117266 5206
128914 176099
148579 90133
89071 22285
96985 18060
46462 35375
163587 78671
177570 103185
39187 29091
175350 51677
166258 84070
76638 186492
21778 92986
158024 129696
4183 163018
154750 109508
44319 95740
66248 50338
134591 73465
136429 6146
128349 83511
43748 13635
170238 62602
183636 80383
68974 117685
113496 88479
10606 71523
196608 199168
172149 120085
172861 21036
87273 144514
8225 34250
163623 2800
192582 150380
5037 79354
99791 52336
123240 99620
101816 9433
182266 176136
70854 182677
98342 87985
96153 134371
111284 106744
185410 89687
34693 90765
188513 68574
144804 50569
128144 73831
69907 21839
117932 176111
22229 174647
83523 133377
29760 6032
33693 199771
28063 63691
19508 46428
97882 17029
40372 149923
62114 22908
19769 2529
189559 3526
193070 89427
161864 18451
40959 152766
164136 120787
165414 86744
174310 27744
160581 31976
14724 184589
36364 52304
195577 21275
48648 24040
188287 24009
1007 113501
179727 61100
55108 13107
187952 20818
101424 83993
163959 138762
50500 124793
51721 185661
129841 158718
185146 48776
123001 75515
191776 177252
155140 16061
116004 48478
133061 1656
20856 46099
51832 69013
37721 142082
150847 49636
183493 32509
184253 199667
19866 49336
49034 84255
198256 59695
42579 103460
166540 155271
77784 157694
108078 132817
167929 74817
57216 111811
65785 90377
192793 63117
139081 1831
171663 179184
65974 73781
197735 42275
16949 16154
16459 129479
90237 192130
15835 162489
198090 112747
20959 176695
187724 116899
3146 195106
176817 23130
83467 154178
94760 182997
178542 158730
177785 17270
149213 68797
190618 83641
118172 93878
194562 125947
97110 130993
78708 128212
82176 143109
195290 49883
59799 153939
44710 11194
181107 92510
107409 121883
121017 85032
105708 121537
121738 118536
40026 37247
193426 196753
101074 109995
6418 36552
83028 99997
165726 39161
104706 95869
3657 113871
173480 45294
39594 155435
48211 56884
24864 4297
102575 123808
39296 71013
88426 51841
5684 130371
102822 41502
79567 144004
72790 59701
49794 127543
159076 189722
130846 113471
114061 41897
127754 174533
15666 92634
27791 17540
84747 185080
124965 159336
75844 37088
61644 135991
129560 56729
109143 128584
3400 80743
165547 41577
88757 165272
81426 179322
162131 112460
160335 31942
157055 33929
138842 73898
89417 189991
97873 180490
33590 96880
148198 124132
16548 4643
117199 96996
109315 64517
54908 85512
180429 61195
81930 166166
124830 73540
145489 89328
151315 86786
183063 50955
33328 84367
165854 150019
60012 185626
155409 159748
62133 65300
128081 147666
123143 5085
82172 133946
25057 100701
196659 38891
163475 84320
21315 138736
128698 121292
157968 190796
69733 17545
117830 102126
50642 72407
186623 37509
95364 15473
124190 64641
58546 165956
801 85778
93368 162701
126499 147293
38305 71502
83896 127061
82358 158538
140591 52445
169304 49335
156654 158619
31553 77495
192262 15877
192806 51104
137233 132155
74045 65072
98569 110885
183671 2862
78166 68417
53541 37765
77622 6628
7556 170823
168818 199852
110474 20634
96635 121882
38697 117096
164074 100145
145560 41151
155673 116429
198827 82337
28245 71711
119523 72339
51848 185152
159002 118839
74649 42704
153743 33695
84622 4445
32484 13743
85600 144855
125070 96685
37160 82646
188876 98312
144213 6676
164860 113839
169432 84905
103688 46662
85619 160716
199369 9053
168722 74163
84939 148274
198310 149037
10324 134142
14644 189472
188029 187083
34569 130201
16746 17799
36677 39734
26806 137044
42830 187133
61608 24081
197830 94455
93607 88647
21276 108172
90066 196832
18240 129095
105005 142898
16293 137542
109145 168249
103807 182082
40629 143681
23455 54331
117572 41697
30212 199955
68356 59611
62722 14815
169020 179182
146194 6351
13759 168534
182790 59119
125487 11114
11057 57410
198844 60992
40012 36091
131226 83745
84660 101588
198172 166286
175706 103759
5048 133759
75928 129035
6164 175543
187366 182748
108774 144188
17816 10520
52462 154579
9439 54746
60164 152762
128835 1875
91589 183980
21136 152459
96500 133471
43039 104119
55779 39913
140570 1927
164543 195102
163262 73772
69638 145821
98121 133925
101822 41908
52845 197702
159284 67182
87684 51321
85737 68248
102927 31240
170515 74812
118398 7555
116797 158170
170763 176121
134167 106350
53633 48453
29542 10921
101569 27979
194725 53893
52467 199167
149477 192861
195894 78279
180814 176740
56189 155520
79527 94618
121578 14253
169825 164133
60244 148596
66148 56835
133982 6243
81239 3241
56735 47427
87539 54095
130966 188729
101862 188736
85816 120032
102434 157762
197620 43322
128892 125876
147019 156432
74801 174857
65148 20362
161578 28118
71 8179
162340 13115
2940 71889
3 79547
116670 99988
191037 148927
41809 25489
14035 96483
56442 169286
50014 110931
194471 97733
19950 73395
109442 171345
5871 77980
9174 31478
79181 37183
68872 119781
53652 31543
166910 195104
178738 7961
124913 45766
3761 29514
22570 190005
61553 119340
151986 182169
146131 71601
70797 5914
184255 147648
125758 16590
191742 181352
40186 56486
17081 104213
177739 98940
7838 9742
130397 113375
122081 108115
45882 3479
151195 11544
172127 16518
73617 186097
73812 188448
125612 53137
70068 6400
175963 71294
49302 61557
180795 117438
511 170442
11567 147643
114123 146524
184274 128065
60692 187583
194649 12398
75109 95430
23178 156775
96285 119606
123857 142762
42965 97850
172649 97327
190369 144448
141759 38194
84073 192727
167593 90909
106694 45604
152100 105325
97547 122549
91079 76664
38702 176334
197043 129634
177134 142153
106910 94459
113171 22662
157851 66375
36082 87243
94023 169205
122305 118167
197579 141352
178347 43065
11209 90035
132738 163857
38025 156970
89562 141614
165858 195244
41794 150391
36575 53953
181723 103901
21429 109833
29329 131435
142606 11005
136202 27215
150855 1060
66773 144297
174231 43176
193911 59450
179310 186058
87792 128236
30651 85325
191852 97865
143774 103537
137134 172201
102971 57429
151263 92048
196563 106955
180303 197019
27900 59196
167896 168796
118923 40817
181913 197479
49370 187749
157 132255
28260 129815
37842 18929
182174 80362
63396 198129
106462 79393
54853 142074
167314 25320
50072 6162
4252 8153
77539 31740
54287 48684
178385 18701
17570 66437
118647 31183
110604 93721
173431 105645
2771 182929
156647 78700
89960 101646
98282 54644
79636 112335
162335 154584
125421 166520
161167 155540
10978 178027
128801 8263
131071 83790
92143 8138
67052 183667
124151 100600
197373 141301
25692 110809
180511 153912
162591 92027
179529 128532
7164 99607
10138 127782
198981 22762
124485 66102
142537 24131
21749 64328
189866 187593
165492 24644
119194 99576
196360 88443
63276 158233
123019 9003
84640 81216
144868 184560
118280 56769
160883 107639
24892 2699
179261 33656
155564 177011
7402 132723
116505 18115
131616 47510
121420 72022
182749 148125
101759 140421
171365 189880
12771 66376
153528 30847
183034 135460
128739 45592
118418 76911
42663 10438
76097 157581
86879 111866
28751 180043
40579 20139
52199 126392
127467 65286
1493 101530
195175 171409
46303 98755
11502 79241
47888 58569
89148 179054
152980 129330
59961 187126
116567 183706
30433 26618
43106 36492
34603 194080
158652 147527
6208 114845
130062 96122
183218 112715
5384 185706
137672 181879
96545 166418
142472 27874
109740 124167
8792 73113
114372 146089
184038 110692
17548 17086
22871 68886
174248 93754
124421 105206
132937 63762
36052 31723
6321 42467
22644 149533
48967 174232
51516 116943
172979 143110
97863 146111
68946 125274
17517 172036
48631 152600
108333 30370
146714 10422
60883 53071
38637 78734
34922 195728
183888 102423
2935 97481
15728 133745
3190 29558
137512 174565
69701 153505
139073 2322
79520 35930
83763 63879
125932 55984
49458 174074
124456 125378
125498 56131
25965 45199
101675 144975
166042 164373
141926 18591
38303 174872
33281 133659
38117 199366
17825 125224
134581 19030
148415 43184
64768 164349
197503 108399
164004 94824
59073 68805
106534 15643
197230 113213
11249 84014
103450 7253
50491 176071
190447 97959
102440 117920
158974 58910
196244 33378
125663 161192
133575 106570
169356 198032
166552 41232
63266 157019
136645 75400
130321 19676
113441 157240
8104 109398
17390 147243
22241 184674
38159 168140
10473 96868
72716 103093
73619 121768
170438 89518
79560 140324
158675 85745
80778 123185
134071 127871
101213 198553
180474 154550
182256 146850
178831 158651
157114 173280
150468 35984
123032 88363
23852 181253
128366 89761
139655 135528
161577 165509
16498 65954
164921 70311
71107 75746
155828 134616
59728 82065
84978 62762
148378 50140
91361 80308
50292 87818
135705 177236
107883 73013
69183 156700
111110 175554
172783 49376
160709 36511
180443 77337
49799 180121
179826 94762
186810 142286
144941 84186
53600 121292
152503 136345
45460 30727
189948 189463
76405 167404
64757 53932
156797 166054
88441 47993
169733 130274
98304 64392
102664 126968
187969 70973
148948 120345
140879 89496
38363 66775
158856 18888
66201 32619
98714 144359
103044 857
17445 49527
66798 129776
119213 144349
152983 72638
133987 148755
110230 52217
69652 13368
112121 164656
128336 156047
28333 124878
114603 101420
82089 31312
36629 47476
32222 94722
199263 14288
10757 18424
72708 28171
143784 140306
70364 33403
25138 194780
180021 110957
53712 10470
173093 148523
15698 2584
29212 88502
163673 188632
72660 74499
112671 63093
60422 57787
162087 158247
149584 197061
69924 144865
92682 61961
39769 6018
145152 153124
83026 199846
57639 45048
100473 53253
142007 161559
4572 42047
23902 149748
194107 160992
70708 127470
32654 25083
64539 106536
57927 63446
120457 159805
43423 45494
57762 73262
28151 831
62593 175941
80870 114084
151949 157213
101372 116960
55939 60865
26311 21496
107095 186758
116427 116006
39423 193768
100788 161233
196790 99658
6037 141890
71231 53774
176505 128849
114466 137347
89729 84432
5431 130819
133054 161386
101686 115918
159005 53863
97770 37884
184407 20279
157537 183221
179118 99003
44141 105908
54299 57129
82369 92607
106196 71865
65213 187416
76200 60528
99469 157401
123133 6364
179960 147669
63983 169208
182867 16960
118554 186927
5736 101940
149857 90488
94247 99870
5373 128702
114372 189840
116740 111186
23452 114652
66828 91287
59915 70549
96101 68121
125444 41445
44183 57446
153484 169086
135573 157052
139182 51305
9515 99994
95571 12578
199416 59921
23586 185364
41617 24217
161337 182273
144920 13125
65639 20777
137693 66885
118778 39068
76849 37129
114267 73011
48765 60055
107339 81684
43681 136449
17506 60770
24189 162777
13670 150107
171606 194274
46123 75562
143639 123273
110957 44021
61931 4505
51220 157977
186786 20198
17664 26611
70529 46854
139973 32542
121252 145081
199455 96713
189585 46904
40035 139896
48971 64395
2293 85323
45035 71392
134545 5432
131312 132255
14903 103234
35377 43779
12674 122964
40871 34680
63420 159638
96257 150436
73211 121217
64433 119261
45914 186178
28804 187022
65069 42491
167808 158863
197792 11082
17584 98940
35627 151
75289 120789
138647 128440
177610 197725
103552 144262
141943 190379
105880 137639
122322 169700
136225 92783
158733 151381
188313 196436
106221 197036
65911 137225
106871 43751
131899 131001
33094 9547
54236 19246
157234 96339
78235 30288
158439 108112
100290 98552
78517 97944
6259 82457
127723 52089
196690 4206
56511 114174
167367 196700
38580 117950
154778 198904
196405 36660
170151 79161
103904 64093
37308 4294
59526 115089
66302 127606
104659 122251
186880 121951
97405 53659
121452 34188
109000 13461
64322 38152
167779 26552
77443 98052
13925 91896
121921 101334
171294 113609
20480 156825
77058 93002
134365 144601
125072 10624
125688 17762
92402 86889
50720 81355
132833 43502
2899 26556
38258 195124
186412 147218
70677 15700
6471 133565
57330 165328
136601 97326
6329 117535
105753 87567
160675 120663
90945 162994
85602 74692
96461 13348
135528 153518
32322 114924
198835 127800
113616 134735
9479 174672
143653 191016
196330 148466
132632 17640
40195 99071
86548 173177
187242 115308
191746 189411
166516 70021
37737 37280
199783 51468
24430 161710
100635 72289
103390 57734
10982 11538
79407 3176
34850 50986
109675 149238
50768 109469
39754 111913
143408 148947
66886 55212
149 17362
42833 9821
69602 190642
126528 17325
57435 122764
43413 176322
129364 29947
20964 175484
120484 89847
161690 190821
97549 122927
67656 151269
146426 143636
194541 86665
165551 174311
85599 138074
40790 175048
178772 187843
154608 136328
178940 73129
155675 64304
59297 5827
113738 126720
71353 86024
133389 78793
130777 189865
106093 13445
155109 78733
67540 27918
38790 145494
58623 57398
65206 121726
40176 25847
182815 142137
132604 95157
108173 194649
104819 109915
148524 86826
78404 21268
63569 42585
163331 126137
173771 17386
82302 14917
114197 106411
113291 40383
108587 124040
8021 87500
97093 30993
80743 61783
127539 128939
103900 154252
56107 106252
112750 61634
75096 63763
160058 43227
88110 41732
156758 85759
155569 98789
21727 26388
21521 21578
193313 2226
39334 141655
112340 129145
24200 182815
169862 39817
13464 548
123525 46550
8569 34992
76395 96146
177928 179743
183497 93652
174604 149946
22943 10599
43312 81204
86545 26207
10209 152795
21587 10359
161052 56
50397 44548
102463 128545
28191 70080
155549 76397
161333 137911
18792 160626
74566 36338
17025 121199
158904 68153
41260 168681
183486 134976
25198 130133
158987 58666
180626 74370
8398 103126
88778 174329
42679 182167
123906 118623
94045 133399
80321 76980
171309 184984
105145 109569
61637 81088
174655 85619
55194 63094
120924 38987
184349 40690
9647 20829
15401 154058
30860 38714
28227 117682
33059 39146
189470 19253
74050 87223
180284 83874
151853 62720
188388 126248
114121 107448
32144 168903
175183 176067
144736 191203
154055 79311
185890 54991
124054 172015
8870 95476
41034 102445
50198 90463
17317 12823
8226 66108
102121 48907
130448 121505
172578 104200
185898 84825
117864 34840
85698 195372
185437 110717
172597 82520
197005 148523
183463 48225
1951 43039
65694 109000
24437 127637
87702 38842
11017 36790
62921 134424
158315 129856
72840 53021
188950 47321
109543 10080
2419 165554
94563 186481
89906 161187
97786 88390
718 27420
126563 131355
52878 55329
38747 87168
178352 172666
193081 195049
132378 71683
139165 102418
138605 154793
160554 160491
51554 114017
191699 10336
119264 188510
154921 143426
76073 141242
198122 119653
11669 74577
87191 4697
106781 154487
164376 16463
124392 109379
121516 159583
149920 60541
82623 154900
58432 117774
69390 78718
170933 10148
60155 175226
151930 66622
103498 69565
1124 139132
60089 10629
58144 117769
62648 104066
590 112725
12521 19951
71732 140315
143274 109250
4285 131532
192087 167778
80270 157351
173884 13421
130191 152090
55946 140009
173353 144798
75382 30376
61561 101981
146999 190244
86138 46462
142886 171994
52497 3726
179591 112591
20887 86187
169567 64382
125794 5424
26073 34047
196454 191632
67684 44309
172349 76630
176112 67396
108941 42432
111792 53502
191146 42968
94747 25587
75702 81132
142166 181288
143834 167516
17981 19983
40782 31835
873 62797
17297 198823
70793 46917
29720 118304
88482 31835
131194 140141
121975 133898
32008 126155
175112 161053
72955 21829
93392 24126
92600 46242
101681 49624
142949 65609
190138 4779
162619 22656
16629 42544
38224 89680
42033 136862
180757 140198
50901 125486
198526 165563
92113 7810
89177 102047
198380 113352
27151 134328
105503 55669
43916 49846
162812 167114
126727 153710
196015 182808
17538 195206
59442 172236
129598 146135
120024 101522
84467 168435
96698 52197
11001 9537
118728 49305
976 149669
93172 4489
174216 97659
170058 88795
108930 196538
1950 82620
121499 22342
35149 25160
155884 136450
147171 30539
155422 35592
124107 129590
145120 144600
190292 199645
89314 31393
163826 8515
167269 83118
64498 81805
140793 111580
76927 10208
27938 14396
78697 174280
35893 182428
67707 99505
40118 73576
89114 108012
19503 139189
95365 19691
130623 80842
193628 78597
106659 5960
6855 74752
85919 48438
186595 24400
36026 137614
158049 157168
26247 95036
29721 24945
69259 87500
83444 32435
47873 151103
55656 152628
20668 60692
12866 72487
81655 199396
144234 197877
141901 20884
186860 143901
151352 181006
143148 77911
144800 172465
78000 26329
105815 197212
10680 81761
110146 24371
172464 87364
70530 194274
13646 35886
18022 24725
154221 1052
28005 125037
11148 123005
94668 106428
142073 28021
69281 41631
154889 147113
64901 21499
87573 44140
48531 169997
149164 183684
27230 165371
4416 123291
57257 191038
185641 33204
44400 193427
178900 133611
62545 106932
1386 178628
137095 71648
151177 191327
49166 129146
143541 62368
15564 112650
55315 160762
174820 101828
50456 138355
76732 90248
35707 106043
154867 107884
151607 75410
70612 65282
161582 32676
185311 110160
66847 169958
158665 130464
381 30045
106312 154859
50113 195766
66306 181221
33605 151157
48329 167988
152098 31452
175905 65217
34721 186403
10540 60518
65535 195266
12207 191694
18927 179325
103474 34856
57183 72496
29521 150622
739 170880
55104 188020
29039 182511
3608 108359
28038 89485
54090 117198
37850 38532
189875 169860
32308 96668
85227 107775
99281 172890
136018 178341
72107 116238
173833 52835
166475 38251
54207 102030
92584 49284
174551 173619
63641 128428
128166 71801
114676 12828
66090 802
113586 121526
41578 16097
15622 196169
120258 137438
75779 53436
108372 28946
75291 36884
74304 73225
46416 111714
3610 124056
199920 138830
17117 153744
119126 91185
79481 168887
58804 117793
52672 180469
72251 125000
102393 70685
42064 125921
57820 114853
34993 4495
61453 169141
127377 100816
57377 144638
133615 168268
37931 28790
70170 189070
97212 136847
66798 180856
25909 71254
172568 135393
81322 195666
105832 5322
16507 148677
28081 63236
74138 66087
64041 198637
175230 145742
160851 150580
138916 47959
164501 130296
138498 884
39085 5131
85820 180785
145195 110029
148885 89469
383 126097
50704 49119
28434 192052
80305 188975
111372 65843
182460 71288
153667 52290
164849 105370
175594 157699
148168 147855
93556 25190
99595 123694
163741 51451
64195 85123
12008 88120
93555 123571
198949 63221
139589 87407
129277 59659
112938 147440
4308 180809
19994 27052
148154 35913
60636 107672
11503 53729
122443 108098
140242 193624
19033 26900
178510 143804
115680 188333
35579 57864
193469 56239
57271 97224
25391 9599
67229 3067
154010 107254
31531 73509
168564 154305
117923 54811
24506 89343
62052 160373
31138 24514
65620 156847
140743 195669
164917 199469
63232 11580
124784 180617
72636 141840
43788 172307
198529 182418
191016 1667
128333 56718
107954 86703
26239 23255
132043 152799
60118 150910
72790 25
111964 182552
91478 93560
197481 118583
145828 182437
43069 7052
193699 25562
164419 149869
5600 174929
72158 50475
45107 41145
61400 193325
11851 192005
47027 51343
54807 51812
34768 77333
120811 16063
173451 117826
59147 162175
35263 8256
30901 190250
189809 53521
96114 164399
198336 199516
78537 180030
113200 40352
180334 16586
41699 124186
99114 1999
44925 98183
9209 139731
45901 179422
110194 28450
22237 41297
55519 19193
40302 108804
28427 113933
60099 183419
43566 69768
187092 136384
187099 145490
177509 139164
155107 153517
86521 118766
41261 155785
139683 173151
148713 56515
117719 111382
45125 160157
116674 73185
82767 68218
158934 56138
192261 5251
51451 106383
77473 98442
140365 121863
23862 152412
30238 182064
33235 14102
60225 193202
183572 139866
29666 146818
125652 103444
170304 152218
186765 193361
35447 13850
135779 47132
141303 60766
33143 63042
13306 133279
159096 142520
19444 63307
141297 144777
21907 88897
137646 140920
24521 68068
68457 87052
143893 35699
46743 11540
112125 128584
53819 36625
57805 183180
166789 23432
135779 38751
163799 115959
18727 110657
188985 166162
143322 21013
193395 199267
84370 120822
43158 178609
72434 88522
7854 8679
3023 7163
174295 181111
6346 189554
7956 21925
84541 43234
198590 194563
166997 153575
21251 21662
180344 49918
126034 25759
115076 141304
169751 97397
15008 165373
196208 158564
6775 188541
39263 92626
82011 99365
176208 30188
132126 169243
75986 197272
76583 68369
41753 22293
143072 38783
157378 175150
151096 141562
124985 75284
128750 136898
20082 39473
46066 75754
131444 162964
11131 82344
99470 122913
10587 132945
113952 122504
6882 11573
157080 12807
733 173550
68495 64386
99064 90532
166899 89520
23250 94757
189766 135238
72111 138946
39311 106217
99018 147588
32229 61815
108259 39132
70625 134135
59729 84317
96880 173363
12845 96000
81298 44627
151212 98390
191261 10977
144846 187247
10323 163845
123148 13904
106623 54505
63017 107528
157838 161012
146346 120593
162029 93082
4455 163683
166788 137842
48436 32969
16913 15916
70205 12318
32090 102676
66274 138563
32576 145698
138751 193595
1304 68579
163992 192227
67807 168763
46517 143518
124163 130665
65278 135179
50819 99114
188267 49201
138497 169802
16821 104782
70203 63499
40596 176423
17179 37094
182622 104880
162287 177709
77373 190314
44793 136767
149795 169132
175505 174845
191510 80609
106861 78011
41575 5429
63627 110048
198307 187955
34213 96537
189334 190115
138497 112955
56066 27288
81156 66021
21540 121102
10690 102285
76448 165579
102205 41071
92977 196685
97955 198616
76183 11094
48914 105718
60052 189039
177145 96744
89111 142468
179093 49010
77027 50246
191168 6099
175287 22180
123164 98900
80670 107792
73345 76180
134475 150919
139030 132440
5897 59210
191570 28565
96567 63293
145776 182821
131327 135987
46781 72204
86915 190185
35194 122076
159933 182765
16130 176601
180423 89111
9842 75943
180048 167532
15080 76383
62605 53646
56659 54772
93078 50943
137944 67559
153911 82595
185829 32029
103474 190960
58165 37072
26785 23609
24793 186465
157249 119209
137944 122278
189072 32448
142706 12670
158979 52067
63202 155535
23965 165380
177939 51902
129128 56829
35313 106167
168829 84678
59171 10279
106601 9112
189625 20144
21985 196620
160400 199585
132353 130199
198810 85837
102064 24985
121036 131252
106745 144848
188819 137488
2198 2798
48452 54711
6965 7707
153641 27983
87711 108796
29364 144112
33531 156552
137330 3440
64065 180460
98905 87518
123804 166943
184245 130378
69177 191172
74357 156257
31379 189997
108924 806
162807 178290
56021 102698
96445 159841
90648 35108
15190 19989
81587 158255
18590 32290
137878 167586
150741 75193
28536 141356
76610 59204
60647 104072
138908 125134
89903 6915
153763 36515
198318 106766
51041 44722
189519 41335
56515 159009
157802 132607
38767 19268
62952 118304
72095 87869
88525 109647
20119 24177
66886 9564
182300 195564
191556 77057
34093 136232
140537 106758
195860 11234
96164 165277
5572 88472
62299 129074
103678 112374
114130 194972
12153 136142
181846 25162
30544 195650
33761 111809
4711 11052
50578 14520
136383 53263
94719 102391
104289 159234
23169 199947
7149 101263
40369 179545
119441 19053
83986 195340
55799 26201
46009 57306
66592 89269
93270 13646
112668 133452
144256 48079
114358 149958
28515 127242
164202 127211
111274 147161
168861 37381
162839 55276
137493 69150
76127 196520
10576 30364
63466 79694
145367 1300
138363 117292
50875 89813
78235 62240
125014 174879
144255 193111
138572 35782
106813 12091
55565 61276
169119 98122
161090 189755
32542 13999
26864 174857
97141 118367
181170 181920
4733 158776
12450 133012
96533 147971
152265 185480
16998 75852
74912 150494
47653 4135
187342 118780
66911 152804
43412 105607
198239 156723
185117 150153
163520 164093
110294 163705
150134 98532
172169 77703
144887 168231
158509 199097
157368 195565
191302 177186
177807 199514
119591 23503
136895 77477
38059 140317
95993 151855
100690 166928
149098 65065
38518 86601
148201 26987
77178 5577
131187 81159
149287 162211
50975 45908
49906 28405
48485 58466
77184 37039
112690 105962
147827 146761
14359 106908
163111 183417
6020 146253
123989 40633
104332 167835
30859 119848
109499 8001
168280 115865
45591 196419
56599 81135
147236 189898
59798 136314
159051 57776
85401 175675
173682 157916
94845 170444
63954 136370
36313 172297
147103 198447
4588 74633
806 90357
106817 173955
30882 37345
182228 148444
159910 113810
89481 7849
143984 38599
106492 154800
94037 142738
177355 38434
113809 173256
69741 24510
144341 100253
150186 99169
90366 106673
165244 19086
56789 3915
147271 126335
111662 25757
176164 179745
38199 49883
138545 82234
149818 88304
196719 31507
66043 50343
70005 104510
141943 39047
63073 154039
81460 133440
71278 164113
10634 7722
43056 125415
197220 58651
257 1708
175038 134716
113836 157390
102413 102050
16412 14458
30615 101499
132095 52969
19676 21290
175195 50682
160404 87777
6681 12561
17360 98355
138363 14677
160450 169945
73203 20999
76818 165115
159000 19180
193392 84252
14241 118788
106900 46450
165030 136789
51354 152690
116213 168316
107777 164359
37657 13186
191359 96564
57806 167118
73348 70811
4409 129832
115514 116050
156982 73794
102430 42550
15253 187254
117710 36630
190323 105702
107911 176002
34087 156320
35965 90322
5102 145612
24136 195524
129000 190052
163943 124293
100788 12503
42198 148222
183313 157758
17510 69087
5960 104145
137359 176851
139864 68892
17606 51189
52020 53128
118979 60848
23380 34778
82366 93816
187412 44892
53116 90372
105202 28499
122472 142787
20749 121702
2790 53718
43064 177743
26649 20604
158054 42830
122 99571
29523 57376
196697 110599
62384 134558
175541 83298
34697 122613
129958 143161
150323 90431
98562 31789
49909 57214
117307 19487
175080 142918
77786 80504
69363 155335
12894 190314
44223 151731
84679 12527
36924 103702
77075 133764
11273 24777
113026 72193
74649 13868
62000 118421
53711 178795
65570 26638
104428 123313
140033 28386
37166 121427
194227 130983
174923 134583
44648 48929
19708 3674
42331 167527
24188 128864
154402 140574
47813 26828
164697 50695
68446 136165
110066 44990
150083 143164
89166 192558
128793 191688
180036 158989
114801 61307
198674 111679
60721 141390
63709 30143
135083 46457
142479 178660
83478 107067
7644 88729
60007 150058
196680 117872
193669 6008
129192 184240
154301 142764
188530 166895
112379 105587
178454 31194
118902 125390
183531 16015
105555 130146
61853 106191
135864 38416
4054 95706
591 98597
141721 37652
22113 172730
44811 47304
58697 164935
91568 85955
176655 41738
22594 103117
177930 172899
95956 3889
87832 141316
117253 27500
180027 69445
106152 149274
39411 192018
19101 137059
170735 45670
19072 149585
36371 85824
148863 104316
119728 197910
155759 10338
146153 154831
140053 178747
70391 61662
112712 163431
159636 142045
75709 143321
4238 41508
33260 9906
86739 8890
158641 181350
191270 60241
173622 142157
113548 188532
156821 187892
181249 65739
133002 76512
169967 34076
78155 158754
88532 192788
159838 134272
145108 165024
17307 169679
22024 74336
90907 118454
164120 143050
133048 120032
196916 9385
182264 171661
115712 24030
93570 46935
61678 142599
105292 117331
102367 125201
51378 141367
172157 48959
6873 161372
118491 72064
99733 20446
160963 16642
188589 164579
173983 120955
129735 160022
139513 129099
100788 142076
39300 163484
150627 114417
132594 130345
188361 40348
33945 83917
135297 151206
51421 129475
196547 10009
168639 139498
83429 178668
137465 172
104489 168703
48821 178872
163893 62255
96648 13598
182322 70603
7838 173951
94466 198068
102277 99861
190760 162409
87000 179730
119705 149211
10045 8031
176426 32723
44020 73295
142022 46114
195684 89819
98181 70340
65853 47856
137255 103069
120767 155608
103303 51409
36794 92543
160272 77114
48678 167327
64652 166186
34891 179183
139645 193819
151009 70583
102600 58248
51005 143179
150103 27028
89178 106143
43103 68349
20869 179430
178397 85952
48917 139734
199623 88576
189379 126695
46636 90008
101995 43957
150850 45052
105815 154436
58105 182085
58267 90001
138869 159368
179946 97007
26797 58604
132247 27843
146784 186284
102556 96792
95894 6727
169299 128355
136036 68905
101261 146456
85034 4098
159878 84002
198178 127866
178285 75316
68605 58775
1993 50898
80379 164660
163363 31452
177060 134300
151248 19533
29674 126149
157025 126943
43206 12292
52206 136720
184730 87456
152562 61871
70552 9881
22548 95480
55099 103424
80631 23124
85262 76979
118929 28187
85661 85922
53031 28108
56780 191086
45485 95974
162367 56222
109966 124743
190800 137502
25528 62430
111739 117265
83184 12005
4210 162732
69666 39240
182748 168641
28602 74313
22843 9226
92763 46485
119704 100384
161407 138730
31986 182473
155120 137291
123965 147191
15766 158616
192021 34508
198644 125309
1764 71220
94631 34020
61607 134810
138094 146226
91310 105433
42675 35875
86742 146121
112238 109074
15302 85054
152979 132761
108925 197733
117908 141274
115921 73280
78290 43933
36234 129162
185101 88576
133749 88418
194197 175457
73300 141912
165721 89008
192123 154225
110616 95345
83186 186824
160865 75507
46603 131605
33790 79834
161057 31106
21753 181714
112226 87110
6658 35685
1641 10330
11240 40880
80437 97650
167554 60182
153704 169697
60841 19071
61977 34375
168467 30339
85454 83199
18152 54617
1461 84929
89111 125968
8858 136784
53502 166047
165939 111591
145634 193503
47750 178781
26312 74426
79499 74545
136265 137572
161719 100419
101142 153731
162520 187889
128616 37768
130964 180974
58219 110906
117704 167071
115623 188577
76722 168597
108339 39245
195796 1669
34010 96022
135087 193659
184467 43964
96688 75475
54828 18244
137843 57263
45318 185485
142440 27751
193213 35056
49919 16493
33108 52477
159012 37543
169122 1858
164342 79920
163596 24276
15463 98870
193540 2128
23554 136208
64160 108887
68785 128330
41983 53467
188101 144900
121422 90442
6351 139596
43270 123644
105913 135970
185118 22831
174367 119545
46385 47361
91774 125850
121704 84109
68247 195777
95208 147336
164557 69634
126835 35565
99329 40569
149742 8571
85311 37342
162166 23655
133937 175580
194485 118902
100248 172407
145176 63201
191249 26805
102891 13919
144016 47620
188296 115222
31702 169194
122886 46020
16600 119844
180220 56379
51989 116104
188009 190921
56957 147977
171809 152714
48798 7673
85413 47655
45232 40683
151165 148603
161169 56125
194248 107988
44878 26427
192101 111962
85710 172294
153401 19756
167866 79482
61938 145002
144352 37716
61986 43664
85224 171264
95340 184149
64100 151416
141601 53265
83940 145738
80757 69935
109544 32023
128216 189999
168980 121380
193231 194947
129264 57375
42353 103045
75981 64786
5128 149696
87196 68430
66558 151417
130579 160226
187562 190063
30535 47307
117133 158233
152638 115028
705 48968
149696 45700
115381 18320
42491 14533
86799 64616
174777 156211
122818 199163
138150 130470
188420 29495
56161 128537
185577 85689
36249 151934
146359 136039
63709 34254
39123 7361
177006 197329
25836 35316
95501 104106
191157 190346
14232 143650
49399 45421
9872 11657
69550 199491
145283 128175
159012 179835
122055 135955
131980 132623
149140 114917
91571 179201
55204 181750
193982 189280
184800 97569
174942 134830
93681 48407
62075 167098
140245 103376
15960 196768
10601 52952
4545 72911
79195 61942
101673 169190
21499 150121
150432 84079
28700 120643
17409 90935
42731 55064
190830 149558
24529 5988
39116 168536
151307 43904
191304 153847
196419 91292
174066 6300
24242 79375
52125 125297
72663 171378
192656 134056
50555 14861
160454 51468
1288 151139
108943 123234
21666 55160
180034 155579
131037 24361
159567 30192
38060 104286
12693 166014
39566 191826
39791 30294
54329 41263
30954 180037
183607 120677
107509 122305
197306 173063
36605 14026
30191 158817
195565 176538
23393 30392
29547 100292
105565 27396
33949 47372
10972 31709
161877 189182
8367 117045
35649 189530
89900 173466
194663 138715
199217 114724
65189 51892
163309 195763
191282 56123
9706 76969
149916 50449
113102 99690
88425 54632
140549 3516
173104 46882
119366 170558
174364 79028
136576 27166
39226 73937
46174 26335
23620 74567
5954 146378
179056 103491
163932 137578
36861 88384
2292 151108
174306 85627
35294 39356
156323 75161
98456 33767
4487 155033
50766 183665
96136 91744
189157 99745
17307 194541
192934 171746
325 56261
187610 174838
149126 156291
90503 33608
182075 152951
130170 4480
25473 59996
118944 31104
37193 72211
50006 111113
94114 144100
85627 141464
96126 101547
80464 199904
34167 55578
7089 67989
19648 194681
40940 6723
36922 126315
14108 110746
32274 94850
161023 42456
125649 60505
146153 129724
72858 15810
43609 157042
162379 16127
116160 188440
189150 22381
113043 111726
154878 5867
108093 59822
34076 33157
73768 139211
170419 28060
89756 83739
68436 41576
179425 165606
168308 1987
58154 183816
186210 74831
8490 65457
15375 32688
4420 161517
95208 106310
130125 147962
167730 118352
96618 110937
80809 163292
17009 97227
116081 154698
177490 91235
97510 74723
111456 45216
64513 65872
125717 27899
35877 65825
121044 113819
717 28983
11567 145475
15571 31067
134790 32149
10153 54322
6985 193118
108154 145187
60255 26314
117789 104501
72397 23588
128185 42435
111099 135340
11174 142705
3442 135490
25541 190517
175688 96009
117378 28155
38832 155386
7991 188690
28360 89842
184630 15939
121493 22135
51246 133265
11129 107109
118742 26652
64620 14126
121097 186810
60081 87069
20895 12531
75426 94666
139119 72234
128984 78706
52297 105020
45871 29939
184567 51526
6499 4570
148146 114058
47639 91471
139380 138445
177306 93149
117132 111650
184395 112587
156280 66522
130070 7782
53625 31588
147131 1434
87494 52158
175912 52525
159112 105534
41048 115207
66643 114682
103187 114507
39037 20692
92599 153393
16797 137525
63059 36235
183364 124520
4976 8411
15095 69732
105640 108739
111559 26259
81423 86595
164322 154486
6537 197944
17777 30535
13259 117161
154276 127312
174729 122516
32591 66144
9792 5151
196352 171732
68864 153503
61854 142575
144713 17812
187408 147567
198519 183484
185469 165433
182568 70663
150515 794
82588 65351
175037 185527
17244 83013
45121 11088
66984 160055
159607 131554
9935 154573
78022 169499
156745 130261
103547 158888
138724 129191
167479 58637
169877 17071
52079 121438
154749 115086
179610 31531
108679 100198
158070 145895
196584 76708
26754 107712
100141 26104
38913 56698
127129 75145
12873 127146
125801 149689
69776 65076
61158 45665
199805 84495
114530 47977
55296 193192
180587 135106
175567 154921
156008 75788
152795 149020
29869 160052
116935 3844
17563 186513
69236 43292
112929 173100
36587 6897
56189 122492
13365 135154
120781 141703
44966 27707
23337 107674
14398 41513
173214 174420
172823 7191
165367 173131
164567 68025
24925 143065
21939 61660
96830 179398
183978 196851
161274 149832
134469 156100
132241 153279
117593 38432
29349 21890
116512 5876
191616 140903
132029 164092
154049 75961
173405 133227
8005 18510
143293 104596
68167 79722
140275 36239
42131 198662
31521 118304
93337 136826
134518 193317
61116 149708
115437 132868
97990 114732
3024 141322
45240 16179
6736 68027
141583 12275
109783 124337
83939 124067
174742 24563
47142 49523
99681 147700
22316 78527
156155 105705
23988 169857
175108 22029
41375 133929
130990 176775
154778 70888
43346 157261
175745 111012
146720 132301
39437 121467
190371 197174
102788 151676
175709 125079
174217 166564
13114 70028
11308 154362
92968 60120
187009 30911
67804 23184
152300 111024
29490 92959
111975 11540
129593 144664
168383 65041
46408 127797
74480 176736
181124 145022
146326 58755
87375 189495
98930 92811
28052 120650
152315 172657
175644 168081
104375 47639
76769 167772
11841 158531
110529 184028
167682 74198
159862 98649
100593 143340
65184 188837
69424 160381
112541 6717
69638 118767
134140 81893
39765 16977
116378 3045
40095 147020
88610 26794
101171 37314
41893 93211
152043 199243
63743 165234
106596 72147
142245 143318
32784 90
131736 150437
58197 69709
140148 104892
139646 182633
131547 59757
160978 10771
114271 36035
67773 103597
125705 39673
197367 138205
116700 157796
150930 17866
111389 5782
163379 16623
23379 78617
19361 56218
29609 153747
198362 189995
65087 93782
173325 198048
157206 167798
42794 53628
187364 106793
28302 60988
55927 124548
188669 106859
112 89583
48911 65176
11480 66719
84206 145830
133968 24746
105018 87150
183588 5750
43405 94455
72986 196733
79191 129917
37918 68730
32656 161555
25523 112439
83332 170469
8275 50659
182719 75800
71723 7407
148694 109155
105399 16563
123220 198078
194075 126941
195959 17127
135211 33234
183552 67815
155857 141097
150271 197397
143294 165279
10966 143316
141831 191231
748 105043
121039 144482
38132 25402
71172 20872
116091 71007
108449 135522
27417 59369
85577 163198
48421 103421
164257 98706
69476 143109
110674 161604
173846 141140
161850 65268
183208 152508
103764 182578
162148 144062
115435 81689
132835 99920
148694 81881
180536 23671
85807 89204
154233 68477
82197 172991
12924 29006
32537 160878
35329 189368
157053 178133
47339 15359
180212 125242
94717 64592
182712 100006
182129 11663
92081 29725
18451 124383
20607 110752
178984 190893
16219 59525
156240 140986
197318 145553
103517 54301
110428 82415
65157 107687
185954 169770
32969 26217
134918 151852
68133 85893
97620 157154
14631 99349
127274 2013
12885 6495
155745 171984
170742 150052
78941 35622
78306 139029
152139 65594
46905 12310
76892 98655
98316 178890
71821 194134
145950 160797
114009 113074
130418 107600
13108 85689
114244 68717
42423 3764
81460 82510
111042 95470
128459 198251
116155 89108
140908 7651
149740 118128
80878 83607
57864 50408
132756 159544
7574 111451
34304 63575
96870 67657
106021 99946
34291 166077
48320 109769
88214 183658
75810 14207
28417 103938
165839 87557
158244 159447
90971 60006
14077 2401
182136 177018
111542 42013
48953 31042
45852 39887
77100 47460
199764 118470
112246 125401
181915 172136
124243 81427
105182 35216
82839 160766
17651 102274
7275 27173
20727 46368
73645 185898
26193 24196
97652 131953
65851 139830
135547 167620
101777 15721
1605 199359
140733 3936
28403 124410
154353 135338
103831 126144
186376 129640
146494 33516
51350 20745
45322 151478
156114 93944
116416 3571
71617 116947
35366 188293
107099 68976
43021 167404
111409 19960
38608 191483
29074 43156
14018 53449
138612 65859
59981 192785
199157 125495
89693 59763
112744 90629
182567 154336
191234 101154
197279 139537
12608 120902
145256 91844
166608 44251
96599 69397
134757 45831
81203 33533
32351 176096
146144 182116
196917 60965
131980 85014
66380 94904
197243 70348
12360 8241
177163 112522
66707 80086
171134 96319
74766 170973
122480 88747
193926 38180
51593 20108
29204 36686
50738 40414
186890 117297
74834 140842
161161 193064
191620 128780
178828 162737
192267 22248
118162 114921
104372 54076
63674 174195
76932 169100
168170 177870
194580 43610
128264 44492
8050 50235
145514 141269
99486 179591
44491 19078
124449 92703
187228 3308
171719 142319
15933 17635
159054 101457
64734 10933
66829 86233
187370 166552
50951 8704
101349 159615
60174 85197
188531 142953
131870 37966
69931 163612
60146 86776
60167 80107
3098 9376
183503 166297
194067 27221
134927 18121
187474 103898
115486 124301
132424 75132
134792 17554
111408 90529
45155 73100
66612 66688
175644 94232
68591 68653
112066 14022
139392 55120
140269 94800
180469 17291
124548 158012
162409 57002
118053 184701
144827 28090
4082 168241
179894 170633
198090 190324
175511 84017
63157 168729
156174 32331
38558 140675
119667 131686
134347 173296
66967 141261
192766 101187
163080 148872
151855 111565
153702 138332
134872 40634
181037 156986
15971 80236
82445 126155
151723 184308
34825 125657
27435 71891
117812 178527
36053 66531
98787 60962
9550 23473
191077 156820
141675 196005
99966 186247
66227 45883
70203 34656
53408 145948
170053 59346
155293 117842
42660 136699
61726 62461
148902 27055
39571 29552
169364 172893
144103 131064
7887 102734
41188 148526
55074 45195
135550 134922
12944 186566
151539 146027
55599 43984
38196 31753
11740 30664
3907 48527
60299 46067
554 4268
16524 181316
136845 101172
120930 113763
99459 30046
11878 7813
133150 165513
156465 176023
146305 177403
126052 187398
101249 31904
2938 143588
21919 77457
49638 97694
100589 24364
75698 16178
189925 61665
144975 75855
83710 170362
63955 168075
22296 154569
133782 197950
12417 126508
72448 110400
196890 144267
168170 36243
51115 82540
81090 107130
154325 82941
177284 25601
9141 957
52051 192240
4431 119812
197027 105979
47810 920
97009 73125
86357 194562
154227 99403
114698 19539
86877 5124
180626 12079
114272 113470
175229 102219
110647 70431
24125 19353
3419 169688
103020 97248
78405 22687
185850 23671
184571 58929
73976 416
117184 141992
84917 26365
104550 160988
155054 70482
162166 123060
10999 137047
161265 3944
96282 147246
199285 51026
112695 110020
143717 53033
77124 145218
36917 99070
140063 190216
148759 148007
163010 106236
41762 101821
159104 120354
4044 138401
61363 141541
113627 146285
145601 136326
166535 148309
31016 123858
138711 178816
173124 167993
127218 161053
19045 95443
8031 97255
155022 112396
47346 95164
118892 20326
149252 119137
98843 6128
181722 155898
62062 33163
5840 22801
34787 113145
183906 93981
119159 165429
136834 151339
146557 48962
99652 3852
79358 20621
145044 1533
199506 149852
96612 36491
19095 120845
94689 87980
133824 82407
30875 120736
127575 119779
76229 185092
23649 175890
196072 36168
128000 77804
100951 157843
48465 19564
25316 142033
176417 169078
144553 37921
73488 24092
159529 186849
155248 105595
36116 114228
69802 46407
42656 36940
158115 125182
87627 134278
154045 19517
117776 13998
185371 69294
189008 191736
96061 69836
34575 27587
145111 90863
178525 76979
97740 127430
11894 83614
114064 132592
33140 757
151514 37103
33117 96252
130272 16
186203 150608
4735 192497
13050 16612
165707 104674
57556 184583
89699 107482
72119 13852
120418 45005
55384 35655
72993 123209
46564 131885
42718 146799
160177 86010
189038 73400
1326 15313
23321 127265
136360 170905
135453 47912
42184 180578
68634 187978
118653 63012
23617 35718
110018 19003
102102 142147
97817 1638
126215 17279
15445 92126
147446 168161
182981 197410
15467 23978
30453 150566
97466 269
160018 46662
121589 28629
172213 22590
82572 48741
112042 21200
195961 11435
195001 95087
59615 115498
13957 149295
35695 52327
11496 8606
121209 18581
112772 155622
82290 178386
3856 1207
126843 67221
183675 171350
22708 132168
150472 81857
147266 186484
85782 183272
76818 59508
169309 36923
148764 136814
122769 108320
155478 145578
150231 55926
108037 90339
34474 156023
67395 73146
123789 30296
108376 192074
23093 163685
188993 134918
37029 124292
53002 81489
141144 21665
55894 190147
18540 9312
67586 87108
11903 40300
92221 147189
174061 160111
105718 58139
179465 48019
18015 122755
77797 55925
190939 94357
114780 67118
137369 63428
88447 39685
110278 138921
15854 106334
71568 143045
114144 10203
195385 112530
117390 50793
154216 143643
57418 188154
65896 78532
142067 131959
51179 143436
79598 46368
83341 59730
100303 165314
78097 106403
36150 141609
12435 86730
87555 13913
116790 116480
72536 184730
13139 103147
94400 117699
162497 87966
92390 20988
95479 104089
41801 54000
147999 47913
191152 2552
155732 8917
141779 87375
85080 28087
11143 129338
164874 183459
81127 191528
7224 174610
157310 26665
61230 26144
21846 26246
121294 133041
101686 24840
157556 180009
5007 37310
86124 77315
184592 116703
178777 101992
14152 180025
184208 46439
44091 166159
6238 106463
187980 162787
97243 61292
82609 70268
183143 21800
178937 46433
171 21678
174814 35451
47774 114751
82247 148345
93676 15604
2773 41395
109493 199111
183406 13311
20694 83757
29097 88411
56256 188606
47997 90971
171620 179932
179934 154194
68061 115384
166125 161910
89073 8387
114836 74061
11489 129057
26187 116115
184598 50139
33853 121556
155966 144375
12981 92764
185676 194816
154636 176704
95986 168799
7354 60451
174700 196870
17240 12621
2549 102937
75458 177613
163065 56684
79709 189103
3200 53285
180888 151776
31069 788
72728 91282
33045 8240
56234 112305
11956 132772
160321 183168
199313 74505
16885 18877
142282 78615
164328 160808
24588 58034
171427 88293
161317 161638
45682 142985
94156 90731
199221 196620
63867 97990
179838 148658
89252 38407
11982 94725
101692 18524
8719 15552
106839 127637
149264 151417
3421 168854
5039 104277
149735 112322
143524 15412
19317 143324
101413 187992
115143 125174
68884 11558
182309 63344
125563 131323
70008 182030
178316 32849
187868 57097
173595 50816
149495 75754
80415 152320
183210 98296
58990 5377
729 102926
128655 120187
98823 198906
41203 87602
86008 2111
57139 42122
165907 91211
2898 19105
129298 55710
99480 82079
66874 34081
102542 48142
74939 27727
120424 140834
66787 48175
152598 16030
164558 48961
173407 150126
184145 39178
57367 58019
80666 86778
24969 18283
3994 193261
8376 149768
10443 168599
110561 177411
12163 93368
64038 1473
167040 141824
145696 108529
133808 66396
63695 3656
39707 30579
23170 100671
102914 116411
57658 35673
161551 1703
73818 177823
87691 119679
87578 197719
147476 145879
142353 118266
84746 148267
48777 22998
44825 155562
193187 155608
111018 81707
43906 103611
12171 60541
62986 109860
175909 46972
2221 181985
37085 119951
97005 92727
136489 48900
20379 67066
121096 121469
6466 182165
156196 33052
288 116633
30025 23812
90244 42495
59153 187091
197116 144371
1605 47431
49558 113102
183612 44106
25946 169617
159383 190201
173082 44805
17702 92425
137477 32636
136906 150170
128145 189475
1121 179935
95956 148254
24763 113701
27897 29378
131894 114434
55427 140387
97368 87115
144242 144337
21379 191452
154283 82038
149154 196510
121570 180950
123325 43904
184544 181072
24694 100066
145756 135467
11655 185816
13198 196717
89043 61954
125502 140242
183335 158302
56610 17608
143521 98419
159556 40521
133306 152538
125723 45188
133449 72381
86953 81525
14004 172323
25160 134720
36203 44073
189369 197655
124983 42602
320 14150
46566 144494
56034 161230
77214 140681
33414 163912
59937 35461
173667 40761
15509 66051
23248 72726
73072 127737
73076 171661
55424 191665
34519 196427
137600 196025
28759 17312
110484 94347
151330 157927
186264 51455
183790 2676
176457 33170
192865 164444
192620 3420
33445 9468
166211 54489
13293 72614
187275 182421
39130 57415
34394 34232
187942 115057
130555 94156
33343 182309
27063 63885
97762 188181
50847 10861
199048 34248
131948 24521
109558 87941
12330 106735
66445 103776
51654 757
178830 15058
90292 187498
155942 60506
115336 119779
120482 93287
104303 153240
25154 160198
140842 58785
34609 18623
179251 6008
170856 42441
156819 23504
108977 178949
179776 194589
19406 123123
78260 99122
159415 10716
41713 152579
196366 139169
57192 31283
7648 69120
64997 194478
141876 72328
17533 162553
101476 102730
42521 39541
148764 21276
53222 31069
110048 127625
3668 131358
14648 96179
106395 146062
96620 109494
103090 120719
197432 10638
100445 61308
183613 103286
40101 22050
149509 134256
103211 94910
94810 15846
79482 152362
75220 66778
78776 171974
9484 115600
113112 102634
51472 179532
80261 158508
49432 188031
58909 148781
109271 90123
2238 79247
169666 158471
98810 43851
118913 49748
33942 44288
101015 35309
113729 30795
23190 77469
38498 67038
56740 107725
174448 36031
193684 90053
171586 145439
182302 84034
69876 176556
39664 26585
178043 134923
134543 166785
10300 139933
192664 129235
155745 180157
161927 25713
193962 163257
106841 38672
167634 62942
189886 81563
186441 22187
172495 157493
149657 178966
99685 69120
57830 52695
146724 88824
62764 35122
188788 73855
120831 48932
95849 174775
15101 95597
139364 61827
58960 64363
68352 53034
9106 180755
63147 20329
20627 185181
95904 175234
138675 130944
106344 7338
98006 188421
70013 96940
122397 190780
102343 180835
147775 176984
70403 130910
86724 118891
105219 153834
186675 188889
70321 189202
166653 87951
52264 94501
62896 114449
97182 147933
123782 71003
103030 101361
190876 155884
131804 100220
16668 112960
54689 73494
33155 20730
46422 89983
74856 96978
5801 140375
182909 2077
150127 87043
162091 80308
133182 22948
89573 48593
199339 104622
156224 37381
84698 97312
150921 99953
104091 79191
117096 47638
29581 62792
3552 118804
72400 35838
62810 96454
188064 154273
31107 69651
47604 100875
32124 74951
13800 175033
69409 170568
142728 152967
51227 64963
41265 108910
30499 78905
83031 80989
55966 188323
14638 118701
148524 108174
57675 172435
120036 59246
27329 178434
4738 7862
140027 169245
179899 191594
31977 129941
139154 93394
43782 37248
31523 20815
96564 191337
143913 117083
24217 146010
73624 83450
41005 54819
95093 172476
73233 193758
46195 113495
132511 120758
68095 70008
178331 170522
177921 130563
12743 29473
130344 50855
168511 42887
169897 177395
6637 181273
138684 107721
89506 194504
38690 58344
116578 121321
118743 34618
151337 112716
104938 178774
84913 106624
49362 51113
122692 893
29223 73049
16239 169268
12227 164968
183571 93615
39978 115168
140774 16485
6446 96335
85324 170152
136091 172566
11962 9534
6637 39842
126838 178892
46710 191231
33561 17227
81052 48840
83831 121403
173689 51084
31436 111522
6939 158392
78938 59431
150383 181483
32354 57047
104333 138697
164508 181962
22766 129598
43118 9197
52025 31883
51935 99113
163168 90666
92030 185910
40416 135817
102437 46141
188966 7023
157531 169051
48887 150894
190384 165457
127046 64522
90170 33508
188518 97919
161316 92340
172825 179015
55892 61508
38892 44297
39526 167756
181725 116050
59465 183321
161468 49835
136895 158176
159364 45694
374 75322
95314 124173
181192 181795
58212 92810
59114 33870
59412 110947
111889 22835
132980 91753
9112 123088
104097 24023
12834 144501
120355 11944
134074 49136
101998 159157
130505 31666
132558 41523
52404 99912
10113 25866
3712 128816
32685 40887
103921 26156
92857 169033
145129 58265
146349 177674
146859 165707
47943 185097
23499 129236
174646 165221
113965 185455
199766 68719
140020 67705
105523 125430
52509 85017
116030 197592
68854 34348
38050 55004
56805 181103
40047 37129
42307 186666
133264 4427
166394 27822
197757 159234
76556 66521
40362 90730
146857 175730
194136 148393
40445 188051
174327 179655
165501 48270
46829 192480
92731 106176
14985 98836
47983 161988
88483 55330
97411 171990
12927 102135
63503 166575
189284 125512
64132 17477
169805 30079
139349 14529
71187 104024
179222 128917
72294 27405
61949 1655
127289 175375
82643 60062
146510 79926
31989 171233
147243 84924
38928 3553
173013 18806
57607 101022
45749 105197
173303 15030
133358 75190
174056 104674
60094 149661
188769 124133
172190 95781
101219 16583
82269 191496
72575 124819
11806 94774
83473 65911
149076 19064
45687 164157
172934 17641
96545 22670
112229 188844
70168 18880
20315 148433
176484 89712
86494 112268
71204 4433
149311 175775
23941 151056
188979 98560
155301 55449
154910 84159
118191 143425
130195 93783
48461 15781
125085 139
35937 4761
66486 44231
113927 41497
174762 3909
18644 163251
170926 130058
25191 35640
191094 173443
23542 39236
80605 19213
52897 149835
63872 197106
187814 112721
162610 105784
121310 139456
148513 169677
118989 106427
9526 148477
137159 124405
56524 19450
43247 111769
128595 126845
60641 20947
157796 48595
34565 114780
170927 102080
176935 7424
120687 88898
182309 151199
139046 140186
162959 124559
170066 142789
110194 92384
62189 167092
54528 165404
179553 149859
183051 181658
80942 53220
30223 157973
24038 165142
100200 86198
80942 49382
8095 134348
176191 190076
151577 166969
87785 47629
61126 32687
37941 11975
41561 31733
153641 18155
92268 6166
91516 127478
99127 71379
74132 147598
167795 119563
74474 125813
1806 186376
13092 313
36774 110328
147132 121705
103716 80261
81052 142805
174426 199889
114101 130132
105098 78052
150051 117395
155474 118002
81137 23338
110046 52772
101098 91111
111839 181044
8854 67354
86672 8658
6044 106616
64033 92538
82506 183247
57827 123276
52214 9866
154367 193755
101220 71408
148124 111838
161601 48883
121741 115705
20730 28813
166459 148225
170413 93873
36007 149242
182438 99656
58390 84174
53973 12989
182118 97246
155600 122147
188486 2086
46989 96471
91689 28868
42340 138679
42232 121287
108404 176796
54099 111822
78568 61544
20543 82317
160978 76017
137500 162730
146694 149401
87923 160360
103147 91405
73845 108514
172349 113935
65016 78260
86615 197583
68610 76588
195384 58041
80581 185870
67476 19135
80047 160429
31802 103684
149261 158199
154426 64118
197390 159243
63559 184992
67759 72297
151603 118199
74735 59354
150712 70685
107458 69153
4503 137842
198986 177216
172329 183399
147157 44916
38301 58859
12516 155536
86033 131205
110135 33635
158713 189518
125051 189674
57286 150896
175377 139770
168440 136941
152735 70677
26152 65321
41339 27162
2091 199295
149687 116797
33840 16045
181213 45440
30185 125499
199671 11365
125549 85675
79000 135941
91160 50520
75253 165229
186059 108213
97136 88259
123894 153513
34580 32942
9776 64077
2664 11249
79108 72913
148554 113466
79794 100009
16801 38898
189671 160154
58576 148524
14316 7180
37077 193278
93264 27955
35747 30094
53488 192372
120972 87378
103150 93386
138613 185331
155951 102658
49890 86709
152660 88443
164628 177614
123563 608
145589 112786
20679 150383
159773 57253
18032 68444
185026 94502
144848 78210
49586 67994
182391 85789
103953 101683
58010 22189
19000 58412
142093 144371
97252 12599
53662 77759
48122 49937
106797 41307
175833 194213
35582 8779
65185 51093
81272 119936
76744 48002
69501 106582
54503 171973
28255 4907
78973 60815
173877 118165
187225 151899
108970 132235
194368 181705
176895 172500
103874 141630
7346 8565
144748 170689
82259 186321
185558 36928
149182 73553
99990 197464
152717 13140
40106 171395
23507 169512
173714 127742
114860 74986
16886 122111
69074 49368
9841 79194
54484 83503
15322 40676
59869 140657
96106 12303
42827 42464
146561 159778
73488 110658
102458 88694
47494 117560
197030 88284
191322 197629
198909 41808
52159 52702
34991 136398
40192 163476
61283 2443
35729 4258
35244 86558
105192 150371
28261 56499
53586 2612
60221 5759
57531 51713
66490 107032
122801 115599
17753 192431
181472 32206
175723 112139
119615 95736
2807 114699
111901 37223
125407 159822
159898 91062
196845 82625
65307 196187
14855 45498
72875 168233
97045 55210
14694 20511
45362 60511
192602 152495
145786 67716
127831 44729
61601 7614
56829 71003
187889 34554
12234 33307
141606 77596
120181 17853
152444 194354
4296 23821
119071 188141
42742 42837
173518 34709
76723 13663
97859 15333
115173 189324
108420 67881
173161 143253
121260 191273
26632 124856
168348 166740
181138 129812
84179 68276
108507 27754
163132 157476
47941 69130
13120 101271
94310 167725
141984 59609
140725 115529
40393 177639
122988 164869
38886 88993
132590 16801
47155 40777
83010 156972
10513 153337
180380 89979
100999 103338
198771 139927
73859 186807
66774 132942
189978 193855
38649 64856
127263 65302
164417 49186
118324 150315
20004 48840
26144 34077
22161 22532
12360 31255
139177 120034
134615 11001
61789 182686
90874 180450
144913 109034
194707 161007
13107 175535
19382 119123
12972 127070
76376 181820
9452 164962
59123 156832
39598 92412
27150 154077
162379 161809
66013 182045
93051 46715
156809 83451
192734 28677
129497 26745
45263 46008
37252 129036
101663 196199
66723 65477
57754 146161
119120 47655
42874 5627
94560 75829
39231 37839
29619 98483
46177 98798
178030 84018
179595 68334
154955 169358
100271 50426
51197 193997
192923 396
181497 141448
51250 53047
75995 77183
79179 116083
4856 79884
131650 135939
130835 133320
157083 152073
86664 3079
71032 121799
5456 43571
2707 98092
160918 179075
98966 133035
179400 91583
18710 160453
82110 49668
178749 117492
130243 67471
163556 184023
47621 104140
111972 166373
172474 54842
41933 156693
194270 82978
108558 61125
70257 48494
118581 130550
124300 83600
44695 41948
94030 148699
40269 4598
109671 21117
104692 91565
142276 21946
37162 158489
35081 7282
171474 96702
150132 190088
41332 39560
155328 74931
30678 18701
84563 107614
57244 11021
39751 155036
83296 82787
198562 174284
183798 152454
105441 60973
114267 64059
121445 175211
188797 40415
169281 107114
45184 163165
189457 77768
174085 47156
11206 113106
98824 19923
87878 173866
67951 163448
134840 7096
169426 175328
144501 89036
25454 50996
53678 189754
28042 58468
171627 141115
199304 10604
11432 71464
150444 140099
58839 184648
41166 16839
168393 21944
46342 39804
24737 45324
19994 97548
196394 77614
134051 173735
29532 186445
97646 141120
40280 114149
142460 109356
140453 130942
105242 78107
2212 27259
152791 28767
139157 85647
68720 145824
140833 15333
102096 81083
80110 196629
35014 176612
252 11163
101782 46573
149427 131722
130503 115932
167322 137473
125945 64108
82229 136520
85798 193135
101638 167197
105311 73865
104673 196329
81473 195391
31131 156184
114123 189851
33896 57072
77646 172623
47263 29306
160043 36939
187397 114326
37967 46936
19688 50675
47979 4485
80122 180926
16768 11921
74534 42755
160363 66306
139434 56875
29562 73769
192084 127297
133977 148991
183506 29339
23606 123486
161218 117051
40220 199322
106497 154175
159754 155730
160686 72794
150830 181051
138110 25307
170837 42175
134661 183058
52210 29071
192770 144062
5218 14946
57499 113244
110690 107433
5489 193332
180405 195331
44065 185135
559 16355
1412 91183
51566 196083
42283 141359
88254 50697
142599 103817
49428 25261
1009 84349
165625 12167
85627 47045
70819 64035
138795 61589
144136 186066
501 93135
145006 180647
42426 109558
161467 44805
173012 147995
160292 16371
15635 118254
104362 139981
182848 113298
42996 119902
198256 114334
63981 59543
46481 145703
54214 131492
159755 101021
176469 53438
56228 126787
106827 195818
21838 132556
88139 166462
29897 165441
142169 196620
105511 46409
104242 119243
27461 64968
113785 144743
79877 28485
216 19500
49774 40647
174018 132604
41118 52724
59143 187931
159587 39939
25992 176430
141706 133196
191651 58670
91575 48978
120872 193246
157310 190926
16594 138506
125009 85293
185663 193013
183584 5187
106447 126427
129240 101094
24897 170563
11390 110754
198055 164928
189623 97055
152569 43791
1645 166411
141093 137009
26333 171492
69836 64845
19677 162836
33407 122445
159043 116548
107414 30613
120756 131903
182136 29012
92365 155562
109839 151927
139786 168625
64737 141825
181608 78358
91736 173210
130412 46713
192525 177094
4362 187746
191860 39499
183893 102444
98795 96637
182435 104662
139950 100788
44779 160337
92774 150667
24695 36272
84849 117498
53515 80753
161676 132968
155498 148244
42601 90028
85499 58594
157901 71521
175942 114074
164699 166845
2368 116481
193508 78083
35784 151869
159339 5892
116668 70286
164470 124566
37414 161833
108005 110901
154735 79827
16497 114786
150496 162198
103903 126991
5661 147440
1009 145031
156052 119875
80477 179832
178184 130556
66824 146578
92260 179722
161955 149679
74509 106333
72300 19732
133447 50736
159453 132139
79238 29503
107729 121122
63579 75754
120150 136050
165129 90011
54070 104509
192172 152444
140624 139780
28002 99830
76800 153166
139908 7329
69527 76026
82848 2590
158579 43691
173771 167775
134944 103416
2599 85634
44801 31004
8232 42999
104457 36580
120241 10246
103995 104914
75990 144934
157766 16045
4740 142702
46961 70926
140154 66235
93997 136337
27362 58050
143 145826
141460 150244
145633 49796
174516 10787
86477 126476
79986 174787
141783 144459
62118 162229
155977 193173
124185 68659
194908 27784
145053 91130
109051 62014
3820 39159
117199 97140
3336 12385
166 55799
12039 178169
90417 188798
102336 199170
177950 105722
26693 155235
156354 93295
169096 53296
4532 93700
101556 76752
25452 146266
68436 148199
50223 114892
141915 174317
77121 113245
117657 149287
13576 131768
199537 125791
189010 5114
171345 31016
139152 123760
42467 108645
168491 9154
8187 29622
165419 196640
53490 112127
97613 180338
32212 12480
60536 71142
77497 79434
66078 34479
157668 156056
11342 103127
126865 71896
174396 89901
110609 146441
105086 98101
43211 78875
10124 99046
37163 33043
30627 84832
90229 160244
156594 114345
125223 35895
82688 111535
46730 48297
47396 32738
159643 2075
86976 61843
56481 166515
169743 172991
77306 115233
7707 67796
130785 80558
125935 101921
79581 141869
75648 179499
85376 97614
156576 58416
157492 114577
85527 44754
25268 60755
140084 59042
81931 1601
128215 21453
35961 75359
87299 191013
91147 57190
26642 43575
183899 156221
14774 872
194255 65310
103387 33483
172599 48454
23962 17824
187992 123811
62084 167797
37536 166018
121456 129671
41171 111569
70963 140528
168438 143020
191761 64588
161871 90835
145670 84145
186743 176976
84209 145266
85125 44819
47434 153212
175268 80026
44647 178591
90775 36686
186857 81954
26583 106452
30319 131690
85903 128255
96533 161205
22029 117605
17449 14350
88078 13691
138699 166916
12364 95230
80876 157100
24313 67719
117503 119042
80546 70581
123632 60378
95977 167413
56315 93487
37001 78005
114914 138655
191838 194865
191955 77542
29396 120913
31217 93430
152196 78717
184112 149705
120446 52282
68147 75861
158082 53261
9607 87391
60652 128013
133837 140068
7940 58261
51180 32719
138898 57088
110438 21797
17996 180455
52702 62822
168902 136621
157516 47768
111968 9814
134475 124371
132653 140234
45897 145967
17909 92439
45637 125808
142425 124576
51459 2528
74775 145452
113979 48223
82830 179378
16409 82172
47590 32042
116699 181276
80146 107111
85647 173250
55760 85836
191087 59357
126519 134181
13108 26615
134188 147987
28150 93387
111374 179716
125401 49281
76687 73195
100013 130172
22970 192734
125617 116050
194592 99327
42621 155318
104200 154364
17120 81368
58848 55025
103824 35797
154052 158493
150888 67359
98585 164917
112725 68680
89511 13805
159801 154021
150764 153574
7601 180747
9682 29404
12642 139531
156128 145255
89204 125749
59737 151373
4447 139275
61330 179244
185827 89229
42920 24957
184621 22279
141638 155832
107374 173952
136857 76156
75364 44618
170539 77283
102201 72597
192971 134900
135451 77999
162334 196892
175635 161238
189844 120016
152788 97180
114830 44748
147074 97239
128524 86139
166491 186117
149689 91365
197718 136289
33140 135873
194484 29141
155278 13460
46964 37607
18733 115634
195348 153042
121310 191661
141247 159699
173103 173690
165466 19394
36087 78444
138627 141676
49161 167589
159498 118451
21483 121143
3772 86027
196769 152201
138706 78447
68864 86175
25922 69698
54031 111531
130113 199374
41911 137121
102556 137199
27476 21758
47770 190348
57053 167300
7782 55030
138455 131801
89580 197129
113880 140608
29905 21474
151552 64425
159844 128893
141236 20916
72117 88228
151110 2978
5942 193434
161795 172148
188780 150172
165223 43759
27622 116732
122687 151282
12320 97100
82739 38747
146873 111471
110877 153407
54455 57937
97956 23444
164628 172227
82073 195170
132276 141155
196833 5418
197800 189245
121813 196347
3117 175358
83472 51160
33171 176511
103433 5237
195594 195144
31861 31946
150910 63212
153222 20925
2736 65175
139628 32939
150341 124338
80577 35233
169429 82615
91636 31789
63793 189664
111829 11079
150463 15486
180902 139230
86007 140251
26494 131672
188005 32249
11198 74294
85916 15990
35555 78470
55622 187337
120859 54155
104979 18266
89982 182757
139181 130074
53908 99383
198581 105397
36664 115310
20675 56894
180934 91405
133604 188908
157178 105105
148990 64316
54785 92598
63438 162184
15822 184632
1865 164268
87521 142752
84347 196943
112775 23685
96133 165903
76520 118060
174499 64569
22531 170568
87638 101145
98455 62760
153298 127755
148924 48743
93604 90890
30328 26546
99571 76069
64514 102994
177955 160811
11165 173022
35134 133185
62911 123611
127444 47635
119783 7386
41526 142791
155845 110579
170435 99146
107443 1229
89946 65372
77329 46423
136640 21551
99015 66818
67221 18007
184758 179034
108059 20066
9166 27484
163435 182602
121066 84759
166359 53671
87756 140356
166413 78542
107373 69626
11234 97860
32622 9824
49522 175448
146858 143357
321 35487
128560 56098
2169 69222
37411 127561
110022 54666
110683 35212
133461 26857
69022 166137
67939 177323
70934 118827
30425 138640
197913 151785
60272 155184
83097 55422
5665 150824
107941 150768
11772 109679
129840 105417
68191 182236
198226 172826
159073 164285
181419 943
149335 45535
45386 132555
140662 72934
160869 133470
119104 70680
83861 197762
91909 29331
185313 62163
86154 140939
196246 118929
35596 128703
32319 118886
69700 51524
5577 168245
111364 144913
146788 31410
27698 198590
100598 71039
188965 9206
53241 79972
54596 154835
132089 199232
137028 17041
132975 129347
53883 143754
123180 116179
170892 195930
94148 134210
58313 191968
61352 56217
106091 74440
199487 124492
117836 3651
65817 24719
60962 188078
2210 158609
3266 163235
29549 91517
50595 134389
166964 109873
6080 48835
142856 33481
103783 34929
91405 69340
43742 10360
68673 17779
171760 44666
60987 22281
160226 9136
189835 171016
93350 118020
121065 35115
1920 70394
198696 73269
17377 5160
14837 185409
180917 129696
180740 155076
184590 71333
26138 148119
56385 41828
70969 97317
62967 144399
168624 19736
15597 162893
126543 187325
161514 81151
25898 166276
37865 37801
196780 72627
142603 122059
7383 153979
191415 192776
146282 124432
39590 195143
102178 67046
150559 106660
53658 48060
46520 97831
20481 130026
78263 37789
48634 75921
3668 69473
181901 169263
176541 56095
45192 109895
26131 28281
139873 163017
13532 9292
50442 80080
100289 137846
113147 26010
180236 100004
56391 13176
124490 3146
39141 143172
104689 117612
182049 171128
44522 14704
39701 9214
8336 155860
87877 61983
102479 108556
189122 35532
18371 149748
94475 51536
107288 142529
152933 8173
2616 88858
121857 124728
158575 82049
7871 15711
25109 129744
63805 35799
87436 147610
3231 6815
120952 56673
161307 120974
23456 49679
197299 9073
171534 118351
45001 42008
24517 28615
53529 141699
99792 148471
10816 194838
133515 123893
19811 171727
102197 129923
37365 48664
31445 6541
66555 82894
186108 73225
194900 106828
29328 130018
29088 149286
43827 143435
17932 124247
1649 119220
67328 80320
64194 106709
14102 37933
59136 199119
79046 76844
34537 48148
94515 37808
24339 169856
104153 4037
37768 89738
47471 56276
154066 70747
198005 21570
37203 192039
174148 191477
4462 152920
71198 79978
194487 116937
124377 47264
98521 161750
5926 54590
176791 47876
110276 168180
163974 92569
82787 24740
58891 34223
123293 107211
20684 170799
122060 157989
78672 188797
146065 6320
177505 35111
70871 90426
181415 94134
153183 141571
91949 29347
100209 9714
34450 27727
27867 150726
174959 28952
83800 140778
152422 23834
44756 112688
141687 106065
198561 184319
74852 192023
159030 140473
108430 66926
125559 145753
112188 134663
176807 110442
33267 56072
121533 99450
15411 2536
131125 137762
70579 81779
119587 67848
6196 134001
196399 60483
114904 172321
146143 23219
147995 28715
149917 8528
128633 76435
162454 148703
34244 22480
114605 78847
11433 13200
105819 149758
193195 190343
138697 52849
103033 159366
191461 163926
33518 51743
85469 60415
73034 141645
70521 133658
114570 70889
117716 10243
132166 41346
30742 58721
150493 138356
107537 83509
71912 113166
49150 38807
187280 2551
44086 17281
43647 52246
194899 190541
128888 179915
194654 38899
3813 94183
86207 391
54562 199587
57097 519
15981 5406
4765 143798
136052 98803
65187 76465
194977 187254
105725 118866
62724 155647
29159 160482
1266 881
135308 136602
149878 148932
23589 31803
66093 31225
106482 695
6067 151951
24208 100790
148824 197387
194349 164568
39917 61630
36403 179703
129623 52833
119734 194554
152561 176490
139443 151302
190515 120542
193990 187790
161947 11726
101766 2335
142024 192167
88301 78697
142430 21549
143554 111479
125837 67637
101846 64211
10652 13281
6045 156428
154531 135018
72701 179385
57441 65285
113918 31128
25371 189534
64047 116830
21623 25198
137204 22325
83452 24240
173580 158369
145568 169283
96831 182008
67932 86436
131400 37100
199028 150296
81015 39343
4764 49575
166704 68099
174256 3156
17935 95164
53335 84920
199922 62698
72807 108233
107772 7857
117042 84320
98321 150669
159177 156561
65637 74288
152570 184564
71654 106017
113232 115768
38869 187725
14069 25033
15352 144320
36163 69992
168811 189011
4203 36512
185163 141316
24013 180544
132906 39901
36117 171080
58325 134569
117110 156360
75756 296
39136 102520
36894 8830
139167 90873
131281 18358
130255 68703
180572 85135
35637 122571
59612 93982
167032 50503
107895 81678
41883 58267
90294 119128
4561 2208
77244 22857
41805 162466
24826 146805
36567 144615
183821 87036
28098 143905
30460 179993
109753 18205
164717 46319
165557 85817
90690 147971
4693 75200
174473 104224
29996 8312
15947 121805
157710 45323
57427 14518
69338 111797
107060 6169
14099 22349
33499 147209
63519 136937
37572 120136
22719 7766
23523 189637
195465 46080
52561 33333
148845 192678
164403 111993
17995 91973
23481 32793
7698 171669
69335 139553
187520 98111
3023 130485
192789 112561
114092 196983
85224 58823
191500 197636
67778 81804
100096 190161
12060 80075
171729 46585
37835 115293
109829 57348
166203 78603
100354 6594
28069 163064
23099 87267
62023 1795
95932 130868
188529 194910
164082 53729
191861 81036
128928 39034
68020 61572
91678 146364
110587 21778
128758 107436
140184 44323
42778 83323
198407 26623
196465 178098
33088 120285
175159 48044
103348 118768
995 133533
102757 109657
184443 101562
92035 183184
104908 40015
34085 72368
20078 162897
115850 107157
143073 115868
133861 70665
163459 76927
124075 122443
21108 173642
41850 151567
15753 167540
54446 94793
3944 9569
108209 28536
133762 79511
131229 148276
126714 78994
38162 32914
61681 82106
71271 54913
80636 14064
80541 190332
109911 193704
197631 99197
143573 39941
28958 39536
22776 88154
167038 113463
66265 158493
193530 196926
93397 42894
93564 67313
150689 45107
4507 104771
172996 181131
72460 74202
168511 23054
32434 26497
175789 186190
160553 129253
51267 143315
144293 21053
139250 38471
121530 65295
661 175294
112469 61212
80406 59074
88438 177516
153816 75367
131189 131778
46864 189797
16980 138474
135481 72674
153797 110042
140730 6082
106209 106209
68072 4794
91047 25780
26413 11467
47644 23884
42205 97274
81528 51400
172101 196543
73130 21565
190371 48887
64785 7683
31055 185660
105238 13359
81516 160249
195029 138384
111119 1099
62841 130200
37298 26341
187048 191361
168260 132445
100939 13860
15324 53120
42771 16380
183204 52860
27535 155891
117106 144379
155249 163289
158438 12976
21020 23453
72358 8503
3462 55013
78071 124478
30613 63099
28034 196664
180843 130124
195963 25927
154585 122326
199735 170979
145432 108775
11951 196403
27516 165241
198619 101700
40787 199377
93004 179240
187509 161701
196938 13351
189205 132993
67731 25827
152525 169874
74684 166759
122332 137333
86156 95594
2471 164807
31584 20196
54011 114701
89320 58578
88526 138965
43424 185118
31295 5934
123876 43639
146306 138540
177209 116298
136993 195213
908 123647
36072 122679
156958 199349
14743 187449
59428 122670
29348 108922
27731 111871
7207 144842
180948 134214
29116 161368
123203 40535
34021 53164
177432 156165
198750 154162
166132 100716
65881 126124
128559 31619
140372 51896
127184 88827
59425 10570
117286 109898
146712 27799
1829 47727
75182 143401
3913 176616
189477 187779
143928 96033
92248 122034
131204 8252
3862 44491
170743 67344
175409 76851
50897 35378
55912 103616
48818 42538
31862 102421
153376 9975
100782 157933
175346 100251
144569 92383
119510 68048
104441 174688
123774 5223
101957 115995
178846 178950
93457 17379
114539 162463
180904 31037
64464 151537
95598 182710
196233 37235
23447 84373
14397 192886
30262 106581
78170 38062
101816 19058
1157 125919
2529 57039
51807 95415
12169 170074
137018 67641
41037 73943
55544 184240
196099 182148
29493 162531
141085 58231
151490 35902
75644 142038
76765 131961
17291 57775
6183 2679
79018 28086
193617 111434
157467 19555
4056 82941
59935 12282
38630 26460
96548 18683
98844 124852
188664 95612
187252 144193
101748 183052
76232 105980
186887 64244
60579 175046
161079 86507
60994 81228
144167 23781
24504 824
85421 4477
31062 199506
72388 130724
110261 68047
40756 128604
132531 153409
111277 32055
83902 123853
64693 144654
88333 84136
195156 29142
35866 143133
20018 117714
129153 86381
25817 35124
61397 155262
97548 147532
130483 132826
25812 89488
94970 68052
40571 98666
167639 11958
199866 176016
156909 121074
42147 59529
192506 100494
4945 40242
77500 76735
114068 198805
193501 96944
73449 110848
121262 122832
37054 9616
93875 16950
115748 26673
7161 120768
53366 16030
131083 121595
32114 94806
100736 69095
197840 171007
126009 139345
168092 197300
60262 126132
174216 189442
16044 56758
25613 127580
83375 80451
59840 138957
4181 48684
115947 77728
19110 79093
131926 85018
184990 120330
176088 47466
100486 13058
42467 147489
45288 87119
68043 197065
103397 179635
138433 105599
38667 118193
48743 145491
135318 78711
11979 117623
109215 112358
65713 35680
2697 116738
171103 98894
179095 54231
37701 125367
17721 185181
54140 88673
54591 190482
143784 105091
124752 109464
181307 36272
93883 158268
32868 57119
138678 113047
189278 132108
124567 159222
13663 106546
176115 181950
7920 69009
135532 137185
103124 155012
178107 61278
46234 15083
181908 87716
97129 61687
68081 1580
90926 6659
180173 137581
158331 37956
124326 52433
151444 109608
194565 21970
85819 156286
117801 112477
67469 2316
82385 50293
178733 172029
193428 84324
107871 118026
15145 193134
124175 131123
156075 121471
131023 186301
88868 90247
66766 41625
114383 20179
153799 184671
7241 63240
138142 68072
38578 47430
125006 55066
105498 196498
34142 119392
191010 54066
47255 15634
185118 46155
45991 168681
38595 126392
27077 27897
199643 19664
121842 97254
170721 128476
111655 159056
31639 128928
27947 110870
43092 14997
77209 41318
161688 142396
97505 29890
75747 70309
144832 105946
151290 145086
60999 8489
98251 46065
27150 111367
151673 2062
54351 153227
46969 49069
7757 47234
195790 108321
149066 144073
3648 25076
69768 48336
177894 104208
70422 129881
20299 15873
110705 143227
6626 18731
118117 121780
199092 5067
56633 21073
104874 50861
116825 10313
89767 179635
2826 8625
76338 152910
51980 54704
48432 108336
120282 48114
66534 73312
98759 151408
58688 29657
115493 41920
147640 73044
116288 113569
63352 145545
1398 141540
58273 147541
8523 194363
104255 198242
85223 68187
15956 40967
91697 161424
190980 160629
144191 85210
28502 183208
158237 57406
193505 158522
58948 33351
121116 183689
41420 198735
129305 47234
141799 22809
41961 150102
30900 101612
58251 91243
170975 12520
78241 147643
112523 15598
32883 112840
188358 110044
118637 103582
169315 86804
44996 118914
43570 144957
168958 79620
93297 53847
154171 128255
69410 163429
196325 164260
153718 97947
6133 118658
189475 150
132558 143166
113994 78998
732 109759
196132 129804
95260 197536
108209 5689
44472 11691
143037 2682
174354 187399
27075 148124
45026 155982
12179 43491
48804 20383
97362 78458
62442 162450
8540 73268
67908 142139
150058 9069
153297 59028
45444 41125
91357 50444
64820 54078
45434 1720
43981 64142
93722 17626
10679 40361
98105 170912
86871 90192
15566 29760
162056 191205
59309 88512
74365 86131
188197 179032
8754 59255
106122 152279
132198 145329
146870 74669
182228 54566
163521 50762
197933 64384
50528 42521
77213 64564
103315 42785
155215 111872
34672 1899
140878 6987
90917 147936
195723 194097
141130 169112
60422 32100
33116 70639
197305 70838
23716 42387
151988 15082
116479 87384
196964 156879
102976 82066
160361 157587
161164 35101
14796 30908
37393 63630
130132 105248
51928 19728
126124 120531
81000 154141
97438 72839
41957 17188
3903 100646
47777 156054
70308 168013
24355 148468
53255 117477
89627 163089
25635 153606
34719 47399
103685 117005
19927 184285
60052 26182
126254 97617
60849 189412
105063 33583
111032 71846
124113 83494
39622 175055
133352 165035
104502 66028
100427 26971
37190 183821
6660 162742
111601 31580
117590 59918
6934 1183
149706 155476
41508 172975
194466 139735
70407 82682
36027 70906
16013 50084
43573 184851
27760 16462
92756 181164
60365 86997
92964 2604
83309 24665
71017 55020
188691 36589
26311 152539
167733 27543
78516 62329
174638 12942
135640 115768
127170 155001
120848 167173
36611 68401
122196 158719
33253 98137
181515 194314
65884 34418
40194 24491
131523 142936
61936 185650
66683 164701
177054 84237
183609 141480
28695 154849
47274 192926
1947 79302
142274 126643
129143 10866
113095 129161
166212 100193
150623 51977
54781 61468
198589 44606
154380 154552
146327 112722
92876 24976
93840 161877
14985 43498
89206 122493
187804 142319
174461 75979
113585 72074
15029 136254
87437 166866
131979 94183
192739 138227
139043 50360
193677 141948
45036 84054
183363 114621
186280 125260
35384 106046
45063 4716
193897 133147
69764 104307
126421 32855
172612 153224
44115 95005
79992 56809
167156 83594
193230 97841
21012 153513
102706 44243
145608 41688
45250 48121
91846 2261
197914 27864
139798 48065
92450 191192
173982 166627
106361 44041
198426 78611
117237 45116
144827 107791
49468 154399
199356 66048
47260 169377
3333 23761
44441 42606
64405 71704
22857 75360
149352 150313
45877 155720
3001 3525
158725 184069
171737 109447
103395 44628
181830 116231
10423 35227
107456 104465
65 68755
89835 13793
152231 94715
112803 50910
48526 17499
125099 74722
169612 10313
4919 188004
60713 161094
19628 13082
193286 199298
22126 150713
57569 64386
97187 52637
141229 162317
46567 35251
42028 78088
121552 24549
22766 155160
58247 100224
1518 182145
12263 110067
5576 138642
37636 120955
127364 172773
9771 83984
104851 73659
104919 29072
179592 196179
109573 14390
124257 114276
34027 102478
73763 57250
185785 137815
186969 92796
2707 3861
150063 85345
59840 121381
45473 52399
71140 111060
23628 116574
111572 172763
38434 58441
176501 29183
53894 51965
107576 30060
3259 168537
161801 67889
74217 186792
24420 114105
78557 35971
52442 187543
25990 101998
91480 72358
75421 30489
196311 51545
120526 46840
121615 123174
172620 101807
137196 94900
124941 110160
197146 8296
110623 181547
54639 65801
158442 76630
47202 163493
11798 72731
112347 18209
124095 85930
89177 26238
134113 144305
115706 5184
22687 129608
162457 161349
148015 49490
45203 78586
182802 47908
10795 44224
75244 146896
57461 116732
80650 69890
70077 20387
130079 44098
57416 70430
90532 112303
87882 51478
131330 101901
150104 66986
117608 149494
199454 2826
43387 94093
76919 140527
96921 195391
59086 99222
199509 35866
109582 146647
148851 10870
73630 180412
122582 45340
51868 135193
113738 192399
185100 69789
16573 171138
3169 843
156139 88842
59543 131298
88400 164056
82039 126278
194490 70233
45713 23953
102450 190347
73015 61462
84224 154657
158180 4196
8521 152451
57770 125032
139889 20357
68643 176151
112025 13084
79882 128118
169750 166486
107628 193211
24606 76966
58230 119436
132433 136984
68662 72302
55648 119810
13430 103857
190774 98351
21589 142143
197249 118325
170873 92119
108957 67216
108553 122515
34439 178111
101634 197924
61300 105941
145085 17602
96402 172785
77840 181930
22841 136176
97719 135668
195703 159628
149751 8798
15679 39100
118702 124618
182395 43762
151222 28835
2908 135535
80758 87693
10751 182847
119125 170345
147351 100941
5357 76037
61916 95248
107977 197368
112304 8721
88464 9570
59741 185045
65007 116447
69995 111361
155226 133483
64395 55385
7091 103903
126628 168982
115352 174555
55310 5834
106051 123471
183722 31521
143654 35558
47982 192649
48080 110266
107561 124617
150638 168395
73718 21308
161038 4233
134192 118522
133192 169619
132925 112960
86271 57156
131697 199211
86374 177276
156709 12240
101505 123399
196983 53805
150115 108714
53570 79871
178190 44345
182551 135014
181823 161984
132046 198165
126243 104807
6310 194483
82553 167165
84582 5743
175832 166934
79347 149685
36190 36438
30920 182051
119384 15384
68777 169847
147072 110779
183543 20382
142886 105244
178991 189606
116073 7797
106728 102434
53985 48974
16042 199895
18279 105440
42693 151488
177253 3888
124405 50242
152101 152399
46482 133424
161405 20996
176398 148544
140643 41875
128592 31457
147287 40349
109755 184138
84636 53497
61180 121544
23708 119942
193342 1593
139957 110858
80731 160104
68791 44989
106228 153961
76530 41350
7919 54067
188210 182310
155022 140395
180084 174292
61452 22833
176835 62235
85678 79296
180116 167703
157681 181490
5054 29611
73998 94056
148264 160038
109720 117871
7022 99715
156976 47090
16649 161725
89124 141193
115131 49769
523 96434
67755 159190
139068 42574
71187 60818
147171 134383
194642 72860
172672 64320
14236 182813
38457 181860
177811 194087
19752 122136
189971 141238
29268 108603
123595 131596
1463 101284
166204 98804
168007 71062
173887 58142
177682 29858
90110 169136
138335 152017
198078 198869
13581 26990
99514 170523
66217 152285
189455 172536
37203 171456
133957 24420
86133 387
52354 117642
12159 30000
124769 14261
157045 40915
108074 165364
78210 11150
116987 12564
53370 8150
134527 164916
141407 8244
135681 167936
17195 119082
41769 105412
39380 138594
43413 157454
108690 144250
45575 170730
77591 78420
138040 85525
197202 7915
173150 5044
119969 38616
135356 133076
172956 151901
88836 148098
48196 168188
169567 122403
165504 72250
23283 19730
109825 141516
573 110883
155278 179680
29448 188543
157245 100894
28883 44956
123797 106469
102738 34717
4078 146138
8676 139037
34989 4390
62943 163814
31470 119614
14895 166620
198551 45936
110436 51019
176297 69354
73561 70602
57238 85476
155940 100005
165207 170646
48204 168277
66344 87559
136819 178381
127023 1539
21293 46831
2872 192882
195659 77395
173520 172426
37383 78187
42548 172394
98025 56348
106909 156414
4868 153503
23600 40950
58414 120201
95482 65181
2348 47878
144526 69799
149390 118319
106187 184606
15414 65517
159920 98756
170139 199504
117666 202
34567 197713
76978 63514
98418 83427
34855 180803
80830 11018
92257 93025
58277 183082
111389 67068
131396 197631
20752 183478
139668 115243
96264 72977
178172 4265
63720 104886
183943 71298
133699 143337
38502 31158
92348 187918
149411 118429
130656 65214
135731 96847
72469 186726
104875 107772
39917 51796
33338 60509
112169 10077
99919 105705
121529 158419
163822 138659
106890 74372
153435 19318
33908 97736
152431 81373
148622 127036
174740 45661
35361 196214
13238 67259
48758 158554
137478 101438
48371 43460
107671 147765
162499 33767
2905 100620
109302 104374
19051 118937
149212 152937
107003 46379
49583 90375
98817 159980
154668 157501
172309 40455
154138 193263
158126 192418
143698 64999
56450 84048
197001 144926
192625 125164
104810 145747
134944 121633
186153 129875
118212 160148
49098 97562
113726 3240
78934 31830
64766 66797
137676 45264
12808 137169
65922 159386
64755 25073
85819 52467
158105 138381
195569 49703
157153 22188
40569 33045
105501 2581
7689 1159
17433 75916
77986 13021
171016 172550
183081 122267
104569 38482
161728 189892
195820 17653
79944 194299
170935 173365
59462 8849
74513 191651
147856 18539
57076 78780
30988 4374
53511 135420
150710 129947
84253 39927
166611 142493
123228 34707
8696 155042
160668 141597
113975 168933
85781 175994
100597 77889
41883 194585
174884 182792
35503 77818
2978 86379
162814 185971
170123 39671
14579 135946
47881 61220
88299 60851
8122 149482
127004 111838
112226 159550
26819 163155
68425 146460
162645 105036
32795 148999
142921 8902
170141 96999
105461 139972
34527 1131
22329 124220
172722 95551
64489 164613
729 117590
161399 107084
107228 26347
137939 112883
149913 87348
125906 40092
198626 170823
192031 168285
76122 1764
81166 64988
80571 128648
67536 31593
186338 42826
83359 59124
19017 172137
50901 126396
173140 162182
82772 106091
25411 3338
13587 130077
128501 129989
51499 168392
44449 19209
130110 91649
16282 59181
109850 22587
198593 150890
199701 173865
47013 11794
38434 182193
87432 163058
195091 153048
156663 189330
18608 154872
51977 135171
126951 50693
55042 120488
10569 49776
78190 191828
48195 77051
81399 72106
117586 75134
144167 159629
23 71024
129338 113051
6730 116374
196554 140128
109048 33731
59112 82632
17220 1347
181359 123322
108407 84241
19980 198458
159463 18689
123527 165118
8944 180372
146110 93659
23548 126700
182211 62625
172337 43637
141090 155475
90994 20568
70251 92190
100540 50486
67055 9710
158602 19235
146367 92804
133401 382
90260 90785
142766 194508
20724 191082
193097 25019
84138 118461
68308 71107
188302 162308
102866 175395
95878 65242
157884 174695
30664 104431
12293 169506
128948 123941
706 13259
74726 2965
154097 64443
3304 187912
81654 83607
81726 30732
141447 72429
4817 199529
65181 158390
186606 143113
39220 46717
21348 141461
6327 178513
54790 154290
100302 103195
42027 193572
191729 10462
62534 134675
97452 142604
145407 104685
179436 73060
164717 181764
194968 5516
173034 116606
140032 141685
3264 39729
102693 84331
41275 159405
182928 88591
23736 100175
74052 181417
114644 185938
157369 54172
53405 189367
62058 89797
188963 109452
34643 52452
14548 49775
158572 122795
78639 69114
5418 131895
132967 14005
199777 113247
127765 11160
132538 188701
158629 146379
126608 11157
156391 44090
10755 178127
187601 30798
157152 183316
161254 24290
141781 189501
181602 164942
73964 58290
20673 24085
52349 178455
38079 102184
99241 26283
25231 87894
140802 72268
145109 88737
147031 12333
89892 42732
104685 63169
48883 172528
31276 29213
155714 172019
105717 8480
77403 119229
179240 176223
41664 38468
4743 82193
59216 157449
123309 177766
1838 124794
125150 71471
95253 186429
73012 77665
125895 190424
183036 14865
139415 177969
177973 36068
167923 51561
20953 116338
196796 16653
75832 102342
195533 19249
161897 150024
88856 191155
63932 151147
71382 110422
127381 101578
107001 34674
106810 47135
65064 85647
184320 198953
151053 98547
728 95238
60841 3568
36142 196357
100760 19313
193951 140148
78960 4311
34011 98035
127445 145628
117552 1557
56645 101781
135512 105195
12693 86677
13588 103120
61999 10887
103869 103760
62576 113764
2193 97247
11539 33887
191610 139173
168053 22998
169602 166013
112443 69726
2101 163538
142874 154080
31637 2871
56717 153785
11483 155285
31003 43230
15389 194192
62196 167535
7554 37530
95640 35457
6110 159465
68759 88859
41440 180502
52437 120605
198437 97263
149009 122550
182483 156620
96120 60625
29390 150596
170202 48936
102872 10921
12987 163390
187855 139840
112823 11272
34878 121496
91441 129237
77405 173431
84327 67578
71659 165194
154806 35931
11494 83630
74929 195866
145972 158591
73798 181794
74794 86345
59017 134689
23741 32600
146130 4271
165314 147079
31661 188316
143662 156040
102050 91190
164955 91853
138778 55408
74290 74185
199778 86553
104370 106469
41131 44008
156531 179786
97255 39167
32335 129322
161620 129773
13719 82549
183347 106798
99585 3165
61535 107057
26883 110101
36580 81159
142020 110902
7992 117348
2749 77682
117679 167864
40440 198645
110520 106458
4204 34363
51575 92621
16486 95938
132113 95727
7124 18614
98163 52180
178493 1146
17787 115663
60398 178099
190274 166412
23637 110929
130299 24613
82847 110952
14148 90928
138035 115354
149968 16211
97890 33804
46988 67020
79226 19675
54838 64303
154857 85564
80634 115957
148680 69560
14842 186032
98403 69263
191870 195386
95779 56045
25448 178261
83854 182032
122563 152968
14265 83708
189447 120648
32273 150122
192765 20959
198829 168555
137551 167045
150885 139335
104297 113962
194929 78734
188352 106068
152237 56311
112640 86534
101802 32259
145157 61618
51068 84481
187036 159194
129735 69165
164418 175782
146687 120588
103806 143377
1813 98109
180006 122869
12892 48690
63672 195584
181945 125376
124269 191637
23253 142099
69563 64058
1568 168399
26283 147761
48657 42977
6694 158197
94341 113374
128155 63412
56889 49717
37659 180933
185197 158258
183135 125583
55759 178943
34934 55138
148249 106135
75785 67916
10465 48771
146977 34963
84453 62934
42957 103491
120636 98583
161825 155646
171113 48977
67709 43343
115159 124099
62065 163041
185889 41800
58677 188988
140226 88644
170841 36882
12252 35825
62469 179834
47805 5687
150794 24621
65894 180550
35 17108
110961 161703
49519 59757
199530 45925
135336 73113
76897 36255
55685 77837
129668 172974
18508 158506
154925 137697
39152 159412
2384 176336
126687 86875
84170 22048
86051 70446
180891 89679
33250 101976
15094 116016
84832 114405
149002 180808
159738 163142
18204 52885
144472 57970
32589 7722
991 187858
103114 74540
64450 55954
176537 40561
48315 198802
113377 163950
189978 39466
33629 129175
117808 122537
122386 57238
53413 19775
108572 190311
132706 183460
8853 104445
105332 78313
191395 125343
7413 116117
905 54352
146411 94767
13726 62401
99209 9058
87834 161052
82102 44425
163553 131970
79754 35461
165197 75410
22234 190822
9855 167855
123973 185614
77991 190822
14063 34676
130039 70845
4851 177052
169871 113857
124058 198866
96161 132734
43780 112205
118868 110166
36103 97322
149206 635
112644 41918
3616 10489
64255 185228
106126 50046
133263 173634
93541 166277
105786 68780
107905 191085
18606 74115
150386 117393
70063 82592
155979 127324
169264 153669
54753 27391
137028 57040
153899 183235
149615 178099
126984 196231
150554 142000
185616 72823
156804 20287
67552 156957
185091 132668
112001 9013
154476 194011
162588 82574
82204 3725
73950 156557
184078 173498
54405 37467
109300 114431
77752 56749
33439 34548
195377 58310
154791 67440
99879 26590
34279 26436
41144 188377
143669 153544
184521 139898
170634 19564
173155 27350
86389 161460
75581 147426
88981 59764
65924 4269
1071 183450
19198 47829
179584 118078
114541 194331
183242 42821
36038 50623
155079 139213
184340 79741
130472 78689
45253 166980
42367 89394
104253 187468
120874 195697
132125 182475
128895 16834
134583 131384
137981 37053
33756 53748
118031 137851
168549 143141
170114 126637
15155 86463
172298 143303
76055 17667
101695 136881
12970 100774
182853 20195
191703 52411
182953 189619
66957 150873
168411 97014
105071 80203
122563 195978
150721 157145
140636 71046
102608 6423
197405 178114
85084 135087
112298 180014
116346 163456
70606 148733
101403 50541
177805 141972
63293 972
162765 116595
40414 52778
103540 31282
13290 142346
15560 150453
36886 109362
21935 100714
105062 34711
1943 25941
109759 84582
93410 83534
192009 117865
179408 132794
106523 72820
86651 130879
174460 137033
104490 84535
85926 197030
198876 93972
129377 92292
26182 45128
66786 123276
112972 71985
1500 1796
13711 101297
137305 117024
88495 136583
108771 139187
34811 76329
179122 15071
93694 18689
108718 100301
92511 66940
85222 27922
40346 45908
67290 79309
68161 18013
134295 154332
160334 123814
77623 1295
37676 52879
52846 138749
106571 140093
111622 4454
134365 61180
83435 123196
10983 191415
16653 118656
5212 64265
107010 50853
11950 163109
78198 70198
40340 55617
134400 168556
107797 15929
45445 11855
181846 87238
191712 12717
141704 160292
192908 140162
58547 7969
159571 72871
195745 18131
55730 70547
175106 151621
3177 153062
113577 167241
17358 159227
124684 156337
127086 150958
127659 35371
71497 88247
40071 145553
70445 28709
54984 95048
102038 159749
70858 138053
3456 78335
83303 11073
121645 53647
92783 197529
98997 197078
181221 129013
78422 133547
3713 150219
84376 130618
167830 167552
58399 150219
65855 177428
4939 88286
153218 164610
199562 143788
11838 36794
172455 113298
286 44194
188017 161741
65792 70849
38572 170571
11612 61150
23600 92740
139054 157409
199939 36678
87065 136469
73497 160046
4604 122853
50125 81836
40257 10714
59601 25263
147724 195062
115349 174323
120544 123514
74896 139616
114501 120659
95047 159820
95762 29801
172047 80941
17484 134608
111506 193414
70073 180024
137018 189173
41673 52814
969 131298
136835 197818
189769 33853
158958 83887
168136 136315
103923 182540
134822 72471
27793 149567
110176 41727
64145 169530
57615 44123
112555 8161
193156 168513
94528 189418
143822 98762
187809 163240
198376 73388
43450 120389
110098 125978
76687 135360
54995 25863
116249 50455
183447 653
100650 105607
47657 154759
56004 172282
168360 178621
22663 97395
24189 138840
23679 122878
141790 131244
39212 77307
38452 100004
94848 89100
147621 81897
108612 163279
143854 155641
6136 110208
40046 61753
35001 120631
190037 37857
57689 171381
124193 31208
118047 163755
131751 151853
7072 39716
44896 59769
123608 178077
150264 14842
9415 185711
199993 112306
82932 71496
187294 142123
164545 167186
117447 14583
175925 144754
73550 122164
117081 152286
84663 184358
68024 18508
164396 116699
110290 130129
82303 82281
53091 155543
137582 20289
142776 141765
163661 179698
10432 118603
196332 55085
121313 134792
17383 92470
152879 16988
83993 129529
157950 15225
146231 152314
79299 96887
133675 159522
199782 186701
164414 102396
43948 106165
144161 55076
132522 69095
144309 134147
116207 107748
53835 137659
5992 40778
4429 179634
125564 104489
20782 39568
62337 155630
104635 178588
28515 47293
30020 165570
175087 157976
7303 165685
87488 193522
23126 143441
143347 26154
40551 148655
169618 141564
137100 168710
101441 171879
199864 25767
133889 35079
6961 170094
128046 1847
105327 101719
187504 199341
156236 9608
31044 12341
119193 153653
34592 57527
126104 38466
154529 145448
37744 101613
145039 159042
60547 58696
72064 185190
134056 173737
114468 173370
79637 159246
119046 12117
63599 187132
82886 11597
110291 128669
85958 120650
133965 161005
108467 135939
191262 59058
50072 88689
92882 181015
116941 3479
127622 115936
61899 193918
26624 44777
172544 57153
26254 84648
86317 89199
165708 11196
178611 83439
115338 177241
8582 93711
33287 168745
24541 137573
125421 161971
158205 177079
193764 58365
135418 71788
186361 73442
69051 11722
81574 96376
133458 140875
54851 27439
20015 81623
16749 80890
126720 13476
170761 183910
26845 197275
39947 59460
169916 84595
12903 52024
105014 140445
116384 29841
85014 164571
196622 103166
139937 157743
19569 194945
9824 152773
167476 114796
118053 161982
117024 140962
14009 37257
60850 167461
79313 164512
69995 93628
111766 134317
76526 69050
108007 124002
150604 76925
6486 199566
60792 110955
190220 112008
78162 5676
17405 113248
57129 35315
160736 83703
125768 57313
198806 130708
132654 173515
54608 31202
93079 152645
130606 95959
118753 185184
41987 157659
184367 175469
38615 173683
115129 61217
27384 133443
103155 146686
194784 54625
186298 9895
35837 148095
23260 86882
146594 96545
184870 173511
79771 168437
42908 59447
59413 45889
78666 23717
98544 193040
97740 18081
144177 90954
164320 193690
66661 140914
64865 152851
113472 101991
6283 122307
54344 78615
76451 100743
123455 185866
66744 101916
46318 190620
32069 90539
194776 165725
150026 93517
142809 74301
170473 21583
164394 127679
70186 194177
159845 30122
111332 16684
115856 771
88257 3442
42353 43408
20165 134643
174170 24653
106035 147992
144655 18824
169222 75152
25922 59750
78605 71686
175020 125702
101346 183252
15355 184873
154875 66885
147444 53319
181927 127626
117899 75446
6772 192924
33676 155056
188473 32867
140513 106187
75659 174179
166966 63273
52765 7517
39732 111347
166309 91195
196373 7752
150769 190319
169296 153392
100787 185357
49065 30560
146232 49443
108952 98858
118600 120503
32274 157230
195627 98974
108918 108492
114166 20437
393 36583
82169 195719
103326 63049
72846 45586
8408 35240
33556 35033
178271 183226
57719 70429
160883 154242
142664 10386
18972 54725
190107 114746
110986 145157
57858 110357
127985 93870
161795 194084
4233 24586
124349 118579
161027 18919
85826 39249
166636 79805
72373 105803
31536 71919
77009 7053
161686 43046
55389 64308
91872 16428
120042 79704
103666 94502
113845 80523
36730 98801
13775 28848
144071 100593
64575 128350
197030 33618
99513 57196
17429 148796
153238 196723
93508 192693
168519 99980
160522 166123
87781 93328
152738 198688
41406 167605
47896 127394
179650 114996
98469 68868
24296 78285
159346 11792
6902 56711
143544 84772
651 46898
194761 87694
89988 16659
191001 189270
54601 71064
75642 179136
67062 144003
104683 126121
36879 47335
139840 140495
59951 150121
209 78825
122899 197927
63230 61192
17329 66242
94686 72350
99083 191684
193708 182389
21940 97988
179998 126407
76654 152112
51898 39012
93743 24326
30005 68345
182632 154236
120059 137884
135544 122306
154573 83052
56009 16654
35131 180409
2118 75895
3661 152873
84471 74820
63927 115557
129905 170560
114150 111392
24841 134699
50940 13571
183073 138501
98036 131609
13527 15670
26190 189553
182639 140487
125941 63756
22486 81795
54036 152646
22101 85085
24144 17020
65581 59990
113544 126192
140211 108149
44783 165494
27233 3876
127372 143787
20347 143863
119566 25512
11885 161256
176001 106271
165377 137496
83908 110952
78956 33784
86683 199488
119051 13862
106574 168379
143633 170839
603 37431
112149 151569
172110 51885
64066 189134
18902 97593
69017 46978
185265 194786
51427 3208
105971 8714
13840 48415
51181 14217
48502 131650
113178 87882
169616 181242
87855 182289
4946 177021
85575 36204
44093 75578
194223 25055
25124 75832
40214 7159
105832 107180
125934 9613
27027 82586
19763 67134
83823 193603
154357 148476
37138 5006
25022 105329
111258 65497
53951 194036
136134 36871
33745 35569
35817 72844
9794 8260
83760 60846
153907 34208
48285 174284
46164 12371
97633 99033
36658 171709
7218 25063
173869 193767
160944 198577
12153 19799
29851 198749
54457 67116
140034 80412
54808 58623
150963 26485
50448 59723
168229 45695
95321 47589
135535 99309
30604 56277
41504 63769
192136 156685
66628 87959
107931 178068
74268 87362
33094 56775
79765 48673
131229 104787
78225 78106
159754 116056
112250 1305
45420 69130
153001 134218
112735 112565
50680 70156
45579 195409
14290 191282
152920 93483
64886 114627
196701 118966
166896 175642
124140 163867
63571 72543
173506 150169
144218 166980
163863 94509
46491 163010
123706 60832
93379 106107
24148 87716
180449 46548
100572 105981
97237 87167
147514 17390
70127 127907
102259 41342
96924 64563
167663 133929
15881 162422
109198 109181
78682 27585
69888 123924
96856 57456
65330 105991
152465 182969
97222 41748
75640 115745
70988 103235
113850 188660
83305 174830
61165 88622
54626 147114
152191 183172
180723 183425
106882 33367
199725 166145
151149 144558
88889 196068
65495 40396
75927 53097
185356 197914
101780 129461
155292 39515
78070 27069
88803 124472
21443 41066
168023 119975
169047 182936
109668 51516
195284 163918
143407 58879
84930 71160
55707 172845
75136 107696
143794 86121
131128 196368
112504 64580
175311 151454
6851 108255
26547 103101
191557 141139
38566 77604
148245 123310
154728 167488
61962 161458
159494 197146
198946 143230
172301 20229
108864 25214
92927 58879
176636 131097
21838 26610
103194 135075
171909 51573
182096 121086
23170 7662
64185 6062
130313 54584
124253 34289
99495 15449
123609 181177
43529 1067
25014 71794
140590 160838
111048 126347
145200 186537
5007 145735
36684 101345
191868 72116
150429 54528
30888 34555
32109 74836
104395 51501
155230 78080
115874 104035
48220 84756
168413 72869
37789 196259
151560 165894
43109 101870
184165 77736
90302 196780
106289 53770
50137 156723
28544 120589
36358 196098
153376 154307
165311 78794
2975 56422
103655 150119
68752 132548
174312 20952
175052 28794
47585 168305
108426 184161
100472 188379
76581 148677
120630 23182
162640 107479
118358 176223
6705 107924
178764 144364
58772 57266
86151 57849
157308 29082
8615 27494
102140 28164
44515 91726
149742 7220
29777 105213
188329 64723
148816 157715
71332 191728
153381 8884
199602 197749
21314 51037
59356 60719
71350 71277
56478 124843
174558 109908
126362 172174
53771 179740
71731 139849
26317 73780
11952 147680
142999 181235
69548 23229
190938 16273
18654 113813
129401 157417
56757 9883
19376 65811
142713 23893
27193 104978
2733 74168
151609 171561
186222 154748
173780 172411
21768 6532
12468 81672
172008 42350
10133 39459
138842 147279
109375 109313
31214 105959
142683 8646
196082 18968
162751 157869
10370 64605
76541 37849
31980 52579
67586 131582
194700 86279
79263 145102
68455 40878
15707 54927
83690 51769
19579 111534
16092 182285
125320 148236
175978 25210
127314 155105
26133 53847
142488 100181
15404 20929
84916 125974
25922 183997
22652 129896
30411 53289
35451 184924
25628 152822
178742 81118
4253 35484
79549 121617
175377 1130
42356 136513
145660 171758
23139 75846
24122 31256
34740 139885
120423 165676
78401 83130
35840 127030
182767 19683
159272 55870
114332 124896
133714 96601
128676 99763
77219 112382
49158 158649
18809 62612
145257 20891
9833 167026
130893 79080
161132 29151
172392 99340
32012 151414
75044 44387
65406 168144
39781 31188
91319 74439
12553 19959
186119 62251
21601 87954
57094 86900
13474 107732
156451 173922
113599 173511
48640 101853
17415 106567
143621 66394
90281 88378
43836 84719
46007 198617
171964 130246
193881 81760
19675 529
36420 165937
95233 74186
127549 188918
17041 185490
122302 153027
142293 156556
184756 160847
72331 136472
137813 94081
111653 102349
158469 74011
132825 149478
156732 57910
15298 8029
96796 27779
154888 164802
183700 191489
89322 113427
118337 91192
173909 105354
54581 95846
95437 132348
77659 38180
48296 117508
167288 189900
22656 119456
40911 102162
105961 34936
199340 171288
94798 106193
96196 6787
67893 100344
2096 124889
5913 173890
11229 21759
77087 171419
71947 29159
58323 1336
99110 133496
169944 110358
47195 68335
10624 183615
134205 116675
26898 1350
900 167293
107965 107264
141950 157157
15466 176244
71289 199150
26291 127366
35541 140588
36889 2021
123657 106862
44172 50378
131466 188774
29183 31907
92059 172911
42294 36702
60128 37441
144760 38820
47444 45873
145770 40639
74425 3453
140523 72803
123481 85654
40776 137891
50491 93826
158859 154942
156106 77899
8376 338
71545 24188
10228 190393
196952 145292
70249 118587
158687 30363
59815 97787
26681 184689
30268 64560
90972 174854
7787 82423
50919 83542
116129 38174
43184 168593
139097 155203
34407 2007
114474 75830
30844 167656
183556 174301
94211 128287
145890 10731
156971 199013
121730 137414
62984 7658
33457 141676
4508 19081
6221 78670
26825 163070
75419 186724
86358 63593
78980 20238
160764 87273
198982 33096
199784 133835
199479 25063
171911 68849
75475 123085
145666 107477
119049 75455
192090 164839
33789 144338
9546 45951
22283 168181
133678 176721
145612 159972
58530 5918
101064 58200
198184 90271
130475 146603
168422 186219
6538 176604
59597 121808
146358 153403
30254 175017
38250 25519
58175 173187
162678 190156
188410 116558
65689 62797
188874 105513
156307 150919
3603 83608
87015 144848
84716 90304
129234 97539
155283 149990
80233 182944
5468 142799
199115 72944
48909 150973
193088 174
109866 158006
112703 148489
167152 12803
180741 78129
94185 40168
136269 159315
142403 112500
3873 98898
17480 190812
12707 101845
86917 110200
120508 63070
61219 118581
198220 71662
97323 116406
11333 21757
104615 83453
37723 116434
108626 24441
58372 109643
174033 146838
18118 78340
154075 144661
15359 36704
93773 57660
166467 5373
134226 73493
50975 125544
189501 104457
161472 160899
42135 167811
160661 104273
77532 70610
78983 120543
130783 47278
84701 2399
139331 73921
177030 48284
63017 195022
36920 65676
45642 55730
79032 134293
1250 8365
71803 20976
119111 185975
33036 80692
28996 188783
86769 89656
64645 104418
157379 28315
85886 140137
88615 82661
120203 73870
153344 7549
100709 45644
130807 147614
99307 3919
42508 72759
43134 96711
118536 16105
62695 199987
55810 58098
172271 37854
162683 88589
177120 157230
76315 94067
47523 58260
21645 84452
167782 140987
36517 137721
101417 59339
12083 73279
5310 36654
158624 114055
102842 48188
180921 161805
157312 23763
116031 41401
26007 127238
77462 41150
157349 36395
34347 6932
79177 22810
106764 121638
141971 46356
31254 94158
179437 63109
154755 46162
106462 100257
158368 55029
124477 1299
103866 58011
33084 93049
197008 8656
56479 31749
60458 153714
41129 131102
11838 79186
139366 93925
1990 48483
39643 11819
109573 24962
176010 153365
12780 27851
151115 62747
168556 63837
55482 97956
162266 59165
128296 158387
127721 22218
158258 16199
541 15240
169379 5683
48184 185791
152507 169878
89547 112798
26071 98772
38332 48289
89264 98717
187576 188205
177476 73603
183505 129035
16775 134775
193977 96592
92773 157209
81030 645
190604 117833
151878 162962
37389 59482
124 74883
90212 190568
56937 35840
194747 61429
21718 100944
170627 164502
122873 122022
140110 19784
74676 86901
98788 75924
115630 192392
75482 64242
116376 3369
194011 31004
161203 77519
198427 92470
51331 177650
161030 183318
27371 21045
175658 118322
130798 112174
110290 186516
112201 89125
15313 90336
46346 172710
123452 169897
199142 109600
17537 32774
6948 150864
41975 145169
22687 183578
169871 84189
124988 143509
14404 106635
173587 19446
189101 163827
15696 40863
34615 64463
18153 176993
29853 102444
125426 164119
143418 178194
115815 6303
101288 164941
125259 165836
112088 53608
87897 64507
35517 39628
52016 179295
127480 32272
141336 93254
153558 40715
18773 36192
99235 166661
135481 188865
74576 169640
134383 96374
108550 57848
130543 21965
21792 74991
39905 158932
81676 50480
5656 10497
7581 195680
64184 118897
88252 64398
149370 197222
141001 148007
182686 38930
63777 184298
182791 19176
54311 37540
68067 114650
90330 157140
172676 164199
131650 99641
99612 160591
54708 33243
125501 197910
140345 187068
67596 27075
128684 172782
145161 52876
179048 130268
108196 89784
149455 18764
89346 55132
137310 36559
10812 24707
25785 72035
174929 7952
101669 92563
42905 183588
112190 103002
76766 48232
113006 116685
57758 96679
16676 37880
127888 47993
73309 82818
90552 57831
65250 128191
95796 176329
102827 82318
196968 101163
160851 123015
107672 68205
138658 115681
134037 76941
154320 111637
41876 43172
73055 151456
75492 185640
96367 31540
5684 80433
106640 163965
36200 82550
1524 108338
151676 33978
148763 109788
85719 100422
139941 87505
28799 37486
176205 14218
110547 33129
196790 117260
109548 186375
129025 47009
156573 60665
193907 83776
184066 5711
160928 115567
153173 56495
67477 179521
70593 36303
19124 34339
150872 28901
78948 114580
172162 97321
1146 48771
38626 51350
76732 129350
120972 144207
180768 183301
175147 191345
183247 1640
75203 90411
129171 189541
148698 121541
35899 97932
30466 136250
76365 183007
171820 13616
120313 6352
53376 60340
170323 160161
138858 35116
24539 76705
118695 145622
178425 37754
63706 50612
116578 169112
191664 40911
181775 14707
148737 183165
184330 70708
83010 16786
188159 103471
127989 104911
191325 116725
3081 103659
51677 106692
165188 57596
175874 36864
136373 111763
52550 1139
29577 17659
36260 39728
7096 12848
188755 177181
135789 76593
131958 70366
33162 101633
66356 142381
53357 53633
197326 55710
110851 118322
177130 151063
99884 6014
133565 43617
181231 141626
158664 106292
130749 189736
194004 167284
22491 182797
54224 99927
2288 87968
167803 177519
66374 159014
74984 113998
157128 34887
6299 147402
97117 109919
73383 148966
187484 13632
29813 49230
38161 68565
162958 96887
24532 147830
56401 98095
13086 171203
240 20302
28386 86980
76487 102631
28764 124570
90435 139093
187537 181122
185725 168371
15733 141792
12790 56817
137344 192348
133582 151278
167490 198531
190908 192754
9365 74932
66921 167263
17862 16057
73885 16106
71288 63437
16745 91376
106344 100916
133424 89111
19884 180121
55988 86553
50052 136955
166280 171582
27009 71943
135018 169274
56949 125125
81342 120084
83813 92344
132563 13092
51665 11027
163700 167553
3152 27030
105727 135351
83300 99991
73881 117278
28834 127680
118176 143895
68751 9462
23911 159436
9753 40572
121266 172244
26925 106116
158941 138181
181906 146475
169303 184362
53532 126808
183954 26957
114277 24487
27972 95896
135256 102043
111226 135623
110729 29576
22332 149095
149760 123214
101026 114961
93389 151819
192897 186859
136660 52944
174063 52221
41899 108482
17216 124910
10928 188591
84109 7363
87252 140591
54364 98285
49701 67000
93465 168723
141327 17557
154158 91168
110621 85761
115274 184966
39309 142982
96894 64727
95616 62762
64872 151651
172002 155522
199514 133479
42755 74001
41740 101685
104905 172873
37232 24711
122717 183606
126348 87858
146685 11355
17442 178604
86574 141408
70172 111496
112134 143669
127108 158533
54531 1128
53057 1694
39748 135120
89384 53611
41312 121118
46864 125565
197644 100729
112722 155328
146847 169699
58191 66859
83010 18254
167241 97249
193634 186154
16052 43151
83870 32973
135754 97155
78598 111797
27918 62536
1159 142703
122452 49924
2007 140292
147929 123707
32785 189284
2091 167487
119716 58658
145640 187440
43757 126821
124549 122983
119507 195795
198094 30397
31686 199218
131404 76675
36755 83635
33626 181743
192018 126021
171042 132109
102220 52015
288 157953
16117 2260
116022 21744
38385 19185
12597 37109
187782 73049
36914 50715
77386 176983
76092 128152
56783 177684
13587 91436
193688 172661
126728 181336
173596 117188
123117 24625
198546 162279
186598 111987
31539 177696
151945 152716
165386 124450
28400 98619
95621 186064
159886 113903
91716 104533
105549 119344
106620 77594
10668 159189
159751 189643
178589 98993
137368 61481
51059 75386
69735 4215
4579 161217
187014 96114
39935 42331
73807 36284
176807 99579
178822 186816
95560 51453
120297 163616
52506 182075
47789 33341
23133 151901
19907 199293
67731 63931
163517 184398
3483 120234
5571 94856
181740 74584
125368 176099
63766 110451
13126 199823
29890 87707
129196 167914
153812 29961
21658 86181
9737 195356
184052 25214
11497 18152
104063 185818
39687 109854
2337 8056
132100 8572
35272 105206
91397 146939
149900 188159
54772 175486
68592 122874
88150 156729
119463 145833
53296 57844
83531 75766
133065 131176
187101 54269
93889 128974
23399 157319
48993 28259
74368 149542
105623 123731
149458 23932
66100 100770
63562 186354
132477 108310
166087 101539
74353 177938
62932 40834
6016 54440
24018 129724
181581 36362
172334 106868
110961 95648
38340 135908
37222 81364
102983 141224
87313 69172
155254 43633
188903 130564
175587 33695
76048 686
10328 9014
180672 192581
177027 172446
37028 5451
143158 102531
174083 13011
22639 79743
174730 195634
98826 4580
83789 22549
154463 6315
146664 88584
73349 54650
37550 129895
30027 105027
170840 53194
191269 14948
169074 182472
190184 51944
61466 83957
110313 171824
56904 99979
156834 186848
199919 52632
3373 23439
15261 14907
189369 9888
154491 13741
137973 156026
154310 61551
17293 144978
116227 136588
29874 190610
932 81192
139381 11759
45480 138079
168742 60462
88061 183244
73055 16901
87846 142543
157323 198181
47111 163839
179030 13258
162959 193881
60324 12942
68816 185147
57836 166031
116257 109356
111332 23206
63555 109441
103261 44668
139930 168480
6484 134178
21587 36787
35942 176785
166512 112484
136293 17506
91434 199501
149967 79456
120289 182822
67223 120062
982 91091
188169 57748
19307 23142
9526 91450
178489 143781
55599 176776
194428 64097
2194 160661
113417 130337
53164 158509
117406 162198
132079 76079
36572 24816
146198 153231
32714 195821
80852 36683
174920 110675
158966 61023
124354 107006
192269 93318
169775 7545
198566 190965
27223 106309
127356 111973
125551 180901
25768 133455
129825 125493
104367 32838
172544 139139
142264 56819
107261 61916
113363 142803
137879 174274
174790 93726
6443 23012
191027 171637
103944 167741
42328 120558
105256 45062
155222 41659
48255 111442
113314 114028
116354 134932
181176 134973
2935 149390
183301 180300
51044 117322
168711 104093
22447 103593
85162 44305
49090 144258
167989 157871
177204 187204
140975 159698
178 121583
76398 152249
153022 63397
83360 148269
140368 27833
35542 84793
89496 163182
124944 125901
121859 39923
113728 84599
158142 130025
99663 77696
6538 143929
49273 146026
96825 194525
139514 6459
83123 7688
18990 186275
76260 32716
115558 28669
101590 86419
126576 144556
152755 49407
149857 18343
36458 154726
92401 103936
91992 24331
140086 139691
115711 21045
169945 29924
80838 137779
112337 10323
14702 170784
94650 11427
1144 188325
158196 48139
68653 70719
155810 184551
167405 47435
137063 117233
147110 128785
91641 167629
121388 13053
164223 61058
168444 4368
37040 154574
51427 4724
32373 26654
191650 39303
89102 166100
3459 16727
168755 132954
102610 163988
9471 129344
72152 44805
149847 197719
6019 105251
173426 168593
157477 90343
39122 47490
42481 59523
49554 106975
158526 55266
31213 166197
147009 4110
100780 44080
10971 3576
130673 167494
51267 5194
35679 68598
45289 100898
170711 186276
111012 36410
68043 183960
150528 118288
95285 62710
123096 192618
166477 75571
6523 182790
85625 129714
180979 24123
168297 199922
72638 79974
102506 173892
156648 96333
106957 177810
130034 67034
13029 188839
99728 142279
129224 54599
94867 169330
79674 66363
97696 57376
66686 86588
189938 17193
73581 99829
171788 112496
143910 140630
173713 109795
92783 134772
52069 174656
195963 70168
132823 51983
77772 147211
194357 59937
173370 92583
171682 143402
112450 165146
41949 109181
129637 56580
113817 102666
78569 135682
82101 63004
40438 7681
173801 120776
123932 95662
137502 123470
1200 133141
159633 76213
63886 41699
170511 107090
159930 147025
57264 172200
170087 66014
78845 63926
191051 112886
156517 181013
88400 140397
8304 93332
6234 189808
80112 83658
15617 94681
188936 8358
156207 45841
139464 70554
105092 121499
43303 192104
2148 13406
120032 51662
73496 45146
198747 158207
198833 51420
148674 11975
182700 122537
117136 59580
193542 128457
37193 154742
82506 70685
166445 90534
174839 164859
179733 1255
63358 147385
7492 16630
110549 36100
87840 146564
92056 28820
92891 10080
177363 34775
180651 182768
166731 1276
78617 90046
6072 172474
48495 147411
24698 81698
54977 90025
59501 16969
36509 121634
156402 69422
179249 180005
176249 179450
60960 58668
196765 128837
162645 198819
86668 49307
20623 189151
190024 26364
29276 37287
62653 172182
92431 151023
7653 72030
43744 105148
93840 48406
120775 69257
39057 144536
113805 177117
99695 48020
175070 90164
29101 181378
13399 137252
95284 130000
58575 138551
50447 145230
187410 177445
91776 91374
76692 89712
21037 68038
165655 198338
113087 10743
158238 164053
21187 153250
60857 84982
24581 20551
124948 174474
79807 90183
93712 81964
198129 179376
57651 180523
118950 183118
8193 109545
35577 124232
48884 142559
28221 108982
119441 52376
64868 115937
65584 100997
25027 36805
22773 175060
83221 124683
98187 110934
188519 189246
199884 195865
43722 199505
111517 67458
26609 45561
197462 111232
7536 134663
67513 137815
31072 133999
171706 115888
102828 41887
3701 154444
162906 15522
111122 149690
61353 21978
158206 113112
63046 5290
61571 162128
156687 88088
19335 114250
195227 129518
15550 81466
87973 8517
186720 86490
189033 161362
154711 141520
37445 32780
177519 184523
189681 109779
115531 59655
177393 26204
45415 199384
56444 73505
60071 139203
145767 139092
10087 80892
131618 90219
23712 172379
76482 170450
39913 14991
38077 96810
159333 63516
105052 78062
96015 12111
178133 37947
144960 46060
189361 62272
28067 64571
66939 34738
123570 94847
97278 115754
99247 122306
48446 158959
159812 16758
28889 188308
86832 76757
154789 6366
196212 74774
164813 67833
50878 22304
136666 185401
53248 169581
78422 65204
114263 161229
97652 58989
22166 9997
179746 171226
41100 174188
153422 126828
126785 31118
177788 168432
28103 84068
4142 106955
38556 179129
153236 30066
176462 122605
158586 33164
102191 89059
16838 118467
56002 42395
133493 29241
112031 37030
179650 161058
21858 194941
14045 191668
131969 128234
59923 162150
40795 41087
25678 155636
144165 64537
104090 148689
19797 84480
116039 57104
178100 120720
114072 126890
29861 7053
94106 35890
148080 134702
178899 118285
127750 257
115887 168682
76551 90770
155939 194114
162202 191102
21228 97822
51511 14806
66663 71871
83309 13401
2714 46552
1541 34324
169398 98903
194617 136510
63973 146922
129596 145478
160673 8970
55849 195239
81181 167236
90760 14494
44591 155831
82893 131859
104797 118644
199553 103967
12382 62323
170020 12459
71356 2231
158489 188437
53928 71603
106978 179528
180821 120387
178106 91223
78014 163954
18038 140633
186381 189688
38325 62940
111140 142005
132380 25234
11706 19797
63855 144038
174334 34646
117023 45226
18789 12706
196698 82202
26249 63881
64112 73615
98382 15757
26359 142998
81397 41860
39033 766
25832 61610
140357 172369
143368 44318
94808 61879
45564 8265
144225 194048
51639 179606
191681 20132
197201 176192
101381 137094
31866 189705
167032 107761
58266 108878
2370 62275
140895 148201
177403 174999
178316 22533
170004 183872
125537 64366
193536 99714
157348 3311
122122 196369
133768 155324
185187 80284
169874 127427
112306 126391
48284 12104
11205 6065
92692 33922
21180 67366
183173 188029
26142 13201
124228 2317
119735 29922
113693 63294
70516 146966
95731 7232
171498 175976
139758 159032
84055 27316
47266 56805
120266 1683
138697 97338
21215 28870
153130 197519
21104 163111
69424 168450
79675 94846
68038 95255
110184 158731
123893 37164
161700 103660
90209 88718
102102 30117
157297 48776
118888 112142
130684 20513
61952 115132
116955 192509
179400 30495
180381 197984
177139 131341
131197 108862
196630 37059
111584 63051
153264 92898
105066 27932
35252 194560
105310 100056
115506 142581
57347 6622
97585 95278
129609 54388
120263 25807
51275 142730
137561 125260
195937 75104
12200 43483
191218 36646
56995 180196
171777 188059
199603 75679
174907 99820
18048 79149
77889 102494
99946 46114
129562 111218
53686 190716
57256 223
77820 178252
28954 18775
119821 109078
25366 179359
78169 45644
164158 175884
26809 98198
48646 77470
134050 59445
29543 157540
104015 139426
193233 110494
54319 108963
68664 125619
7134 65603
101791 82102
98857 141204
148211 101581
155493 133829
126626 5728
56742 98935
144496 146469
60641 784
7421 72956
141895 57643
127513 179022
158165 167955
59727 105268
191087 59511
180905 20646
90313 151167
47481 195775
38003 185322
155677 29784
173362 168782
43953 126499
15113 100481
86464 156844
58473 73443
16886 11451
69265 13076
98860 194728
179724 38052
151784 24691
21485 142401
118401 44654
33629 134628
41125 73602
125781 32527
135947 50484
5354 22939
140634 29941
117008 182590
152932 104984
170919 14006
125950 87731
177510 117493
137841 160648
191129 190626
136483 172011
66072 151140
125060 74675
152473 161036
117650 163652
157357 14911
82766 42266
35343 27907
128538 32569
28936 73180
143206 107275
88016 109448
93310 135472
193402 24883
144938 162480
140126 173778
26741 2468
113422 20178
129111 55381
165634 179493
185223 82152
106531 63768
24829 106938
52460 24673
44083 156337
120848 96082
92380 117607
46664 195258
197472 108638
27095 109722
156417 79978
159594 107616
57127 127928
146946 132938
18621 23247
150460 55381
137772 180812
186261 154660
169941 152244
153420 14039
102751 139042
43697 182898
12416 29840
54312 168560
3400 130965
20149 111679
129435 91242
49421 179115
182350 45021
30126 101979
58145 181156
50980 110518
31598 63460
20155 123262
160936 138120
86357 70192
151623 9603
197739 11904
81389 180682
157825 14755
63616 124839
176307 42820
157648 93653
196539 77557
97406 135238
87270 131996
58959 89587
182150 110389
61452 178280
156684 153616
143697 198838
32418 40147
126309 72995
192026 57103
158272 165706
40404 38142
84452 89660
27746 114805
71390 18282
157339 183649
193926 48302
84587 146185
17504 164981
193739 66601
129377 110356
47056 27865
184344 47762
185249 49249
106383 9784
31855 182509
142083 103591
61151 149802
156824 68452
93850 67688
25604 54503
189617 145453
65979 83451
61278 24594
82301 102135
57050 13821
158102 63534
2275 123285
156714 104843
136660 173403
193169 88520
162992 12096
170555 153917
112368 182391
173435 80178
94992 151859
141133 121849
35550 165056
72763 191203
8418 147431
196414 160244
158690 46096
184188 28210
120823 126735
166737 49331
86147 170617
199344 24366
109717 104979
133228 16875
17444 54053
56569 162975
123331 50361
112406 118705
7546 125363
181512 35674
31726 125521
172193 59340
185235 77001
2938 185165
47254 80120
34762 170514
44998 169434
44758 192670
70877 24657
180446 161672
137681 189228
60171 16078
107950 176609
64392 48452
192288 61523
113739 81965
80883 3780
24680 142680
26183 170083
81266 76072
70374 44092
77734 199434
144900 70976
40712 175480
175153 8079
41247 181700
73273 64134
197641 96432
1920 182900
157529 80649
115139 107834
92023 183908
23819 30938
175193 192896
134940 111621
172326 17073
88176 109191
71819 2115
160613 150984
74713 27014
80984 129760
92158 50438
162791 141336
162541 185253
17028 50469
122542 10206
83865 81539
166799 35189
78665 85142
24469 179406
166052 163471
14629 133319
46946 101068
19948 174955
18508 7121
168560 52333
83443 100488
83762 161613
70037 47511
196438 151495
155618 45988
9237 166245
45745 63403
125904 100200
186418 100036
113452 152853
174055 110999
157273 45422
44009 149383
90958 61271
60743 140840
100591 24451
149077 65549
24345 17151
163870 142021
197787 50299
159602 177421
4258 162821
60423 80097
33245 73517
171365 165394
39007 77086
577 99234
111317 176515
46577 134320
195214 49237
70821 107509
50153 52841
78620 176829
135632 141243
158469 60313
62425 67464
54707 123900
97237 26877
193352 138101
99943 114342
160510 66690
191799 9774
133099 113943
94889 75490
46067 74522
65298 190699
147331 46294
100590 162588
35010 145355
86448 90054
5459 117904
70514 53531
89136 5691
151420 91068
42753 198999
146655 166095
137118 162913
97837 159588
71298 125726
165559 2165
65206 149244
111915 158611
110612 74287
85658 54927
84599 157533
25199 123293
106131 86020
11745 67795
120038 32664
144035 137111
52799 1188
9866 199760
155168 154325
89188 71820
35750 144305
133342 119362
55645 72030
74660 193875
191294 160045
169098 105373
174841 98905
135357 113676
112644 117958
154415 141268
160247 151884
67690 119796
4300 107108
183710 27917
119951 183575
168422 5833
113569 153156
13498 22284
68384 162851
115426 21506
21180 6899
198894 56333
137259 68344
187650 117449
26904 88270
102810 125944
93978 109795
113282 190814
85405 14
171081 88790
20074 142297
190834 132431
110724 5244
179890 25146
100758 128817
173589 76686
68357 147581
189584 179069
47370 53585
74472 182006
54392 96453
160091 167684
114017 150860
135561 85896
4889 72939
84989 199091
4362 169270
87851 107207
107094 185444
151156 60117
127002 89957
81492 11944
35577 186629
196449 69283
46648 147061
113937 18901
123635 184290
140787 154096
43993 86805
116839 32604
78817 8728
34093 86623
14601 178911
63103 141274
84863 185002
128583 112154
195185 45202
198069 98669
78868 134785
18703 164938
107813 199385
198149 65371
135608 169562
75373 150201
64093 198900
196256 106747
146614 13572
175945 101021
51345 84693
134257 91959
57865 4967
188768 22173
5698 20832
37042 115154
143989 151547
98926 157571
87416 22036
160011 170007
54630 403
198992 77057
168481 132046
96698 38648
185628 128379
120499 91824
137411 98579
198964 124479
12786 56685
101527 85865
108778 38452
13529 50936
195916 110746
56527 66514
79704 178259
73731 55388
164854 156011
67677 105636
133345 156697
98965 195877
193659 188411
64122 60983
27513 140829
18859 176755
39463 51427
58288 97199
115277 178161
110541 23273
124985 187188
194717 12535
117570 57630
32515 117048
79025 73385
93672 120845
120993 112200
45367 177001
108391 35627
101745 64227
102869 116523
141082 82094
182615 10785
133547 161023
145299 158717
128028 129997
69460 129970
98130 160767
71465 179343
75198 170411
62765 74780
131711 186873
87631 36265
153993 92837
49876 116950
196583 120507
66520 7209
197457 62922
124833 102051
122089 110073
146165 124603
73766 6560
69505 39400
5906 125834
110429 122486
92981 21108
80774 156441
116694 91943
52356 78132
23139 19932
83124 197757
123519 54447
170850 54516
15571 163052
154236 15254
8473 168651
188122 12193
149678 72814
193587 8782
107228 97676
104446 93604
190310 132708
39326 63483
195262 76155
189361 69047
90022 64007
137714 87434
171625 172288
110800 95803
64488 89642
47263 52504
177428 34114
107904 112680
8361 165491
179186 175927
199936 3534
9652 68218
122268 7577
149585 193165
20626 18387
15711 192837
64361 80653
153332 197517
174503 94811
110472 20394
20622 157289
180732 156724
131561 148819
155077 192833
104623 82408
21064 22745
143555 26687
179005 83436
131697 56371
196314 117394
72531 105328
111775 20055
81779 191409
80325 123309
117619 111425
24382 133884
168516 169846
107050 133988
127628 175356
16 73575
188888 120995
192172 152975
107901 104831
175955 170630
100506 143540
38604 185643
160986 4148
194085 97745
186651 34909
96695 105937
89940 157391
153661 98285
4398 138086
168272 162222
17774 72412
188306 43011
183864 60994
181314 60702
947 191364
47312 150537
184647 48742
130123 110838
74914 4548
82719 72939
126139 178366
63431 163353
140255 110712
45806 40781
17587 66422
14365 92945
17625 56697
23132 139444
101856 98592
8450 80827
127023 80617
118245 63868
55893 144642
154870 23669
66410 118957
192213 194157
131162 89020
43951 68459
119330 78442
79285 33608
699 49278
85804 158783
68802 73932
27031 4375
195640 176213
43643 189270
59227 132265
126053 169120
59156 93677
21519 140843
196011 178772
183418 197862
106506 108428
81290 130260
125585 79285
25038 53422
23639 53361
96068 20016
132510 176768
49257 2271
37056 93151
134773 98013
51275 70133
109684 83436
140120 20588
91557 55061
163054 138210
141025 95599
167169 43985
181867 31177
128178 144279
157894 85949
90107 163216
162497 15175
151346 136975
79584 185043
177581 19917
44777 145228
98333 86585
94636 136008
28994 98774
120774 90483
198679 162748
46614 56396
141044 53880
25455 154035
57761 81540
139590 199808
149931 24039
143585 187821
10762 191979
14546 51401
139689 17048
67686 100973
49566 67926
33328 184439
159043 45364
81726 41153
26948 180654
159454 96987
150532 121455
195183 63482
13638 154044
192809 26636
45453 16598
135007 82417
40564 123780
50645 77383
23771 22848
77522 189722
105272 23101
51549 65395
21981 87121
168065 93418
95013 51322
14149 16456
84077 58578
10222 49758
15437 80560
77813 2691
117908 115593
139677 23056
176088 186702
26165 12440
161649 194092
106763 94520
160934 143925
79451 173971
82015 83825
119700 106635
194360 185578
113288 62228
196428 80066
85338 79581
31374 146372
194507 48173
156667 154931
25764 37057
106591 160924
156750 69967
89455 40030
14438 109308
80423 179421
21505 162038
192347 26996
6006 109931
27432 182131
196140 100256
167960 99756
180886 161444
24454 4528
15434 197593
184109 190503
138003 166842
34712 41953
174104 65552
35127 194001
32375 106037
140391 37066
109420 131979
33016 39832
180097 21947
165890 130868
93282 167258
105411 44696
170495 99885
162080 149024
99998 38276
7990 138695
50739 165525
71039 130173
150192 185708
22637 195496
1018 2916
90509 149083
60397 36478
173553 166238
166030 166082
92195 129048
33950 199247
34779 144512
164443 119503
12887 184408
52754 41393
38213 7997
12223 169185
173280 121452
70080 146501
89025 161399
129328 192681
33769 66608
50168 145884
121394 32007
37945 159924
91659 23167
77396 87734
48829 188015
11717 86818
177444 134145
168433 6048
185204 38646
165611 135269
104710 4178
99642 11513
75507 144814
7519 45483
47692 68721
3354 109710
94009 78758
125071 69073
118268 104632
181559 159119
89409 10921
188224 151932
6107 67418
21872 166348
131774 191019
153204 132399
86634 114204
102798 180306
68049 53540
9248 24581
101956 86306
164366 92909
113093 35269
57818 134958
146503 129011
139158 133342
133812 116077
190843 99856
91120 111561
182782 160785
163432 62300
19417 54003
102067 172754
13754 109233
169648 33549
36190 155079
6038 23117
25609 190557
50733 145756
100189 2392
73255 126352
154435 72639
174434 197457
117236 20878
197569 151367
161324 4044
56183 133416
4372 54347
86317 31786
199211 189014
191438 67201
136592 153843
84582 191327
64460 146832
44169 188288
149301 75982
80751 19247
154435 186463
197522 31991
68057 120482
147681 191648
12526 94815
61174 80643
115475 33593
147009 62750
154279 93955
24374 192786
107175 124318
56375 167669
14758 147954
86870 191028
57951 33055
172362 191406
103244 129349
2052 145908
67069 133834
199004 135547
105910 164310
138601 196140
108494 86961
99615 180557
173233 39125
155452 43726
96354 173942
173652 140194
173946 48647
41642 137767
43189 187933
140646 423
199266 29042
138135 57235
40439 64349
97916 54964
10941 114502
133682 134805
89876 111961
140294 190708
78126 178654
110732 127129
107350 167547
129817 131697
4843 160121
104655 73019
84921 144616
57360 125733
70465 192432
73591 150611
85316 150692
124504 87746
38420 20801
60569 93694
166771 52604
21276 125194
84510 90339
179223 185892
86443 157208
164760 41587
131845 183507
163225 128070
71969 140890
185739 119893
72466 22803
179787 16875
185010 166754
76319 138036
101128 179282
41023 112340
116330 84733
199391 31537
196135 170896
30885 161769
162220 129243
111255 67417
87726 58726
70313 160728
106499 93217
83439 18860
93898 168120
114251 81444
29254 160269
105724 115501
138776 156986
111875 62281
189432 2081
13061 148302
54145 92003
193043 132204
48153 15998
28904 103810
50246 9867
22509 198863
193045 85795
150892 124624
170973 167590
40694 45234
73606 37902
33097 137449
73601 199053
141938 195326
56353 80036
173754 157340
43882 125724
100027 107535
145044 12798
148826 164740
136289 66596
114267 171680
181970 12928
21709 166139
132685 8805
71984 2126
53473 51521
78647 145110
1313 18872
87463 57456
114986 196019
63442 98233
138146 104631
104922 195788
127395 27349
90681 85537
68476 71452
109270 4135
90453 64238
153557 40434
103010 10723
161233 114667
127024 70078
196016 105618
165936 183636
36120 129964
35661 12604
164922 87231
196448 54057
103570 182653
78359 163592
150310 16507
28072 157104
181109 40150
186279 139124
91495 107157
116510 193695
164244 178993
40256 131416
95534 193427
11161 44752
22412 93695
84144 189440
170134 172061
57019 146036
64462 5141
176575 130319
119011 89178
83893 143923
36376 23421
41607 101261
47814 109258
68111 57028
159211 97198
104246 125225
168126 134218
69992 75648
196186 103659
663 116867
147110 159780
5866 125960
90019 21545
174668 147477
182706 149296
26229 159161
132350 16954
119560 126688
98211 97079
17963 40155
150101 177626
180354 72703
78365 25160
80431 158339
43310 88881
54004 176210
26296 112577
72245 162507
141951 46621
136319 199056
176414 199218
64104 135621
168846 88171
173792 149518
124747 71333
115337 116639
113869 91883
99415 83687
152660 9621
126199 4914
94804 85497
79428 190129
160631 69029
170038 185694
55115 167418
80195 58368
113223 140783
123405 172293
129140 26699
88156 107618
147765 45803
36927 190297
701 152637
69634 160561
14096 127632
106147 181911
63175 78240
29506 90643
55184 94357
155646 121586
122322 32766
13358 174062
12515 28781
32262 87301
168677 66129
121201 119238
59957 75429
161104 68900
63018 173858
18811 172822
68791 181990
140656 126814
34995 45338
92379 95757
122762 131199
88282 105196
66732 27227
58524 89813
70875 169911
191688 166168
127874 81008
24965 103156
139977 86193
170054 98067
122577 56098
162418 174376
82333 39754
62335 37898
140616 96134
97749 91625
144884 4628
176725 196576
152587 90181
127398 195779
156711 79014
127874 94929
131488 25617
171343 107161
105501 11616
40733 139174
68811 164645
167845 30818
50704 107622
43947 62479
55943 194423
192955 171758
167270 79155
116403 494
78797 4783
121901 26677
65962 104975
155426 116547
166095 187779
25171 66712
191243 129159
175490 154631
128226 188840
181806 64372
76244 32634
145745 91567
187078 83714
149922 89141
10942 135844
186875 56821
130893 74292
97744 187141
105493 9721
32155 120975
6659 50060
159511 101792
26418 5059
20404 120617
91209 161422
177683 8190
172767 10306
198700 27489
114906 196531
9245 100459
120590 150151
169399 70703
150635 8768
128158 142344
113372 183692
156601 46688
138675 81947
82265 178233
25656 104299
184454 40920
28795 196415
95726 151599
61958 174217
144095 153454
111207 116699
105331 177434
65533 92522
51890 112313
127614 62955
96473 176635
93336 184348
138200 155805
106829 11922
128202 15151
119133 33578
34824 139980
141121 56204
70803 22381
56003 60420
90547 27911
197469 50817
160457 1915
19507 71331
49693 12355
158231 122709
81236 43246
129106 166528
81201 161084
59431 113303
106218 176259
58987 82222
125773 186717
190626 148840
108540 115771
16399 182061
70263 136357
5859 51385
184443 174997
2885 174115
13514 119611
176566 188984
59855 95475
164860 114545
95619 146990
40205 102193
6604 134655
45641 89839
47573 175477
108811 62203
191224 123438
155006 69316
185478 17907
37091 132797
137125 102326
112503 152902
27181 23190
33098 176219
33666 51413
43581 19808
69168 164266
172406 43619
84482 41699
98989 21656
28366 153507
128250 168274
143276 148796
38469 87333
162188 80252
103368 198764
198910 83486
118360 69234
164935 164919
71526 98971
97597 183519
56301 47413
98248 179947
83107 73444
75081 20031
28673 136518
25574 180233
139546 174518
182527 89813
22369 56055
100152 118003
49174 134011
4795 180133
88639 37850
15189 54022
144866 169888
168682 141525
26285 180884
155481 56725
116539 189341
112418 134478
78882 26141
140787 73259
130196 21043
68203 100140
175836 35280
43467 7315
19530 68429
173507 136899
63919 51991
63684 84842
69983 15641
25545 29175
48388 116108
44299 142005
54280 102018
2994 51275
425 133211
126271 103519
76305 122871
126591 12114
191972 150212
2771 110570
173383 174329
126660 114162
28419 142466
62191 121906
98886 37849
194108 158257
97826 678
126664 110381
171497 126558
180629 17218
166857 109062
48639 24592
130807 38610
10957 73909
143026 137247
135305 103482
147041 12931
172169 78592
26996 131336
102219 150551
58294 11723
59294 175974
42425 101482
77955 171532
86117 105017
67294 161156
112565 122492
78253 28624
154357 160662
21841 105193
9701 84647
188200 179487
197325 60475
159705 178712
5357 101425
65582 149194
8701 147996
188565 186032
196789 127545
169129 4055
60154 78216
34260 88158
173541 30014
184856 156286
118130 178960
13915 32345
144786 18128
193304 97980
146448 150437
26173 49239
104099 142824
37278 151933
102567 121779
2825 121208
72686 45915
30898 87062
64646 17560
156857 65266
167148 104327
191005 36320
89373 45056
105259 904
36857 45674
29644 111004
149786 192669
198373 6576
144285 185556
133705 119406
96165 72443
134847 2744
37111 158200
60793 52164
96484 142931
60501 198183
131986 78131
50365 178899
162938 167452
21675 1118
107022 94920
117607 62735
85531 22141
125834 81658
88624 66512
98929 150448
57062 180950
185079 90482
32013 6816
42710 192520
21362 79760
12344 23181
39464 142366
64106 49650
22750 149778
86618 96376
134540 166406
152806 185214
126404 148443
151569 3129
57816 88834
198802 158047
118960 26206
129180 129223
21351 127385
183307 7033
50397 8562
90545 107691
131156 118464
14938 150243
79552 19324
33966 66493
183147 100136
1262 86497
24438 102803
66420 141786
60781 199431
166355 165465
145564 154822
84086 54745
62671 117498
100974 146438
67861 30227
198196 146107
118895 105831
119933 121842
174911 114186
15897 2462
101653 73352
58836 81308
85092 171981
187278 153911
187690 119288
177294 166468
175190 61127
20980 167524
199901 123842
199310 61954
11694 59677
59192 46412
69258 152082
110153 196193
189416 190132
118277 87381
197901 131039
69214 89204
30491 85
79219 142304
73638 139810
11322 153787
79553 183740
115026 190150
56943 30689
141926 24309
90293 101455
5121 89367
75894 42520
126786 13492
119280 155806
153008 94341
151971 188251
78354 125127
108412 30768
27574 28182
13429 126909
151030 123905
102815 80393
117854 94912
76004 176584
194821 92038
109663 89502
120937 39285
134149 148184
119516 39768
43626 101555
179077 151157
55074 77606
132884 88567
70350 178337
6483 198761
53273 152036
2731 159608
133031 67587
179643 99674
138524 91456
194418 109278
2991 113738
99342 189679
154700 191081
156621 47710
170382 188175
106883 17742
57275 136159
34660 107418
143619 124875
8853 163787
116093 115529
119595 115090
156276 98196
122785 10717
198409 171509
53772 149292
148112 106501
37832 98632
58412 130287
122798 154471
48166 195410
198915 116403
18287 175658
22387 14464
114768 199044
62486 93741
32297 34084
145202 156520
109955 45192
49135 173196
8515 106658
141464 171222
44021 75346
52879 42983
60773 50487
179415 63402
13602 37513
56538 161686
154505 60237
66121 73381
99375 5914
105156 185695
7217 99051
148374 67788
185525 59393
178272 605
104551 160425
90123 171539
34214 49999
89398 114727
140952 102705
84704 36851
156969 80091
23684 35794
132606 90082
63555 126457
187539 12730
8653 100281
69443 66535
139215 145670
88168 75306
139385 125535
89298 64333
27954 30527
151692 165610
197511 136389
2571 67090
43705 94925
91767 81532
37532 138781
1694 84931
64902 116410
107531 199265
79347 34607
95726 87300
7829 125743
146049 111222
144350 138946
167128 117082
142700 104042
7187 177927
47298 11022
59949 189296
154690 34095
44246 32072
65302 19703
125970 8961
24388 162905
187979 85467
146849 105195
108713 54749
155155 151176
173496 34530
141544 123726
148337 137491
126888 41807
136157 130303
53211 183414
19999 65955
41290 81190
148737 94973
107137 45530
151068 29649
124228 174728
151372 102840
81189 78753
30109 111965
2187 61461
51039 199293
47908 142057
145938 132792
1738 123472
1177 5082
84983 20600
183916 10834
46871 138169
127840 81847
88730 179510
20785 39339
5559 38572
178548 41737
191529 184369
171989 197171
951 21567
189572 128215
94596 78003
96096 71196
17518 104425
72202 138892
130624 162402
36042 172635
182499 17866
14564 70533
106376 108804
34501 122282
83765 170455
193914 4695
25605 93196
44858 106366
178506 178402
149725 117262
66287 72293
44777 13318
60244 189088
104398 14524
126166 140131
89563 76640
192662 142306
49451 52865
3512 150174
97639 133088
129345 37162
62367 180564
145593 56667
104307 140224
185393 168890
2744 111738
12839 23049
68057 87969
116768 155824
40247 60063
35280 105208
127252 19786
70227 194387
173975 139337
89717 131116
184470 26142
162782 166270
120666 1827
25076 95678
11609 189365
28013 148242
113322 130116
159726 126718
175456 34665
7264 161855
33850 91855
19298 149805
34262 12117
31237 147417
40564 144103
189746 188972
92493 33117
62463 59466
184820 39163
148139 117956
984 70426
150825 169724
51827 197644
124943 153483
89252 132520
42343 155554
27038 90092
140385 165579
97506 84598
32740 20271
112554 55316
158429 169326
116296 21832
74036 157691
43221 5085
122329 87621
120453 79353
182450 29020
81206 48109
78389 147139
122617 62449
152784 108016
41538 101051
34154 90657
157625 20901
135563 142977
62321 181693
18374 46614
78743 171216
150761 123163
190741 117843
61771 199158
169284 113835
185672 120872
125834 45050
197001 67603
77875 50141
166555 80142
51788 165063
89813 79771
163221 121226
136025 129869
43199 158231
98669 94871
124926 28920
88489 106457
197312 186386
80580 58406
135929 177301
169762 11275
41076 160795
149778 12289
199990 59348
70835 139970
169680 4919
167958 77812
32863 76812
123444 152354
109776 13256
164230 8015
189005 13066
148800 75257
2487 157656
17254 109826
183240 92888
126597 59784
125274 108843
33409 75494
43986 106304
100125 182065
181895 36287
33002 95937
68603 155688
40316 8665
57888 108159
157181 60537
13908 156090
199354 22159
188176 70368
165028 15375
26282 177936
87055 38879
122359 63368
28504 186318
29793 197170
120617 48326
47784 103810
81459 17258
67797 128803
86052 110390
149836 3342
3022 166235
17243 136762
69703 32998
160007 58399
56998 86497
160123 138278
193191 71539
117539 80262
42883 41397
150788 141219
167084 63533
199665 169707
199747 84684
161601 109382
179410 108905
181808 126170
124956 21606
92514 65326
156010 5212
44253 43559
113057 42868
194447 78957
121890 190997
61939 105562
85052 2779
11196 188666
53161 37553
158627 147527
4168 150641
9945 184333
166765 14576
113332 78805
118826 106583
17709 169063
81728 78934
38182 118387
131921 128160
65384 193344
184986 85167
83388 68108
172664 13762
187276 74486
46147 168113
65165 32753
105003 162331
129161 156944
37647 189824
184898 196589
16035 192600
113474 116097
95338 70161
149660 58887
163047 51499
80158 60608
179283 150620
104922 154005
5040 72661
83746 55578
193814 176127
154656 48032
180589 90901
45749 134581
122896 146260
181906 58310
87655 119715
51939 65044
133941 25850
58017 64560
5163 126197
60934 72676
89231 65157
164908 178052
54577 13232
47393 60294
110914 81324
26600 46849
39985 76840
198746 124690
66454 5673
166079 149437
141226 98123
50038 187323
120229 41231
14409 63368
60333 90923
11750 84987
19038 104795
12635 32903
65153 34622
85631 25124
7429 127789
185782 23534
95850 93453
85005 140070
130720 14193
154078 69933
166213 183046
13718 71666
39816 39928
169773 180114
176975 78422
89362 103094
80098 18667
20630 155644
162700 40966
97344 97587
22965 34498
84081 60967
133875 9331
127485 135496
19758 153717
23890 65397
192089 90508
5590 91566
187564 194753
58515 191163
180509 81281
160233 66566
199778 17926
161605 186896
123325 28856
87342 181406
130342 198299
82329 93833
130070 31792
102848 113310
60455 45529
134987 165624
170288 34462
72789 107369
64496 4575
112875 31543
195293 107615
35161 19513
175991 175536
140627 172264
95600 187727
113398 62246
82823 34452
2427 204
120115 114248
19178 81963
10889 75803
40329 14349
82417 159152
147424 172892
101034 131328
93979 175020
170953 110108
156146 116757
120739 20276
80235 49768
179789 56564
181596 110745
6286 132432
11019 195340
155415 9947
28654 11569
20617 74588
197738 109471
192082 25179
13122 192068
56768 157260
39007 127296
134597 137481
131292 146085
25733 141020
155687 54297
10031 73675
102430 172083
30037 101155
63721 145454
137103 29854
106859 133237
124029 185525
140420 192377
92358 23225
138266 179583
92595 110223
156208 11993
91887 164551
9224 173235
154983 100090
87575 104926
198901 145963
140589 198880
42025 99666
125471 46163
137365 8985
3154 125611
40917 187312
127999 41050
466 189793
167332 145222
29429 176484
175313 76123
117291 40459
165747 50635
120089 55255
92198 110094
74113 4652
122188 135205
58531 190619
189905 186626
7545 139846
58182 13033
104948 158246
116247 136428
199292 156871
153090 164839
149342 97316
27064 168177
66927 90880
74464 159270
143819 53588
107914 120967
20823 68214
101589 126041
69059 147928
9259 113976
99332 138112
135031 189588
109539 117819
97669 17925
147112 88507
199980 128824
26471 22021
111408 79777
92884 113013
11911 92038
175332 159284
95799 105427
54324 79606
65260 196738
23437 132064
12797 164055
171920 115054
54922 154291
38418 4262
188681 8487
35312 91617
138742 90729
112335 86843
198816 56080
62974 123136
184420 124995
126383 63427
4831 177474
52446 26063
99229 129796
180228 146070
126100 28382
155164 42176
108969 28242
97302 74232
143526 125957
176501 40292
3308 27131
37638 68845
174270 15094
36306 98291
76041 88347
84214 6233
172540 15153
89680 77539
154627 8219
132981 195134
188724 9563
174538 147741
153656 144327
54731 148906
130017 105241
165439 120127
62103 136428
133694 125387
35417 81227
98962 25532
102690 56245
3458 53005
73951 65204
137928 57609
175965 15582
7209 7841
152113 20833
76297 58564
82018 41259
161242 80535
162126 59252
4656 128902
181310 187137
72871 27881
114736 148935
148477 168774
108207 82338
71165 108348
197813 101578
40005 134214
162319 130163
181715 51027
94170 26156
136805 158764
98984 41095
38083 88297
40686 118579
85802 165633
105964 14598
1096 43499
33396 65487
9793 33985
58840 75228
10212 97592
100203 194920
122710 118387
26761 48354
94222 20661
172831 96722
135963 147814
193090 11398
68786 26815
135420 164898
43517 132866
3139 88294
18206 108218
105526 113078
11389 186028
142152 30084
47106 57019
151812 33316
127873 138204
145051 77048
72198 127380
166432 161012
8820 153015
145982 100039
50778 109127
21732 85560
36841 124161
102475 160301
84662 144614
73885 79364
79412 40710
3884 37945
41962 68033
181949 145575
39106 65815
140691 142664
102993 50173
189842 18481
64047 120977
61527 121117
20136 78697
96205 10893
59340 19314
28804 139727
8275 182309
39977 99683
178007 99785
165492 153921
31925 69094
31857 158410
199815 65153
175515 150406
107156 1679
100463 22353
6425 69126
119066 24253
131429 148862
195129 32543
26722 152086
161386 32820
192319 82662
99187 172433
177352 157090
37491 79633
190391 127455
107272 146853
144759 175396
55423 75882
16618 11867
57789 68639
20577 73638
24442 51906
198081 18288
135180 27170
29063 147421
166066 27150
81803 2545
89603 22525
182822 184516
60675 41045
82540 166772
30368 116637
153944 175248
584 81191
81742 118080
10107 131683
94676 108547
358 150084
195256 72061
12522 101291
118813 26238
77572 173168
131945 120265
138037 55753
18143 5710
51887 27412
68859 92718
199997 102165
71242 82498
124205 32806
39969 119990
86016 173381
123836 157193
70463 14327
119274 190224
70184 7163
58323 56308
117895 69606
67705 162068
164466 152208
160809 137695
117907 973
158406 60207
64732 159504
27930 185603
59968 103071
196030 161185
75742 23321
48713 165171
106043 78764
18562 1130
101007 4436
58759 43996
111838 198988
118207 91906
61275 17136
184241 169320
145889 11921
91143 128165
103961 63291
22961 179686
9492 21290
7016 139937
157958 106443
168823 87108
77418 106694
24805 43449
84442 59208
103853 9818
101843 75661
5589 16105
73636 115557
76178 136592
104860 121604
157142 78726
147176 99241
166613 166763
153061 136007
154912 71205
133370 66146
135467 18177
122500 3177
170297 64608
106244 27925
6647 14040
119537 122824
1030 197524
18827 116528
127478 58176
171401 125953
82104 150503
81250 156112
51714 52951
9693 116432
138361 27070
29006 19369
115960 27950
150402 184415
198939 110920
13651 9572
72885 161504
6194 44623
24334 70268
75135 76999
22579 93500
87606 155168
110854 117373
73222 59625
60913 61157
174479 173534
136049 79440
173957 148019
191473 106734
183850 89770
98049 42405
59982 148780
28547 125841
178181 6951
55343 190551
61378 94423
63912 331
198478 14524
81558 161793
182120 153529
152990 47216
100854 164236
105964 91222
56215 188571
101166 188124
29274 193908
160806 125206
169764 119633
61698 27202
119127 56743
148879 79545
112086 182052
40573 71578
132794 129843
188130 189471
39908 51401
195625 146842
91488 137902
98597 86395
173344 63859
162984 40222
125610 172715
101718 145073
118813 174007
24246 68361
183841 20511
63289 71692
151128 52628
32603 126250
159635 102372
115427 8750
112833 1538
95759 95378
146595 168057
26547 125224
60030 83737
121244 159260
32846 31049
187984 31834
101865 35717
88868 6422
103076 182842
153996 146091
160526 49278
97254 196639
68937 103061
79236 105027
54691 155329
140278 181918
156230 117404
4084 26641
77587 173703
164730 169316
85894 94535
127402 1286
60497 157103
188049 62217
65677 173386
34687 124633
182351 25968
189871 141822
103579 104211
195917 152881
39562 94927
84451 33068
158424 169987
14356 86316
6254 162828
45518 102087
14050 1859
12560 174801
21026 29121
174909 196568
14519 21801
85644 111184
19347 108863
18459 153465
120501 50470
147286 67613
66160 195818
163444 164312
134813 21470
36521 22996
60553 317
12289 176315
193952 145763
134217 36683
171744 50651
139161 79418
174591 98427
150199 163708
13431 178363
179988 185831
146980 106137
125324 33517
51549 176647
57161 19288
16086 69127
174408 68787
138734 32734
129445 177280
122213 164652
64229 164661
108185 95107
83103 189960
109836 18405
158836 36308
33147 18828
139017 143380
35708 36624
5503 107653
55922 196780
21394 137959
190641 104238
75348 31868
126011 100770
16550 167268
165071 164464
188163 58549
7617 40775
49699 108387
68629 30506
180953 164572
114390 159266
62584 111034
132840 49618
83065 164018
159774 154942
17333 108483
121227 113914
71806 3920
63916 38625
59069 151364
174700 17753
186914 149833
192459 59800
172646 47104
89992 36678
139896 39108
166479 105466
119070 26660
45825 99755
157943 63020
120874 152876
68168 158601
163740 148812
84117 43363
48890 82057
48500 161193
108652 199652
67440 67670
78980 179253
136377 72987
199262 65094
195820 165097
112514 184412
191273 142116
114035 132985
29614 30448
19500 81032
58344 57878
12146 111696
67504 6373
158598 185476
136247 6429
84011 147307
130989 125542
22328 87542
83169 184152
91153 155670
176899 172996
181994 14625
167853 101884
183134 43752
126218 139106
125544 159843
13666 45019
93410 151291
25682 180381
39832 4145
186972 191296
69848 102282
61704 122674
44119 30469
108123 46814
189918 104029
103618 190015
5895 56719
38209 49876
84935 133358
77846 18996
140297 1760
45931 163182
83749 90362
172463 162328
154518 148839
128374 122791
59606 189133
119374 149750
51267 157718
94111 128153
151748 82798
90770 17682
147935 168690
38286 66809
188695 118343
70631 178832
22371 19266
16880 125694
177056 56773
102633 119551
3107 57257
186250 138335
111594 38907
93100 103009
171164 121377
113008 27283
27109 42026
95622 145651
76458 191440
42040 53815
54525 8030
3779 142355
11263 94764
104314 65339
8408 194804
133213 183351
38314 151529
43550 164700
66256 167116
146439 36521
134029 122248
58504 44901
29002 10307
123655 179032
187726 136762
137564 53143
21817 45028
166901 115705
60170 187766
111873 92575
199884 76182
142808 91472
39151 48207
700 123716
35058 1726
16792 161791
117753 5900
144288 77314
36105 142809
123198 66424
176533 18181
114519 178751
187819 41987
128466 160714
183026 112691
199763 54878
164950 103694
85524 17360
41160 163763
191724 191539
85784 92664
87037 23954
179420 185959
5108 4803
95272 21172
8484 134551
30101 162122
79581 180522
140973 67092
186124 33790
33770 112532
45330 54524
180901 12493
3373 54999
109666 2815
118436 35296
33818 63079
84473 10037
40250 195513
171493 138661
60533 740
184914 49913
175549 71229
178993 37316
167706 72000
51772 119773
86742 53664
150554 30076
113965 150242
37106 146868
7900 158898
29323 108933
185982 103913
57964 32498
110632 111745
160489 101059
146317 123535
190549 177226
80098 2425
65203 54092
377 66648
97994 72994
66250 16850
4945 102115
26107 114268
102489 69181
152119 121716
1124 8029
179772 143287
75339 76062
192514 86846
144788 7201
26176 86298
191069 171938
24900 128399
106750 78466
37409 152072
108233 181744
44554 135195
942 153708
33973 77521
25138 31200
94022 1592
83323 4761
171494 159866
106941 161291
150247 184833
108974 25878
191577 188439
51156 32026
86481 42580
185690 86879
97643 41890
183011 64106
182535 42637
34907 173188
144881 12582
85034 131915
143720 50622
119546 169849
116669 166714
79734 61607
91709 71045
194032 15012
183354 186938
80233 130271
106062 45707
89093 195600
177305 52030
156190 95456
12249 27921
22791 30360
86406 41723
85099 83714
132788 179785
114139 47600
121375 116739
184582 142423
144747 141113
46444 105347
10585 57947
21616 116692
72447 139336
154026 4898
62380 5210
66776 94043
139893 133038
1834 185257
199029 155454
123441 30863
142494 113185
17671 81134
34406 46686
159686 57721
96463 184161
86109 181440
77337 173212
191585 95543
156306 47461
11848 85456
193057 92439
147727 106632
116118 84195
116633 130004
157178 159192
23138 28043
178421 49380
117759 155298
143721 58590
4803 185767
80072 198862
86864 122615
107919 37434
115908 65566
85234 179000
27284 23007
101989 148
144047 149419
93493 139096
149538 121833
10218 198316
28582 91392
172831 44011
47589 30484
53768 52801
99331 185944
136758 156006
98556 15936
2035 134747
51317 71381
120195 113410
178457 196172
18442 34054
176061 133061
166624 151459
135323 153803
161855 189142
59581 1844
180056 129983
73601 102346
27743 194111
30627 196006
64597 191503
150011 158414
197946 167524
125611 151340
155817 33200
122302 27560
166043 86078
182435 103271
12751 57758
55377 136544
177409 127337
196128 141821
136066 177374
92476 38151
134576 95813
192383 168483
147016 161159
134245 103957
134357 170908
27503 143157
67687 61566
150833 122530
103790 182630
63626 13409
186585 149022
2243 169096
1068 123277
62184 130140
153980 74598
161344 152671
160359 190841
171305 77907
72534 81955
121256 179305
168446 172871
66231 81188
72642 28920
11329 118463
105642 152445
44658 194988
111685 35505
101084 167838
90010 74662
171493 60886
78046 118470
92972 148910
28607 180715
102499 8125
192316 67926
65402 89361
151976 170986
135108 54867
160229 135195
86348 164280
166942 186290
148817 194189
14206 121127
158852 184561
150026 112511
95388 132719
82373 118081
133008 198267
58450 176143
130254 86473
109220 174587
144747 18886
99200 125030
137953 81116
57169 80369
177522 10209
128138 181777
55186 14887
116093 170959
175617 25654
180017 122152
122079 101694
24621 179853
166939 50674
82917 172383
6696 168276
164212 686
128957 133133
140143 57125
101687 153058
41084 38958
50004 51740
187564 186542
131348 84292
74062 3580
61944 49569
107165 152475
154107 158339
89147 34052
145314 87302
178814 11330
190853 49097
58775 22807
36240 179144
102915 82592
51267 41582
120220 62363
82199 182022
175892 186368
86774 31164
74644 163334
118094 40862
68809 155776
180873 14059
49382 36610
33544 64401
70213 126373
127743 19618
76552 111118
160531 86440
8751 153397
63708 186217
93569 82304
96507 90355
182154 118354
10985 39007
9634 10736
107761 29766
123277 65924
19306 51004
109602 81047
69592 94491
147745 71853
123236 102663
29140 41974
28253 144445
147776 65348
173716 156518
24444 166427
38660 125203
177472 192000
198135 3741
109701 85178
7777 114715
192661 106227
27098 40324
44266 39172
141826 170160
62091 172023
186145 165760
6925 95599
101241 77606
74262 109903
146135 182184
92459 65099
175951 1146
67285 97250
96920 84894
89158 152210
87286 13384
33049 106926
55640 184994
87250 112383
1735 131000
130658 127740
141279 158785
176204 81688
56725 60841
169389 35888
127968 107464
50250 151142
189576 157446
16179 68906
177832 107757
9271 7663
136197 46647
182002 194467
64015 104939
148260 98837
188973 173196
37256 111173
147537 4554
48167 179740
48172 39235
16271 147911
116425 98180
88385 177350
6125 104966
27312 120039
158727 9733
113159 168642
121171 6228
189086 17600
89329 177791
28263 45258
10138 14633
54318 153097
54732 66284
81092 160328
8694 119825
114406 157060
124682 42885
30017 100242
47795 190872
19369 144503
170146 50761
179796 62304
197895 179899
60611 154185
192596 166513
19024 194153
156309 41302
151517 99071
170079 159751
38459 29485
641 88389
58808 6525
125930 22293
41843 45440
109551 11043
14590 146598
33011 38095
133932 61126
171015 121452
116516 196241
73330 47666
119022 14193
82722 74993
162646 146712
84975 128712
192765 141945
140365 116630
43651 143525
38088 16290
104918 50729
39512 41624
181658 173077
135936 181850
195898 194643
6762 20749
43886 110465
151237 145073
13898 76320
67814 109041
184468 109861
95860 131930
151937 84947
36007 194158
70976 128731
107047 3445
148864 109303
181564 5100
169538 111828
69539 115334
40798 182131
164529 67390
89822 46370
94841 120857
57022 118764
144209 122101
182158 65696
123018 129714
143513 140600
68386 3695
115742 945
182683 183259
158859 71457
109203 83383
125450 122711
120101 13857
113765 22653
37298 161172
134729 131105
159034 118951
40149 143067
80299 40649
104566 136958
16069 156956
35739 134388
38438 105134
180098 188627
18665 185453
168795 198152
99001 67413
31334 114701
7038 344
89549 51348
129157 19539
169208 135253
111214 8723
87737 101501
191008 188019
104285 142279
135086 2773
52761 19470
180873 168104
105230 99091
80115 123719
151317 96386
166718 16805
37840 122215
152734 137284
50046 32299
45666 199484
199689 68816
35006 145921
179494 94625
62449 97801
176227 179746
70794 21812
104572 4721
22215 151205
158317 22440
161692 145849
178498 68601
145796 5170
136918 115342
725 184144
31065 123544
308 181441
134857 189775
179610 104959
127376 26941
96212 44709
10331 125709
122511 170096
27122 189932
14370 123548
74772 15261
74707 59268
58966 111320
143648 151777
97778 191892
116034 156527
99434 118755
183341 39759
169900 76985
108078 21821
175556 14080
85859 17662
24010 9172
149593 133
13433 177285
122941 13369
27823 130119
145561 193177
94928 7361
190451 46298
3099 97577
12601 38954
91231 174359
75776 148203
124140 42854
179852 199912
164291 60200
184374 178960
161946 46040
8592 21472
3134 176838
45128 162557
123383 95545
163675 158085
124092 70525
169980 120773
176801 181619
171430 173962
87494 167774
60311 157063
110694 84225
155977 196208
118307 196128
81064 66691
199252 43778
90846 39675
100553 173830
177787 178378
161358 194510
67611 175361
169987 43454
14722 73737
21858 106028
74505 29624
91547 188429
55362 115556
76473 10316
178241 96047
24358 49193
62484 120216
160592 60233
116429 111084
197026 103671
194396 150321
180022 159364
117255 99437
139874 30203
194916 177225
98756 1258
138988 83947
90048 130130
23175 120011
78953 156949
172308 12171
95203 136568
78191 161318
189685 102495
135322 133468
20668 72099
71532 154202
160505 9139
135138 15287
55428 88450
131942 105059
44805 74251
192538 11832
176644 93189
116447 66976
69608 86692
7028 148095
161796 151404
146235 114487
54815 47883
67748 98012
63829 83189
38105 115704
193106 154970
28648 25473
30556 23732
181266 14878
183799 135812
97504 181661
18566 140046
65611 107574
177584 111226
134134 159827
145203 175194
190552 84282
156357 58294
43502 20022
63639 93577
151225 108017
30877 131093
174591 54958
13715 172774
119003 189586
182046 52052
170613 72090
181713 139428
2180 199062
10456 40947
38745 172135
109732 69389
40597 90746
161534 129851
173723 35195
2269 87805
87001 77728
143301 42983
150588 135540
126949 143671
26733 188288
159845 36938
16840 198888
73903 123334
179068 66948
159607 191063
141514 73412
117141 79967
101344 1290
77251 45746
153060 64988
119451 27183
126296 189022
143562 66079
178833 124372
47249 21130
68748 112665
20585 120065
48015 130820
88068 140335
12431 71153
90214 37764
162922 47430
111103 116920
112161 162444
131976 135914
170146 162178
119275 154582
142019 137557
120855 123375
86677 76860
73081 86348
134407 67629
118468 198835
77310 18160
61762 72781
1120 30290
160007 35703
189280 152370
181383 55845
109039 855
181209 86061
157829 114024
47709 182290
118930 87261
173930 16778
183054 152418
54735 65843
98797 65326
135249 158024
7135 29067
40159 73086
138409 75064
77230 125441
158347 63545
110608 188421
175396 91613
106725 31151
18326 94409
107372 145329
105399 35679
184878 34686
183824 62913
16280 121985
7399 172290
109809 87894
160771 66146
135912 7932
82857 60835
26775 99292
9208 34425
185219 34220
117837 166636
78515 63249
65032 13857
55884 115342
176997 46206
170543 187558
196728 128991
17671 140744
108490 166656
170053 42455
74520 78185
119687 92313
109674 49297
16418 27562
34095 163983
20054 54974
142504 183116
3759 128855
142746 48761
146172 127998
141450 198783
12449 103572
109104 20336
83611 182703
78331 90890
163207 133866
86856 134638
105209 98752
60725 92705
113511 85487
185769 77714
20947 137072
7530 43319
164752 144435
178432 136906
46143 88759
36572 19930
44920 173742
137183 184784
141635 99937
113454 153093
10880 82864
160813 71437
102266 154490
187368 158787
137881 199539
81308 46034
140734 131466
40979 181582
139622 75120
117705 9439
86072 40401
11654 63581
20773 175597
57730 176820
43926 161716
141662 145618
120658 23900
192306 197824
43932 54948
195505 41771
4397 54523
113402 100044
137090 114421
76803 33234
116003 196339
125969 142906
102027 35700
112061 141972
184137 173907
88585 48799
123522 37756
138723 121312
193668 99279
7618 189367
63754 39202
1650 132598
126647 117660
147073 59375
70422 114723
20970 194873
1902 106614
47710 174546
140757 59653
58161 69720
167177 166015
90954 197760
198377 166884
184611 96544
125918 63628
89686 111486
45478 50562
170492 33834
118730 130995
168904 187129
9582 14663
66766 86663
55828 89040
139131 93442
185000 153096
123160 57233
15964 32985
121185 57836
195419 166732
175426 33178
44621 144377
90281 117484
5937 81835
185909 42787
66735 10947
190532 39949
86788 89702
88540 76115
107622 136632
158239 190434
183595 179289
58441 151742
117931 120103
170195 10140
76854 27332
27263 108939
124958 146255
140886 18128
94290 153035
110449 167152
74840 104788
169063 120648
61040 138319
102492 89987
99645 159573
2664 77863
73017 134978
175952 69352
195593 175933
113046 130931
195589 59839
54324 49130
186562 46745
163473 18496
180823 42739
74298 142702
157887 86585
92341 140158
121962 180741
114742 7605
2771 172815
110950 42384
62693 177574
161209 68622
81995 152748
155406 177600
73151 41854
110559 71982
8330 127977
108156 6300
166771 145532
155882 84681
54088 15508
22320 33758
188328 12373
59085 64210
150975 134127
7586 181878
30757 63262
189096 132266
130758 23886
199022 98546
37692 142686
58680 64947
93285 111228
144107 163724
13984 84009
143685 19844
10012 141778
176596 4433
30663 95939
57268 54187
119809 73454
51833 85480
105828 120163
5552 33896
166695 171950
117926 128714
43438 134086
120798 18581
83564 99870
95897 159424
113114 173029
162791 96493
121289 182672
152402 175057
77547 92656
129667 89294
148989 89984
160329 149434
97218 96429
6664 89812
84990 170011
62913 180442
164940 101378
35129 147626
186142 165555
21753 116159
30077 78739
134728 95565
75033 19480
146579 58788
163648 90433
42062 180796
82037 34337
193743 173751
96200 37595
16176 118786
175305 138830
169146 131236
42999 199048
19479 103379
170423 82139
25240 17591
159976 164929
186061 48490
24257 78478
98111 128825
77437 186262
77556 83800
39044 15740
53611 10581
174277 35523
124148 165328
101114 163306
68702 121433
53080 6743
134452 191536
143374 37093
78692 14860
49428 191046
94995 179098
63432 45169
189660 24003
44180 193417
74584 74903
2519 193144
184086 45318
152765 52501
114428 61225
75907 168817
5781 150963
65671 23660
46145 187840
23213 144619
10168 94817
188333 173025
43193 92690
125357 149861
83096 152829
148946 16026
185442 7055
74007 125424
159327 66292
23211 35730
171812 62041
40335 85176
79296 106598
2140 22635
145147 155804
22797 29846
53464 79326
194253 191329
61139 68679
131686 186136
96178 123992
17999 52987
56188 157504
179731 163424
113353 181379
46112 121027
112072 143358
109055 22855
48665 129387
62710 76115
33666 30403
30540 39515
6795 43365
162332 22627
182402 185533
53430 131728
21911 58665
10338 24188
76022 155206
80037 146928
9010 42667
162024 137795
157901 13302
145768 142878
169011 138489
186491 18412
151623 99575
177584 108048
79173 94494
41362 49351
30676 150020
28231 177236
150921 154689
9464 134516
40392 18378
175821 56875
50383 84131
102906 147217
190595 182503
54237 24668
115939 39743
61212 199328
112995 164112
104515 128204
14113 78747
186522 182393
18142 126945
22303 2975
171756 57057
181085 143618
147636 24181
162105 30187
132692 199945
125603 76170
9376 84164
7910 29364
62700 189315
53988 41652
6010 65278
71417 69075
155303 96438
112685 7292
129262 20084
67136 136116
124453 102457
90425 15213
187580 130006
118957 90900
196905 184381
40239 93876
185464 171185
120385 39853
59270 19725
98914 198156
195661 54780
30847 103383
6842 51340
173576 130407
168425 132076
190865 20141
24333 171003
176119 195128
14384 82696
180887 197931
115211 8121
49274 199149
150296 160446
99383 53943
15841 111287
104580 121021
5954 3583
90537 155664
159262 73646
105538 156552
104046 104128
179941 158492
64374 187620
35895 64965
57200 180886
120905 15537
7676 129277
28337 194561
178570 83435
137080 2334
6928 152043
129887 17224
71919 171958
12729 146653
110325 51879
65444 47869
56677 78184
56491 8028
197300 106489
88512 140121
128692 76849
74794 182412
142007 181795
137923 144720
50515 163330
170680 44853
63808 122715
87833 157229
191945 1365
151459 129208
48891 37262
137521 85203
142014 181523
37061 179804
97999 144287
88517 194693
71919 93342
82934 29510
55463 162584
29971 151024
110319 6273
56301 81479
136153 43279
196868 61659
112294 129921
142256 147009
54052 143604
186237 128199
51237 103909
147481 166437
50465 38108
63052 139432
4455 8531
67659 182153
61705 107793
66935 115075
95445 136022
81580 108343
110387 71689
135597 112913
193477 125727
186571 69665
25760 102996
60526 128738
23157 34150
10117 104943
59765 27696
119897 87273
90494 44213
150756 115938
126036 104763
9783 31937
68197 93940
134581 79144
1277 134447
27116 29074
196424 70610
66339 20833
96960 115190
46731 142620
29555 185266
81686 186474
56145 184300
99417 17942
19056 108547
141300 99932
31002 26733
80457 101374
8139 51969
98318 19957
23417 135371
159272 43618
104771 196219
196174 5803
87254 89574
89073 185933
165307 70678
99375 91917
67687 45994
194385 104396
131276 64697
99556 132791
197411 66975
60680 131028
118510 23464
69971 7158
52011 76040
177382 71485
165645 179828
82513 73613
88595 148532
92845 176834
107551 111147
7514 2325
60521 1821
22606 24305
157542 108440
168698 36089
39896 130166
39279 57815
137013 98673
153891 123621
70008 180091
32954 181002
25949 170822
190521 116660
194969 54437
102388 139036
60753 140268
96378 172523
14511 152288
85156 178044
165408 118223
5630 153480
50772 67801
7701 187731
158482 150363
22292 106533
179037 94559
8690 142501
29754 18254
49539 107968
181712 68059
197557 5050
63059 72115
138331 164723
66029 147318
71306 49498
195430 124220
121478 8894
4089 181149
110094 45278
127668 149531
86697 186785
173216 151101
87919 186077
32536 79923
47512 155692
93166 66869
74734 160710
196306 101502
112132 151016
86325 76988
36226 22163
194480 197021
182636 124776
182273 183020
92728 114065
34192 124427
89862 44186
131201 2033
3141 29425
108766 194639
188338 17521
169964 117134
53660 71016
80225 120838
152033 173609
74598 182746
196939 83605
153375 48268
61404 82063
176727 30814
107296 186542
55800 144390
59757 42548
110773 73007
191964 134844
158870 127511
188333 23881
180055 179180
12107 13900
23724 116643
3345 121930
145801 27117
32886 179068
186674 163306
74415 166792
171997 88563
117565 106178
19633 193375
193577 62760
10736 70932
148447 79099
146654 73884
23557 183200
75608 45543
163975 184973
167012 64284
82151 187075
91909 39257
142036 52952
167748 55907
126719 44298
176817 140215
123699 186894
94163 106269
172605 128960
150413 145437
32688 172896
54558 12656
36313 108674
85384 99185
71807 167042
119629 186378
123825 25129
21703 89562
135700 146898
34052 191041
191090 16974
137544 122879
9836 176983
136772 155850
72770 19133
189146 532
127833 190768
151220 31673
30408 109189
31264 19941
78826 105206
67580 66737
100094 186795
170299 21424
27020 152706
132341 63208
15821 198771
151143 119925
95222 79543
45210 191747
79161 128313
55807 191803
175772 135314
143294 170796
88207 186240
48425 63223
130297 189167
175402 126577
76649 146688
176867 190844
129913 120191
1241 14813
122882 146884
146935 31720
165813 38544
89296 63505
45242 87644
24854 41111
22688 196861
170342 190599
145471 8073
144337 42841
197907 43516
106478 126635
149882 153500
15835 161089
107243 174548
106396 107987
190845 5120
38903 141858
112821 94526
188462 53286
144000 56363
149709 169499
94636 120423
16562 107445
80594 105516
198701 175280
138834 35022
28421 188031
306 3637
49523 179010
195304 123834
2524 198447
196415 155643
5551 117184
12228 64479
127774 136364
15931 138342
165548 134249
197084 192198
109292 187065
184825 113940
196991 152055
58929 43050
9591 130734
197254 185153
9208 149590
134965 61494
71556 132280
71125 155679
40515 176263
182255 181290
114084 128899
189409 79815
141775 115412
107313 179337
46138 161400
107439 91125
15537 124459
75078 176475
70523 89212
103539 83012
115774 34926
111954 123442
103591 94490
177467 72399
23544 156784
133650 41985
131635 26992
117113 153611
71159 130656
124946 151361
91757 916
10580 50812
80566 87516
34702 197866
39103 15994
48734 114679
47069 104125
160290 59184
15296 56809
32770 194824
101959 173881
67028 90522
45045 97313
116209 58375
63314 2651
160377 187629
198951 8653
120966 197522
67610 199387
10282 192005
99903 59533
87822 22687
113425 134989
89871 38441
169685 38925
71242 121893
104783 195201
125472 96495
32027 32806
89811 185622
146272 52457
126403 199245
165905 150669
155597 6482
16214 188776
93890 55035
104711 189617
107006 157413
54753 50889
35653 129124
113896 60437
56912 67600
33953 39178
139668 93049
182755 104923
41771 136220
60524 121990
36652 57440
130363 176730
46325 48822
88348 196848
151973 54500
26741 9266
61100 60144
188079 123611
192244 183229
187271 13948
1811 142402
181647 153110
81840 37376
171700 54426
65794 8921
53586 194790
116857 2921
70019 51778
50093 61138
199666 51552
178992 32451
165743 164298
140878 134910
55193 139822
73645 96243
104497 166362
21625 33524
94385 169259
127629 143505
164086 3314
70617 121829
57442 115315
26484 155306
137302 186349
168223 164181
97435 197327
180115 177611
29799 125179
110354 149781
172681 101094
141651 4342
171062 164583
101231 77541
96870 185080
93466 80521
79286 190817
181184 37770
25129 96378
128311 174507
182644 141396
58316 121522
162720 175301
41247 114053
75856 7896
84728 54070
186985 38134
164952 118045
51962 169789
157951 112375
136943 138758
95070 161675
53525 68964
190272 34810
137934 145777
55938 166635
149990 9966
57921 158134
119752 160854
159171 122880
177456 176195
135760 57067
177661 55372
21051 181767
97595 5992
62397 43249
24800 155678
133644 98077
198591 152478
176736 110260
90557 95108
21155 178504
179556 190706
7826 33494
86933 3063
103842 114272
113876 193054
170224 137366
106113 167221
175924 9654
105716 169406
119995 58499
78031 129555
109459 123479
24543 78078
148962 151259
177876 139433
112345 64649
37310 146674
152981 93946
189834 161386
23338 191553
255 60585
138344 87805
48549 81375
38440 123130
99912 44276
40031 27044
85264 92398
148369 199065
104974 63443
177473 115807
77322 53975
150146 177384
108694 59731
156388 158261
67416 161242
88295 156363
75768 1894
52708 145839
147557 91192
83988 195062
74973 108727
94974 114159
173677 171159
96470 52006
19527 123190
15259 134624
128608 56938
8209 14045
39222 193549
23866 4116
173589 38397
193017 122616
53484 99660
176025 98578
58052 179018
194749 43974
91993 192894
102373 172180
120902 53711
188696 184675
48730 44568
191291 53610
74733 132381
118494 70229
147923 56054
156865 17122
111696 174990
102613 1334
25176 152112
32465 8752
158128 2721
79263 143843
136157 112930
103896 188744
190647 6005
196029 115964
54493 195530
40437 108358
81145 79746
198038 117251
146177 149690
164614 181103
51827 174188
122954 134768
93692 160967
95176 165178
73242 23951
126968 112918
15278 161576
175872 6085
157148 51860
129932 25357
108747 76713
185404 172211
173502 95879
167380 146599
28166 3796
74859 91769
196930 128672
64730 187636
71277 109699
114119 150641
78682 66832
129436 55944
180530 61292
141443 115470
143944 14932
195088 186526
85350 34281
131380 150104
7863 172801
86968 101972
114490 90380
23037 144999
50170 116000
142167 79415
194026 117798
116010 23743
155561 138587
197566 141492
131717 61969
116670 71681
64360 69213
92999 11377
158920 105717
133199 83601
162260 56184
131954 10637
103566 41352
195798 84770
15141 39269
62848 11818
134088 149593
169064 155109
176441 102219
73511 103097
159452 167715
43359 69526
58273 78164
60869 93934
65834 138515
106352 155941
86502 46349
29386 48934
26771 179839
93237 101942
8440 61640
132227 118456
16646 1340
136607 143105
11799 54940
86539 81355
109998 163027
76216 100077
111980 182
78553 153985
15362 55559
125027 105477
68042 115684
72406 120470
112804 192586
152788 32120
172248 194427
21475 111682
21251 48828
46510 30355
88613 11608
197804 62323
190586 150616
178410 106185
183174 82054
92052 144507
107158 186165
131783 186374
184002 18385
167373 147595
167466 11643
11117 79351
32145 82276
136613 157858
58094 56324
56801 97730
34347 142557
109048 187341
187466 173411
105145 333
26324 58570
135168 82260
82747 196401
85 6793
43870 153649
88798 126333
50600 135964
3031 27769
8171 17978
48329 77150
92752 122080
24819 142077
24286 98247
146522 14366
100865 195999
171462 23755
156694 77386
159275 148952
151624 30392
49727 105165
163964 189799
97958 9485
93387 88092
31671 150887
24875 176120
193907 155482
58357 151097
107947 139528
114825 21361
131509 113535
173085 129095
20134 126623
2042 140580
3007 168300
81577 159992
38694 156617
53480 185372
42713 196927
146408 187535
95851 4528
128555 184024
26585 157330
110773 21950
40292 154925
57673 54405
36831 19458
199861 51043
73256 151123
92541 42781
35329 11034
147466 69518
10840 174516
13674 55889
125305 177268
19148 123519
130031 95215
136879 145666
91425 101019
40502 187787
117694 66817
141795 1811
101885 104708
27845 17903
181012 47531
108663 194159
34422 188958
8605 170307
60176 15610
101799 155166
97151 19250
112546 83363
128552 176626
24459 44045
28880 30902
145325 113148
12601 168617
16639 142094
21462 31835
174910 191330
34541 175158
186242 169102
60299 178140
161109 159568
58105 51293
15542 47739
85078 93632
153018 195439
133161 129846
152256 188913
35562 15616
112510 39491
57977 30153
74578 173736
89351 157296
112847 145483
172519 180231
132356 183793
158677 27645
5286 152746
184522 101425
166007 28243
149611 199967
106054 143543
12689 75552
94192 8085
90120 42803
23345 17067
36958 197797
12833 56926
110676 1543
136018 32100
106155 71850
27059 180627
145962 3495
66368 66876
195862 106711
11142 141851
183886 19760
181350 160219
130958 26793
67281 9999
144654 61889
71612 111373
147830 85376
69105 73529
148384 92379
7822 105891
3030 154829
178286 194040
87142 131466
9105 108520
34526 181486
119730 68755
89255 104432
113299 155746
146146 57787
179374 162068
167164 143231
91328 149815
171406 10649
127694 67605
37136 159486
71875 20493
79967 37507
174367 162179
172472 4215
76116 162608
94133 119093
170536 116147
113005 46961
82889 49948
176812 199517
164391 139895
75407 119050
106493 197329
102377 158550
22434 157436
90544 51184
11770 25095
102432 74893
129859 36434
137478 165155
105082 32366
123054 76938
176239 186699
98390 135988
83931 152686
3755 35325
179931 101560
33942 159581
116914 101735
22231 31709
198851 102297
101436 35942
188524 141596
104601 114134
2066 49714
80857 156439
136864 33417
70797 104864
143758 155844
165499 176980
108283 126647
170516 12052
32752 103766
96883 99216
41262 130453
195563 128732
179259 77425
11746 41455
16491 95401
130349 34639
54076 22738
187905 38671
84487 38787
71701 47006
53236 89183
39682 89541
194714 102310
8873 181
136577 84156
195331 136966
162347 80977
157340 102362
16389 118651
47122 28312
94888 14829
88993 39374
2164 164086
94367 191929
59681 86628
52224 22979
49393 188480
31203 135014
71355 97378
108452 4367
86347 160595
163493 60277
75539 174033
39168 63492
39171 33260
190213 188175
186413 32396
1738 158475
22334 38505
151691 71007
67671 195080
59303 190196
28575 72657
183069 167950
19689 73673
8119 141099
127266 134217
58313 69531
182103 51599
178498 166508
122049 126279
155122 199770
142605 39618
180664 79623
11832 198267
38952 25342
30083 111958
139174 38607
59792 24309
56889 128998
163240 148335
178640 195518
135541 21184
131662 28587
171218 4062
11177 178538
148600 100367
39480 81457
42632 107060
90127 121416
136137 161626
197872 114091
56897 178070
87162 94798
132104 124118
118400 73988
90919 33423
109318 55891
184097 78777
131667 137018
139772 37672
51229 196343
198495 129497
164225 39085
82462 81479
77445 196045
48675 33623
167614 84392
53111 85705
30607 17724
122144 137990
178144 146041
198503 48908
145107 6618
86801 12075
65413 65999
88188 95820
60399 145233
192995 138220
48940 133900
123661 41639
1866 68681
115706 103996
123946 114072
99534 99317
185753 11603
139534 33687
141646 143126
129800 78441
84136 185276
182531 131218
117112 20718
189520 174359
33917 14580
164042 123900
82158 54423
18942 179311
56400 187901
102243 145607
94348 158382
49698 26929
97365 196626
185952 35721
103844 33658
24978 172142
171663 9036
126030 77473
186614 21549
67352 69030
57638 995
166611 31925
3992 101631
21397 72710
75015 93185
37313 154896
156632 100127
80188 92413
185553 120943
81760 71099
53672 55977
18122 156018
160519 125522
25346 32108
179183 95008
59450 59529
63712 72517
152209 118207
43157 163112
113282 161288
122527 7469
24179 6594
196610 11983
195642 54008
165985 79311
59320 77200
79044 157223
157195 130112
95499 193697
186500 142276
183768 93309
144586 187942
108359 164338
18041 192326
139116 137231
132800 24202
124824 134149
105768 14074
186268 34298
30305 96039
150127 154866
40226 130847
159123 66881
56978 119628
114585 57565
134997 33441
128725 75620
152928 11806
55223 56201
30809 41990
43878 48816
60061 157833
84278 69217
145949 10737
115074 3613
75980 118088
54196 179769
30844 81841
191847 193412
137721 57238
103899 145641
121458 81174
120543 123627
189546 130121
67067 1672
120336 4719
57982 105563
100925 107776
199838 92603
105439 3283
979 176216
117777 98993
187970 36504
42482 144081
40542 31496
47445 180209
169088 141235
33308 31700
152314 55713
131976 108879
140820 43263
126029 145647
68575 199900
115439 35040
111847 68532
185681 56491
156945 54000
51790 2909
78477 189248
94412 168781
153677 112955
149402 43543
173607 199358
9617 105460
105091 173050
104096 8510
71609 142366
92358 60716
24773 47633
53054 66159
171294 69370
53893 89143
136591 190580
72645 151593
147436 24006
29483 136539
172445 81078
113508 92140
25711 40376
68522 47531
31026 7626
101922 196441
61615 122601
146101 178838
23160 124215
198481 185473
4975 80460
146568 186207
190275 59120
98636 66171
164081 138682
24864 21801
180696 107681
190477 88618
151883 91649
94747 193492
144831 163952
186057 97589
150135 67636
43758 19203
163228 64683
130978 150421
197842 51730
27369 54677
107509 50705
180709 103253
88200 151048
130167 46470
128153 104792
120906 112112
136228 129073
124844 127957
95973 148887
54946 94603
146539 111450
18849 54689
80898 23410
127278 67329
156137 19130
153309 90714
57688 145595
6157 143584
171012 142717
78062 46965
113339 128815
34152 50329
52556 159333
159104 3405
178147 128453
106442 30142
95243 7227
8693 24636
19660 21496
58706 159853
27857 87638
80727 137807
59 80693
74203 48085
196447 52117
108187 65829
130913 162130
40969 198743
19553 68564
153362 158259
3347 22815
665 190349
137515 103228
25494 100788
65560 120657
184559 158755
4863 81754
164847 172668
158017 149603
23479 89818
126146 58766
139020 173404
7016 99988
119064 160720
150024 99849
121056 174669
60599 101478
118513 47582
9587 153101
177101 103391
30978 11811
47508 199669
50770 120081
47502 113338
80099 58648
176850 45470
14978 95377
133410 101438
148797 148349
115038 41480
69982 95178
162648 122939
27148 174214
197374 169242
95430 94874
178789 116374
162022 51242
41146 128161
122397 1865
31076 30313
178597 87987
80808 177689
162157 25134
122302 177191
130846 53898
163932 47943
191407 108452
1207 153679
111152 133163
89216 106510
133271 144658
180319 140520
167996 180006
144258 110127
197742 16473
9158 198231
137297 89922
176568 158585
124331 52552
90904 131323
99223 125528
154970 76899
55716 182678
51000 107669
71777 71184
130072 13386
44097 100317
52630 39422
128452 103708
129184 172453
111227 91921
155852 103209
69164 192769
87761 135855
116510 171920
194358 101515
100929 162273
67970 152927
165941 69489
116030 195188
20528 91455
92690 164721
193535 62552
72110 116223
66255 83812
169811 9458
187932 167386
34003 66372
6166 95564
63266 116047
129802 44474
157422 169727
1458 146580
190048 71538
178056 196094
137421 160208
104429 82529
59505 168214
163511 67817
87233 7075
62135 115587
91593 73311
145219 8530
126364 137620
1912 98199
60181 139486
56601 52094
191208 139901
97485 105622
152135 49412
48898 189168
159165 31685
64927 106715
157506 99556
79415 194074
137590 11246
182617 72535
7649 124445
58042 120219
54797 14513
72047 22902
92209 343
189193 101273
57259 46316
185211 67520
7685 82373
27096 12030
193488 37003
106853 94625
135405 60414
139714 118478
165581 152418
113216 53996
52977 76377
103434 122495
73698 169796
111947 69856
181314 103310
113216 195446
9790 64918
57256 35781
127322 51529
149521 162354
124398 69326
29219 87996
155881 38440
14074 185785
198681 150882
74365 18302
13992 23276
5544 46935
164702 128250
114351 11776
126600 139807
28882 178799
156323 85957
30143 102693
78389 135725
68779 155163
120976 124722
148317 166160
123033 53002
135888 51463
61882 5696
111966 22858
69098 65959
56352 84262
117228 171784
97310 70672
185026 124010
138440 154676
55149 89495
6011 90162
175291 198549
168121 179899
48084 107452
8312 48688
199368 122511
7601 190369
105772 138375
123305 87588
113434 198238
123325 15850
126062 22334
166857 183396
142017 178311
31392 41923
157212 47798
62694 188424
104629 24866
57258 149419
28781 33391
49180 128971
121038 66468
95399 156821
168981 154207
136556 78013
176206 26858
183471 193048
54291 65133
130608 107801
131216 116889
2355 87679
181777 132390
3070 128262
151724 17338
198835 11763
164619 197614
106028 168082
95255 31223
7855 112019
70079 10704
130013 9389
119294 138337
53736 199584
140993 178450
169211 79008
115702 139175
191563 70492
134294 51454
2787 59769
66665 135672
92084 121226
55855 113472
86131 172998
74646 180906
177837 1898
76299 68766
162580 33895
125622 48419
134762 15141
161046 2593
49583 30851
118407 145250
132658 64189
173860 102226
67196 64410
193819 21682
112204 129093
195090 136121
85360 195589
163624 131748
69988 68444
70033 10918
144396 147317
172751 150087
82694 194625
154043 56522
6280 52404
48809 164002
8828 120893
164190 97451
114220 1332
186974 89727
40506 110973
162350 163839
14179 32558
194830 94793
41669 54192
170125 9900
34165 159135
156793 172595
163172 105436
99903 51337
57396 5592
157391 43289
64458 93905
104740 92439
69400 844
64180 7695
115388 156564
168472 155496
30760 92595
72137 15761
47187 178945
121350 54652
42822 6752
30796 38266
164615 159714
93660 56362
24489 146389
85553 1148
5765 76601
33561 52555
20549 174143
139382 36709
183444 10219
198722 181632
100797 135576
33113 14541
78894 138503
32623 181697
8529 148535
62263 14658
90857 77942
139117 75468
185813 117516
57021 135321
94088 116252
198309 127249
157288 117197
53628 153856
137740 196207
39417 71014
187877 86379
167271 178235
85831 62051
137958 27520
98238 22190
140453 41108
127408 38100
177863 49230
135062 36198
114450 71956
34474 153848
93071 25813
132237 89993
48410 94985
95717 169482
122432 179716
109787 138378
137875 173378
189745 20780
88223 88723
155124 10753
63879 14061
134560 32489
150782 110946
190823 190506
162681 86074
79517 68630
194444 131546
118878 101629
27084 177002
88758 3905
185758 199808
77116 134349
145335 73853
153408 193843
30181 186908
85286 193225
7983 133804
149975 35712
171549 66928
75526 106751
186606 76148
10767 62214
87147 7016
116293 108259
156149 94664
90878 92353
157637 182916
55137 96540
87200 133249
133898 20396
16254 133114
198347 186596
35155 174076
39989 117084
114987 86439
78650 117186
118496 164518
130195 129279
71175 97545
150582 47165
96977 74416
185609 30795
33081 56840
134825 117278
38899 75618
193112 153825
65096 126492
156274 123192
161401 10103
4464 129358
16286 186305
74718 86753
95470 157246
74504 143503
81407 149210
180353 193256
109067 121070
69508 188647
27663 114394
111771 34753
51768 177667
147755 89370
110566 172751
128079 30780
40381 86480
95425 153649
57934 90049
7831 44239
118071 112965
117114 69077
163595 192476
5459 98463
78939 32487
40597 40120
128666 38673
178138 126531
104151 94489
51733 16451
74194 96422
29669 181779
164526 52943
72432 27059
130138 166978
12957 14650
88863 74166
95562 88183
145670 63088
75967 92588
93231 163182
88136 95298
114070 49110
32251 111140
146341 173949
56280 53357
97783 172498
126788 183332
108689 108728
133425 14148
146930 160632
93356 198870
2040 79043
194988 152183
24028 7857
131791 109413
199002 188099
13321 76993
52671 20830
124165 23277
97140 86411
178388 123614
146580 84164
41596 24508
164036 188272
151804 119746
152849 60690
58476 102491
145749 100589
12118 161498
178691 63589
17975 175173
178251 110162
9450 137236
150931 135700
132693 143215
91819 169406
178053 6408
23068 8759
96615 97467
199878 144669
51618 156557
20521 24337
28319 96843
53638 45407
11459 42406
106404 74721
12711 8646
160194 185641
49771 179824
177699 192301
62224 185497
56921 149597
113621 63700
131013 153993
11159 48482
640 174507
175404 61920
142435 146936
166798 117322
135990 44450
171674 16459
146696 139539
161203 55380
138468 77898
74273 117911
136245 26042
197314 198161
108060 118701
113319 105954
65134 196014
71558 35420
193764 2072
142522 60971
78376 134350
183333 24303
48653 77057
48850 194736
106105 114024
76573 126022
72901 39034
190823 108273
80467 72041
7861 67544
121399 169934
146488 50889
179366 43635
199656 129737
157096 113796
106553 62815
115958 155683
170710 85790
135865 24360
179071 181681
144092 124354
116295 79260
71468 159747
148499 44241
81554 101757
138013 116881
173999 23151
80205 67435
100670 159872
56945 149170
161640 184324
87808 65359
24079 85731
86582 114600
105743 81515
171336 37795
51377 161232
73178 2684
40003 164261
99315 152919
198969 2913
145627 148203
98313 70326
154443 101870
102361 109655
175027 136148
16745 31913
173353 140975
47727 36466
151137 38246
63700 174323
170375 165189
169241 35758
69807 100587
146850 128620
36011 48691
13751 59391
122608 54471
60399 127395
185337 146276
70738 13955
101399 177076
186725 16862
53413 134921
108443 128960
78854 185295
136532 85664
129964 131451
64123 13490
69599 86430
85947 153124
100937 179959
85342 177152
117796 173695
104699 170847
174611 97476
120685 131706
101024 147226
177472 559
14186 92422
88428 17591
192614 34542
103704 167039
196244 125562
170829 111241
68456 167549
66965 157721
69198 56318
108589 58771
43414 122393
9548 96376
107764 28147
66942 113874
93096 50564
65880 66374
46550 11092
16110 76504
39565 23012
179569 133721
113062 116150
65552 119515
187528 26150
96642 35990
13294 65421
85406 21712
165563 150586
24298 149855
138329 91122
175813 172333
5690 89216
107178 98060
164456 26551
61718 58668
82995 143480
83757 13019
142456 22962
164079 68974
49162 48662
48708 186011
147497 131257
124727 110970
107678 186180
53691 48803
128443 176061
154939 181362
187870 12484
73178 33780
54319 53597
143647 25111
410 105438
10632 195032
132490 161377
20296 193116
128730 11330
10004 95324
39611 33269
158110 21371
138608 70064
91639 120358
171525 77457
152143 106543
94857 162041
156919 5487
87492 34788
124016 4967
184364 47236
92104 161592
162644 112517
25083 29640
76004 56511
82977 132069
50788 11731
81819 1636
164499 126873
125603 191778
194515 188625
96019 32376
57889 10525
112226 20136
2842 156065
196915 40146
36683 28505
105239 144117
154056 119479
75367 88907
52735 120561
28897 74060
117182 62707
40632 11463
74297 64443
21676 159801
33099 116253
73926 65251
22804 47086
108467 111408
107803 92115
104371 11334
46016 58108
52756 105305
22662 108481
93272 89065
133744 5812
109713 199973
38154 65680
118932 85424
86969 88703
39267 110360
119775 36398
14193 176804
63427 106217
164904 124013
195924 15059
37742 119196
189799 82336
29553 2023
2020 93388
196170 179618
114459 144143
127777 10924
111744 151794
719 83679
121205 19927
18612 46618
21819 182931
136984 23937
100420 118920
180396 156980
53113 47246
63158 95677
49185 150563
60198 199293
182521 60647
4378 165058
97145 71472
138865 73893
192434 152768
183728 83801
21470 109735
86730 124016
14698 115963
152485 77805
49374 38085
28384 185143
138416 59560
8407 38773
71149 46305
103795 179151
69486 108073
196576 138497
87643 164648
179336 86749
193781 28933
150350 6436
37404 188939
9050 79846
18042 171035
16986 84671
186148 79897
142705 132232
8593 82854
25829 13082
159067 58028
49903 74563
102591 95690
189637 64963
58792 109222
53237 62421
1708 82762
126352 185774
96549 183476
79340 50727
122019 183647
13877 760
151425 141626
73875 31331
106331 69088
61155 118185
117696 8653
167717 169545
38463 25138
121222 2812
195741 70663
115563 16119
29182 48218
89394 184488
183520 163159
44465 144651
178248 58714
55619 164518
148216 195258
123392 24258
117724 168282
141316 98072
99794 138723
28428 119017
99246 158632
116510 98298
9650 92958
158416 24745
129390 193855
62064 180728
147536 62648
8003 183880
18138 14997
179735 91007
189035 95181
154577 22011
99202 159011
143707 49599
64841 188082
170515 19304
127960 154366
55544 98512
75373 168712
130959 7322
136088 157853
187011 67555
189447 78638
11315 101111
91852 184604
188056 165015
77599 93047
39123 194000
87569 149667
53119 96629
122444 5625
174050 130407
100191 96645
1759 151139
68410 102750
47167 3238
122939 141030
169878 83975
111511 38589
171063 189069
47786 118009
29009 152297
173445 41974
107655 6834
199253 33731
165565 172399
100408 193887
17002 31794
147093 114324
134358 5235
193857 30813
6918 158955
57746 114297
847 154045
170225 17827
154552 72965
149887 915
145686 17628
171359 122514
12835 12843
51461 35635
130966 180957
106488 174791
44064 138250
6324 90368
175198 174845
180962 137333
121067 121882
128699 129962
13043 22185
72753 175906
154317 121674
35162 182888
101109 132782
33933 26361
27573 147632
88042 111884
169733 171977
192742 157260
105181 80193
113775 7385
128676 117860
53027 166656
83345 155878
94901 102327
182286 147569
179791 29379
155411 43841
39138 9679
92826 31491
53649 96573
105191 62957
191191 149143
193601 173775
120472 74006
191525 139106
175694 159859
45799 92198
11767 12769
130021 93566
27746 111259
122415 195824
69648 189394
137611 109070
167501 123964
49582 95187
141910 31628
144441 34267
191581 29624
128468 190563
130191 68719
133587 117775
73965 130843
118261 159178
62589 97994
161014 163303
174763 177759
87319 171601
144197 80451
56666 140784
61656 97739
101353 158443
151700 154732
123123 197061
32558 46516
91926 37905
9463 21039
160337 52468
16144 182722
99606 66630
111618 167881
151501 32267
38982 100015
128688 29344
151344 23344
149055 110161
153425 150785
49585 55265
96879 62646
177798 9850
55808 164395
20003 64309
145520 125408
145965 56820
10383 84132
168138 103106
139034 34762
135162 193474
189714 125159
98019 60855
61715 86357
86897 46645
111025 180761
45001 13963
35587 156821
177088 72553
143881 128703
66475 125844
132168 32478
29816 48837
146416 41326
105705 154899
174183 154465
51634 76123
195562 96572
32040 118505
60492 149576
43307 33433
36031 151784
57942 21681
115474 169028
120610 133873
113116 87988
2117 64041
148809 170662
72589 179742
189064 115181
97917 198715
168866 169967
14544 82908
85369 126447
181594 173059
129748 189995
126489 147468
20678 120241
78816 53436
19442 32910
175458 78976
55492 79118
167966 83694
54106 91683
64917 131834
182366 20052
18012 180863
86620 129750
92201 8299
154039 36890
120437 41399
13151 162242
71218 135154
9081 192171
49309 99755
155065 183981
97822 118151
168730 92364
109499 48878
160383 67262
51664 52290
151157 26325
106677 140468
98978 120747
1249 136539
140800 82687
85070 4345
104789 150112
198972 71376
59725 151837
168616 71457
69737 27828
15845 187919
17684 4101
78602 38249
127608 196261
155453 124242
68274 163115
50582 91438
72983 153233
39389 30077
367 27999
137514 18614
132365 143052
167871 161207
108963 160248
163172 168166
29786 56133
40796 199927
164537 153676
64336 96918
117519 84138
55087 138588
80396 131806
166242 20333
26410 23371
85184 187863
130937 9853
49455 78530
120077 96845
103710 13949
168566 24251
108013 75050
180124 42303
100755 49120
79139 87641
84761 74405
109112 42643
852 46628
32360 60429
89571 185873
65710 102076
163312 185912
182392 44465
37772 173962
65526 149322
74578 1040
128501 21853
196805 116608
64519 174695
77360 60051
72403 100905
100408 16269
163637 89266
67945 123807
179616 13000
188939 173538
13275 109346
13297 65493
149601 137754
20183 13493
115736 151543
93709 28405
102547 49778
88421 34987
19546 68095
165782 199897
193499 22390
194043 46484
120 44685
43374 76301
165966 27970
127823 88593
104690 17662
100394 134899
10907 159220
88457 114327
66347 174184
22517 138617
191872 88022
70730 31942
50265 57235
176715 51658
113968 102778
94282 191580
3234 36826
135762 89272
156574 17653
86178 113009
182621 198972
83754 144684
30559 115146
169554 160596
25928 174846
97835 190586
124111 143866
44679 148327
15610 184521
86297 46578
193391 79697
155360 46736
44613 22452
153328 30447
168592 179720
26908 170502
74224 41952
149535 152803
159280 70867
132063 29597
76073 28878
74513 1794
196892 22044
56728 134541
94849 181763
184359 104012
151322 152327
49693 152172
31719 74583
44148 108053
84266 40328
1500 31643
42544 186281
8003 28331
118024 79160
11262 39885
13538 162341
132669 169503
79358 183984
80537 114253
162076 131910
134609 136465
102500 105709
95418 163642
77935 142544
19426 181150
142204 38503
121465 48921
157250 32670
64827 173559
101079 119817
175119 85708
159036 26682
109142 81834
71595 181889
167580 151183
32442 82145
50172 39200
188567 29801
146735 171608
6669 24931
25789 49988
16158 135629
82483 36018
57077 26829
94190 105551
139886 44781
61820 75975
47981 142383
65721 187503
3243 190649
32869 38680
190455 192618
66008 103426
45654 103040
124942 21411
165081 63622
41445 2629
36553 82087
64723 198594
66359 41662
63372 140745
111126 115609
10317 117490
124280 100891
7770 81511
35289 162288
191822 51880
170869 166326
173308 173193
154677 196948
140316 129367
167718 185095
111833 185685
103584 123147
79269 13582
141317 183711
130865 127611
35152 19671
10412 117656
170470 88616
46787 76576
180395 13569
5365 63204
57322 183228
9384 97091
19148 4895
180335 176480
197743 156853
187351 129250
37917 74360
121098 36063
90352 72486
47933 113315
90795 75849
16969 114523
195282 174700
139422 155350
175876 54361
155590 46631
127244 113876
197252 189771
197510 186012
186990 61325
152288 144418
83641 183322
48571 57549
145635 172377
27106 144529
44371 134032
151142 49998
99963 169897
50255 175799
164249 43624
120435 143991
170633 111799
135260 5595
125333 193356
10416 71880
47356 170581
60883 92349
119698 170509
60552 20729
136594 161008
157833 96264
151733 61674
18554 21141
190177 111774
178702 151676
155497 49044
176807 21201
170604 50114
83559 65391
81910 185365
122574 188722
14950 90750
1793 123020
171821 865
129924 125695
98293 1607
189587 146431
144594 77997
148464 74070
172654 151485
159757 160421
104727 51858
90834 119556
99061 132270
109091 184641
108686 32833
18532 62307
143350 3011
85290 151730
93954 19126
160141 67425
144821 73263
193947 94109
72851 196150
44910 42699
97200 152752
87245 88250
26430 51419
49527 185594
9063 194641
85828 160520
17648 92018
77109 25236
152525 108389
54571 172871
180556 92901
28767 195995
184550 26084
6793 156409
107669 130518
80904 89818
28117 176299
60397 112431
60131 105357
198263 93188
192449 158704
2574 87865
192408 7980
66011 17010
128775 62221
130188 37320
36875 62196
68372 35209
110051 184042
127629 131683
122192 10365
185958 52094
177847 45217
56749 166017
142867 29370
36682 135255
21019 115697
16549 137974
163077 171401
190181 149476
196639 60309
92617 80533
176881 116162
194439 178780
196380 83928
36446 31459
18509 42266
115668 196400
83146 152396
110917 64008
198554 130560
57006 18437
22985 80168
158945 53961
62550 27566
4234 140258
132087 105579
42461 63108
14114 113243
191891 87643
152428 68005
176510 6907
7013 61572
139605 25042
133545 4906
63821 184808
109441 78078
143430 97577
187502 24296
177606 9814
11674 33814
17753 131282
40126 79837
19872 185185
66278 6223
142600 22871
117373 11939
35315 135738
68627 110797
16432 111310
166307 144220
123361 139712
116816 168174
165764 50217
48161 199096
16838 73807
148865 159012
150456 125370
2817 54952
174258 33649
5401 73428
49207 168881
81629 174141
129913 67060
55849 189855
53722 80423
80069 34003
27388 11374
107836 94693
17392 11793
5456 77131
103573 510
17207 3143
164891 76624
28974 52240
31971 61450
88141 96047
87546 195350
119332 149744
79551 34907
12406 188941
123826 199188
38468 179473
178510 33530
178000 60824
156447 93675
110956 197925
181522 121702
34204 172212
22305 128221
99031 20121
186325 137032
157263 198838
146618 152583
145311 130238
187516 145156
119002 128741
111024 124813
192821 114808
97273 16664
57079 131099
125930 121824
172041 20043
33763 55859
158983 140784
22027 139731
150408 58513
161147 119662
168618 166688
42137 10937
72807 132823
124926 58937
10181 72067
94699 30648
153860 66300
83647 89544
193794 131411
107450 133643
22150 169136
193081 119602
189843 58549
73545 29746
141178 145627
179724 8028
130714 151713
172313 105576
81710 190819
177560 10499
65006 164202
166116 28035
91184 126999
83624 133694
86889 162482
50517 149089
27799 141383
167133 85273
62502 173455
102577 188821
36755 8643
94817 73120
80129 157536
50126 61745
152969 47894
117456 21274
176757 147729
82890 65972
8152 107631
59744 135414
82317 110226
119561 2211
36772 14299
193694 122752
166432 19584
93092 51700
120229 146519
172158 73166
48736 14463
180037 90798
94121 178898
170101 91290
188479 88232
198119 57422
176625 83784
69988 74034
199052 9441
118011 198927
135306 185653
155578 177611
108313 119547
122680 183120
131947 137792
141046 154093
43187 168912
187645 191344
35501 27749
199829 8201
194057 10145
119415 36658
178032 174610
2399 72675
5680 198207
162150 81358
129628 199181
17840 32715
45558 77345
105522 27696
180377 116286
96223 175287
128918 140881
181627 4096
73267 24846
6026 181943
81429 144691
112073 107179
126741 21449
136792 109692
67401 71676
39043 113615
33052 76637
78806 130434
15544 182375
67833 147575
143816 108640
123213 21539
30142 4109
30795 131618
121422 122212
3613 60538
63489 41165
85538 121437
12323 181650
74781 172914
77007 58755
197845 7642
121525 64035
35286 80730
98621 172860
110925 138966
148451 160843
126586 172300
67206 157475
178079 15688
197857 56044
167533 14955
68363 59659
134592 26503
121645 115950
163664 155924
194167 131128
154636 150318
37417 68452
105892 150369
42165 74352
122452 5855
74059 138254
31775 27600
178281 50240
15516 24444
134128 111675
75606 64242
35626 64871
21952 69282
93658 180707
99341 97409
25402 133721
32689 43530
121561 96261
155892 21149
124422 14908
5656 64417
71101 63448
198949 120664
70992 51855
191061 40517
92826 99965
178948 122945
77600 7428
180572 86666
55047 99600
36195 82629
23963 170238
176097 40590
53872 32368
19147 88227
67590 28632
166983 17423
29765 155156
7083 167793
36048 7280
99400 3036
128137 26860
64972 193202
105385 170293
152846 53452
13831 8664
94498 33711
46278 19763
176921 81080
69411 42979
169537 111105
114751 171439
64054 196153
197689 95824
52473 146942
69603 175578
35675 82828
111260 31437
32426 107311
28487 179679
81965 175132
162837 149652
187544 160199
81549 70815
192561 37138
108289 183967
22354 139969
72146 86364
82467 54960
114974 83029
140330 40429
105245 138928
33359 188701
168076 163805
96665 15736
139948 27910
70704 160443
152183 172205
81513 8232
47966 50202
35014 51080
91053 145532
97109 155494
60291 91178
134002 14671
181840 54069
175549 193151
164779 87362
169041 44931
133165 135757
7933 88097
7345 129981
82878 11947
130306 187714
174497 133296
23077 153593
179864 165270
118244 55527
94559 67961
77252 34475
93882 47405
73532 184483
183824 124089
129065 128099
126465 66352
74783 71690
148241 102373
69349 153958
64300 8893
80248 111972
74007 13860
12795 113970
2284 101328
148977 139480
133965 35578
102282 78028
143219 113873
33006 194437
176055 119925
95461 95685
54498 130244
121278 155633
59735 147449
92180 170810
76089 171239
99573 5426
152781 26392
36626 31794
5804 66628
6386 122628
41199 94493
66397 92859
191664 51935
158087 114050
11410 24270
198094 113808
15846 150341
161087 58341
37051 165737
194819 66289
122876 8148
115438 147762
37572 104108
35672 94521
175225 27304
185248 125023
77765 52768
32605 179736
103349 14883
57045 34524
97448 15393
170154 60592
196483 178363
181547 153221
77896 64626
176682 166363
156628 133305
139242 67806
70108 40516
120568 145965
150263 93714
40710 179747
63648 112036
23805 130909
155067 69363
149399 108565
190293 68830
88113 80294
158466 183147
196204 92890
186452 163363
92810 119648
192164 132927
30403 45430
117605 190091
50606 190225
28625 129241
186026 75471
178535 190810
172687 37678
115199 191195
27911 138697
59922 34793
38029 178986
73364 6205
42311 55910
157209 54702
103321 174499
33907 124728
101572 26834
121024 107127
70943 186252
7969 174671
72555 10600
72920 190946
102090 88174
174006 96098
26031 21174
42827 144817
99031 60662
132289 20829
32184 4171
91807 1717
35615 185428
34409 139434
188340 158100
42451 9926
124998 170355
76534 178041
166837 88739
154053 93457
44488 137859
188264 35346
115961 110101
128548 126228
71542 47858
54075 163827
55102 83453
183295 69467
56892 197135
60094 167445
119750 50732
191735 34916
187552 115466
136323 56610
159361 109637
195608 151642
49049 20923
90365 31377
10765 3125
36164 99446
371 128377
115612 198336
43289 17751
67492 50780
164635 164271
65899 182691
136820 101022
149226 174715
100312 89986
56775 130212
17901 94685
93448 124887
65176 29203
6907 93349
47584 1128
146884 148844
146652 50999
17169 145782
118798 58192
7949 174396
148989 94727
13564 124862
163237 54944
61064 122441
117780 59700
27644 34126
160511 124869
50534 72131
22449 194531
81617 135580
89099 13546
41920 179402
180966 118979
175595 97811
159001 167485
182642 7026
137753 39159
107997 142636
187743 4860
68 159252
15413 123751
39517 45305
7214 147004
171760 164694
125198 22385
41058 197441
31782 136957
153183 197286
73211 91009
47183 64307
156293 168606
183416 84765
149484 108404
9910 34448
61494 54973
19763 85945
162708 163536
135292 189159
121782 91955
30144 120651
94576 116780
162806 7748
51827 43870
51541 3608
144389 137829
141146 14861
113758 794
158600 74190
17574 121860
88139 3090
44381 192478
73316 31920
57944 6297
12342 116314
134542 163912
143199 110939
129401 170296
91633 135181
183676 127034
85077 89306
178985 141875
88627 1281
154063 88810
150744 197410
25420 79603
87886 11297
77772 162166
114751 46131
65040 102453
108083 163061
76355 177513
103114 33538
116737 46657
131519 112525
88898 27364
141605 32727
75507 180827
35215 10319
80863 59236
170735 145082
70882 173574
84923 12055
178777 180559
67961 105216
38336 27800
127663 101205
68365 173644
50694 77567
158538 52741
150470 75114
27950 111607
187397 197174
99002 117738
67217 8786
115768 145730
177940 146734
176165 182184
109961 147755
133889 192880
182577 94347
139697 82488
117053 70972
162686 19760
196986 22556
14314 103624
169248 114493
119992 168063
39646 112406
75943 24025
132122 117336
163792 61906
171212 151799
117970 141027
160210 83108
56788 119149
123918 13733
19001 41972
73070 150731
55775 28709
113027 194127
69723 93422
177154 175636
156667 136718
38593 67812
64710 114961
143284 3825
70886 115448
720 76737
10297 126478
164697 154451
52667 101969
90325 17898
133422 117194
97851 103262
152019 46776
113275 182778
154531 36586
198405 13153
57823 175173
190124 41691
123109 54616
89730 130107
30884 36958
95475 102077
126817 48390
18971 40449
65318 1274
7043 144853
89500 120019
172945 132632
151024 91469
153873 30183
96315 61376
37189 184980
79937 47613
89239 101807
99788 5170
1811 152132
141467 189787
221 87463
128741 140953
55800 106762
171276 158794
12106 182920
53881 8081
53002 70430
19183 64459
166953 106342
88704 171505
49558 32771
154222 135157
84719 113688
191962 140537
69984 161621
178168 157828
116342 188778
115656 7239
193035 130636
11406 111724
11529 6526
130737 71397
98915 26035
72876 62814
64887 116691
8228 13339
72818 192219
154994 20800
191253 173140
127979 80969
74374 51636
101586 146754
114736 21614
173099 190896
166968 100029
62486 132051
184166 120176
114469 48879
20798 93792
125308 185565
128397 78919
1629 193739
85206 66838
98214 131490
114591 112482
31966 137239
39123 76145
199312 141352
189906 130934
80638 17582
71842 44654
128198 132620
94778 61307
164566 16652
65718 28529
190263 192418
158430 131889
131222 123241
45383 109646
54327 185809
67696 179844
149935 45096
21538 165936
42214 35745
53728 187108
57358 151059
153415 137404
41738 32158
82325 147637
6242 3749
120856 183154
32224 55476
36337 173492
182463 1762
75883 188318
71593 134076
67782 92041
110077 118851
126610 18631
95258 174786
69709 28958
192437 121808
170369 182382
99581 102391
1853 77779
82746 109495
143670 154429
60470 151187
22157 25882
105348 179732
193617 81296
97147 115389
171156 105034
128857 174945
117997 197090
104727 97634
124213 188633
113515 100891
105086 65984
126002 103298
12287 147362
92482 32958
2208 131108
175955 193303
89660 167972
36616 153647
114240 81488
86385 84058
48509 18510
128716 95357
16259 75372
150268 163370
140847 136160
129790 138732
35222 155527
146359 131408
127835 37642
122689 94528
78404 194092
72319 37158
43677 1297
113017 20187
180077 183457
145231 94848
181494 10642
108569 159207
44609 155953
140565 122530
178111 60860
169176 137937
113193 179719
72255 9097
16176 99590
125555 36620
80030 108760
113192 52998
153134 9811
64423 42527
22996 67357
64795 14578
50851 23321
142603 182531
49786 148550
62670 63391
5196 20705
28442 29371
133251 68904
175266 5624
104985 92706
65954 131536
139403 84773
89952 137120
130588 83830
97395 34978
182592 75904
93187 40234
149295 102943
27353 90074
19614 72478
50557 108022
159545 119921
66310 90818
119230 185470
137176 55345
83200 19100
118769 149913
143185 52356
170438 131511
119611 186809
23329 172159
63318 86031
91514 104181
111206 161908
113254 64866
172242 53303
142242 186660
150777 93167
186278 195180
140824 114653
174141 65625
17903 121629
171266 139955
36928 85727
178918 101470
12036 181535
32157 157288
161148 196601
152871 29057
192668 113290
33793 69138
111299 158010
80353 166153
123346 110338
184466 44072
155166 51361
103111 179308
140688 74438
36016 113146
137681 94867
30651 127205
154627 119951
50133 113799
126193 148004
190549 158913
12744 23713
1029 34372
171699 129618
20206 159048
198968 15238
178173 162569
82001 188822
194303 177235
33347 2367
49250 141565
173123 119065
41641 26440
33714 32559
95770 166971
19722 149981
10870 166177
71832 92234
191630 100321
44964 79888
189564 70953
109334 180520
47939 39454
9346 24603
102417 88233
111418 106964
56903 165720
61820 157713
55611 177764
92487 9561
136820 40806
75485 49444
191836 34466
100470 33614
84682 63068
176580 141155
23946 72487
3800 61609
14066 168613
129635 82282
82148 156055
198369 138164
74402 17183
176309 71737
41845 16067
37000 74209
138732 77995
49710 197401
90840 12916
127890 73406
96751 3797
199221 195463
157352 55669
193332 64685
48260 135133
14185 153160
167681 148113
159411 122063
6408 36626
69468 70735
1025 79241
53009 22555
6305 162460
3153 122699
126935 25217
175447 146083
45585 61764
177650 86127
184184 180738
63315 33874
198310 128179
124444 165046
168577 57833
128325 114339
92956 89955
67438 115563
104291 17006
114707 33365
116343 93577
124733 59046
88488 84015
81261 146124
27982 75524
122724 25513
47114 102141
106506 112196
27723 89021
179134 64767
152070 56927
151284 195291
33434 159179
69798 46985
121287 185547
13371 36396
18082 90636
15433 168210
25749 54446
66764 58349
166878 65421
149264 13249
114469 41314
123877 162197
194211 141452
160704 168830
86655 132186
47432 75504
117038 124035
49531 56419
184774 148104
18317 34498
158079 158250
11378 57947
117945 29340
180528 157422
28743 38808
115764 90869
157144 63550
148730 182667
95062 82591
121100 175102
22947 75452
47386 22093
193829 23481
110474 176513
49014 46472
8808 185126
102655 171297
189175 176417
85250 156773
23290 12022
1011 187995
72380 65911
49700 103252
65847 56516
102839 70005
76049 65793
55120 42040
196280 147700
109682 154204
24355 66292
38629 40976
180885 199269
185479 1955
165555 14779
121475 164955
39387 43294
115720 104327
188168 131132
62647 83661
41212 121063
133330 12310
164417 132979
116927 142965
83784 175284
126460 27899
14780 157702
57226 49377
141665 196768
97553 57160
10353 3740
11429 154142
11374 15728
174484 110886
55498 166236
36835 89682
134868 191597
111183 169185
124740 116902
86693 74367
105510 96909
144580 108315
31614 125681
43437 144898
172510 81020
121248 171501
7291 63264
75837 71885
110404 167176
56780 57730
48185 186578
75247 99233
92723 170003
199418 175677
108295 138507
74724 17055
87605 77775
196232 107694
192636 52612
87267 31743
122039 81949
129783 53481
82204 198259
17822 134919
96063 28371
191127 130993
103779 149129
176848 101347
94104 184454
148458 94616
152022 107057
85776 107962
3305 10952
167921 59944
184901 57391
117363 195024
82517 40226
47799 149257
103590 193139
71316 135224
67185 167098
36615 23141
2282 147838
41880 48238
33524 85477
24270 191982
69617 88739
92571 125818
154108 166173
96539 188834
51895 118793
168080 34200
60255 127055
103940 108322
11816 71570
18373 74643
37729 112629
80449 56100
15052 48467
162222 123697
12122 142901
20311 57850
127583 40700
46908 154754
146687 37420
31945 4232
162512 52512
94819 167346
198498 38956
81631 175945
49858 158889
40064 43568
159215 167238
96805 8635
22794 187774
176609 174863
80115 148837
103317 34888
146013 68237
6705 120814
113382 177438
169453 175012
155097 86094
51941 158193
14270 143071
122641 141164
55685 172814
172038 77086
197008 130765
105612 120038
180103 163500
6304 13186
114899 132588
40850 81450
79548 104659
112969 102796
98904 159270
80900 180312
147328 58191
113097 179381
1278 178260
148130 166143
81081 55146
135802 107080
132530 41621
178855 194879
93319 191045
4300 138774
85716 87921
151856 47388
87608 165993
111982 43298
149649 124971
48330 98830
99700 148260
196813 38363
55238 37422
85825 117422
192521 41639
127885 64238
165677 79737
188178 108232
141636 188119
158791 186543
43424 124146
14380 190751
178789 70906
122559 46357
50447 176154
178242 63168
66406 167257
65905 112833
109102 104270
27619 12052
92652 26249
78188 157155
191069 194943
101276 22790
143353 12635
99203 134533
103772 44252
131637 143891
101218 198640
193679 195615
136303 182295
136781 123438
161501 44410
71261 65689
158354 66800
4983 197634
64438 178306
199030 170397
177167 163238
94432 21859
136352 112000
162945 185409
84938 109338
22723 60175
174908 78564
71585 12334
147180 141619
59732 182296
171908 61692
26607 142728
64901 142726
7251 31800
103558 151861
194302 49969
70217 122924
110318 153516
17857 35448
169189 53344
129489 129456
157934 64934
165581 159888
144451 619
23871 176541
41354 41929
7289 20128
101072 56378
25114 131380
96224 47286
8148 1548
164413 40184
63036 152028
26059 95372
39821 56689
19188 51079
63535 103542
167028 199193
179761 56847
177967 17451
76308 1277
155622 145048
46514 20854
44031 127149
11928 48128
64070 32033
143987 155925
111791 126854
49099 9166
29465 47955
163166 91144
158439 4763
64196 25608
173825 119669
127391 166620
83939 104557
150811 182843
180685 3603
2046 183280
1496 180948
27578 172008
152525 167472
197085 196263
20758 121351
98624 89851
55723 198643
45657 77078
80979 138832
62511 67418
57336 133776
126081 29815
97706 19066
81951 74627
188425 129188
79809 114128
162217 30218
29771 121949
164196 15358
187573 180867
144822 118541
2830 34964
126520 36866
139733 48858
8698 66720
13954 12213
163380 62238
172174 192093
188480 136230
2536 142952
190603 52981
74196 164391
187013 148872
168169 29893
46851 53713
43970 29690
99730 174606
178590 3308
6556 98215
157366 186172
56281 46649
69547 182949
19944 143232
61194 36395
179108 192946
197691 91830
48996 186489
118193 100764
41990 94620
38681 171847
11255 42999
23137 57736
29283 25881
114466 122506
147850 90787
190198 76057
43418 138709
195327 56389
43901 101261
129528 178162
6966 26612
196425 198564
21874 105092
116899 132524
29050 29607
113511 122758
194504 140776
107856 193163
35573 156711
1851 47060
83850 25127
87319 49494
132960 104066
67264 197660
44378 113328
115979 61306
4127 44731
44858 10695
161164 150307
78347 21934
126702 179771
88607 54714
167960 6071
74165 176609
3127 94638
51744 20344
159472 136815
73666 19467
15899 174259
89842 7201
117273 84503
83816 690
138312 68016
131545 83863
42944 143589
76340 108229
128291 117069
16328 60997
130174 132176
65668 114338
118512 159901
129011 12980
192371 1819
146574 171718
190337 59565
6212 170502
117836 102945
71461 172984
77101 10575
89062 133677
60895 84393
85898 188190
2040 22076
130430 42840
115833 43778
119161 168098
155961 116049
63538 190077
36057 143786
49126 148035
6763 30882
180776 143431
61934 34194
2853 94636
28296 23591
196977 41328
16571 50667
67009 7259
111983 51236
100494 140028
8136 19136
161993 156379
10366 95389
7726 46864
79391 10868
105180 82523
16834 17340
176793 122963
167258 186977
71609 124419
20353 188486
23257 120820
12852 175190
102991 71177
141760 92182
115326 148568
114198 133750
145792 106310
51182 165349
172324 23479
42868 66747
14683 117397
193535 173080
158379 6617
80716 166389
78057 142351
179501 21038
64607 142190
172398 136634
31581 151402
16369 32584
26162 197412
71926 87889
183161 106660
131033 182244
105413 121825
115076 109077
18672 153216
88691 33882
70248 147979
104624 193409
7599 25280
126862 10227
148962 40182
24788 117926
110669 80328
86798 19688
126661 122343
198806 10518
33800 39996
174452 53907
145522 1101
65951 184542
91753 60294
80042 118520
132331 42511
115456 120704
172260 35648
84567 49702
190980 38999
15551 161814
92619 166753
154156 168908
180807 47864
139491 70196
137399 147857
145655 124336
61793 94572
185796 131605
130771 45784
120214 44931
162372 159301
49854 56351
164790 189990
88985 183655
123889 179428
164369 4168
42837 183509
66830 7868
160539 63617
150819 131867
105090 174583
111068 51236
187137 158972
138546 80829
100696 75021
139911 74973
69879 35473
177558 119253
65133 153495
146077 60954
83649 189488
198914 102997
177481 90913
34307 186152
62849 158024
20301 144985
192163 144929
109133 173412
119007 106237
43522 40769
124079 65256
87423 59179
61519 81721
780 102349
165353 41429
14817 27358
107745 111183
50970 64447
70824 15493
30590 68631
181183 34916
24083 98147
104428 180805
51445 66959
180627 90013
46414 108948
55517 105160
44913 138459
145911 109994
47697 56925
51108 95536
120422 8430
74269 72336
69821 95370
95177 187853
30722 194039
171025 80343
53317 71014
76151 38614
22034 20316
27592 122471
89007 69505
150960 69463
76816 148801
87150 125319
168178 75713
43700 21248
165617 145284
139324 188375
78456 47090
163961 78711
99239 62296
132558 28747
96230 19555
42316 163589
29162 32249
106921 71595
197246 128744
168213 160027
45519 65976
173180 101554
75570 46671
153784 156299
131363 115910
45490 66372
115587 190957
53556 84728
56206 170870
162994 162090
138494 129983
98215 169122
149401 31000
94407 62880
551 16032
121823 82860
31256 68444
96623 170634
19738 138683
57735 72866
125858 149117
46511 180189
61502 12771
89026 122038
146200 44962
68178 85009
194026 51530
19981 6741
189850 131904
24063 36783
65797 106038
78607 62551
194718 125410
140267 167760
178404 100645
44038 80882
53894 195239
12438 166643
18616 70426
165650 108990
3473 111615
110289 193038
194890 154754
102042 29946
190158 6943
98991 155959
164274 108324
63530 196596
116884 81137
159158 26854
38545 16741
136020 128735
156690 183515
164843 9693
101125 88649
2348 111344
20324 69799
114759 21896
91750 152387
2357 26838
28176 43173
83473 584
36384 190618
50073 21338
108873 11561
432 66669
199634 13816
49086 125986
43269 146256
162788 141855
108954 134071
59464 167477
35040 29576
45260 15750
145277 102528
20958 69278
195962 184030
161769 143654
77427 36965
97499 9618
121136 162131
103555 199980
99806 161976
158469 166895
197251 118662
132450 68490
42973 8499
16163 169695
17682 74952
22224 72946
70697 35761
67473 102828
3629 168202
124699 58416
128015 44455
64669 184958
139791 110924
17755 188326
92790 151733
96526 44475
136006 184715
84426 193952
157018 185779
157188 71634
119789 84848
172936 123349
182854 114509
55926 197532
128393 184111
159595 132080
44679 155461
60195 7528
89133 82416
130787 125269
150676 123006
173036 157501
168117 140154
54782 102224
116282 113915
4160 122958
81759 188716
164033 26138
10581 96724
153782 57258
158662 71459
191304 176332
140375 27100
82958 1165
73595 60264
149370 14595
61967 89392
113679 194531
6663 34962
139131 93210
144583 165852
107431 162260
165866 100419
111552 187876
3953 161849
109877 55438
93645 80545
177344 122685
102970 4481
127447 85631
21467 44935
22826 14927
23227 131180
76275 33956
102085 43305
173877 35856
99534 81475
171810 74898
27207 137992
6119 34251
72725 90501
152680 76912
15961 131521
91499 159002
165991 61377
84319 106242
97912 63021
88177 41282
72462 168011
64009 123373
118793 191338
154852 86731
9980 117248
189461 109408
178731 95033
84606 120258
58592 127361
66063 146835
196473 190513
92438 190689
196585 40557
86576 19936
44686 44705
86759 195159
144392 76138
109920 120053
155341 167831
13469 21573
172929 128916
85098 44538
41366 125907
154400 197005
166340 45917
162835 71763
147485 179740
199436 112226
85920 42496
54795 163624
104179 130116
66794 177903
153303 147781
161628 13825
37280 15787
58739 174267
135531 88977
70571 9974
114730 242
15428 146872
68742 199127
23509 89782
149514 187302
21535 33792
74153 37619
108751 147911
193934 83855
123152 83929
58033 182120
142438 89315
18138 185380
52879 177135
159455 126373
98335 184925
64922 87480
42212 161226
74533 109375
18435 81866
34300 189535
113872 196042
43930 5706
71073 15611
133988 92843
36894 5878
104300 64506
53607 69065
106855 19984
18075 138205
156977 130595
137777 130031
49508 117657
37729 136651
47071 170579
100244 91575
158134 49439
172756 57282
181284 133062
10766 75198
26847 186620
160687 17291
126082 22290
100819 12654
64281 53041
193459 177570
60662 16032
132279 97965
76514 73760
22764 138712
170422 79001
65484 110006
171100 112692
14214 174318
47379 177468
4167 165272
158569 52224
22849 58332
123530 145051
141634 12657
191670 41510
179347 17515
8236 152136
62992 108922
127277 190020
189584 108317
130724 119980
121577 119255
62959 109062
89672 119575
98953 81567
93607 91382
78328 86724
161869 15250
54534 65587
132190 29053
160795 86724
182403 65568
52965 93908
193746 189247
29109 28280
13245 36625
100092 163647
53561 150523
82611 97378
53851 61615
12928 140865
162076 191781
196899 35467
50369 181181
65403 49439
171128 21561
53943 95742
177922 195352
18307 81613
171659 136321
82550 88176
195747 7469
121769 5987
37554 98702
65641 4552
113290 36337
110779 3724
101059 115348
73779 188037
27820 83841
165739 32322
195652 77845
80140 132919
125177 114552
41206 28145
110118 74882
147453 64143
192614 66841
173252 35602
118795 182784
151755 118912
65339 14296
45683 152865
73892 14072
114500 148580
85772 125302
44270 90408
43970 174771
8803 41336
60003 194125
94693 132972
162531 54066
119001 121136
29271 42155
98105 143183
47380 140775
69329 139126
146628 157965
22186 155122
175610 188305
154526 78685
158165 93910
21641 100688
177917 190115
87508 163825
152667 17622
196383 185302
183604 153087
72430 82200
103176 172180
76863 78258
113393 65909
84261 37849
62458 153139
1548 7910
67588 19019
97099 44532
79472 40950
193309 137972
98483 129897
141124 95808
86569 67017
129424 2448
18122 131625
154121 123189
199778 127945
157055 180223
90873 11811
32751 179531
78974 98501
118339 11401
196244 161498
178015 197506
59903 111023
128475 37553
198908 168213
90103 11656
194748 33601
131992 182893
7304 15020
181192 81157
174597 20112
120961 126762
186407 8508
166526 129837
63259 70740
183777 110981
11245 176403
65062 27747
108425 25624
58081 173965
78138 3297
195698 127750
153985 162027
33425 179630
195496 23017
101015 70306
91764 126205
84834 46528
127873 90522
75650 169764
46972 188104
131816 186550
174756 52749
32900 199304
147207 197773
104757 128421
180163 131629
88723 23675
93077 178273
13692 110862
102567 136596
133193 18413
91102 93998
194699 122709
28787 181553
85224 95632
109021 177562
109157 21221
110460 108681
146717 152638
79041 11312
148288 62788
110252 195630
62649 101715
65768 106780
167570 3710
89558 149075
97124 82205
31305 182349
108350 30558
18810 57432
54277 153882
87615 108876
49252 49117
34525 68367
97374 19567
133893 38953
97831 103528
159120 105930
17663 155572
33728 21372
38096 168097
185867 112632
148769 118240
193745 81761
146288 199180
183428 101669
151974 127425
145083 79738
137782 126284
149703 197569
133030 164489
158995 107048
193863 51957
22355 149856
111374 58843
15324 91097
42477 129673
164358 13357
68124 185761
53705 101891
149607 48026
47299 199733
91107 147692
191831 20600
110614 65652
34904 61620
1134 31589
35165 126531
73812 106265
153724 188348
2617 28993
127889 102355
53425 28291
197433 158844
23718 149598
131704 111477
63889 122341
178828 170810
4452 137407
95112 174944
90676 59303
101793 1162
110117 39297
45555 50502
3165 108326
49431 91305
109361 123326
54024 168080
193176 92481
128538 119217
97967 102654
162619 191735
75847 43569
159380 136535
81105 17009
490 78111
2202 186106
9263 56909
195165 41772
122887 53278
4841 57148
197237 33414
80882 137301
45644 185978
116521 79851
182129 99861
54269 196123
85165 33378
179179 189957
60102 89533
108307 21198
30392 145959
134966 181011
197341 39649
3373 63658
141569 867
180023 112530
176318 184437
188711 152750
86381 132534
174640 108287
36370 173361
17592 147373
87777 52395
170247 174228
16797 186168
26995 24612
171931 42882
131732 199783
20606 122325
126990 158046
7870 54814
167130 102579
111123 100910
103087 59910
102835 170638
188755 161659
79618 125872
45925 132939
19304 170406
64557 41515
108566 85556
152441 135115
73370 88156
2667 50462
52705 179273
128801 160199
12911 187991
45360 175072
174070 157606
72897 8092
58961 128600
94694 57333
90450 165922
180485 51888
174666 194581
28222 173055
52657 40712
186252 65781
193893 89903
33068 180689
117497 180529
86514 108673
118392 25728
152581 165508
89733 12436
191780 65412
14291 96772
105594 131420
119217 145608
16145 119559
17580 32979
183766 104338
86446 39784
74460 163208
76575 142033
158239 18940
131203 93203
41937 189590
157128 132470
62380 133085
131803 44368
1043 186920
19356 85985
31669 72493
153906 122371
115794 130195
108438 70320
150561 23398
64512 104847
190286 22256
107010 92288
115465 108510
90802 36089
133207 43654
35096 184324
196838 101379
28449 148766
171839 85929
172111 70489
185712 147733
174696 6213
34352 147515
79934 147299
69086 152149
77727 49732
175874 195214
67116 194080
83845 120067
125897 107291
103570 20140
189224 62316
142170 140524
114539 89984
163928 89113
4314 193148
8904 185345
152731 23699
182830 96339
155803 90880
188813 104931
195249 116288
135154 49155
37132 54602
147934 182706
170702 194314
95577 198389
154968 198343
49354 100565
4002 30677
151827 74653
22797 40432
167017 120501
8046 108808
100365 27808
147305 85769
175992 60226
107417 9002
184936 139213
129165 140223
10903 114909
35603 188
175359 36663
7620 58588
166170 186636
56273 144332
143952 26267
17483 41404
2991 198798
151478 161954
111916 103814
124974 112358
57630 116098
42964 4575
52257 169573
116340 58602
77395 65594
131934 58665
98392 94791
110239 126619
252 120587
167930 26383
151862 164870
182589 659
91097 106334
172846 85453
128552 75236
50801 154391
106965 128220
125388 8905
83270 68326
102523 118120
52751 157559
63961 19896
102884 65866
190265 156498
1478 154756
194694 89580
70923 111597
144115 171391
139639 129802
195629 63200
188399 173299
13128 197933
92744 135656
131758 112396
139933 32641
15240 42161
86643 55666
24778 35809
154612 46163
110736 109989
33497 82900
71336 129850
133272 12768
179942 8564
147732 85926
135183 13566
80179 3704
23757 77040
101216 32021
82703 159488
122381 192235
3407 10718
6705 18440
152020 176036
14575 9155
118161 54955
136067 132768
83946 67537
102889 115613
198778 185885
60764 165362
81011 190963
130062 74202
63967 105352
197457 150066
60812 150402
166784 8503
145352 158436
72429 27430
55226 28132
150570 139233
83351 150796
99081 130499
17743 137279
57419 37605
28629 52725
3480 91791
77017 32992
173093 141968
167091 66354
171638 186051
45913 93969
165219 17764
27149 22699
152811 172023
10971 51464
198102 92635
157592 78704
196081 3776
151473 77020
43530 173496
151366 74105
16530 47564
82186 148038
117567 162909
163803 193549
154568 9530
191024 179108
59840 199317
36575 64725
146230 142146
186047 117351
178096 109770
122752 102024
112776 9509
165874 101514
43338 190818
137256 151320
83934 18622
52957 81198
4377 169782
55694 147896
160405 123309
144209 57113
139921 120884
75176 76074
175407 183428
171043 50968
5597 138425
26194 133834
51526 106816
62605 42227
181032 198241
149023 174198
53616 166105
163443 179329
117367 184981
2235 47281
100881 197162
100108 63533
133641 43738
1158 123712
32089 91292
80981 146602
20931 144424
85382 30729
58318 58528
27641 20364
123183 133525
108780 14806
89423 114745
117723 106429
118573 129314
18737 155430
35808 184640
174298 146456
144880 159063
35331 8748
59683 15487
40917 139111
116369 83779
114781 70731
8781 93723
131985 163643
197238 48681
62450 178147
3392 54845
109484 3398
99110 114795
128137 138901
126400 29037
155880 168666
44499 69806
199131 156526
123772 173642
45867 99092
84838 89550
196779 121985
16816 49636
106136 73874
151045 108582
124945 67834
182981 95287
24837 182029
195324 81049
82931 60000
118649 93428
46583 93178
116236 188528
78761 77902
177714 135846
139420 38330
84709 36569
188823 109907
171625 158216
150326 12723
185388 29492
136479 95762
27323 199727
27008 29418
82490 192890
113451 124866
65446 60876
142462 90262
19548 83825
120573 112152
75196 192946
110222 129616
9720 170134
96540 15804
173283 108452
196846 139476
2424 159520
142763 53025
132122 192737
54925 17751
152802 58548
67942 113749
84833 184169
15869 46525
199073 127106
83897 133470
112284 13533
65176 163999
78433 195705
195441 90205
98782 53150
180395 63189
54151 141684
151542 39513
64019 78815
163491 94258
36283 73112
84155 118508
14051 88868
20220 83046
88407 189391
123342 139059
167240 34991
105495 50431
140356 142585
1981 167730
53092 43566
70607 177533
193721 38102
121632 23246
98969 28863
174351 137714
195938 176088
102154 42128
187501 180361
134021 165659
99047 152045
121293 192896
65782 126197
109568 189619
47151 56519
165832 123049
6445 54819
179446 145886
90320 170775
73167 123099
146871 198555
116366 197159
182207 48607
108321 138048
25162 149632
49601 32206
160094 40637
46886 189768
149924 73537
23666 186837
46059 183946
58438 36569
133806 197570
182769 256
102697 48610
91362 63086
179622 151983
65722 191980
24850 131544
94511 71979
89582 96484
72930 16889
141337 160673
43041 83440
141236 138894
62662 22424
68493 944
13413 60881
91005 105471
58893 7338
53222 41554
132406 39496
113009 124478
50013 85560
175044 79368
160530 2379
80833 117120
151932 197922
143305 99695
94448 116138
26284 111840
132054 153149
187117 114475
171507 36512
24217 51040
38735 193763
96125 15646
137497 109531
45252 141531
106898 140574
82243 101171
76592 163869
55136 78134
114886 101346
13249 179627
178280 137325
141104 45833
55287 5318
151158 44565
94766 142705
115177 46424
136490 156759
170674 167739
75886 103563
122377 174164
55960 103005
54877 20457
103974 53047
63986 4312
145257 76943
101567 10979
27035 122969
41340 195093
103320 39912
134782 3744
61766 54391
183763 106228
81684 159558
12872 135153
74445 174979
130970 73738
149675 21165
165594 23673
113537 62795
66618 170918
185432 58346
178209 9063
59963 24909
16008 186996
180794 25670
101762 108017
61570 98395
113124 46904
197064 37665
137406 71860
95115 83403
80224 18972
76050 196643
698 139834
166635 86846
118939 161303
99186 39915
42688 150717
92274 19911
27288 166162
481 134074
81842 138163
111933 20919
9539 100310
191658 108678
195942 11472
193928 172969
15764 47883
102097 1607
77646 109797
154964 4611
167024 27238
115920 68642
160559 173048
87950 52233
133986 166253
163646 27775
188497 99546
35153 81859
72734 19030
6267 109161
101938 164230
128872 143050
142698 75469
83742 123376
57895 38667
19964 112873
91527 14675
46583 179122
71777 40076
55433 137582
150009 51130
90845 69751
194652 66649
3667 120827
19993 17740
168360 4014
180098 121650
198168 44968
161624 135217
98268 6286
44285 63933
173336 172696
6694 90717
167430 196354
7978 111582
113698 116525
24717 66213
141791 89082
61338 58295
172244 52220
31997 130972
21124 66775
119297 150710
199323 83045
93542 66970
192819 17299
44750 147563
144810 182191
43473 76732
197590 198820
151779 46603
41056 1517
47161 133077
176023 143885
18934 93465
171331 47448
12468 133435
153751 178276
92856 36358
29010 115472
102886 143536
940 31510
41399 109329
159195 112752
43581 87600
11925 85881
199032 14955
125103 193114
59762 186766
35618 73023
196565 157324
16609 60735
157493 77424
62551 14203
64767 180355
196714 44241
95781 12014
194477 198094
44142 127493
65694 157380
104185 39836
62839 147104
60386 132600
73850 77513
12393 198885
178041 60810
126310 168391
103019 93004
67343 55178
156271 153101
155156 69735
40465 191717
147363 198579
93419 193300
137507 5023
50090 58921
6895 137033
107712 167921
66758 25174
75362 145916
107864 171799
64433 33566
154871 170093
12271 135094
83709 5336
87216 15002
197644 71404
175918 133997
129913 173223
27737 87709
153237 7270
82564 30912
146039 32836
55419 122323
127986 44669
27466 15560
161033 13628
126695 66358
75744 67412
123345 150049
181109 60688
148898 28108
181356 18802
123645 32736
126990 65910
187239 2592
7750 52537
186129 67162
93467 103412
138379 178154
132154 180305
72625 138926
103843 86391
176740 127603
197739 54555
125532 77011
72912 156992
99185 106132
98839 1288
115995 35416
57442 103222
99208 191264
15218 76595
123199 69027
27142 38793
1752 146363
27689 142405
413 50584
114389 135466
155770 55236
131353 167617
40331 93216
34802 139849
177834 153520
163880 73935
1245 80252
56609 152271
64768 95687
30663 105423
4775 35844
103790 159306
185743 86143
126656 115647
97903 34708
180864 112869
109770 146969
75936 146518
13454 56893
174704 194135
25860 112029
51459 104958
123177 137165
18219 120569
82602 39183
68584 169745
145091 17579
65142 88685
63991 127792
101050 70159
41087 159860
135042 60303
198146 160767
57728 2995
54839 163609
199983 93821
63001 157134
96127 35560
194117 183026
104106 10949
136818 171302
140850 90630
49338 47407
157310 146501
122681 62060
76096 184764
7916 24378
22043 66574
162373 157919
128146 188694
79844 119354
86257 71391
190714 128305
52876 176151
171496 117842
121429 9684
72211 199453
154263 161470
10447 150975
109317 120278
139988 17788
158114 81273
95577 102069
88184 150724
125640 118154
61084 159803
100912 24666
8211 173887
52579 180137
65751 5568
89948 123245
53896 105242
141934 191182
152190 25316
13417 136024
195512 5290
76897 28707
185012 176798
130263 82254
112543 163814
167544 72854
56251 8310
124205 187017
42349 27283
179491 131822
173077 132711
119621 173476
118994 17919
177585 188458
111240 151041
154192 26442
101504 83959
132724 121267
47459 60713
107527 64815
80794 18388
31121 8402
69125 141041
86983 115253
145735 187139
109991 117770
28935 38113
100935 85903
125059 181991
41895 143974
17479 145026
37637 153839
30847 43581
128594 198742
147381 163524
168123 139993
133403 96216
170007 43151
67700 151376
176625 152699
16773 163715
105994 6772
167294 138892
76600 26194
188493 182371
91141 177573
146869 87749
96446 50673
121950 186978
59484 16178
185115 72903
56232 119468
109138 53269
32501 138835
84113 96577
148239 105791
129505 5715
129251 32312
114087 196969
163121 66966
66918 143508
186119 25030
71037 196539
80066 595
1253 15496
195651 192476
71233 9493
116540 96887
107558 11833
39059 62507
32254 13348
190470 110837
81881 10578
116532 159192
127473 41657
153174 107774
137378 194140
42292 46260
192146 147277
131938 173467
86558 196388
80087 40336
118870 54037
194679 70092
67797 154322
186433 127251
150923 194210
157079 39113
98261 30123
168317 156385
125945 180789
51094 107754
106920 165432
84333 72315
116748 192090
96004 133361
120965 146878
184090 174850
190589 63803
174805 126961
17545 15687
183725 84572
49156 153871
195260 182415
37454 92958
169754 187157
154689 14456
112765 181719
129910 120479
31555 146341
84886 51129
187359 105199
531 166509
28002 124641
75885 58825
183669 5249
67420 16061
41368 91802
98834 15434
12253 76944
31698 52686
26111 107220
178803 104031
129553 121858
92307 38709
125907 157
114772 28967
40829 117410
150905 185238
192672 180495
122871 26893
115102 112716
55835 194325
85406 2431
107594 199512
77498 46780
182532 120199
41232 149284
188928 159250
6165 180239
77100 55224
134145 143592
164909 26396
127686 188558
106746 121073
104239 35519
44028 114925
9083 37706
193526 91159
81792 64639
18839 103879
167864 60853
150616 17497
83511 133766
80998 110365
71490 126483
33060 87940
109719 14203
74124 100651
122525 134316
41308 171278
11745 178797
53521 114253
162623 5622
102441 181851
28181 83958
186130 184271
91992 8603
173834 48440
102989 16953
62275 67468
7737 183913
163534 123540
59359 24536
35407 40562
176165 14529
186703 113236
100632 115096
114145 106417
84666 75101
171963 1116
85020 61424
192908 166442
46861 72802
41097 164420
170900 29864
181301 107971
148163 72756
58001 87803
58633 183836
43691 131224
195406 113859
19210 122254
144219 174465
3153 95865
145234 17769
62852 136130
8395 87276
118774 58813
48967 30342
58610 99134
116283 146256
198498 171316
146825 100886
77756 93559
87097 97594
34966 107155
28892 82655
31233 7910
115466 2919
192696 91169
174482 95787
130476 2202
95466 41010
163289 97906
9469 147359
104459 139357
129162 69976
75837 24278
33216 50057
90092 176589
153795 152710
183150 143174
154489 113776
171915 45439
83353 147146
104110 156422
39445 104640
64621 82220
112955 6542
9173 100369
169911 49044
87747 174460
90660 16492
95999 22910
126503 199588
153978 197995
117110 182135
95219 19807
153363 52628
124420 136573
65658 154131
87707 57116
17542 45262
119104 51875
70024 65845
87617 138926
169441 5216
175385 17338
163686 129110
110916 180282
41813 29360
51737 70476
109282 23378
103996 72675
179109 98752
20171 83846
38981 183478
113124 87920
65081 39628
36999 33426
176986 68606
117874 10257
194370 177343
133709 24847
633 28105
70720 138419
181139 28349
43994 152793
188886 116059
18954 161330
146374 140312
71427 11420
145636 157573
172569 65817
64556 117293
79179 145177
174595 169839
190686 192223
31297 35589
105343 135090
28827 127804
197677 157673
65468 2173
190796 3724
136629 4750
84838 135001
142041 155392
159391 3125
86429 171543
133135 10958
143264 31651
70195 4215
50487 56789
74088 186751
6597 89108
8738 144931
194269 29441
182159 189193
12642 88894
98738 186176
58028 89464
168185 135847
188917 172305
113277 155009
154744 9972
166400 48334
27699 61844
17954 25484
107724 183935
108749 149002
79551 109582
5778 35940
166821 19684
42144 76183
112766 117446
110632 67707
37798 132572
30082 39068
184983 179680
189816 190640
90890 148369
137281 49846
103951 41601
13520 119810
70118 163026
133497 146801
69065 153299
180943 189893
84157 156977
19622 45132
101920 1180
151710 38964
128 64145
58745 20719
189791 68084
195321 113440
96848 109381
180054 92787
129876 187547
31453 198971
109988 102431
92910 128705
134294 165602
25311 55334
5951 74819
150655 163479
90535 15032
79484 61636
131416 149373
177056 197605
103834 76206
170196 26327
104317 70955
92199 10346
138508 101088
37793 189822
185190 147729
84663 49816
34127 33313
59274 6021
123671 38732
71098 190702
144857 128241
101070 66762
24649 48851
108324 25884
57035 175506
149032 95440
95169 128453
65876 84043
142630 104035
31083 132117
195526 3493
180311 84650
132121 52450
151155 64331
81866 9474
135812 57475
96730 71119
166066 73205
36899 177034
167528 124211
134994 139042
92503 148007
143059 133680
32764 154537
45085 3979
113606 160410
100421 97751
99849 160754
51419 46604
97113 174144
156737 108734
37244 120189
114188 180445
42791 36401
62913 108611
141263 61855
21734 45618
123211 89249
60476 66668
32183 139572
53966 160701
193864 159210
184476 197288
90280 88924
166404 123287
147069 196189
8577 42205
35181 134722
4653 23051
119106 130321
21147 177719
7009 110231
34065 147857
77648 95121
4648 35002
196320 101339
173157 198811
149787 75043
70113 119232
58514 95619
174836 55981
72765 25031
168438 73892
182588 64674
162867 19196
8035 194769
56876 48832
62478 192927
183559 32427
138567 113033
173797 196193
111923 122857
150240 167025
13091 111294
110633 167702
127495 195216
67373 123390
126372 169319
166396 35585
196911 13564
186760 25584
20834 173505
16127 77405
403 144522
60415 133510
65621 64724
194427 122756
146227 45461
103359 4678
22265 168405
143199 117170
122887 186534
124697 162759
197378 90648
168913 58115
49386 195816
74057 37347
34931 85067
55508 155052
59239 161472
33993 35110
69122 33594
94394 129117
125015 118231
47569 119535
119587 66127
94926 116891
176804 88887
12558 43216
27958 172588
136621 137768
90250 48943
24441 26164
73918 137975
81006 113240
9135 59579
186378 99212
49704 139263
60370 152683
103871 186517
140046 128238
142088 132514
78049 46229
4146 198737
196105 174891
74806 121143
86829 180372
164064 181390
154101 146918
64641 96602
173903 131851
155729 81547
117198 197347
124468 14675
100485 151055
183911 189338
64079 178906
154598 46573
137947 89217
63268 34290
169139 167502
14306 39378
83161 81393
106772 21290
110019 186827
174369 184570
169190 124309
155204 75973
107875 195594
116682 169043
118557 137715
174197 17891
136268 199679
149293 135471
113907 56427
188110 108598
195637 20560
58937 150521
85346 162110
188389 76173
167042 85991
153558 35408
184619 16946
30086 186737
146873 87902
196169 114879
45330 60204
165822 87082
165247 13543
22908 162208
73606 120751
56037 129586
127774 149671
110762 36082
105128 176865
51565 132431
152939 99372
92558 76562
147515 163128
129359 177987
121836 149473
22517 185598
125486 145217
164376 165587
40292 35428
5329 11533
144217 188246
169032 32329
6093 7906
25538 194604
66984 46637
132281 106903
175062 109109
156278 15128
103577 47764
83818 22494
84361 128043
84768 153662
89181 28228
66417 152749
197855 199532
11206 148128
183314 104213
116734 25731
165798 182790
175818 3676
174012 134022
2077 411
186954 69513
165456 92547
134964 182095
126812 48076
71539 41059
172742 45743
126818 176525
168064 76808
188927 181473
154433 103306
111029 91638
184490 172814
33688 162309
77965 135339
52003 11764
90527 30138
119705 32584
153702 121832
40708 194758
87003 16764
47197 171059
56923 67114
53916 198933
61608 85865
60822 113252
121451 97817
177082 117309
178218 126894
130471 116465
55752 65718
189317 34100
101713 87768
139470 126382
84587 12607
54216 174488
18245 2379
78527 185824
169622 154741
114716 157094
24157 67309
265 123290
125144 19665
165033 179759
164562 47797
133695 7824
108249 22372
173110 151106
156325 9236
126189 69259
103371 103033
185594 108083
158400 130427
175245 71553
124405 39731
196603 23620
120446 31381
196792 44638
75978 60363
96536 102249
110939 131191
172081 64221
192767 13217
57154 40276
91296 198488
51702 101413
150162 97443
187467 37856
95003 85440
139466 116783
190749 192919
99552 128352
54233 83933
191181 2758
124401 146863
199039 24542
195591 14520
173327 130868
46101 136995
180506 58720
171039 156078
77997 120915
101190 70263
190323 108842
196389 177847
18869 48081
178223 99321
23113 68239
159749 182890
167513 159251
53638 172035
106138 175684
62007 28133
150238 103511
46152 115710
87490 103407
182986 78149
67022 58449
152069 199768
10027 152848
83458 16682
165033 158638
88315 103088
105094 57072
4328 16165
170904 103250
52653 102255
38036 186387
30965 14108
94032 177950
20243 101933
67890 14808
116742 133803
121195 194240
186727 169863
14542 78764
131447 28337
23700 53604
194222 171452
95407 197589
51226 180310
191227 124891
196248 165621
175853 165413
64577 158428
108952 95654
41968 126545
164786 42779
156159 83075
152239 196425
142640 102910
115519 120799
122897 182708
16041 87724
94514 78172
135484 155380
153295 187231
9682 124310
23376 47749
181770 154093
158638 100711
159642 157633
25192 85370
76662 184498
143942 47994
125373 2482
13010 172192
33369 150440
64825 56857
182299 27491
55613 33736
102524 133514
149928 51128
123461 68635
110283 5168
41053 16866
65461 113917
198665 142875
140443 75269
19856 94295
131000 126362
21914 181716
35497 194472
159260 17669
137967 69708
45294 183602
163946 169384
98150 16548
189382 154780
92588 108443
197366 22276
123974 114225
174702 95575
88080 146270
157296 41029
40669 57702
181593 96627
94774 33986
181090 143340
84716 145850
128516 175160
6772 114604
51108 1506
174824 39679
38756 143377
187040 46488
159477 58405
61745 93537
37676 142389
115037 138191
160555 130510
27229 98190
190369 50827
91947 156927
170111 107464
78728 126989
41065 107621
137953 174114
81213 193337
130768 69752
108098 72609
177181 94356
84138 8868
119238 179425
39556 136295
64328 26925
198756 2572
32219 144344
92648 190310
179384 12919
137976 143218
12876 141517
125878 82862
105676 193996
81396 91913
196652 6701
195868 177642
88715 142328
29128 170528
3140 83902
138879 2763
28541 396
147329 168231
145768 178372
110223 127529
155856 128929
68157 66490
130954 114097
20809 154212
55613 117057
139301 191332
143669 111875
98810 50820
100689 166200
77511 101886
199962 86638
63501 57478
61334 78735
116448 116048
72484 194971
150491 107066
59998 52071
125702 151299
38771 40952
181508 112828
44635 131596
30001 161516
19469 90421
136 47532
57299 127120
76067 54195
144026 167463
130741 64193
75576 82110
13181 84708
43147 30227
157362 75968
2274 83753
166041 1024
66191 124057
34227 197015
109238 6927
163661 125358
168191 147764
111954 42952
156021 19933
70696 93167
154010 127615
118200 61930
107398 98999
4214 149984
139627 196890
194376 83122
152201 30108
158990 145923
24415 115104
196969 78130
127059 188927
60778 101940
114253 95641
53736 160956
115664 169226
138601 138191
91770 137357
118070 78497
132636 195955
156133 179050
178251 90795
171595 94951
118669 30532
64158 29683
165609 160452
140305 66366
68799 69192
189471 157530
102316 16914
114070 63743
147977 83921
47472 88854
125539 65792
125167 124973
126714 72789
62129 114974
167828 41370
20804 37121
58265 133062
71871 135061
119303 116491
96782 100530
19060 162751
21335 143730
198169 147531
136093 122966
87061 97862
129179 155354
175326 140999
57919 33249
191489 49126
155884 10615
167576 7463
15660 84853
154454 3224
83805 75145
91929 193840
29704 114859
60324 99559
84433 144318
95505 74550
8498 84547
191197 148708
17605 149856
58751 72680
79408 48472
76140 107152
32948 172415
193826 123037
27040 35319
49400 159926
61419 64740
14504 106541
88142 62062
53000 97481
51053 187088
96582 160572
123812 82253
153438 175780
142004 5279
149507 103797
41008 132061
48734 191428
184530 31468
155822 105733
25 137717
128474 146838
128135 164943
85254 165910
123389 132186
170824 144712
38352 183910
124805 49898
121916 111392
64894 12427
154138 122910
119448 57539
152318 168094
135128 189985
64818 114648
100879 107982
7137 149218
130946 172320
149261 130703
131923 85434
87813 2920
197678 14484
179862 168451
76635 72730
95368 173477
12156 116311
184617 36831
157445 104787
41178 159855
191191 194096
7131 179902
21415 4514
115722 160473
60640 186298
47702 180811
38684 106106
93243 38723
117609 135475
41508 90606
75930 101139
62286 4116
87181 162832
79768 175823
20555 193420
92073 111505
131040 31737
17744 120276
115888 83752
53294 153107
144480 190079
115947 43147
72866 167120
82768 145128
23740 187873
154747 144984
120679 175793
8992 132651
175966 131286
79734 1874
129721 86333
186605 82687
52556 181059
144342 582
95569 51327
194421 102730
88797 162160
164275 125101
37208 114657
136728 56866
162324 97245
8713 118867
194186 183033
6301 91541
21515 49777
11913 107151
158862 108897
117555 47625
16994 33684
140177 27986
83250 101746
143527 63526
144911 117940
7365 48015
126748 136497
87452 58824
117912 149203
145948 40788
29266 75704
190067 150341
44735 81312
22144 58379
124030 27113
125684 63265
662 111701
180484 50389
148468 9265
138722 97513
139119 56558
8740 106954
146609 68369
179168 131560
53527 111425
135238 32407
110988 116142
42437 52154
140439 103460
111560 88074
174774 108466
12040 104620
124467 126026
97359 91724
147882 93252
117678 63836
192680 197501
85759 76182
26342 788
83481 195311
198500 167459
175398 115847
126194 172738
34299 92745
3130 76983
10250 46881
86039 180472
196284 139774
170653 161180
193302 131647
143688 16959
6761 164675
141710 83928
85285 138569
117324 39649
55373 89814
126991 132082
76536 198200
94317 123898
164963 39054
12181 137992
5579 40087
75532 29922
4304 75041
22452 96954
15537 122399
192714 199944
79424 152006
64146 30656
106449 99347
3612 137101
175930 31165
112230 178398
30037 22542
89988 166518
96135 165069
100246 114486
23418 60545
169845 74589
4364 184715
72219 115462
173950 171549
93401 11807
11035 10861
81760 88006
144703 78872
8892 167962
145158 153921
36118 34111
164153 125189
6057 106467
149601 163308
178723 9736
170608 100776
81309 159117
80675 163530
63438 87041
114582 170165
91301 193752
182456 170257
132700 10675
177668 59052
171814 103217
55356 147436
57026 105762
76778 127727
36728 43187
79797 95112
85252 133691
194983 25502
127013 10062
137358 191248
57916 61791
91614 16941
77801 168513
175082 48229
68324 71342
169582 166738
160583 165327
186173 106686
105219 184117
64956 175950
159245 9233
10651 191269
9140 68119
93577 55501
155111 186137
143858 4766
71625 183888
189864 144216
199388 142537
193107 109346
129975 165667
43442 82885
27392 79061
2686 180205
150826 98692
28703 193657
114696 13351
148015 151926
131587 117393
55249 19272
130500 3647
154662 131357
30332 104334
106506 139803
147050 26909
58427 4671
60247 164288
143019 77086
99544 158005
28465 178092
47352 144053
25148 95640
14326 26516
99883 66161
85332 68449
107179 100940
40230 96913
115132 60722
29283 40577
91536 57419
110548 28313
33353 115704
105496 155584
131224 118602
103459 45146
42415 198159
153093 92971
130593 195457
167478 153187
81024 128001
73426 95384
9733 145588
15710 165379
147868 169755
132544 161716
118320 31388
122224 60697
170926 57796
23476 198822
88304 130033
24655 111229
9653 72810
45218 100311
21624 69483
66185 117388
22955 109417
87286 9671
69445 68811
27470 96988
48590 112759
68482 74431
90441 178832
172910 131132
193949 165904
37601 157181
108551 193604
156256 74923
190946 96761
67359 22626
172979 176467
150303 30017
57461 191443
121349 146199
11676 66661
155960 132641
127168 112348
35400 5484
158058 49638
143546 50419
116456 64627
155774 102807
85266 192923
43197 81910
45514 124577
175668 109287
638 184821
127361 73746
172988 177177
31737 81525
114442 68559
199990 70848
892 44659
114120 181874
32500 49896
92355 50144
74034 40612
85341 92595
89519 101027
22627 146011
51763 37586
112786 188711
39961 23144
54480 139818
67065 32213
180337 94395
90356 18978
2332 150901
174854 92163
71610 34741
164740 94904
37058 126155
88938 1738
96415 105373
141864 131942
167409 16190
133839 71794
169668 137781
45069 182747
3472 114977
40988 123421
18828 39662
102575 49322
53877 80440
8551 181474
174053 48322
172118 162085
55547 128114
138805 27610
192232 65073
39701 106617
123172 41513
118307 64870
63922 40541
107329 32867
117657 117220
189007 112603
115073 76395
113880 161064
88014 132805
133353 32407
152210 166346
76782 199837
100874 140884
117008 167816
185174 120011
197280 77129
152980 179830
39597 150780
75899 70383
159147 160059
50826 19117
52758 109336
128185 90854
167040 129737
41153 190759
196678 105720
107183 132287
68324 185944
158214 1200
180027 86596
60270 105995
170167 110807
115118 169389
131438 54851
48949 8323
50172 19830
104028 32360
186952 186448
54105 28129
126790 118014
156467 3884
89534 63787
79275 10809
54362 145380
178413 139988
58094 49654
52352 26689
171491 83598
174260 190864
25123 134242
4122 27631
104337 105596
73282 141703
2971 41293
65414 110986
35435 140967
15289 31257
156498 58218
131265 138545
181699 193359
161115 168939
95779 50843
18865 28928
92698 72360
175152 63169
147684 126885
142653 24707
94236 127058
64506 68182
22699 83237
151992 22141
5634 176620
98981 111754
3228 131101
110164 48065
61783 187623
99630 92594
15625 75945
104118 9929
37002 107584
171186 45768
37632 81511
129619 144755
167536 158630
34558 37908
88314 27464
167334 144248
182534 38383
111742 168093
26031 64151
88435 11302
109003 32866
17056 15820
138771 75784
8695 20287
84694 125847
160839 152551
130134 170816
4630 103464
35638 185886
161253 137221
16855 9744
147937 160377
125204 168446
92752 48218
110796 139192
103720 109681
98087 13007
139828 56210
109773 144794
24365 199964
102586 146055
176585 42981
29809 76261
11003 116006
59254 123482
51371 14134
137745 179806
118851 21695
73551 197769
51822 151668
4690 51121
162299 2625
158014 40647
6860 13645
89467 193707
174316 102539
46422 104282
10372 126452
1907 165804
46471 170911
74592 129090
74821 134655
85555 171253
117673 163500
137216 187766
140054 138845
161493 45033
16545 60565
44103 121071
59877 139710
30725 86554
45643 40024
156253 54320
45331 35438
150706 118886
175800 177997
45785 85977
67089 9745
29396 77783
155362 175838
177202 65228
144355 179290
77527 128268
96424 76452
61532 168004
22366 132609
140773 105335
81602 94636
157327 70325
119151 143152
13661 15056
124664 164935
150468 45535
193055 70674
197532 112330
56803 104801
107766 156934
137165 63487
125316 91852
94235 167386
170281 95815
169955 4475
73438 88129
142647 63966
141470 129195
94600 10143
3569 194428
131020 196000
121838 8218
161762 152321
14212 191823
49358 30296
116340 37962
24902 165190
20396 59513
95046 154026
185235 131157
620 74122
50580 54914
61991 28834
198539 98241
176510 110262
152224 110238
69375 4820
30286 12783
21862 81890
106354 8125
23760 162028
177519 52402
54736 85689
48652 1871
113975 43616
45653 100459
14303 179982
148648 54282
20254 101644
194837 72438
34198 199370
101274 104493
59433 60583
30664 99390
24771 76765
13759 144110
40938 49887
27631 2046
16727 124613
22470 181168
117671 31740
157828 152590
77360 82952
121926 193586
65549 12112
87674 199862
28872 158263
174556 166944
150119 94891
7561 145249
19295 156767
186058 3045
1489 198466
87220 108284
115600 61015
167166 93877
41235 109366
59201 95631
156789 96753
22814 123691
113299 62556
94768 47742
69137 28686
62865 170960
7375 39341
184688 48686
138218 198469
98664 125551
25642 14241
104033 108584
85599 194640
111000 5690
44180 77294
152337 43938
50665 96032
116852 115423
116339 75380
21274 174141
78910 152038
11494 96262
123423 22401
130647 88377
50239 39626
33687 187002
130021 178853
163590 162041
129290 181954
177653 91194
42786 103224
31988 82814
138130 121790
137007 163695
184325 137392
155917 187224
30238 105132
191024 145186
65346 25857
125135 27759
83165 29708
24541 17483
67649 42594
189614 68969
30412 41213
76746 183952
131269 81725
95489 80047
109175 115239
56842 19494
176370 53449
116306 19492
194268 123198
187160 69127
24225 150305
144 178886
107445 105458
156530 84195
81335 83226
171614 14026
142279 92245
124673 194060
1289 50347
66629 1951
32047 170271
23793 129217
105728 23419
120982 7584
101438 27333
54080 170460
9640 29716
27140 176188
32958 118473
55894 139529
58106 23718
174239 136931
165535 170388
23029 119296
42555 7763
64066 83336
123242 153913
99794 93758
110597 68034
3203 8036
16686 149353
16732 174511
170384 192895
83151 76224
34048 104546
189478 15008
186020 114738
144954 38943
76260 19693
32237 110401
73443 53943
71103 199833
180487 45228
79419 173223
185432 18276
32009 66448
124002 83127
76453 172721
103745 114426
37879 72025
197367 138457
38236 33274
59985 16371
168879 111524
77032 33108
194601 19212
20771 110816
134012 68607
104945 14370
58804 135927
156657 91150
25637 164604
183945 88589
160795 39010
62408 73159
180734 110775
102475 83520
38500 16943
197543 129826
75137 111330
67403 85132
49369 199558
61243 25835
113550 197149
70868 152172
82438 2504
112761 8843
84825 169234
75496 27106
25200 181150
55888 124730
171250 27323
58659 168260
176764 76180
167974 111488
194729 63465
165869 27574
198421 179201
3115 130120
142429 156926
179292 11931
167504 126755
140386 112260
151153 179438
196454 84209
118717 196003
98499 14029
29223 146127
138121 59618
3589 71904
27913 182322
176602 84597
166199 72958
167439 74313
128046 80332
130629 63032
62422 70115
184061 58431
97287 171545
171188 159569
122893 65172
113252 198983
158069 125257
9026 24584
174288 111824
131587 94438
40957 95110
63287 20055
174526 184127
126796 83826
12788 66615
1075 147721
56169 124196
4861 21655
195988 30298
135880 85846
162891 104289
146017 150025
182592 117359
70430 168890
4680 193398
162570 93971
44343 148023
5570 85866
189861 172282
92880 8523
157015 91777
126640 149558
40151 131647
17674 139104
69967 117156
191345 40192
102386 104392
132469 13010
104000 53868
194252 158950
158756 166490
45066 75503
20176 111679
166579 24865
23694 156455
90789 70624
9237 180879
189022 189708
166792 99938
46532 193901
127918 134428
169367 160279
6798 133831
139655 192862
195331 172001
14137 103220
131676 52792
23339 199790
32176 39346
175045 30868
120678 152717
87094 157988
36581 145336
38934 41993
54964 63286
21316 48596
86331 102282
127414 130645
35915 90759
606 180914
185715 56149
136080 90187
198357 112439
32319 111312
45840 180635
120716 183319
30443 68474
24099 49671
73209 45736
130235 171104
185701 129647
49448 37742
52836 82720
170540 128949
60955 183380
128471 66685
47160 26538
177271 81139
189381 39600
3111 159699
66226 48533
9093 115157
155693 62511
126131 68395
29343 96893
170259 133218
119366 17172
161904 185837
161597 75364
37611 89753
13216 173674
86321 148525
35637 173825
86510 59304
168034 573
150649 95457
94082 180641
193775 179274
143498 128896
129597 159330
185109 159090
58652 103647
77433 176006
47746 128074
55275 120674
153347 91288
118970 39050
58335 136465
189179 164322
26096 110697
178525 18729
33466 152829
38952 22300
62746 84049
27177 26733
172938 166892
19308 62752
171863 54389
13298 28025
7703 124630
86029 49211
97769 177314
11627 46694
68193 106170
151198 73118
137697 75589
186507 191811
27155 44704
55347 36552
191178 33057
47543 59808
44598 8751
146202 126903
65345 137291
197292 84346
184516 124391
15528 198416
188623 150870
79799 54317
153294 27480
65157 125840
3130 138096
92605 147288
115241 136100
53767 125758
161998 44422
32479 59033
29257 111215
194145 145200
48708 36847
98510 170264
14178 135231
1711 161814
156253 54825
117015 17723
97617 27974
163734 60788
19534 117740
142464 79062
70768 187268
156912 142729
146568 64580
141640 817
51733 116461
167235 72957
170400 114733
194100 60637
142536 32323
25092 58546
54753 116756
16044 175937
65591 150697
69884 103728
44316 80269
96010 82093
80895 8172
115245 128000
4000 4068
84115 60985
93344 84387
170397 133092
135997 34123
53600 69154
144644 189673
26508 174886
32590 134002
7192 175047
145597 46976
148020 170895
195568 60908
135653 84414
15194 35726
191145 140232
73488 129016
126156 155074
145054 43509
89290 135121
127488 193023
92827 57458
121766 18390
97282 111718
77277 26297
84182 61567
56719 194906
8735 116982
4231 99963
107733 109077
178537 129347
15953 168987
173671 183004
105275 55880
61061 23754
26181 150228
18112 188386
112919 182705
24458 27356
154740 87134
88332 194921
57729 6701
155968 64200
128471 53887
190421 29908
49890 67013
179616 14962
60390 127839
129210 163256
20231 122294
2208 56338
127310 150009
165420 170953
55367 7205
108572 25565
141153 152230
35947 13329
3819 75182
97274 135623
33972 11819
124995 37718
25297 102539
47845 70858
117642 181607
78269 33287
78265 113142
146508 70784
125353 63920
38649 94421
84219 15892
111307 86108
35233 150873
173165 158835
6312 87894
187828 57369
100818 115647
163650 166655
31365 33918
6352 118043
41657 196094
190909 8967
162896 90593
124961 143848
173391 158687
5950 61383
82255 182275
183951 84102
2930 140801
25878 148995
158464 197534
108636 141455
195942 68958
72792 84367
114147 85628
184561 117100
195066 182721
188554 141199
20826 191142
117248 69086
77182 48615
8813 82469
68237 14558
166683 94782
22262 96969
181013 174583
85415 110056
126969 73560
2522 147844
45689 12715
30683 191194
103169 169343
130657 82827
157659 193023
156436 178141
63632 9290
6302 18758
58741 67501
164541 20563
79488 8722
91519 193391
164927 141255
13675 101607
165172 125503
5009 149661
18917 66806
71243 113612
94202 81089
136092 67472
1457 12852
3553 10539
77018 9807
5898 76780
186964 108094
66813 94054
66040 163387
121101 100937
138523 55328
77514 191837
140376 115533
92015 44669
94708 106506
4962 73939
144598 152296
158601 37217
73931 103892
111411 35272
82905 116257
110639 15865
21799 50441
139027 10361
182631 123343
157926 86875
193588 20741
23378 132945
29388 44732
175005 27989
100679 92512
46369 178590
172459 97745
15697 145981
176957 30803
96505 148412
86482 157723
5898 80813
62984 28535
88657 5646
115132 18518
130354 67299
18654 165663
113466 179245
71965 126099
126929 189198
173357 101523
49465 26614
164062 10452
181085 59953
40976 183656
64882 31888
153076 120211
105383 123683
15181 42510
94955 80555
98502 26121
108343 133667
66580 76684
72893 99543
155639 109949
74150 95807
199513 168725
132403 159106
198996 47190
65876 179093
80822 22020
174137 142146
59751 48555
133298 17646
23074 63460
116375 165863
33292 71266
195529 179005
178441 73151
129267 186747
156159 186186
41188 151592
119947 196128
187968 85096
150653 24201
188111 69771
78470 139008
150800 80151
5247 1302
150585 173160
81144 100792
89066 199424
142716 66865
106215 61507
152054 40546
168916 196288
75812 146893
194367 131895
129587 146840
4794 168826
124936 197118
63939 125415
104150 174609
167406 176574
125133 109593
66754 149991
123214 53944
118690 139233
11872 84314
65073 71877
38802 91911
29233 147562
26114 141039
119166 32144
111007 33239
141094 149855
117013 80377
115748 114090
119992 113386
111439 181981
104931 197539
15040 181423
160070 21395
154227 31587
157651 49736
95626 42909
99759 66354
33078 89788
151222 172444
170038 160227
55207 29681
117526 114093
151879 130081
4063 139185
93071 110222
197139 117310
83509 150776
30613 6858
164719 98244
171076 114314
192325 55721
192332 154984
170949 175875
108966 127124
12166 173428
79433 72738
116742 125166
126175 29094
71223 8926
93176 118039
122702 14525
35329 95733
196574 4790
182770 22427
94366 96608
73951 67122
161927 73971
9380 167746
162768 181397
163313 141094
84072 120139
84875 34652
97047 102091
165133 56747
128611 67722
70023 195643
144068 70540
93569 88247
192037 88298
185997 175402
171573 124099
102335 197352
176453 107480
55187 63446
88674 180840
71169 48168
846 185751
87547 6917
148189 89513
56575 2586
179786 117786
42087 123319
192344 123247
34273 138405
163848 185277
182327 37464
124467 101994
149890 85718
176227 133041
145834 130543
15779 188060
145575 152324
71488 41312
192776 169113
111773 105666
5991 61540
107414 111063
159942 141639
8157 166782
49126 121815
114080 178611
80277 69260
141809 45215
168146 157304
74835 51524
181395 94466
12107 14846
126340 158115
104361 26899
113339 93032
58704 125357
129953 122431
178458 137758
67122 36587
72927 128706
27833 110121
75479 147916
16943 153727
29281 102129
50606 178351
112284 152553
87471 5691
179987 123401
45509 89944
159223 46120
90248 9457
25981 101764
158975 19388
91406 111960
160708 124894
138979 16248
125924 163810
133596 37205
54568 14018
125371 175608
12080 5541
137334 16597
51558 56560
197713 196485
80708 193190
151917 4819
37073 54658
125915 78552
60739 46623
113298 150528
187724 46030
198678 73062
163452 73770
25604 144757
992 23669
182637 99441
176355 151315
167434 92395
160118 160740
30887 30929
169047 181998
45756 150042
78782 110240
68903 10336
64823 17871
28044 142187
40814 145044
121150 157170
24755 68988
113940 93646
154698 91457
25137 21525
171318 38034
7208 49432
60422 147557
196437 15614
96323 158005
100866 113305
178252 113434
169425 151956
66535 40419
56845 150460
76044 49516
146178 177122
54476 189009
126268 93651
177193 195521
75234 41686
138911 131311
78620 100902
63528 124268
188615 125657
63261 80345
164577 144152
165130 85067
14080 192706
63869 2551
191636 47006
117586 124492
35820 179250
20794 119000
150853 53569
19562 105128
41520 93783
12212 86510
92406 51870
41404 111286
116265 161845
158945 38192
72856 171609
166118 80015
177098 184275
133963 64509
181135 122121
37640 103436
146369 188402
120945 199832
185441 127774
154451 63070
192362 133746
174591 138019
149264 70360
155849 20778
44949 138037
114348 115984
43449 132757
127820 125863
67401 130512
141132 100546
161632 21880
13634 77219
4722 116160
99458 184801
43358 156450
98869 162642
99851 82182
47879 196438
73846 26302
194945 83033
127423 57777
19480 174515
134688 13159
36891 4785
74885 5293
69173 20315
184646 2085
120637 26814
148578 18105
35298 156013
73356 65367
180480 65142
119641 14741
47195 110713
95529 114768
138703 26134
76312 162615
103720 58201
93744 83323
7855 20696
152684 54923
97002 54795
16542 173467
20830 7957
29833 188554
84752 133997
79205 96831
103722 116109
59048 24020
57384 125082
15083 182035
12143 189766
182807 187650
17198 174085
181681 120894
72151 148696
49954 24190
118230 94231
108752 7280
130986 61137
1786 48467
27173 184981
183553 116734
55866 118790
55857 61879
156124 126111
166100 172744
11611 21870
1493 25614
173154 75871
148290 45038
108458 41022
20120 144600
161633 41436
41758 190310
177542 68440
4077 23
109034 20276
54714 137421
99948 87724
70759 181525
155599 111767
105608 13895
44846 170480
82076 22285
71001 65419
89494 142210
189234 10860
72548 123460
21879 16816
146044 186443
8111 8532
79386 88857
13787 21734
82794 195654
63550 18364
185528 29493
149993 85978
160235 164401
106547 15236
39611 126333
106492 157398
49950 184231
71836 198337
129603 127071
159109 114563
109351 13025
85809 67285
131708 87108
98573 39235
83054 123784
91735 2158
71661 44340
47045 81164
105045 68404
198475 14916
101395 154839
69063 173782
195602 181469
131133 108798
198410 28739
191080 199251
128982 88477
67595 27760
193654 135849
41776 130717
130810 28671
30359 78672
147262 146297
25464 100318
14554 96756
145841 5522
19829 148773
130867 175942
86592 92831
128480 11021
145925 44671
105250 128950
193467 143761
99987 85485
12226 68853
70997 192446
75942 23963
78381 73137
195717 36019
163613 68309
37998 196273
106013 129417
164930 4924
138946 141248
15883 183495
90846 11437
16987 86090
32469 59594
114886 175396
134165 172472
108804 46342
107665 133654
66078 161854
116457 11273
76891 37482
66791 16455
107737 190217
147703 174401
132359 30514
77284 39287
1463 116729
100179 172875
141289 20604
115118 171280
2782 11559
112506 140215
20398 69384
57663 111657
94359 151200
123839 40413
176081 59148
156230 196147
170540 122560
102613 107772
193253 27466
179090 12419
82022 65949
31851 120322
21900 84528
9899 7680
129582 113357
3645 21058
180306 119841
91191 198646
29068 186217
194666 140742
1565 1428
117645 124061
145123 65647
46929 132882
74436 96397
95051 119683
114505 26909
138799 163875
112170 126667
126411 11991
113632 112164
127954 34401
180371 24207
158365 190350
41766 46368
145027 199157
60964 78485
153668 30755
67881 53819
2798 166486
155156 39596
29032 94996
41535 118614
46323 195382
95301 163096
127213 140178
58209 51454
110841 121600
73503 180386
14257 137332
177700 151056
26807 44716
180087 11781
90517 155454
153092 70152
75124 180375
121982 164640
102520 154901
192549 139829
141427 7670
23752 46234
175944 43299
89717 198009
106170 33831
15946 139492
56670 108775
25176 194770
3817 146631
141484 10041
38987 93763
128684 172538
10089 18315
105758 170114
44146 188137
12391 192735
171383 104391
188291 63166
119978 16324
59372 97429
88356 162282
92208 163250
27685 83373
32310 102610
114849 99297
197468 20156
114189 184886
108358 39761
150089 106397
91022 142001
103958 195615
50558 101125
14248 34801
94306 63825
98492 134594
127973 49286
37826 15890
162223 38843
46607 85519
72328 94264
12059 144070
5144 101505
161073 70316
4809 160572
115132 146578
121396 53558
170248 146499
130553 25402
140462 52453
166724 75369
30740 197833
14661 13342
167700 1171
114562 102108
84572 141535
76775 135077
75287 63137
186517 197984
147736 60671
7162 198304
1525 72523
112878 16248
59021 183911
82099 170422
187320 108551
344 185840
139902 159704
182535 164815
130155 10002
100615 72331
148173 179108
64220 123290
97771 163531
1394 74614
74096 122547
160066 13354
166581 82545
195973 145346
63592 15122
68893 123179
3869 33159
128077 171666
138876 151244
6187 41893
119393 111530
68914 96556
29775 49303
1149 179734
12522 84055
165303 13090
31004 163364
142979 85924
128698 86089
78324 126406
54985 142113
133155 63
142067 74122
47173 127066
80598 6387
100352 41921
133831 43152
131433 85329
700 116501
42939 90302
82506 58641
48178 3447
97112 181789
36710 140574
94563 19128
83782 96940
14703 30689
49423 86371
41157 66295
122714 21135
24084 114745
144929 133732
124252 176289
199432 90578
3529 188627
94751 32004
54596 163149
195606 181306
31553 139094
166489 70054
23015 134449
6426 94073
196257 24272
75889 26694
33339 5785
186958 850
129136 67710
165662 10936
72050 192670
97959 17760
86828 112151
152169 158259
55795 56694
40377 123948
106737 183543
163832 38116
100316 147261
149880 153070
69529 117460
59278 133937
122020 160368
53233 11022
148728 39546
176787 96897
46706 53387
158003 12698
98429 13431
96199 108207
52087 107864
11893 115065
21222 38984
79081 32270
53369 125091
53788 159841
77878 161389
22689 35889
169131 82035
140301 18224
148765 58151
112789 102072
151678 75279
49727 112900
77983 54412
112073 91736
177731 181756
51108 22031
172435 80278
193787 82607
181662 156286
73387 97736
110288 144684
199395 30761
96511 8318
197696 142358
153003 83786
28538 76952
100002 183826
61004 171203
28257 140014
117375 161840
144335 151766
125547 107703
59839 62877
176630 199139
12156 33746
52030 2054
73713 40804
55101 63092
58201 181274
135829 137666
165506 198942
62736 27170
173386 149422
101341 1067
38057 85039
7103 160061
190391 187095
172744 40255
129935 4235
67766 1512
6358 81353
64267 143202
114169 99493
112392 135030
79486 122501
10514 130979
171002 40064
101895 11227
193521 41994
121664 82439
124947 192333
132708 158853
109699 111837
53094 108351
131981 7588
93566 53782
127280 50734
138915 15174
145426 137852
38597 52756
49784 11315
147913 120690
7745 24476
159569 152251
142085 44493
77229 121672
131069 13206
165388 180204
122346 94880
26025 137269
181508 103855
36336 27345
834 147704
132910 173075
163927 172004
108536 49316
105845 120690
138256 179725
45579 132511
170110 170439
17832 111049
142723 150466
101505 2956
3611 99196
104582 132173
178503 137254
16593 41846
127493 154139
12308 81679
190556 42843
96859 45052
142685 176157
69799 98942
84549 132011
6092 110701
143113 19682
177633 117857
156444 35171
41100 165491
74839 26441
174543 160209
159815 119627
158468 116095
2199 56871
32326 10824
146175 16329
139244 55609
69312 146477
190024 1150
161953 143149
90636 190167
67759 67479
139122 119552
144437 150344
11673 71232
139981 64667
50436 66841
109178 83446
141345 98867
181417 120028
192999 166305
35520 101421
15698 47920
26204 56768
18415 175628
132214 180288
7747 110719
184349 110756
196004 190613
108796 78026
14710 83933
167764 158818
151510 124921
166570 179242
79612 58346
167863 6370
139253 130732
190002 145695
2259 184211
55483 116689
137374 45346
168406 87669
185084 63232
115033 28028
33220 109647
192664 137858
138282 130153
6062 75323
21050 87461
83895 127563
141693 166882
25804 61587
165607 192414
115241 52504
187278 20402
74372 43802
31311 125311
175284 88663
101633 36052
70806 125954
155767 157887
72233 189428
66069 64554
51484 29154
130229 142769
41694 117856
59253 189376
10229 92238
170205 161654
125199 107087
113955 35354
8396 138380
80979 3679
115483 136539
71891 187429
105113 66340
3553 30129
87046 115925
117709 77150
106505 101239
36416 30631
157260 161077
182969 127345
133956 173593
82998 112050
89901 165447
32825 82863
90074 174061
78827 39241
68961 87583
147382 110602
105356 119123
45751 159943
46834 150092
159149 14374
121432 42472
35461 188382
110107 123779
161453 71122
11449 113628
174643 6153
25925 82427
68101 27319
59681 135467
42898 114896
188028 61181
146040 106734
175878 140915
137787 57313
62023 161520
35379 53187
140612 174696
196772 158813
137557 102309
36131 40668
93888 169581
66293 110941
170180 131333
193893 110433
48947 147587
108077 112914
22775 15833
59417 94478
105237 97761
130348 70435
168146 145396
13581 146686
81830 52631
128612 170872
20763 185083
80061 151945
42188 107589
38184 126102
60769 164338
95849 1067
169746 104541
8246 13707
191299 20225
38967 112187
108159 74808
102331 166907
9536 153478
113755 19784
74644 158563
9506 148523
21912 1666
12310 156577
27887 112641
102821 93224
174590 155420
84693 80978
89082 81523
188812 65174
10157 14334
25189 124406
136034 70456
104894 34156
171580 192727
128691 190626
78150 199103
170608 181111
40966 1114
169532 82521
47422 187193
34219 89097
174382 176891
144160 149583
132762 119997
179967 51775
14811 130830
51982 41379
28576 107916
104029 97916
104822 149305
27785 12020
196473 117293
15498 164417
139517 177932
175069 105911
196873 17230
30919 129680
24434 55942
175361 66278
244 167597
38489 93743
8789 5885
106731 70710
46176 38718
120163 110239
67433 64278
81294 150814
169440 80375
199960 176023
108501 88718
36740 112999
176608 179783
93358 15958
83855 50454
74567 130833
128541 176138
69045 20849
21416 107807
3900 41147
133260 98045
183795 150213
92369 50397
187971 144031
140899 189053
130688 90011
94150 157157
167593 147048
129380 82950
147792 193666
49099 15555
68244 189698
18286 176451
90248 84712
42901 138784
193399 43173
199938 59878
13038 25945
104692 71770
190981 60554
5367 172719
64514 164412
35101 158098
129764 120058
184788 73204
77310 168655
75306 59576
59743 188105
38137 155489
184084 81025
90454 178024
119682 137705
112352 130781
181726 168704
191749 74022
185433 14102
77316 123850
119124 33943
68637 166800
166844 103113
188579 71814
162623 126046
39411 193658
133677 55336
173408 77548
26942 147567
2667 107498
118144 164579
172781 19524
5711 8439
156353 150027
115945 146549
76435 76433
45546 160854
133133 43266
151766 149401
64915 17309
99424 166738
68072 34377
31747 33732
131797 33200
111063 93192
132625 91398
158452 123165
13190 47169
74498 135193
155226 18728
463 89755
168626 95349
123096 147785
150203 148866
23225 94808
138620 194873
68431 59925
69337 177877
91946 99328
91824 30665
170566 38637
58447 75189
53629 69531
72151 14647
187885 122526
181346 7033
134772 5272
108634 171000
56743 18643
192348 62742
154907 86188
160000 169992
76667 62561
84589 117913
141526 196482
171920 70644
85498 162367
5388 194623
123886 54860
181134 190903
32378 40907
137114 42871
19222 167032
26413 18710
47839 103141
80890 167088
39896 24815
173017 133921
20639 83713
67117 68833
129968 145130
132441 152994
56993 121740
166632 119467
13592 127820
15268 96973
7409 116379
6590 162980
97263 169166
189146 5233
167369 105430
34117 100881
175304 56968
48629 116336
106081 47004
66944 187117
172169 52995
34080 112044
87743 118753
40088 870
130032 158956
137698 13783
66935 193649
128736 10511
126161 134592
162926 194642
167979 63339
115587 158405
135559 130747
129665 173949
86196 42752
183598 170857
50021 162613
154382 162979
113944 51162
101923 148299
28531 136100
78786 94883
72643 70178
28215 177960
153677 142960
176588 58860
132892 94981
118588 188276
149082 40269
138231 43406
104798 38485
194607 158518
4681 26374
109946 92250
27436 82754
158146 189661
151333 82224
43502 126268
74465 117004
142448 194245
129534 25916
94665 168502
86899 192565
58690 50612
53682 18528
169765 116909
150506 59696
18674 174364
55880 168073
78318 129789
86369 100381
16666 161550
110893 196462
24843 121843
99474 94576
165269 13262
37355 29507
5347 5348
11361 44966
130735 138503
111189 80660
173779 160120
147601 93527
136788 175722
198008 121652
14786 1311
92022 31622
166855 32830
85351 59587
134411 170878
14001 170306
110573 50668
25049 160974
183548 734
86745 56562
130009 100422
156784 54577
44723 191414
145828 122596
166120 150876
179219 43979
185839 130532
75232 177085
100874 49102
46921 103606
135166 177295
160176 124710
83168 50970
23291 20110
195785 91204
42866 175200
68197 199139
54109 141312
128975 35127
172053 6892
116516 85242
116934 157966
50546 192127
25435 81391
170658 78588
65824 171479
159570 70165
30158 155639
185200 147977
98464 172953
70823 82726
177874 150652
199165 199982
170827 100759
46088 165936
68866 175409
53087 144930
72864 1663
150654 187846
36991 129280
117115 174283
19520 92995
118088 59905
174526 166768
108536 138397
86878 1453
169623 116576
15412 84016
176661 28786
141987 40909
91639 23246
169428 31087
8001 50199
23501 171188
139265 113918
118734 34231
4966 125007
93095 151796
27634 71799
72830 194463
97855 108594
112627 20231
162331 107003
105493 190893
120356 179909
98681 2505
24182 188723
87267 14312
187795 70863
61497 71333
386 21280
265 48594
102816 171455
97528 89697
118910 99219
182030 79718
120964 97031
109905 168401
103497 95094
195573 120058
50484 190086
36509 154128
168529 124940
125749 78869
21913 15377
88490 712
113567 136224
85047 161038
5509 197215
190459 39818
63257 63875
14291 160422
77848 111733
199428 184197
48712 30745
81427 184281
127201 166847
6141 109619
25606 98359
87665 57751
121335 57601
3328 84405
53436 77684
43232 142390
156346 19
128645 185950
138461 18430
166448 109540
39042 151725
53057 16361
150865 170222
99047 29212
92175 14724
125568 29243
13234 113202
104355 31918
104152 158309
14309 57739
113631 120492
15121 86943
151043 15363
70568 31042
31359 120619
172208 150503
167716 178534
123020 116147
159589 112917
176878 53145
27240 155825
150800 74736
108111 116173
8462 148823
163035 101514
176450 12764
144050 120898
71080 161452
110151 18148
38986 39211
158620 134027
57407 4824
134511 175514
196860 128474
141835 135549
81520 186686
122970 118573
147636 141338
133285 132316
40143 67100
56832 119347
91283 162981
105715 139207
194200 102685
141006 179978
112933 46391
117177 66490
131655 49125
182459 61429
3201 9373
149391 186917
115416 16988
85054 67462
127960 87281
154773 93044
4183 30320
50961 199517
56645 100833
118575 39686
190533 172457
23030 17207
85860 100102
116937 191857
136809 17337
72621 4657
140431 41781
140171 47845
77012 197222
106356 80894
159679 168444
31201 167959
62909 117803
20901 110138
85473 14664
148872 73022
175665 167740
43954 174041
56785 173189
27744 97964
149438 107037
167428 61817
122994 141213
22491 58383
30976 171354
160237 16446
95572 27842
134391 190612
19546 185903
63258 99932
152100 6143
6904 72291
115370 155751
12625 79657
113301 192325
80027 73774
156874 68609
15725 90995
178875 143218
17016 86143
25754 158558
199383 58390
161541 66837
40820 129634
146729 148016
24412 184372
164096 19044
163120 179748
42084 113775
140223 156376
14247 5534
163482 131212
111661 177775
13103 167902
110821 137006
19036 76416
80820 21161
112434 167428
111842 189403
101906 25171
26956 125019
199031 122316
179526 39876
159730 72957
42780 514
107277 122891
13148 146046
7812 89729
194087 136021
195045 90346
145326 40260
73435 177824
3054 66833
163336 169747
125730 127016
186565 179350
154510 184086
84489 183938
126921 46305
74678 1773
8778 60418
15394 51720
21893 95814
16909 195669
136296 108430
24213 117264
91108 154529
146378 159610
114087 46681
39933 179899
81295 160111
79627 166113
122748 109929
69198 169154
26357 159914
70905 154612
90764 132660
55541 47488
95132 19736
157047 150101
9935 21693
2628 35727
105780 60924
55641 68776
163254 35100
37991 116148
197110 127488
182809 199175
124119 14383
139331 85820
151324 80202
177995 43366
110794 132686
45169 61549
161744 172680
194914 94480
194353 97185
69185 52038
181961 72944
67127 141089
47668 23961
63188 136994
166092 1097
30721 31645
82143 169858
88834 125119
106274 157817
72474 26124
176214 97166
26912 55240
163202 143044
199966 95028
96577 65122
41182 53683
123353 94796
3651 132184
198730 56547
159854 129754
63495 30778
121333 83786
43735 83828
39231 178633
188054 57768
38590 73076
61533 65829
183152 37945
25167 193663
53613 149144
91603 194554
126499 151023
113365 85432
114603 43459
144627 1701
128669 51716
58378 97986
4983 3229
110184 185981
67903 181085
85380 85478
188857 137155
11613 79907
135928 44746
160721 76705
10923 124743
177928 141835
41743 136156
99364 49069
95765 192590
91043 136726
115524 196215
47108 151137
49618 192032
196387 118439
6108 112139
197310 41217
165161 167719
94687 132813
121382 189779
57039 99754
5104 137253
15857 96257
92291 141163
34860 177325
35621 109594
37646 198111
53179 185266
174167 21678
107157 120635
97852 5266
16651 22114
97018 51896
35568 166701
117765 195892
6411 56369
78838 25023
74868 116347
124991 88466
198475 99544
182967 142822
133517 182609
177117 110476
55455 192967
127810 23528
61963 115234
154695 154102
140805 123874
2072 137630
8133 180957
87234 65058
132613 48317
141460 152915
144378 193621
19728 46095
184669 39331
171631 58460
172744 160365
102327 86533
118726 180338
196020 95360
51185 199090
169125 127591
199142 101954
70735 75537
87078 29825
41559 164172
85903 100519
40551 44311
40159 3153
141991 172177
53874 73565
106915 67212
177369 70472
34475 154164
148316 180151
192361 101357
31988 54972
135740 14912
117328 19706
146539 177676
98588 11630
191075 113384
149502 155353
170969 53063
158653 156979
68943 89095
19462 9684
100752 172497
138748 52346
135974 188860
39837 161574
36934 18509
99912 38196
152625 135345
191532 99016
3857 80250
181933 48639
127073 132868
97848 183789
129857 27738
196661 15004
64348 110497
170637 49978
166194 3269
94449 98725
156893 87309
170746 170528
198077 108834
46192 82832
164247 9061
179983 152377
100485 160826
78665 19220
36746 56167
83652 44070
143424 138596
143209 161075
152682 176977
439 177567
143768 134853
199150 136051
100559 199892
8141 137701
17981 24055
951 120689
26074 74015
156196 195180
45724 53566
184547 104925
6729 64091
108527 134045
7693 133063
170434 87476
146369 173630
132538 75027
68439 71302
54899 127920
35215 29604
52011 45557
113124 187160
186343 129592
129967 109230
55684 146557
58630 19047
187461 153968
19903 179294
132200 14372
79805 61063
134343 77867
183089 63096
12231 154999
122940 149421
127982 86364
98514 134379
187688 68531
46289 30736
145575 31859
145789 199031
8637 17225
137786 195789
123870 73210
121282 43551
156864 23986
187014 181536
59874 27472
32255 41810
101305 93535
162298 181339
115544 81047
101620 1933
56939 15011
34379 179841
55709 28021
34848 18918
128273 138367
29708 117381
196922 4447
80851 46592
184353 64094
36846 129481
82501 137858
142723 144548
24090 20803
139740 83222
160179 43715
6338 108661
57317 6372
68607 30501
99892 90196
34155 118890
43900 103873
23444 145028
148486 26981
2539 150680
90211 59048
25393 11147
4877 18205
120504 157802
172704 47415
198637 84897
16892 59115
104060 167047
44538 40921
51110 142402
171008 4720
19704 56448
173672 117646
8386 46302
7838 148291
171095 146808
23848 156436
81720 1281
19596 198068
72680 101756
161515 101585
21592 184685
61924 105640
9400 122009
129849 37441
128694 41084
9523 165877
194771 74014
95542 12732
182481 186910
149792 144549
1888 113746
192892 53661
180852 179621
91969 59950
63171 54214
95007 7137
29370 105448
186190 49151
110419 34616
85318 17888
9350 81870
151046 71331
99056 31331
127232 64030
9305 95208
174468 19561
191162 88586
26345 54249
58023 172367
32919 7686
155106 103759
116164 53220
14447 153746
39277 76918
32 125242
81108 24475
167176 52832
88597 148653
165614 178330
109998 108757
88457 62616
61998 147709
13078 58274
100635 59058
173261 135654
94871 125965
72864 52590
58009 158601
26524 154153
83909 132218
5095 184175
3058 7253
144867 78236
26732 102721
37123 178695
98880 127964
94524 11482
24255 187006
81286 112860
136188 63221
169971 31793
70252 102585
95086 1426
4664 59022
151401 67024
165970 97038
94570 133922
187855 177084
190395 188367
76141 101846
194745 75386
168515 42294
15376 25607
131598 27670
199958 169242
156712 5573
36817 55997
44351 575
24884 98384
91242 27568
157299 136919
143537 158335
1827 106423
195070 4148
155671 29385
127561 91504
8479 119653
90059 31454
194768 151617
42341 102206
120974 124037
166199 92883
5479 73549
105184 24680
102617 169740
41810 173507
38108 176591
167084 135058
164442 74390
51454 192249
158361 176651
113059 90644
111405 141016
194897 166844
146303 198873
167506 130820
43167 2663
37273 917
67395 145676
127448 21059
7832 59604
100521 176588
88962 59634
74529 127897
98723 197154
77426 23171
66197 76408
37397 189421
186305 195615
122950 30146
179891 152580
114777 77447
88373 57117
16890 77751
95245 152167
96523 93096
4018 146784
13350 13040
38050 164661
161799 4841
111813 188456
152761 91775
79957 123332
51328 82611
111340 66658
35451 117724
180337 36438
155584 66639
53249 108222
164938 24337
9968 159961
6503 148241
136501 41809
68439 84778
14861 169077
136713 30521
69237 186061
112881 174330
77891 115856
10802 39550
51934 109666
1581 115263
77491 29451
128971 15532
112170 3344
43886 45472
95160 44512
87983 84673
52994 173210
172601 21041
49338 66744
194774 24460
117993 110432
48884 48945
143128 7384
150995 90815
78426 18158
128919 96988
69705 177988
8279 25223
101809 64835
117738 160972
9483 92012
144013 70298
145351 43182
145152 29783
116815 49265
160843 53521
55388 197957
160165 194746
106458 162120
165304 27086
6895 199450
142392 42896
153366 110962
170846 173267
92786 113789
28597 35814
15967 100341
74683 101310
72818 188968
107163 125701
98573 68083
121514 145491
93220 100248
44453 86742
12515 145512
68547 92535
15197 195214
178390 20384
170072 80139
64963 150364
152136 148056
40696 93372
122817 4094
152076 151769
44731 134911
113228 31407
2172 37816
136569 90270
164795 87805
28068 65768
62500 138599
177258 40142
84498 179170
87442 36951
2938 64518
48670 176313
190055 141953
199553 107324
88434 147960
30887 140699
199899 32031
147535 138700
9260 91460
48674 138959
53781 158527
11196 88831
51056 3962
113526 128185
57492 3925
192402 175832
141891 58978
13916 59506
147329 138227
75894 4866
27422 193364
112923 167077
124455 121614
105343 155313
37309 182467
180521 17084
152483 169527
32249 192533
4556 86084
3330 128348
26621 151687
120114 9177
157779 92798
127150 76871
199103 80357
91318 185248
72705 6423
114425 154953
30503 81109
64811 133651
119171 113768
123424 54332
144784 168694
80004 64405
30526 181359
166131 83212
195327 97691
108306 129851
111310 159458
82435 157146
121070 163823
42861 147639
98864 47201
193164 107201
59397 43009
187695 124746
57263 43883
69330 59864
128196 198193
11244 49980
177312 166383
161429 20670
149678 174792
10562 85581
107236 106300
84187 179107
28629 69615
16487 179629
61230 80791
50121 5521
117528 104118
135886 170886
60471 39404
151336 132911
116381 100834
182235 143474
22505 168019
165955 196225
113104 8754
92858 189000
164435 22741
152834 27073
123416 1949
41981 178444
70262 48782
62323 112135
196439 62998
115720 65629
191074 173431
56367 121241
65375 140015
11865 17664
57110 19726
137765 68890
50536 75299
19680 49399
90298 176676
126235 187629
31279 114673
196507 147204
37458 108542
32594 17139
28483 194104
75223 120919
100075 44716
6599 116716
53733 66936
120918 141212
126217 196638
60020 192148
90128 81799
31731 73550
84836 91486
109461 80038
118506 50855
16833 170894
25615 103922
134180 139931
85673 155309
46170 106044
105493 60659
124104 167009
190357 4938
3617 142984
169640 137019
158445 70395
58614 143870
50947 11888
32657 78175
143395 175085
95921 124236
132934 192886
27276 106064
97917 113658
2563 136075
138810 12384
177688 69364
17965 133237
179251 162745
9896 196885
175897 34042
73742 74537
105421 187591
48388 145686
138113 44689
113307 17198
122497 53799
68762 181530
98969 8909
142897 119934
57025 113753
52853 20498
68658 147843
51157 180761
24560 135340
22383 49804
118338 35048
39769 154527
193498 52802
136341 195147
1813 80093
88962 1771
170377 60086
862 168346
137536 193577
60256 72663
148816 29346
171582 21210
105341 75034
128473 108114
66866 152209
48477 190148
125116 51797
147028 180995
106725 145486
25103 53338
61307 190857
124536 170126
34471 183148
42301 166632
127765 182345
146381 27071
146347 19712
95363 90533
54407 172796
151950 48603
95695 180454
132083 140229
65293 8960
45851 23167
52455 104209
127581 16636
106979 13462
170830 62528
64056 132031
81503 19051
190310 124142
199027 136605
119296 105819
3497 40512
133930 129268
81205 156723
3768 123753
41908 108433
181122 179755
65766 139134
133383 18601
997 88737
182147 7939
65060 154052
23089 109432
126032 140779
19540 45518
139221 133885
175427 63792
116453 159799
166122 58038
157742 169901
141571 86229
166253 148721
58535 198400
15169 145794
40702 48192
117451 169411
135501 25273
71800 111595
149992 91324
65518 155600
83022 64248
110558 154681
135420 191135
38967 63694
45701 11204
114996 43882
165764 78778
134134 108613
25988 178027
22413 89303
113198 176169
197250 41758
60608 13628
182196 101923
130626 144846
7697 16913
178041 150996
73254 101114
128769 9807
22192 72601
184485 20306
39431 147158
230 66932
77295 114695
27576 41540
9739 147284
52835 198517
110056 33597
74703 143786
117031 80628
132066 86436
105564 48712
56117 117618
142748 169487
145794 111603
184192 18409
125737 58030
34062 118516
120375 106753
6642 184418
109056 198726
49345 160228
170436 179984
86986 167936
17372 185047
62962 106861
146102 149163
152602 12908
111843 94303
124392 76488
19518 182987
108236 155626
143860 65801
168930 57490
108845 106081
185694 63881
177067 64643
124683 194338
97395 109180
22446 132960
71398 92680
58047 89825
126315 118722
126265 187296
130015 137516
94947 147550
36202 180354
159747 72503
88919 132410
61267 108528
19323 140437
178557 134496
182939 50293
115294 76451
81804 141906
148262 43568
49836 198859
162390 98915
9839 73938
34217 70432
69987 85039
1140 47820
92120 102220
130163 167886
16316 40739
31600 125669
135538 45367
161966 87259
154066 145593
143277 18776
104324 198974
28424 189605
883 61381
114861 188946
107751 54611
42428 154430
76482 670
58404 133151
190379 8114
79698 56065
128673 66968
23601 163876
41095 114569
160156 143897
2519 134351
191667 98389
83578 83630
31490 3980
137366 108319
26654 161145
155606 121247
808 130031
190154 195636
131712 54259
163748 54166
177843 20992
61581 33530
163180 79690
8462 43639
177275 123457
96245 154155
76266 47609
94101 11222
17291 105785
97906 117522
95537 95654
83714 124461
78979 136690
99098 55624
166358 38919
145554 18676
2820 179697
174669 129869
175542 196141
197782 835
89360 103362
15551 88444
82457 125527
55098 137199
187977 163985
74410 30356
13316 150011
106097 1738
7519 195656
113139 99492
30524 106961
176698 17522
173013 89882
50772 20785
115476 99213
106398 5465
181644 43129
76883 76513
181829 98180
98725 157503
121379 184125
154632 23961
133764 22184
76901 55817
60331 199006
181004 101468
162478 118372
86021 120107
87137 94881
68907 103075
4379 100796
145908 49949
70339 47359
109556 5610
97707 50950
61727 137597
143275 41262
165059 81343
159384 184663
154356 114095
154242 104925
98872 190300
13155 143324
184603 190288
179702 30230
134715 122226
198653 83945
135667 145746
9489 75615
28307 75793
167622 5152
50585 109848
58474 80166
138004 116632
68184 87463
27604 36206
194808 102326
31704 147786
63212 118014
160555 14818
43180 41463
171693 194620
159208 54602
5773 157460
169493 180315
76342 77151
56479 18391
179964 42815
22222 51721
72006 186904
84815 86602
115220 159032
160126 156387
8010 10727
124640 48638
89821 105140
101545 198124
146019 127170
34373 65416
15048 100032
167939 54983
109864 91347
117112 138119
51927 115884
182922 19321
169700 178523
97070 28616
13791 74664
25964 61904
104579 127319
119389 126688
99522 127563
158914 94706
152047 172079
181719 168758
52882 194874
33717 188617
34761 71123
157674 100410
125683 57180
122661 20858
154496 110540
123641 82211
86098 118372
152731 31004
34651 7893
158543 80148
87683 69199
175641 6269
42792 141058
184776 163730
180290 72832
78156 53315
146753 193139
138497 36241
98847 154143
117145 105823
149796 73094
31741 61748
176972 101884
101419 127640
70658 143105
136553 111788
132700 158423
152863 102459
157948 2139
136148 125549
135848 111117
60804 148071
20636 77862
32035 141357
181588 62745
84818 153115
10007 195530
190011 163375
74791 159883
13878 180093
73781 76292
68266 122281
73096 48827
120073 13972
118681 36100
94976 78685
71486 90070
190407 39469
125940 146990
107995 16711
15968 157698
87569 66204
120604 170192
42759 144077
124585 72684
14369 119636
83259 23690
160863 64406
160158 32482
66205 100095
1912 62714
117660 143167
44130 146500
8124 59871
82352 108503
137153 156849
159728 180680
30186 177201
4877 146756
170964 169537
97539 140232
129711 125911
120338 112
188634 123127
93908 7708
27870 50172
150922 171455
176252 163601
56491 157452
164607 45441
84492 103204
118450 160422
125343 181303
79818 177342
103394 64181
24115 125620
126456 17577
135994 105711
47526 106518
106532 191659
115250 192630
138287 107784
18351 105842
60931 59366
147249 102847
54429 140022
31295 63384
2714 51874
37333 195094
107499 34034
79442 179527
161212 135192
110462 79472
7138 159919
66287 105487
103942 96015
72563 148642
127536 118623
7947 82000
58982 103324
77842 70524
65129 67295
147626 170352
88208 75305
27050 34592
28558 171117
121918 99691
44666 12687
141788 170958
8233 19991
183667 46304
139209 161414
65414 66759
133086 42866
139628 2400
6179 176714
154461 42704
4923 93153
64513 101010
84239 6786
75717 165934
93034 104697
137531 111757
162265 109778
156938 10337
10053 20875
157578 44410
57273 49321
23456 82874
34874 78766
3823 71404
32200 82120
167056 119583
85736 134750
180752 69964
182241 38114
121155 110928
135600 109378
24431 170828
45759 125928
117720 190902
149585 194711
51734 63311
59298 62659
86174 114266
161364 81452
40551 5223
24558 144550
70190 67240
84013 117375
103217 99145
22014 108572
188033 175240
45941 150807
187410 95421
13907 191722
108638 73753
17126 3642
56048 20399
140152 80458
16515 166807
170552 127622
64416 175209
47343 167364
106940 96627
36846 55562
67013 166341
112205 96851
183800 94898
73779 112588
196024 16659
33417 172777
16137 57772
199451 199049
141989 73518
193313 107836
119266 177057
45489 114189
68239 79355
176913 13579
19957 157809
197572 134484
161914 45321
184907 133729
157710 30022
78664 178166
55092 87542
55580 89038
167936 68721
47230 89877
165044 187455
112664 32866
139710 175205
110844 196070
169482 612
130157 181814
134004 22193
198866 65028
132851 74377
186544 119176
87319 19133
64190 193718
67454 11369
121425 176334
71621 162120
23124 131856
192738 83177
4839 98122
183187 140425
36322 175605
68272 13577
198761 90641
176062 82646
70631 109490
186756 92097
20469 34378
15587 105256
161697 6052
173506 164452
169000 112921
28482 25091
163640 189273
91431 155156
119101 57285
167557 115247
40773 86035
62496 278
60827 31152
82732 140286
71532 99244
81102 59743
156221 65605
71163 198824
33480 143406
4306 180344
83996 66631
176361 4422
16039 153212
43230 191718
197707 55235
28172 150731
93041 12539
123778 146854
130158 63685
3957 89724
179449 49532
152524 7071
9948 62887
198969 71190
166205 191663
165794 54833
48808 195562
163252 41697
101809 37274
6582 86724
178614 95501
185860 96388
185299 90753
190009 100290
38711 132381
79046 159122
130503 97378
100811 90466
192214 116018
143227 181258
57578 60146
155792 63688
157906 152162
75835 54401
18781 7730
151612 178793
92040 20827
141426 132274
133291 92666
199717 116634
143379 115315
139135 48971
138766 3966
177958 148339
89157 126432
47215 190328
133626 63505
158335 116838
135904 52056
3177 178814
18661 147025
157945 147445
113290 94730
165456 168674
154276 178367
137005 76654
105962 198148
166472 181359
191691 4647
118198 197574
76634 89515
109984 41253
175457 83725
177974 195674
98878 167859
122620 930
54841 41037
117312 26059
140062 167475
133058 117245
93502 136422
118489 86039
14013 151983
144748 8354
174203 34645
9059 127307
89497 173805
33260 11966
66083 104960
153465 12320
121297 75375
54568 152310
5471 165882
104570 68080
139715 65902
125832 129744
49845 160925
43974 10862
39072 78086
164921 66952
70495 3416
178800 125218
61742 166580
26540 150512
126822 21157
141930 171108
163616 196346
176334 110
31666 17713
47416 15185
198520 51344
198526 104219
128005 47135
160019 178555
170121 18879
192670 103491
162106 165203
66238 32854
113655 21642
167411 102841
108819 173615
110179 71982
126725 17376
7653 128114
182028 150246
57639 90851
47960 116122
89562 110180
96121 35437
183765 185401
6538 142530
65003 27892
179488 199722
196900 50535
2998 170766
1355 19723
193072 101255
20986 166603
137598 57988
46786 23745
86647 41508
149092 12256
15576 129052
77387 18210
193553 100450
98973 186475
182383 70201
55259 9879
144138 99036
6345 77796
38894 145810
173918 61641
25277 104287
128644 36778
55643 34264
78827 100136
193852 66096
73603 124308
30326 9998
99820 12647
103142 16072
112738 119072
168794 62102
128830 118785
138508 139365
162152 43129
18980 67014
32047 142445
30902 10317
15719 120359
42190 159404
6665 132064
173200 67428
123450 162701
139740 188743
12187 190426
27455 171784
24912 119564
15979 192637
90400 102422
71153 121885
167174 177736
112345 194039
86781 141388
165097 97089
119156 198272
95594 117929
155338 5581
59055 191760
58962 104456
164740 120893
190902 83939
165998 154422
196702 190819
73271 128242
158127 21789
5435 152859
199479 162003
187729 162233
153086 164054
57002 194586
126638 138741
74018 141541
187756 105439
82442 42529
56941 11268
141046 1169
75763 82790
56101 50751
69354 55584
6503 69138
160398 142756
45639 6827
121375 8462
563 6149
40348 102931
122844 91623
88488 68654
117093 91021
53038 185835
161498 113815
76183 186495
23426 111251
55265 138676
36570 89522
21147 27289
123498 36980
166372 53038
13815 50452
91478 132896
42954 23523
124440 45949
101788 59016
179610 65064
7652 142629
13876 196263
67695 145068
167056 167179
3411 140317
181240 135142
187035 112523
182096 20729
28132 43586
96295 131628
5426 79321
79836 184049
60730 15749
104283 83509
178630 121747
126802 33259
24316 26195
35007 116713
28055 184122
106082 135406
27710 208
148025 139147
24839 172886
118981 108939
112437 61075
96326 33737
22348 87511
39910 109634
126877 52947
171299 118385
30028 19056
3276 118490
1723 103531
140020 107585
137883 169025
113547 71852
109887 193509
80515 26438
76238 123905
61664 91729
159090 81491
112128 143985
149232 87998
50183 166671
122320 76499
48689 89861
45193 83233
120421 116460
99571 141131
152815 149329
167793 182121
128795 188076
126455 197499
57961 178393
150089 98023
23184 101720
164231 101122
8915 58866
190093 42228
175132 170607
65315 172121
125940 193882
7900 26175
69479 177302
189923 4449
161228 92521
186774 169472
16194 177966
115316 169370
20101 92052
168856 25585
162788 159888
99610 190945
174963 165458
193312 58328
36919 58615
15193 170525
80467 127839
128794 39570
88288 188150
154930 109725
19740 184030
23977 94739
167414 168413
159552 184851
90327 180014
179497 164874
60277 60321
132416 76340
24020 103166
32953 198381
179144 151956
179172 4538
113878 48545
143535 192705
133394 22830
84126 188650
182345 191152
107120 104230
14043 173445
50598 7003
150914 140286
15201 92107
21981 167485
136833 56483
68960 52438
71857 148748
53696 106801
65452 84341
114064 138268
16053 181505
136919 130751
116111 161361
164888 198499
65229 74548
127728 38004
77279 183837
68312 24667
184506 111256
121574 101618
37814 24731
140714 128654
195347 76083
63286 5398
161805 106713
74987 131014
79016 34206
157996 167846
52702 36716
102457 138483
61934 191200
79125 136969
126621 6339
158345 188543
167351 45154
153014 87976
27328 110265
176166 44248
146841 186007
154464 10621
145880 81834
91344 69420
137944 40466
98993 36663
114840 124985
53932 58523
26760 49086
88505 136633
25213 34246
175743 146906
121888 103115
105494 58443
69718 1841
67137 27338
163284 115953
194586 66142
68482 122582
111497 89412
187440 47738
33832 79522
105103 160133
105150 135278
86789 199896
30101 108062
155378 46657
17441 124955
97179 18914
120947 27345
64891 97404
180270 172242
37640 164885
145064 77876
85906 68302
168401 119087
7646 186566
164150 85745
1863 164002
6032 92917
115245 68110
179032 87170
185920 138031
11415 127061
109049 109972
81895 140164
120489 135701
78150 30155
59204 143033
174717 65464
31181 46872
119574 114219
12180 129867
140451 61571
51514 91790
159030 75013
141731 46259
167040 33436
67141 94977
33240 75219
198431 141842
140707 31116
101424 4055
173896 49545
95575 65096
81060 28282
127718 111128
183545 92497
81633 106794
27954 68695
25876 27054
169013 151703
171911 28630
8547 171475
26167 76783
176576 121236
58298 148944
168003 173135
178393 20841
164982 44413
151251 132762
170990 61682
82152 136257
65642 73855
146815 186131
2149 176738
25966 35303
120242 124473
19264 35511
115984 128409
182795 27555
84330 100972
169653 131571
88631 51023
157700 1179
154834 25196
178560 118199
73869 71149
127783 149402
66168 3673
137930 523
172234 50411
7549 198361
140997 156003
192316 41937
43667 148420
166518 11725
105476 68531
25400 158603
161932 101991
85405 145713
196307 77442
8635 40516
182069 148124
64253 121788
110306 66016
84398 33227
109044 167761
83621 145516
118664 33947
137542 3737
44198 62391
144215 100882
83951 110044
46772 108542
11469 3508
145339 2137
95698 151943
142541 6744
175408 31490
137805 144628
134076 3542
1816 183240
64863 14
122 87079
51149 119555
141055 40312
143172 104149
137336 192981
125584 165054
42010 189939
171874 164393
40524 13400
198118 49974
2643 119093
18487 16100
142186 16390
111176 149712
193447 44579
43596 53758
185495 154749
122521 99212
169749 102653
43866 29583
96018 70547
18113 91331
182668 17764
151634 147144
15600 116744
684 177987
33264 119104
192376 35152
162438 173842
43690 182069
155806 80807
40550 173593
146436 107191
56797 87067
141018 62315
80309 153028
43908 184416
102353 52490
146656 152732
166932 141718
127751 169048
171707 70604
161420 84884
92052 159648
23186 13898
159745 36909
195684 60215
62852 94230
95222 137488
132161 91341
119417 38931
135125 170252
57951 68825
104859 171651
56505 169775
135172 159641
25545 113948
21403 173700
157253 7011
91789 84196
145513 127992
95861 54515
4863 183030
166788 39214
153884 107317
22622 71271
188633 153404
157667 175439
198705 14969
177344 159835
78029 16905
112354 122688
148453 85917
164422 172659
41112 170940
11049 49048
121688 156185
133176 161255
178843 191522
180807 25135
72048 86062
69012 141928
21202 18621
147437 161475
31717 124049
164190 42399
134565 73286
88392 135289
78867 140519
193640 126785
70897 153854
67493 11253
11564 151079
45695 110334
48195 144868
135466 104290
90858 192681
141576 5799
129303 172173
48602 5612
14629 146132
167179 173541
5900 93191
119756 5417
21059 149382
130479 74770
55135 199936
172385 174165
84359 117012
84282 179730
38499 172385
161719 33777
86554 90137
182846 199069
97940 166806
110538 131130
6421 184079
180243 143456
70395 111241
157232 191082
3477 377
27248 88988
182076 171262
147358 29156
33480 55330
99662 39937
71618 184476
49082 76913
162707 169220
179194 74828
126746 177835
9745 1224
35500 90428
30433 149987
181566 10430
103061 170624
117565 36433
80810 182036
70600 111404
13270 162921
94252 124005
180643 127033
41769 75305
139634 125621
126982 75720
120083 101277
63653 14251
179883 139311
55739 87373
115205 34612
175470 140666
158131 7764
161998 24771
176770 14887
9688 187726
181088 109464
65496 70002
168020 120640
80582 164510
176907 21104
132354 3765
69248 35289
11944 177723
40366 41128
51055 4040
82846 147764
124973 90242
119718 65325
56309 113436
145560 171044
196846 49083
131400 125875
99129 90236
117788 94351
190754 93646
90976 36381
86996 133412
108429 146132
84876 100709
141717 94396
6415 189981
111726 199808
100799 70091
131325 125031
137664 43989
172450 105083
81234 133733
123988 29247
58764 11787
13441 14091
46073 90022
92367 68471
106224 168054
69474 89279
65360 62566
74899 116582
162977 133619
91521 35713
153346 69601
166576 164280
133359 75015
75453 119308
1587 75143
31003 180731
183278 81624
97486 9235
86230 174682
195347 101093
55577 51335
126454 10584
112041 158167
87783 170069
27763 17216
136990 27381
154807 103259
169957 31622
51859 140200
169067 115573
95414 171693
161702 91294
85379 147810
73246 42869
46705 150698
137493 27052
174371 50058
64527 169788
39783 75711
20069 161481
175043 161100
120656 121116
188430 22839
21229 136264
1523 28298
187126 181809
98941 115734
182751 120792
77205 50772
99358 13528
69209 143001
163505 663
155485 136254
86991 158234
40698 114948
26048 67711
58551 179425
108954 150325
71121 123294
66295 158455
53870 166689
80155 125820
102351 182778
135471 139779
152648 55637
187520 132552
109554 21364
102489 165637
193282 23772
183661 138005
174406 125964
120431 100428
80512 190625
82940 137234
176658 14619
141471 76786
49559 21311
162087 108596
166325 83380
42616 190221
17654 181994
117185 147951
192953 9511
167823 7261
84224 50782
173868 16984
35171 110080
5201 97127
83508 182692
128475 78432
16284 36685
164684 139336
197264 79166
88084 162837
96300 140969
199890 115822
111008 150268
84148 98129
148185 24661
167873 44714
108990 135228
23716 59546
9108 130023
135904 63379
118233 54973
28625 136372
182171 180824
63379 91372
152443 80492
28604 44840
193090 61851
194923 68593
85927 152831
187906 45201
52907 46253
96936 181676
135354 14627
196384 47481
75754 91103
83691 131057
20333 26641
100457 46961
183358 121958
70777 54438
87279 26919
74186 156482
32915 134827
107913 52734
35075 129976
183720 14342
40334 53880
26119 121811
67223 166186
8729 34004
137538 194933
19469 11658
99704 755
165498 127034
101678 60927
77792 71774
54484 54429
73358 178186
108821 540
47569 170277
195903 98399
54542 64393
189940 96113
104355 72806
19356 186215
105765 167332
46984 155299
143467 174056
129846 9891
44842 86711
39518 24809
94369 189031
189283 23106
70513 177737
167728 190718
59707 92014
24988 124479
34264 170295
51903 175257
99963 132996
95907 11419
69007 191424
195151 172782
81787 140506
95333 44427
101833 13446
166069 196914
37149 189379
64439 87505
75316 171741
123361 40309
44161 67233
9315 83770
189865 94423
62170 11917
106328 20149
30389 59163
160644 4458
1119 69820
95833 171973
139154 158418
35444 124066
95366 166346
43288 51465
70244 13502
132798 128927
9375 197135
98055 109794
147433 174229
59105 57393
87679 95941
93772 105342
62879 133463
97160 154683
145442 16596
137840 40329
145895 68324
55023 160570
147805 115019
77880 138904
102118 152004
146944 11100
11481 90502
187845 94260
128014 186500
54658 53069
137528 865
120809 163512
192516 32971
106446 165063
101795 255
151521 176632
75744 2633
79688 66026
119525 97065
6876 26894
119271 82480
4069 87333
108102 178103
102677 90967
84736 135221
156043 160418
166156 195980
10201 169221
104262 84693
140223 104047
154862 130243
196275 186582
186797 34884
42941 52942
44366 75884
47627 11045
66076 62976
4757 16059
104674 62673
180932 16797
150511 27536
9747 112614
147772 123033
26406 193722
64553 100087
198915 63486
89098 155120
20588 199695
176071 23832
78964 188414
38532 12954
40367 143547
104306 28525
35017 37858
56702 41345
145169 107783
178082 199297
31619 70666
519 187636
34499 166728
75384 86478
78105 35748
38180 68485
193527 155877
40947 44777
75300 62878
5862 38972
60671 181233
34473 184146
14609 3953
7139 25300
49986 33925
117334 138000
158231 44906
142757 172830
176182 42236
69405 173617
61813 87271
16089 167955
153630 128007
148682 25136
187210 61168
87989 60360
198950 42415
158379 84598
99781 30560
166781 127060
107701 48181
154242 73578
193073 182540
136170 72037
106929 192743
127977 98528
74941 14682
140865 197557
156260 119094
120160 152050
95133 56501
98557 18119
72109 912
144659 49603
70 168281
121881 10419
156609 14092
102790 64484
62255 98755
14353 33780
127181 49202
31977 189090
87651 110906
123178 189802
42957 110467
18052 128420
195530 51854
112545 49026
154063 38163
76410 84215
156820 175247
142924 149996
123390 185518
118089 119245
51245 142578
190391 194313
47791 181197
78834 50921
131715 40947
16785 73234
113293 43563
155716 41938
43452 48778
42105 138957
58482 51589
136851 188933
21684 51603
131099 85310
46296 189235
42819 57009
88566 157651
7327 100869
37893 127231
178687 7185
152281 184912
76355 11107
188507 180209
25139 72850
78459 19507
45029 81658
88708 42049
48635 154734
40592 65966
96910 101678
116071 177040
6890 136945
174416 169089
148715 57807
150807 185135
59427 182804
168851 91345
9072 73281
108786 40965
181965 160854
181291 49591
51542 168486
120346 72964
29606 92384
51578 89655
144918 190686
61418 54323
187612 136915
117121 133291
168804 152702
95738 163615
20890 191723
159754 5671
89220 63520
199871 8460
151862 167513
195188 70246
89202 147166
126411 94742
149523 90589
15518 133371
183321 48541
90536 125043
33846 58982
47686 194264
183014 178496
50093 3673
1489 126368
1175 146685
110460 18361
146160 114225
158074 79561
131847 78113
103237 178592
119638 74745
122259 188507
165179 197455
91772 44090
194814 162470
25684 70485
143580 65435
193973 96137
169430 99831
95174 10837
145752 167255
99875 149783
35751 174214
36543 120082
173170 178
195633 45276
87279 34128
177600 179090
96727 166499
175110 185281
69254 164077
27081 28986
195559 175098
16280 196722
96458 93084
193689 107605
46646 171271
79504 18798
37444 110840
172940 106996
116837 110332
169045 133012
6861 169703
149319 69549
12938 193717
82071 149009
105460 79225
126845 9281
65105 52529
111227 69898
44703 75776
85173 199159
52064 187472
40864 6151
112768 83931
70951 190440
192022 58962
36762 106949
166179 17604
77315 57844
78217 15377
182319 174523
54462 125425
18664 90500
39154 186453
69860 49825
31396 11275
159567 17029
87858 177163
107810 139853
64870 170537
7907 162293
193242 95724
63117 190476
20456 195937
48847 42870
95277 42844
193365 105343
72257 153738
116449 73853
114827 143924
121515 16185
113998 114903
170532 164121
175109 99965
76146 73875
42815 132714
108417 164432
61016 9703
122338 172765
193214 7842
120640 137417
20797 192556
10432 191821
18137 192195
9611 28610
35444 77156
76021 137288
2430 97497
102690 158860
167817 77939
33776 27469
29484 193696
133502 126450
80581 187816
153725 171157
5177 6690
73261 67156
153138 18240
14325 172463
189556 16183
115166 44447
183143 50422
180280 18714
191881 76924
149427 45348
8066 74247
149014 157536
54527 4267
186894 108593
75803 14837
69442 22440
34103 19238
15466 120173
10513 175963
71958 179584
54250 19672
7661 91231
97117 2447
56893 23112
95534 190826
136890 134628
119462 144084
82968 10197
101460 108857
4043 112894
116621 93776
169734 30347
70065 30413
69437 136941
59755 90588
18868 87067
105681 5511
148586 92060
31573 69688
188581 34496
120017 124291
13567 179648
40916 17050
89853 60381
141528 101786
30110 27452
87807 32025
30798 20781
185953 113883
45657 190031
123440 25223
67124 54476
196977 96937
161570 50544
69009 29325
9375 102993
27536 169649
110589 85359
2731 165624
66783 182849
130786 48962
83257 91164
56480 31847
183178 9446
130228 52447
130879 19499
48993 38175
1808 115006
38020 84387
192326 8347
143063 169857
80264 84117
189952 195983
46347 78812
5244 143863
135676 114546
188537 9040
193906 159832
112333 176752
155447 33641
83258 60355
61549 106827
10218 25988
176201 3915
152652 192777
171675 160721
150758 62273
19497 154870
25792 184859
70488 15446
6748 155998
160212 179047
132401 29954
43186 188443
163666 118403
185413 28993
153940 35578
173478 183712
168530 48427
135358 136522
117301 80191
192147 20153
87932 186117
154969 67344
163217 39328
93309 69387
166704 50258
78081 185518
86712 11522
38968 106215
111772 68315
169024 45538
125621 63662
139604 186079
113638 163933
156033 103210
114648 72997
143840 16398
21761 9838
87629 18369
44843 148250
167915 191258
35566 183197
122770 38906
71065 49552
5042 192920
111691 129161
123404 130466
161882 135438
61232 173860
101034 119411
120265 133064
17472 3034
129282 799
133872 181185
35325 65915
14106 131942
159824 58481
165952 93982
21823 187658
182090 57405
50069 194616
199747 25451
93184 119120
151083 46771
14356 147306
47263 176118
65261 113318
101016 21994
186248 101549
168541 42986
4235 21587
116974 39592
154569 85300
192283 30707
178051 36812
99971 168929
105165 15191
178777 147392
109701 153729
110958 28929
22921 5217
145406 71007
432 176530
62750 163784
7069 194586
148895 47325
172567 171758
176059 125184
102520 126723
56716 198551
108001 5411
138578 109425
59907 54207
57290 152887
156114 169915
90817 11546
102532 102510
184080 106012
168498 129297
112253 2252
187697 89226
92857 5191
137921 169238
6950 170029
9678 89066
12758 177938
159493 13983
143760 57178
11286 109076
164033 163027
48974 94558
12572 181363
186044 154807
199658 132385
9346 92140
97196 113006
77331 81692
20404 153365
150448 196296
75478 17703
33241 68485
55361 109519
17258 102876
12629 97466
3369 183283
47202 156298
166644 197026
153189 159914
11092 115401
104577 24173
152375 30842
199839 165242
132319 28721
194505 81395
160249 140667
55180 108281
129320 136807
69083 159886
3762 62131
35110 24557
117944 115985
73160 147716
182331 24531
31169 125367
114152 115052
87253 97348
6106 181693
175082 10655
73159 49356
129423 88865
168215 52187
193413 27582
87138 116858
92908 168985
174279 34675
46495 162738
84474 13747
187745 141134
64957 146525
103197 9380
51861 152893
15438 55813
111281 129946
76320 145547
112551 115895
94390 103714
123728 96266
53315 85195
19664 82701
65100 67820
173381 183166
129448 74569
52938 156882
35817 130147
273 135823
27435 44770
14870 120113
143050 11735
199899 187488
6756 54392
129127 141499
23331 559
30324 802
65295 166203
37568 1448
131801 39906
62740 67393
25386 106173
2525 156574
179663 161093
6446 151206
121645 91095
128206 184627
136382 140187
92681 29825
105002 104487
22117 147458
4844 130727
103873 68350
81902 69694
157083 12577
73583 58560
154660 75742
195260 176002
185098 104512
188095 19633
113816 169570
37044 32805
180739 44277
122222 180832
116369 34665
113123 27435
4891 89255
70404 169917
9858 44401
189837 100025
5067 195472
47207 137160
170313 79240
108074 93245
189014 86794
153283 37255
23861 185412
139042 154076
83117 100417
141802 132945
105044 65582
163778 151030
56943 50326
175290 153352
117910 71940
92348 49858
158988 16618
139524 11181
46197 61153
141845 77080
145873 115578
107642 22088
167510 79621
79603 66852
58683 191868
187722 58876
175539 177171
115650 60778
99023 168849
169333 9699
162656 16237
134242 86321
114913 88985
58386 193505
122643 158034
80206 116075
102852 197593
56643 27444
138577 187519
57100 171423
66828 47113
186249 150059
4205 3416
41537 74845
155619 43501
168371 127718
140829 89626
41175 53127
77439 104726
189909 172618
20558 83191
18191 41852
29193 198049
111805 128959
105708 192715
1188 137113
159524 107191
11594 23233
5173 99116
111988 83190
132560 162971
116859 131607
177649 41961
184991 81379
33931 192689
96868 110506
94512 144800
34288 198040
151162 57288
145960 86415
65679 184143
167410 10881
164615 172761
78786 189242
77223 164104
88277 4657
180727 60965
150540 144320
104701 50762
138152 52033
195692 66522
98832 102251
157988 198048
5942 137148
31406 67500
77127 159164
139214 102578
11417 36031
158603 186421
106019 86702
59017 48054
180180 145725
186038 58441
20114 90323
173749 52797
5809 125665
4366 122237
157529 27370
161997 11128
76412 184934
138113 182459
130074 135368
111367 5997
19846 94088
16284 135166
186329 167059
59217 62587
72654 83553
18466 47016
158907 138364
39051 158047
169239 195001
65922 90981
71664 197545
22797 133157
54719 52246
130069 146819
136545 28325
79776 170553
128832 197333
185725 80627
37934 91766
6196 120025
80875 58294
137983 34834
12013 52429
155932 93205
176507 15616
170490 186382
14550 116205
133265 112147
117241 117037
87279 87569
154 9062
84109 49837
196583 83542
126921 166995
165751 100608
186904 15637
171000 57658
102882 118579
54783 56958
101988 17816
70550 47387
66376 123670
73621 22161
93399 24420
113915 192567
58693 39278
161434 82835
114488 108985
185804 16880
168104 72156
133249 181012
40964 183358
69318 171071
63460 109203
79098 143046
89660 19712
116291 138280
42458 182292
117861 178570
94814 195188
129881 124276
53207 15775
199878 101404
17909 68271
102503 7729
20979 129133
175558 66825
22537 156098
99052 80367
6725 190238
15780 16097
190949 154186
40655 85827
108087 177368
133891 53021
177435 86521
157421 171646
111838 33137
116945 136390
65381 164069
145978 124222
125195 125447
100251 86111
68343 39
35145 58829
78031 123496
199730 31827
74219 90322
30011 50664
118412 71447
172673 1707
33480 139383
169737 42829
109616 93344
169049 113126
89610 47406
149441 58394
175015 98678
125483 94882
101842 46858
119086 96950
199661 66014
89405 176741
67754 3638
61438 79942
153131 166172
133738 198178
150056 64698
158612 117688
94700 162576
93856 86308
62093 104677
172151 78224
164727 44437
47502 179789
12870 151620
68683 114829
8815 86952
67382 68149
129729 104260
93861 132207
185783 183056
52662 159996
173427 185577
2929 17843
147377 190987
171720 122816
100950 181203
159038 43091
116989 16368
71450 62914
134072 141604
86812 189450
38469 136176
118160 16457
92586 180778
135714 61170
71151 170771
170028 69865
58907 6463
34460 152831
162497 180662
173606 122199
187907 62931
143948 83341
81457 70862
46332 73479
15909 40852
161295 68036
140409 1943
79048 183208
111231 135152
137667 100988
184185 189796
164584 162556
186449 146269
166795 163005
12259 141365
186693 118327
105007 52262
66832 172274
45639 127832
43400 80568
115133 121989
27159 29212
92001 116768
144146 119565
50733 125941
140776 22303
89491 106598
32138 105817
41120 17034
194132 128133
55477 99113
124182 22493
61486 194525
138292 189398
129826 51771
16530 76485
5257 183160
167722 56493
19758 149204
181100 30768
104282 111454
108893 188305
31533 111201
44464 81453
195752 176772
173278 104102
161830 189892
143011 137029
189525 151305
168572 191966
113137 125703
103098 45166
193083 19923
131651 36338
47228 81795
121751 149291
164934 165150
47540 33020
67538 129509
106121 170985
144716 111047
115333 11119
180080 119498
26870 102872
116162 24118
167213 70169
136004 174481
149627 94191
120653 159826
36948 87552
119565 140713
97152 181366
45229 50406
82693 39672
156672 131795
14461 6788
162590 49574
76629 198828
18398 58381
115731 62699
65834 89423
70618 33706
74961 125392
198211 25136
17167 90666
82494 135763
48678 47378
17358 146112
29695 148319
87359 22085
116554 24138
158247 505
118214 6819
113977 119593
123773 171222
112051 174973
158787 51753
30663 54928
25479 102550
78050 81977
63908 145107
51497 50637
104923 77592
42298 91431
84514 2128
58433 94567
64180 63721
182024 193392
195913 189908
45832 192092
23212 8668
26276 42074
88421 78620
183005 105775
118268 85854
156176 18091
76608 151867
154341 175250
158677 93891
149643 198332
117704 123530
11083 60942
24981 184257
125853 489
94471 112354
139686 172477
190199 33017
96913 144667
51427 48919
10778 17557
69666 56729
86443 80378
97229 101805
50588 103823
123425 161502
133771 135166
179952 60412
114544 131217
113661 61676
109932 165861
78722 175390
81764 188575
81115 151926
133106 30690
7959 173460
105856 50853
197026 34679
108138 117564
199586 50564
147991 36600
166137 7110
98831 186044
6035 72026
36859 152192
77209 38489
161479 159863
36737 198272
20020 23483
161011 45855
69824 117152
68851 55700
168375 199548
165333 89444
13143 112950
157825 173986
126699 141950
44430 15665
150956 151789
193427 54277
131764 125864
35230 31108
24747 36282
4856 56501
134114 39591
189608 155202
161269 132457
50324 154016
198366 156189
10732 27487
96753 677
174712 177620
96352 162970
91587 78137
128470 111624
20612 113922
146489 197128
15968 189559
164645 101777
134443 9028
62256 9994
81359 190682
8076 1608
85651 178823
182711 70803
110109 136528
4443 20774
183695 52578
31066 71882
55371 62980
109128 255
93776 129395
68680 51389
48698 26833
192773 28239
31384 90187
69748 150554
87130 162386
165507 193762
171870 169509
163399 34093
151500 21497
198857 179149
124251 156038
192783 28250
156321 99334
162937 172478
12372 157881
17423 61589
99425 76754
17240 128479
168675 109130
83099 183333
149156 33773
4737 96631
150457 79333
142091 166325
53474 104313
6569 149428
7156 19537
110244 136274
3564 28159
198266 21531
89215 173444
56804 194484
109145 4731
163596 100926
76544 55106
159506 78482
95400 165588
51279 171763
69928 159321
129212 54415
33057 15420
782 152933
108542 8749
30550 97417
51498 87758
52812 165337
7596 94061
57787 46942
90149 113259
195303 45296
80810 177514
146956 143338
194536 147227
169572 180470
141427 4572
78757 156222
129881 11328
69398 107952
72424 144538
183760 86629
84595 93396
25499 179085
106044 149467
191947 55134
42726 188087
74139 8282
87296 167412
118088 198370
176218 75814
26147 21117
167824 148307
53701 96890
52174 148585
25729 164304
386 61459
134505 168807
151824 19293
181827 103927
104957 130447
115503 180152
6962 163702
177762 94443
40678 19007
133002 87103
177328 132197
99283 139105
187734 11231
68462 182201
49581 158888
68270 37855
154643 3673
8575 134946
177445 173098
139222 153871
37468 85607
141514 166312
85055 126896
134722 52402
159578 187448
142693 11819
50261 125373
6215 56192
118541 123599
54042 197008
21640 40215
13565 96528
144646 145482
107352 148602
168417 180297
80181 136148
93003 53806
181379 16135
119777 66063
136447 120260
144499 20354
49511 67200
5878 189480
155328 91508
181237 171398
30827 71776
3738 83735
15020 194937
18848 145111
26471 63637
186232 185988
101264 19652
129570 8777
618 9753
72392 134927
93799 79802
190882 172274
28615 189723
194255 35433
178788 50412
174442 65756
132734 27141
2201 190090
152743 74560
177835 85291
43363 83448
85677 65276
183427 149995
100975 38302
84723 94672
113080 20531
71190 70499
26511 40729
173845 187829
181504 192295
147845 142101
116772 16056
16427 15351
160473 50006
173367 33870
31761 87380
38182 154354
67043 28278
130090 113068
28729 29015
25229 80716
135033 61390
41301 65666
196644 184395
9905 157002
106489 196466
89860 198478
35527 177410
107827 20027
34529 32362
101715 108248
187264 147739
78269 135336
23080 184208
167016 15820
484 20190
16851 43175
186020 54273
57476 182452
6012 32130
110040 119212
151966 100020
88411 96647
164010 102288
170535 121819
64419 48958
58039 143748
190574 169643
50374 101773
132368 80592
26068 76922
63137 80553
73807 103044
44530 45932
132464 5932
196600 127577
69164 173660
158008 168599
14624 82257
52354 134333
176667 191467
149790 167954
3569 89847
191397 160887
96263 1943
161156 191210
70865 42418
137550 168055
18007 114293
142450 60669
104138 39952
86864 116815
128932 46958
22488 6889
183539 131577
128572 48504
122386 75154
32064 13215
97697 152832
20859 91705
194290 120736
150096 133415
196009 196498
22041 97813
89017 88121
23875 144654
81786 155440
93662 188268
96483 43901
163239 111196
67106 64702
164344 83214
36848 36105
25174 126856
51970 33611
144623 80082
37107 69335
137493 125710
168588 175636
44977 148512
140180 15656
173842 42495
5897 40611
161801 19942
168704 120313
45177 100653
82408 27884
171383 169833
63956 188480
68865 38171
8586 81886
163872 87977
128619 135187
197528 29155
64023 27969
76287 95132
199765 99549
35963 189181
97748 59543
15875 57326
15850 36306
73565 17130
57569 4106
3987 30296
29655 55296
17279 73844
111226 79264
80592 48475
21929 73924
65100 121890
168348 125339
131642 177705
177462 7285
97337 88033
174009 161787
36201 193721
34902 125416
124324 6171
173171 33263
112047 13914
194115 80158
147683 122259
104727 163303
170526 124003
160583 153016
192947 135829
117934 182409
48191 92154
105604 176124
155098 114305
169861 80143
20410 16683
55494 91138
4042 117397
181140 113892
76011 162039
163202 99697
118411 44013
183653 117238
185218 105613
49808 57087
148043 107710
132653 6892
10502 116102
29671 27777
161470 74103
130837 82360
12511 172534
93371 166461
48239 33591
11923 24944
17315 37758
126769 2154
191948 73913
37327 33709
183421 96820
149401 190049
58563 61727
170118 188151
36256 55111
144680 22470
79833 60896
55626 29284
106505 19499
113084 106462
193633 162911
174188 123646
80584 177789
80583 108349
152625 127550
10399 127858
30009 29362
158238 138164
188111 152055
86640 17811
28821 30856
97013 129523
142909 118923
33655 62883
152804 15737
51709 129688
30785 84402
169656 96718
135209 105029
2743 47650
105472 79017
34139 55112
105699 46596
189767 79256
88846 133558
140962 189088
74871 186453
98652 194188
152243 54132
116911 18138
73703 121029
169595 144553
130251 90806
6766 136095
175652 6046
93580 169381
181853 120461
164384 17165
17695 130475
138574 67678
165710 80429
73163 12867
15846 40934
192230 127756
68274 133421
157911 66975
44561 72400
80437 60571
115753 159235
53711 106435
102166 112137
13674 75129
81149 141226
198124 104135
192577 120203
30600 31334
141182 137371
19929 106724
17787 137910
44249 193942
128393 187918
115483 168983
57740 77555
116760 121544
75557 154173
109477 114860
135760 194211
76464 98278
183570 32880
121324 61619
181303 63532
168354 166202
167795 26830
167927 135394
136308 27409
83270 108894
129895 85746
74685 31696
56000 87851
72689 164593
165920 92249
90052 173507
114868 156546
119741 166927
7838 189761
120661 157583
188530 15999
124830 115859
168280 14489
80936 165390
167746 97854
88445 55175
7026 5167
18675 127123
51339 27232
68732 27350
39677 123406
45112 92129
154076 45983
28428 167331
48088 150655
164196 145286
93685 100113
117388 181051
33339 67721
13702 96136
95952 89635
169276 164228
42621 85595
27422 130566
122984 75686
166371 139406
93119 113003
84075 40898
170416 105790
80750 40816
199046 196308
70691 56631
114758 80690
40490 132458
195143 35455
40352 6206
48454 33341
13445 72143
19096 925
109679 76696
149642 106383
11001 119960
42450 98564
89249 40996
187190 16175
179980 28012
189840 73032
134624 120935
109937 12347
163292 107793
118336 60785
115113 44628
98025 8795
14404 150360
62554 42152
30728 192614
150196 89777
102164 188920
163088 51152
47022 15522
98169 192013
281 110750
190917 91063
10926 104061
148984 101783
164723 29758
176430 188957
88030 141823
136273 66433
71443 175491
92075 33189
56996 104051
65548 152142
69308 18925
27128 194695
7145 8716
177579 44733
8700 140973
149351 98382
128890 105883
195754 8937
77982 15330
107983 37692
64213 48891
25321 95048
31410 182591
122225 82588
32666 157889
98647 123936
154729 46880
151147 106888
7200 88428
137105 112830
92707 61435
21133 70940
177929 55522
70906 46698
47054 8600
129831 12236
75184 56883
20623 179521
11863 119389
119909 44138
43508 37594
147157 122365
66532 161979
156619 87157
132819 148482
50458 192381
104914 127570
76824 43095
141751 190742
104204 8646
21507 127441
102730 181130
168073 123515
175029 138882
118022 55949
131770 135249
15035 30956
27219 16710
54163 8674
171158 91770
45122 180104
152184 39425
54494 138840
58333 95450
43097 38784
55149 122017
129446 87930
11597 70716
75111 137437
7858 104211
171177 63480
164937 49052
69192 73049
144248 178590
159767 104628
143888 65627
107417 9082
73071 28743
186885 44386
109608 27481
103814 189783
194924 96058
85166 165414
81525 34026
122444 153497
64916 51482
172672 154135
149634 122901
14600 34676
31659 78076
175726 99845
20290 194318
101064 160605
195106 198673
9121 81755
124147 175478
99630 19100
13227 39012
160096 112006
173539 198665
169999 170183
96140 69085
77006 21639
153879 196145
11666 198596
69517 52012
128263 121876
8683 43767
161991 173077
108643 120168
8620 86547
2782 53893
84250 108411
44139 62303
118255 48981
197397 71888
104069 174994
70392 85328
104130 2520
77099 140849
199238 93659
22655 22290
153394 155495
8224 106064
83946 197325
103002 191903
61688 46123
48795 176499
105975 127198
158651 18687
199364 30241
20169 128814
133348 88287
29899 47109
91132 158016
186496 44923
178670 119041
46805 152495
20232 106279
156462 76329
36600 199953
38230 34273
159103 37233
91266 64688
143205 67436
18531 144693
116151 86600
125412 102305
22712 128440
106225 98139
178163 127026
42414 41911
175608 67726
95431 136526
136436 61749
114295 113480
3686 130981
153435 146703
56699 61578
173774 74091
12492 134684
52697 192173
50989 123707
134020 57185
102857 166596
29462 92192
166336 151075
47844 101991
108698 136957
106382 100282
168939 135704
6186 142107
5802 126178
154362 96789
109335 88055
62543 13331
6618 12967
48868 37519
127019 95577
3545 161458
52878 181384
107261 172757
4131 73640
123297 1502
162213 40735
146884 9347
61568 58227
118648 22806
69433 37228
178839 29219
56603 123804
75677 117854
46281 130763
149092 59683
151725 45987
165377 37718
179632 106861
189738 184388
131938 163081
72961 149574
85913 68166
41368 130744
109206 194361
33021 160103
64587 191086
191078 199454
64631 103605
191618 150499
133893 56169
37044 197134
81101 7807
178008 123557
45577 135021
22407 161759
90604 160359
131686 27478
165315 174870
109170 19741
174272 131382
6673 154541
132689 196913
8078 157234
140054 147144
189748 16358
68885 5089
163833 54489
60588 103295
189577 46399
114712 38429
70435 79203
86327 33299
48675 126853
94213 157888
67894 35675
102160 128065
60967 35089
180750 184481
186352 185090
126976 47042
48594 38720
26715 82674
91307 62420
38275 83909
13156 25254
102853 162136
151643 49178
48734 148557
116023 66481
94763 25324
22373 184713
174353 103451
88671 184107
17956 110647
1105 143300
104591 45480
77640 155423
85195 27851
58914 52244
152322 111473
111699 189151
1220 192793
89398 121711
84858 39044
168142 150723
106458 103578
195002 79909
125542 17223
178310 24511
134228 22471
55627 35287
172584 1002
118876 40644
50675 193153
150301 31112
152818 186076
22877 140860
68968 104757
86407 95669
14214 107687
56968 113412
152122 182206
174173 133323
89187 16608
99148 120096
193309 110237
170081 94547
93113 162543
162179 197194
152165 19721
156486 99377
108124 153434
116083 106424
16107 194155
48178 36153
51725 99154
72022 80308
149973 185924
150301 91085
179905 27300
75843 61472
118047 174753
1188 193450
70498 51670
178224 66045
40653 77794
159148 27155
109601 40720
112677 51782
31364 130404
122662 123044
71193 185652
71674 38775
47476 38044
25891 48741
178187 79042
34391 169269
28237 187858
154756 125718
50279 134536
24287 175153
192042 178907
151084 7408
60969 67469
116329 53479
27252 118936
85633 26460
8194 173444
46310 154907
95776 141676
61974 191036
146675 85703
3865 132676
192818 53947
61644 44117
124245 26509
6396 78230
82333 54335
192951 84575
22958 57040
83317 170443
111802 191854
52890 176182
185852 77269
59028 17155
182655 115212
20408 158714
176609 165882
16911 99803
60355 51275
199151 91289
68470 116980
164684 22313
183914 93984
68281 55359
63730 167493
166137 132622
43615 84843
79350 28247
127079 107523
142741 149801
36895 180706
176697 38566
8548 104349
141402 34853
149321 169075
155155 190273
66770 89389
144457 180290
10894 45541
134276 79598
90852 120813
31064 176759
145925 109477
150184 180012
26209 198320
147899 174014
168927 134802
22356 111994
194918 46137
96770 76897
156480 158610
51243 27992
79283 84475
65224 191274
109637 88792
26166 52510
56882 135606
113671 29093
58468 108600
122145 181491
76229 101196
21427 113005
26337 112551
2844 83550
71488 63179
59381 118667
178770 5201
126904 197222
175163 182016
62109 100285
123109 20507
33307 130589
183710 68069
126847 1065
109473 158722
197366 98270
62742 20475
45634 28317
118864 138582
155927 79319
108 173814
180216 101678
163000 118241
36813 155735
111722 116997
36913 13796
71527 23350
145389 112731
44487 160657
51217 17088
161445 198158
27713 169047
98833 116337
144692 165887
118559 82188
194875 180754
146329 100959
180945 67593
128818 67761
3742 30677
159262 37702
167297 95322
90314 64688
31637 118765
87786 85513
318 68288
102523 26951
113891 29412
77323 185075
61335 141952
192200 71265
12810 59427
158075 122175
32952 99258
124982 88159
73753 90622
115346 109620
154392 165743
15052 152535
77142 23335
67633 33956
93267 173036
197240 16203
161616 92441
102844 51544
107135 177531
191691 14739
57166 133550
86531 169431
84444 42065
132931 198112
137063 48771
49763 30379
55083 38947
161938 162442
112067 127453
134151 56672
80919 53130
94093 140452
183313 179078
175937 95621
161899 151769
28331 158984
121437 122196
107294 64811
134283 94889
134170 102711
184448 172366
150884 38806
37162 87584
186811 169648
182884 70718
59398 127858
181487 106689
51420 110346
106233 46304
131751 130371
25416 20140
120969 30376
114615 97233
55623 166966
89783 156492
198544 87252
90990 51190
158727 70608
96811 12493
111409 174452
148930 136675
161307 88313
131742 172314
33677 159100
69120 141065
108267 61728
16028 159054
150402 191632
121037 184518
39445 136449
87432 85268
182054 164593
72540 31825
117093 152146
53576 183713
161546 78435
57499 22322
81850 148367
184763 31120
69025 41652
18672 93382
66174 81271
189324 8697
151990 105220
121271 102073
38544 81601
37384 144244
94563 129663
68604 8650
81065 5922
97008 41651
195192 175567
181345 127110
166886 181071
121961 5174
52707 96517
65926 121080
112986 99710
60678 13106
118693 172727
115753 149511
159295 128058
84010 20164
174877 169021
122 152772
7382 103608
184548 171860
92704 25811
162912 74173
6060 127839
44455 59891
73529 106992
26882 95041
190419 10946
71290 31024
186684 194100
16396 130817
13074 134578
40093 147742
39727 36480
13802 154020
37628 83286
23080 198460
183500 55210
162054 7440
1147 47013
153392 180423
93297 11735
16784 192961
24555 79653
115660 67297
176801 116856
46265 161717
149997 14370
185675 91079
97032 84411
33174 63082
126245 132126
49228 181987
162014 7318
66180 160746
129640 90422
125853 184090
76798 82132
98762 142656
74239 74332
35758 100186
60789 51271
55244 64391
166344 146304
142616 80620
191445 108627
89824 17357
149614 11022
54311 186895
76273 147182
52385 13912
146579 36144
77225 23383
54645 10786
30805 110688
12855 106323
173494 66763
173404 193812
68930 152478
10754 52782
95982 167464
195107 148366
63724 76195
31132 127225
179006 126886
193800 163908
50975 53449
74634 188297
180164 170763
61269 196855
185775 165278
11134 198734
184430 118984
29107 143406
188669 39810
26181 163986
139282 41839
24124 100377
175778 4423
113727 174366
49375 149154
43244 57604
17572 138435
98621 120929
166401 174537
136585 29752
176990 22271
173387 7150
142614 15925
40437 61745
141995 146043
63176 104627
151307 178239
125740 1644
177144 36815
175671 93292
117895 159423
82960 62855
93771 110910
81163 70893
172847 16735
18222 158787
171832 178678
49613 91405
76542 118321
181919 48449
137199 102418
65278 155146
148260 183870
102800 42610
80260 4368
173949 41107
60698 131649
184128 68794
163318 37721
15095 59108
18434 124489
166115 90441
163327 19741
68511 84090
2627 159176
11638 157682
168481 6179
171678 50135
163080 176917
95740 125635
36292 136628
98647 161406
63316 161184
89127 61750
151079 167553
23497 6438
100387 188200
126047 59371
57719 55856
136237 48317
116561 100663
83876 56729
199497 77461
141621 175596
13754 46663
181471 78630
151122 102028
102554 136613
161412 150689
184633 44898
61728 146104
94947 143614
90464 189938
86823 193746
47821 7136
19249 424
178284 29335
166321 183336
181560 178205
95459 177879
81292 79361
80787 144329
81276 128789
155880 37016
1026 117070
71048 14928
96060 27486
190793 181237
144014 122222
3650 49488
177871 35303
44581 26917
189419 170845
118506 119607
86038 161309
160510 14327
35114 90282
65836 196140
164396 156500
138837 63204
150516 19514
6830 54737
46124 1635
181178 71908
27742 189558
13694 60176
167748 127608
34404 133222
199738 17713
14363 39370
197234 156617
118983 45174
156091 89540
117454 85651
93638 29996
40832 113068
56258 121454
14638 168715
14622 129466
199920 159187
111765 171766
195212 55458
54487 184012
6055 47365
41514 91476
27126 122411
101483 112570
114533 139602
163314 160212
45688 30954
43053 128216
74888 109549
42043 25862
54501 56121
79403 95531
151285 187967
91127 147251
46422 167507
163202 96345
104298 91871
104271 41844
16760 152058
44853 156744
190153 85504
156832 8619
152952 192405
148589 79678
77855 19684
196794 78264
130668 95547
54537 199493
115080 112092
51373 197994
118451 199451
145658 186115
45974 91450
109425 76576
133183 92772
142449 112306
81720 130472
114549 109496
152976 93875
174073 84741
177468 130197
127429 189508
1174 84295
30832 146994
106649 95776
13699 103891
121625 157045
191286 152325
108412 73414
88372 17465
26067 98057
153590 168077
1376 82056
161545 36006
86869 108221
131880 119635
729 81372
43436 111346
68771 99066
160002 130946
161830 93615
12160 191230
142989 12350
78488 180524
104184 106754
1764 181567
164646 102169
57770 132965
184582 48114
132260 97329
8301 187702
77530 26794
109453 37282
121815 86571
16 165058
167568 42667
7236 167615
161100 41393
47321 87722
45818 28811
48351 58777
147084 3279
45760 152267
176157 189107
73848 69588
183485 100206
35237 129135
99100 63828
84983 188466
25146 76978
134086 121645
69090 154695
123547 165163
24016 82606
175734 25571
34487 176404
156598 86195
72299 96916
197603 146881
156840 63020
191399 143180
82090 58617
165693 59520
86900 131131
173214 76886
149549 159674
164447 158059
178916 160992
197217 17444
113576 154768
91082 58417
91273 199703
169117 169802
157299 186728
89063 37527
34989 144212
187563 124121
170991 178140
84330 20754
34014 1839
149774 181667
11577 17235
143710 23545
130165 174947
79149 197674
150777 119935
65387 16586
32113 20857
75270 159184
110959 62605
55038 111053
6674 147989
142288 159950
188217 25245
14103 82447
175493 767
73882 176307
196963 84470
158641 197111
102108 166491
26737 162124
171550 118564
170090 70567
16148 7340
184773 94935
161745 128648
96214 136269
54510 68610
176263 76247
93746 157400
192781 71448
44049 23334
4320 187718
78562 42706
4377 177185
133412 77178
23542 134657
49013 142959
164413 106710
84028 71155
149494 9448
121954 143443
116115 45631
85048 86233
9131 185098
97850 81483
31309 87712
31667 158917
12624 150410
53756 120064
96907 117373
199002 122127
584 116081
151850 99372
172326 7768
178721 105362
24295 175748
111088 153869
72246 29556
55380 199345
95696 26366
45046 142076
68828 145911
53735 99583
157535 82096
94380 154133
95550 141059
41975 126977
121379 193217
16146 181712
107277 152837
162368 34446
35774 109015
157038 172042
28946 98197
101886 147680
176376 176001
66016 156771
7504 114023
5465 137290
169084 46688
130373 111338
32616 5096
2824 44489
186553 59066
92830 20174
172497 36047
7111 163555
199965 67849
95798 153710
185722 100596
152971 28752
87643 123034
53870 184524
68399 157523
68513 51033
147448 90726
166402 173133
110919 52544
53614 124953
93986 148659
134196 182188
189045 70405
155257 181590
22289 63634
191991 141719
192800 124139
185267 138608
130551 713
29622 147106
135232 23218
165120 173622
180490 184813
178460 22914
31454 188969
60419 61250
124061 159936
85407 175244
41901 54648
52963 24580
69718 61638
43628 72217
21375 165020
115913 3265
175418 121979
198823 199767
25765 37894
128365 131918
127182 157731
109120 62912
64405 195476
133665 127222
199089 161556
169314 10731
134394 189964
17981 50327
176965 45134
45267 193033
13242 133036
37150 47462
14203 80017
73906 136069
77003 172703
187776 62711
83377 29417
158263 128663
134980 147268
25715 108891
66955 153651
92605 124731
29206 198938
9015 76261
37023 175274
89316 163095
154981 4472
3896 184367
165675 48858
134011 77243
43009 34895
72088 25559
130696 11459
185206 32612
141342 171306
58498 164317
25082 62537
129611 129026
177201 72292
54949 67488
9154 58764
15540 89495
193688 175000
123993 150464
44714 87057
185391 167542
23824 130552
58519 58449
64469 91076
136461 30204
60986 107088
131291 42807
199245 42534
12289 21417
164672 87733
40884 160747
180586 127536
161552 109696
144975 96474
75433 105918
46055 21322
24226 101024
118407 2279
166167 14036
109331 43026
11419 134784
35889 27727
34792 70210
2585 119816
172078 98958
113432 74575
188491 166912
166760 88566
175065 55859
101941 39942
150744 33521
30480 198275
182482 64288
189727 87215
11490 165934
26323 27492
62868 71006
67185 158792
98823 142022
180536 152035
85518 7094
154639 34757
147698 21659
138056 74791
133362 153474
155577 67261
93316 71192
175270 189131
153079 72878
192751 155661
115128 36910
92223 77266
122211 38464
172678 14435
75719 128319
65722 80383
32913 177967
28249 117380
94561 107984
60538 149162
67406 153827
497 68913
100736 85345
26449 74319
78921 67790
79997 110270
181867 95186
127138 81124
135480 17884
76654 193789
83415 41957
83120 35293
184369 134118
198236 133906
140022 174678
103260 78117
99329 83363
4503 146869
160007 60120
6525 65537
62451 21552
124692 146304
77004 40700
20039 62285
156226 25669
58671 114522
184263 159742
161862 130876
89191 68324
138133 57355
161284 56271
127842 127112
126803 34736
196190 115684
193414 31977
94910 65893
39744 42790
67473 30301
43036 83189
199899 394
187847 53363
138165 177577
55199 72104
198514 25675
48769 75491
124468 36031
47299 60184
119358 38336
11421 116536
77994 18046
157077 126620
90581 56764
125176 12923
176893 13621
112617 61921
42257 61536
156176 158370
146027 174075
164368 145630
128335 119551
54982 59275
97734 41760
25421 169
139193 89515
138791 49595
167814 120597
95868 93423
178884 143150
46983 108805
59341 41712
22967 138268
158235 73702
96878 26240
190648 15975
145955 137185
90877 133012
147829 185030
180637 151631
135239 186123
175116 24466
138352 32104
26139 157717
162623 70850
47539 147158
31485 130264
186327 146876
61643 74792
35365 168435
543 107935
66901 49729
52554 172497
154202 195352
171943 83666
88973 49303
80924 51241
49175 74395
147807 177522
118947 186722
25898 156183
116605 33455
163957 3299
70881 13235
148140 176942
56548 48561
76295 38881
72622 51374
164272 8372
6402 160671
169139 21247
178439 194109
199988 120468
58975 29254
98614 50520
58079 35069
76911 169855
59616 997
172402 135207
171792 174311
130535 44750
80159 66714
125861 131787
62684 150166
193132 7446
127387 31151
35486 21905
43783 95894
129961 162379
141477 154155
113161 157322
20477 13068
38402 79506
29226 149135
131891 172765
46966 123407
42687 73658
76253 170775
163444 94360
46264 9783
115515 100638
149564 152806
164760 20210
93235 37578
141672 55183
22351 23600
148236 121507
129239 132837
151064 93544
27982 111734
106350 93921
14771 27941
140212 12666
13800 97632
72364 77794
5464 196983
37730 122362
114709 102198
15492 30707
174423 33150
58268 25508
101965 36076
89000 123562
96441 24146
6424 8816
5072 56520
101171 107742
196714 140888
91440 123595
81856 62694
153508 124463
168533 62070
143836 70814
118235 167482
23876 195321
181710 143337
70644 95972
131838 19539
101819 59474
12441 46232
28091 45623
155253 20392
140498 41665
50332 106706
50776 124409
35154 86561
29678 24477
36529 156174
174003 136655
8202 195019
53892 197818
188767 22658
13820 40431
99786 40078
60942 115517
6457 95140
9715 100557
119108 176527
77286 146013
189452 45722
177338 91864
41962 39953
150932 41872
85462 73755
103106 88256
198035 184514
176267 73026
129581 98582
58338 20152
113377 157788
24181 77830
97147 92773
156020 14040
54081 100894
88691 59063
93062 196051
73961 41565
53484 115598
41736 67014
114554 111186
118462 100657
195391 32947
43874 107308
182966 126311
102195 19367
129240 79727
168825 115400
154152 3112
72744 93235
197029 87906
43549 198215
37439 77135
189809 198395
44748 181426
11334 94378
156598 111877
68348 38620
96003 75753
158411 117938
139566 13789
98420 71255
60139 126429
21786 161844
171705 104376
10487 182087
169558 49557
76036 196800
134107 163150
127355 58227
18113 28450
112250 12161
32208 91221
99635 89974
61487 148414
158069 97130
48531 24098
25132 194552
167558 191639
178744 83349
73390 48120
66865 1267
24482 91041
6007 177365
194336 68450
56014 167596
121979 160188
15940 184484
137542 109024
143671 7013
139258 134146
63167 88711
138230 188292
196176 96792
92352 131769
169055 58827
111978 68384
84067 68921
166107 147283
117528 97795
160676 117690
150592 148152
199550 186468
126646 68143
34862 91604
192323 76664
42474 165688
152282 169864
15159 191685
79493 55836
100819 138988
43930 125157
85621 105798
135039 67061
153405 129695
176133 138412
85932 16183
181609 118784
136970 168002
113013 126146
47530 83215
60967 14871
199065 134109
28048 87439
138921 1496
142432 105921
115103 136955
176859 156071
68561 97815
28393 28186
157929 58314
178082 41615
74293 108195
126442 18620
169268 187143
168431 147505
161720 155560
40450 121677
88134 44848
56718 115109
27657 5315
2214 189755
38508 190890
163235 96509
160547 167938
101097 49948
83406 19331
146668 127363
91977 118593
14573 96007
53454 47483
10895 147513
188306 64405
98638 20004
58002 179308
165468 5278
17066 75632
81728 106785
71721 28404
162996 126455
41344 186134
147952 172099
75753 18608
172432 15033
55399 112033
129255 86012
139090 3725
101609 148974
188749 58232
40290 185903
191367 189555
137445 155037
69775 10435
18572 23959
119554 20346
49703 8877
196719 65124
185311 127019
7329 162296
120562 26567
138682 69332
108032 120291
154943 14962
144675 121966
124805 182987
61376 124728
56662 166979
27677 109092
149716 37537
117292 90450
159808 44406
128540 81141
108470 12402
22109 11308
4254 104783
167056 159714
170870 116005
123378 76561
13511 425
155820 180628
121098 14431
16513 134647
56470 34673
97097 165078
177101 180634
104394 99950
194949 18704
142654 2277
99072 24577
848 138058
88797 63878
118953 10752
1697 130975
16348 5422
26277 1618
39235 196686
36823 34711
190029 30598
44375 184087
103748 146697
57194 160969
10968 83528
25113 195350
9374 31954
20095 199589
143146 17869
192398 99301
148451 51363
70415 190391
154147 29335
1361 100147
121426 114392
161480 135834
125005 16981
10399 28806
73824 160924
79932 20803
21382 111555
60129 47048
146445 39275
194953 39796
95107 29380
148746 99913
67448 35421
154685 86339
132873 165445
101226 31862
113414 116934
38235 28456
16493 127057
5181 40878
85659 66372
79017 155994
102361 82876
85680 9446
41170 185103
72199 193678
41074 187696
21923 135858
173900 37205
85354 69043
166859 137593
13213 86858
182273 122318
90516 161924
86163 518
44730 77176
37133 66017
170616 36260
109821 56432
64254 98252
47039 59545
30244 172875
121359 164983
83977 75362
131908 116034
130479 32755
179909 50934
40275 625
40520 4361
105021 23619
180934 54096
161379 167137
34147 3761
61632 27753
137367 108874
117864 111493
191900 121174
73420 80537
135808 43835
46632 133767
195445 128240
145396 2852
130810 51198
161204 16196
11508 78456
160469 113351
60396 8203
182969 151680
101370 109424
102606 117733
198612 114556
45780 148809
99181 8296
165877 41068
185876 159564
113813 170589
81760 159894
156820 18369
167101 10896
67376 187373
129173 32247
108797 78068
156069 85891
67380 84077
167235 131631
69387 192128
79872 106702
90223 122625
121063 187949
30943 64257
180321 166011
118019 29167
90328 51779
66760 43860
122052 131593
195660 152572
55548 166622
45748 136610
121704 56356
38279 45489
122799 98991
111739 83995
67387 198230
192318 140063
165564 75899
33579 130973
79986 155725
75928 112289
180511 80047
89853 164630
72126 169775
15363 49573
191245 7883
188765 7318
40718 168612
26248 78710
61258 100859
108978 85553
198393 147707
77041 94137
52756 145262
145001 45142
56382 35770
65232 80127
87268 189595
64146 57243
91517 101607
109376 134925
42445 34736
199589 137326
156938 192487
108893 95642
126950 175858
96624 79500
158543 166303
38997 174205
1389 57956
183459 161153
143440 190
29634 52910
61017 166608
122350 167466
103998 19196
160299 20445
95795 176159
119783 126307
2105 26031
81450 23370
30199 20706
93359 196266
138498 28300
166910 99733
40309 55539
18123 92709
63793 159791
71651 42064
143869 19218
29663 93898
142963 121281
189379 106172
88573 10238
151220 16832
98664 52952
157324 117569
167140 95497
5946 96764
115127 194605
158729 197449
199155 35942
31659 97162
16871 10086
171846 158230
145926 24243
16285 7977
168943 151585
69417 77307
57924 3967
9305 36476
120437 127959
59058 36262
196612 3707
177560 98323
88054 104066
148337 75786
38283 117040
168623 108283
164760 49466
145126 2234
165912 137926
45386 100309
51819 43244
103174 116723
109362 193093
59331 182184
168125 26335
22995 81107
64615 20752
195718 16097
120270 89052
59948 156429
131843 124713
20551 72436
28516 69766
48746 113214
189061 76504
35135 155169
57866 8058
98671 175706
67444 191506
99999 29365
73738 52102
132701 192336
52895 190792
132713 195555
16579 108274
130344 78765
185776 189849
35223 181018
141615 190385
155994 82045
81432 13399
93262 139540
74551 172135
124407 68044
64521 146184
153081 76761
128076 88094
35018 133248
154518 126963
42451 170837
80003 87486
159154 120128
147829 145714
154561 142397
46795 49057
75429 89095
90394 181387
77359 6916
190863 170716
73287 39683
32013 5592
2471 29561
78698 166771
155072 160193
104715 31052
28709 199510
124053 116792
138084 84338
73339 97456
54721 148340
193701 170108
8218 189085
90806 115392
184409 162516
143234 99688
100752 33569
195053 113015
155860 46328
56349 62106
148510 88711
63240 191623
2201 8528
195575 176076
164846 33516
171536 90810
193524 92078
51205 155936
87733 172692
48052 167667
96793 104940
181717 54040
119127 127793
175163 195650
57199 27660
46062 94057
41450 81647
94936 139156
188585 128319
8376 32248
57904 24897
193486 30664
16387 116630
92028 31962
128591 62290
174860 54065
95641 146063
51411 107809
37243 77067
147617 165670
46232 32593
88317 22687
89075 112392
151819 81010
81649 57745
145017 129886
143561 124675
18329 119960
17941 60551
84845 179332
159533 56558
91368 182534
175387 134611
178483 153218
21975 14787
91702 73035
141169 45641
86717 113566
41694 189160
126854 55817
160147 111289
73564 52195
176506 52980
32681 112843
21613 40425
52 168852
157147 161582
37015 144020
110284 173261
139863 173334
189360 184464
124688 146370
76877 40153
174757 182097
123763 126200
86643 26975
82442 58257
104076 172310
115275 35854
12358 181666
154645 115235
196250 92725
9472 100619
98436 161470
155395 27222
179325 168205
33668 192104
143268 82243
193524 103753
135788 86411
148210 72166
76366 20637
110198 74878
149910 62017
53861 26044
21967 22847
83845 100014
198387 167043
185471 142064
83287 81836
7468 44604
101408 196220
32816 26053
135764 10824
103070 187845
181716 172053
2565 187634
64364 196660
107171 65490
44508 60528
179501 96817
193909 32088
144144 85286
45016 37910
155896 172799
23323 112078
92827 104590
24452 52238
182257 16210
115400 192592
63033 162561
135152 114763
20588 169866
175679 76279
134000 75794
178682 84231
71027 80720
52121 7774
1043 121689
169275 76612
88323 177069
118156 193486
128098 122914
76287 31748
169936 76940
110129 196156
90789 26288
131446 55042
25452 105219
64091 52597
198645 45881
96178 58115
63498 185019
113653 51604
10423 87168
119737 192571
92586 121460
180225 132553
99548 105871
14621 118808
15298 48979
88227 6090
119665 188500
100085 112115
111872 11695
101333 150885
167966 176628
93618 5055
135164 94641
186604 38793
111815 21464
12388 110327
134453 161555
107416 97637
90739 192742
54837 35638
101055 66753
130143 71079
28127 170003
185897 68075
16807 47353
176289 71309
3671 176783
197279 68157
51248 149109
114283 136417
74327 134952
55143 83455
152848 101654
13130 1868
1402 17631
144749 173038
179936 40733
2027 134649
127997 27703
101575 165722
56815 139242
144547 31917
155299 56499
186365 177473
152496 165519
168018 38036
124979 21293
148475 24928
132633 155298
150917 57773
146547 27731
160001 140060
125273 158318
33706 25251
108349 87156
716 25514
137556 19401
121991 193206
94907 119695
110359 195158
2088 26882
134065 8385
136295 112995
186855 115222
179222 83731
196451 32801
33068 107872
34385 80272
156527 22678
87502 33737
179864 135878
161133 58942
44055 133790
28143 105829
114422 88342
196468 21083
127794 128251
52669 20368
54062 21875
161033 120820
75929 149254
64482 30336
62729 85500
36078 186960
194992 128165
177306 111864
47807 90343
89834 161704
64760 128937
110907 172816
96966 16413
24335 135968
33434 84015
114634 197514
111113 164114
88490 28902
100499 56230
156275 28761
119476 44436
122894 25072
86434 66017
140196 181726
50933 108373
45130 140249
24380 193480
51177 75321
31847 61414
87490 6159
49239 52871
74253 105448
3245 187068
124097 81571
155388 109005
166384 132386
115600 85397
116878 79043
169273 195272
77536 112170
183461 82655
79841 185824
66309 141256
37332 30121
135079 128039
57062 161164
146205 172891
46372 27718
198743 33318
86487 85454
133721 142424
128348 123489
73269 10483
92108 15227
57132 17072
89245 17377
54526 81355
174415 99417
97889 14127
142990 184713
173737 108997
84730 181747
109609 162440
147498 112416
180810 195321
57447 143003
128553 69859
76849 125651
128964 20503
59893 80721
22749 43344
88989 195105
62484 168089
135957 182475
167805 65249
69107 22878
6688 111132
96638 120253
35479 160138
191453 190041
162732 116795
110515 100256
96125 110575
41157 186927
11175 110362
130767 165616
12913 61948
159092 61105
56100 98529
115501 178285
127663 119052
67089 81630
24893 8775
192771 179228
146456 66042
53209 153462
122978 31983
196437 199732
29353 136256
48762 184711
14410 3210
57105 175969
72185 9221
163125 192870
64360 87906
193217 197997
133993 48019
125136 192940
179353 29715
127305 51931
180220 191337
35445 13889
55356 20902
174146 2822
114595 104172
103434 73778
114187 184110
94278 25283
131481 69935
124490 133373
133225 130648
187734 168427
163104 122423
137876 143946
134216 79839
91661 131222
164031 184691
190140 128871
162325 192011
93198 121961
183651 152300
125067 22362
25941 76618
156970 22703
120090 157711
76994 109245
17574 169688
160468 14198
98455 154379
185723 46379
59062 167410
188155 149703
92891 25280
5440 141272
170210 189453
192911 53535
34839 199735
129283 175797
135462 104258
102887 136374
111584 142082
173089 158976
149764 137666
79082 38300
4651 5473
60025 49096
100996 86759
15852 168160
59851 13029
83062 36651
68558 24585
25334 71456
197895 44145
10312 192502
116125 106694
98021 24953
58447 56624
88424 46605
147549 73986
157336 97928
124882 114621
13906 65198
186646 165267
197429 149348
109467 180709
18522 7937
141543 70904
165836 178183
148697 43146
197963 188351
154820 125267
14087 78912
83189 54004
136711 111191
142278 116450
104447 18314
37612 182126
196884 148845
117610 107788
128691 98763
39935 29763
166902 51423
87890 78649
165419 84114
105914 196771
17891 73596
189074 59423
31587 90296
194259 51742
174363 134247
164347 50114
179295 79737
146401 167972
151095 153629
186968 95073
64232 17403
46728 13245
8359 136264
86972 151252
11153 81740
12513 7743
45973 73314
27264 177579
118270 8392
56342 106025
187798 65937
48058 63872
128693 189487
65078 57077
20349 53624
78366 166068
39087 81612
16412 76640
164175 115299
32484 134369
150037 126445
103162 42586
19624 199136
125915 122960
158740 172837
192334 190627
77157 190730
36992 168242
159829 46572
25834 9192
27163 129765
35596 129953
70141 142078
34966 21210
185739 89301
22779 125867
88365 5187
191900 128539
179269 148749
110581 61852
21019 58960
37689 71791
180206 15825
173655 190466
71944 153822
102102 21049
163137 110034
183264 168788
165975 83621
24135 159995
103913 102805
45011 126203
24093 72444
91987 126940
13505 111179
82947 180911
139275 180677
113637 133023
114263 42706
56146 115790
134092 97527
182531 196812
117587 121239
25305 177234
121401 32238
46645 17259
150792 154857
149615 51111
181957 171897
158611 22647
129147 99532
189088 194741
125378 273
174551 197161
128309 166969
2965 379
33282 44896
169525 114965
151368 111122
42160 193085
72522 80239
88299 47983
115987 132586
76080 51369
21 183343
2787 57519
158974 142895
130280 131259
167019 197844
10483 110113
75194 111054
89257 147859
80614 193407
156449 22985
172672 199963
141693 108688
142292 169223
192043 79700
157563 170690
134009 127551
182703 71236
157869 186206
50702 183181
46771 2021
54925 189189
152387 37020
43743 99114
144942 105555
131389 123420
6720 169915
179582 54269
123323 96220
97559 193434
128744 139277
96480 75222
85900 126907
184857 181837
101325 85013
56195 1116
152041 37569
68331 195886
109721 75464
53772 4736
132454 29262
58327 33808
39347 45431
90705 120716
97162 4997
67813 19930
36209 42894
110511 103085
80193 197255
62530 181460
97899 191607
199328 793
149946 73727
82628 96959
193754 169573
168899 116269
60927 25702
75097 149451
39503 172884
111136 110596
46483 38139
172410 66385
128795 114923
112321 640
52805 145604
39904 178352
131679 15569
126167 18421
15955 12834
37877 66865
82871 137788
187708 138459
177466 198678
112349 71523
29677 164879
120541 171768
154020 62729
156715 158074
102012 160592
125394 158085
64124 172501
198400 167681
58679 198143
160645 53233
64428 132507
51300 189910
51359 138146
116945 112610
145206 134315
55117 144625
188671 104480
136841 152268
138759 39231
90571 134408
32181 117287
55154 146090
188723 113688
141171 26869
99325 91382
47327 194715
37238 65399
87195 9738
128754 166457
158128 186343
165625 161401
61769 125809
142455 128579
61039 192088
165624 94349
34884 29887
151982 158239
137041 6571
98803 135375
67018 156456
105874 7991
174823 51635
54687 75843
46271 155781
161691 189976
91979 15077
141868 103445
121556 40362
188642 40439
107041 173714
165460 113750
48523 140144
23115 14832
117840 105948
115440 119776
194250 116465
141112 108347
116168 175818
186648 60011
183823 157747
126393 19723
139664 17724
159595 11904
94079 170934
151055 114780
69408 112776
131434 150513
149037 59684
56940 8652
94779 56501
181444 127378
73566 11247
175279 111272
41375 67185
36776 101690
30763 14506
185909 61705
63338 39696
73310 145780
181646 123794
130574 49233
102114 91799
28489 138452
140653 71761
158769 29106
160986 140646
107180 197734
103142 21250
55437 37023
152128 78944
5620 104915
62448 95507
123877 47838
69314 122450
105633 53450
157134 144372
91290 124729
38647 104003
173152 183404
137206 84621
9050 2948
121917 36667
144902 177445
185313 78398
59408 133202
169958 186660
182075 93038
137540 2173
7083 151767
163032 154351
133946 112391
113690 180031
183503 149015
42218 182786
70188 169050
82055 180902
4304 85652
16986 70067
161571 7525
81386 131917
198059 122465
195990 58587
90372 188963
159216 127868
98228 71623
59161 75261
84304 61565
100062 76986
162169 148200
102696 26302
187647 16122
127749 130933
189163 150438
158650 166726
116557 119676
37335 39191
42128 37064
182881 112534
80603 99317
191487 176938
22171 198234
84870 63429
62114 8950
2747 38735
130228 2913
35603 120643
95242 194551
15699 124848
109963 160301
123305 181633
114530 181874
147588 63764
140909 181373
10146 83672
28383 66099
93939 62999
145252 98918
170154 155802
177601 2562
30676 113991
135194 18448
40618 199669
9826 130537
89664 1677
14330 6632
105525 160397
161947 179328
21202 91222
95932 138869
90805 148998
57421 153465
173460 41098
37658 67729
67145 83577
93303 114329
88794 47904
55608 47579
33337 25144
79616 194791
140531 161228
81040 73306
22000 49686
163028 149897
150627 97943
171955 22386
117237 105389
147852 157207
52187 54686
13578 62514
144608 20746
83056 113758
153040 85760
153946 10904
126255 3477
91548 193465
172831 176636
114126 156694
96819 185698
17083 3413
113085 54702
107795 29354
170601 16700
36748 136026
127057 76355
10758 184794
131725 169903
29642 16737
118851 50004
6520 180050
98503 151495
157583 60084
139033 38081
18154 72194
82306 34692
142928 115555
136170 152832
157941 198630
152146 148137
103947 35379
132465 151070
61491 1952
168232 49046
144834 75209
14787 94534
37882 19587
131717 94156
12409 83996
100487 13681
146705 49751
195048 28007
149673 25153
39262 171079
107059 13993
68859 183945
191250 143210
92769 195113
138489 148704
110373 85446
69061 160763
144605 17816
143637 71257
71393 4051
155776 63390
142505 112164
92592 80702
120339 18189
163108 48955
130962 168157
13486 180181
97717 66451
133785 119894
80231 138803
123713 9682
88147 104625
99763 40155
58993 7196
190516 12399
97393 102891
1778 153201
170060 80933
71360 164141
102587 28329
94559 2756
25530 36315
176368 190254
57979 87696
13798 109328
103477 164725
98298 98606
113447 14496
94393 7627
91464 161894
5458 134041
94576 168800
97679 182514
120002 112250
86463 127062
140989 150599
55774 124859
150192 183382
65183 152998
25224 157769
80841 127799
69876 59180
121024 39837
148623 155603
10923 184797
49990 85356
39953 21666
181904 148511
191871 101609
4792 155318
32703 7054
36199 119425
110779 71301
130310 18677
80867 49098
65842 177099
171001 59737
44129 21145
26401 19470
165766 152277
12893 34281
114519 169879
109192 199732
176617 35038
61487 127130
117970 50371
165781 144760
28592 57464
65360 1950
160451 140835
63798 25622
68990 96992
42594 65508
128653 139988
3425 54339
80921 101156
56851 51404
193412 47363
134998 116124
69277 165957
40216 95526
109274 83858
105752 144825
102941 108510
199338 139324
8932 196063
172595 87468
145175 10679
8225 13008
187572 94453
145796 150935
172385 91665
183384 197569
56419 142732
30367 85886
122977 97641
13930 24257
82306 70664
57901 179464
142475 180428
195648 87300
119029 141678
27928 146753
166647 12930
126062 119039
162791 186758
71760 162326
189790 27952
73937 139069
136215 30005
91109 175560
198625 166358
29924 77323
71068 112116
106521 24290
156401 172443
155692 89424
66202 28973
119052 24433
9315 978
106607 95275
108797 37094
103689 102470
112249 140596
145041 94906
76152 82236
174863 87171
61590 166145
179564 104608
57628 130450
130098 111558
113656 94524
158464 162718
92326 162080
157163 11941
44220 173725
59935 72230
73813 34807
61078 147075
26813 112167
47450 48379
99929 112471
70616 133792
81193 160932
169405 28238
138017 169904
102782 25348
81803 100907
41988 143830
135457 61263
105879 57128
186733 87858
140902 15678
172808 98055
197098 54169
52630 22729
172560 94574
21513 165138
52340 20247
177618 51636
90573 112978
29802 28646
116465 1264
42954 127179
132843 75899
124472 49194
77885 80405
119601 151425
50184 116816
44778 196123
46062 59419
162685 195875
28900 126508
99684 19961
159948 183222
106776 146163
42069 44607
90766 136903
143206 89424
174662 137015
71661 173416
51650 31489
56484 166354
184855 196943
82337 182510
178646 178469
129913 79800
3961 138340
117291 80595
117175 71794
7238 118391
51199 159929
124957 39711
150656 164748
110067 27356
195522 127692
91020 106779
89535 115157
127168 154605
149878 14568
100891 32691
132851 63679
194190 75804
68824 39147
86194 32591
22631 132656
9852 156584
82905 68342
87489 82111
20429 153362
173678 33041
75863 27387
96766 33912
134709 113244
62101 81600
143433 65825
1590 17478
111654 22841
175858 118337
12572 170416
174982 99781
66040 159080
30751 79767
80200 85309
55665 64343
129042 180643
91632 46981
5262 25264
94218 99922
160701 25069
72376 114133
176472 28620
99510 179538
78326 20079
91935 124266
59743 49228
124564 111532
135714 70813
1889 189749
162292 23234
52851 70027
18797 164965
128817 132863
18036 4090
162175 1512
127655 29171
150431 98131
126334 168390
26774 172226
78406 90392
26651 81692
152798 93962
25858 73342
152678 181030
170789 94147
85693 139518
49657 142249
127491 55753
100575 143929
9512 122422
45834 155915
103297 111763
190441 20418
135650 13006
140273 67435
63241 136436
135943 17979
100302 141789
81510 138796
36680 122789
187045 44540
51217 170955
6081 155849
158373 8247
119453 4584
81719 189652
100970 72214
65731 89230
841 61893
5741 173801
1797 99002
176048 677
68608 93748
186963 189720
32605 176705
159963 161134
12473 134120
21927 134545
125674 60496
55314 13831
7478 46492
129232 167287
98990 62695
187302 36362
119795 48063
43602 54193
130088 58192
111863 160723
84929 15533
68609 54406
38311 170129
101146 11756
87019 153391
12603 68254
121721 61296
93491 55272
85819 36922
43072 109662
198606 172203
95959 68204
154588 54010
13743 199612
90172 54846
147675 122746
49764 80014
96772 25310
51050 177484
172646 90891
161108 153985
113861 77589
38029 110313
15529 166057
99575 16236
187437 6686
159925 147238
163094 185228
120165 40983
122435 66915
2903 183674
82381 23519
67729 171633
183296 63533
30004 101385
76274 23889
18052 159387
161200 23336
183817 52459
113826 96256
110072 81389
188006 12946
168011 199545
40997 183013
94557 75638
45439 112203
10676 11049
108198 33336
141563 197257
169327 150779
172724 48013
43845 49635
136485 68093
53385 94372
121242 159703
161485 49186
140974 169418
156476 83675
150242 78804
96281 147402
148173 43837
40793 85470
16724 168026
126508 73068
127439 84432
46122 156366
70985 163230
116707 120173
93158 104373
96002 82493
26774 42571
134982 134503
176474 161986
175972 87328
114201 52914
140528 49320
112240 128570
106914 110998
90979 119031
15265 55097
21047 192727
853 20520
43949 33455
164472 18714
64328 58852
168824 199273
183456 135224
129241 93438
55108 168036
178333 68609
46807 19320
78986 75300
193225 134042
56226 88027
75635 177183
198665 86913
197794 119032
75639 147823
132771 137987
186691 164812
60573 162119
111398 136405
52481 147306
181701 33344
94901 39503
97426 75066
56396 9416
163384 50409
89548 180683
65247 198061
89031 45320
16795 92268
16560 128500
51300 178331
75112 99557
110095 5572
113392 139611
189729 150474
167857 148131
186879 192641
39751 196300
67045 123265
26741 93832
124735 84120
108848 27630
4505 143011
12170 174185
20142 10197
55926 5312
42556 47058
26896 187628
36669 54959
152602 88671
95261 27948
46889 25306
109451 156320
134225 58841
35756 50078
40185 145618
93085 67991
25880 68619
33179 43064
107292 60471
164603 34881
108124 194989
195699 33454
29830 77326
69228 83737
53193 124468
27893 88101
169346 9529
69907 84371
32673 161971
102962 128058
142492 115499
129432 144297
131083 8452
20566 177995
32679 167476
92525 199638
158729 26325
54541 46822
110813 140702
78254 48812
51300 45848
185143 179867
103087 49853
88525 93148
70443 108665
160126 178383
10650 54428
50399 188027
101423 192964
147491 184995
49356 22690
9201 89451
116506 21723
148786 119274
64840 46135
52496 184341
143706 26266
92801 76883
89322 88748
36084 119032
146588 191256
123024 114568
167469 42374
165152 99865
1730 47750
56432 86438
112592 74497
5742 177185
152904 61007
3813 163194
160422 199191
161463 140005
113664 133387
159131 20526
157210 189861
97800 3264
126276 182417
146980 114460
129878 149156
102756 149292
149798 159044
148429 56971
175082 137524
28374 149289
169366 32331
164539 148939
76125 147315
178780 120619
71532 101916
30857 45437
61469 172868
21882 156926
182436 173577
2302 9468
37230 75779
23867 94972
88304 29643
129615 85688
136240 199368
103928 57081
118773 55245
87356 53574
53137 43469
124129 8982
34227 132303
155488 158476
105339 107060
113898 131498
113446 139734
96726 141385
195577 70408
55714 18245
23303 100981
42354 17571
15565 186749
175963 181942
106196 92939
197795 22081
79875 183704
161416 66338
121021 54198
160862 105533
192430 95332
179415 76069
196360 52679
20493 4773
89107 92712
115068 129833
17405 173806
11846 53716
178344 14427
173320 37723
120835 86649
150280 108620
10877 146074
165056 143077
151576 86684
143657 100413
159862 118323
159359 49559
86964 136683
78485 53428
67070 42234
49373 26169
68615 148734
72493 87405
43796 194455
26587 44256
90602 185389
143711 113572
11895 111218
36425 168480
199562 1284
198337 163728
134265 28177
144588 11668
178816 71444
12518 171254
150536 188891
191067 190913
162222 153289
30261 83091
32540 79164
195338 27218
76497 559
93920 15620
146370 91399
3739 174387
20761 184559
63475 176817
69794 125620
164954 71502
187481 42349
157656 180368
105262 57456
108696 66758
18918 47875
45026 107986
79485 118551
35562 83957
181428 69978
180701 57465
183334 150705
193935 46742
74811 89279
55544 157209
189766 104291
3438 75822
33160 66455
6860 140737
21931 118896
74233 185556
164916 72469
36237 96315
176344 62205
149737 183316
183975 191959
104901 138392
170746 88453
196993 164035
48692 118543
113380 131889
46381 5023
149001 25664
143677 169743
143898 26767
43376 39955
80390 100709
102185 32226
68069 41829
140745 10257
158714 127984
420 42310
2100 159379
199715 122696
153858 185057
4013 159225
114117 176706
64707 93835
26612 179907
83403 163250
20293 19609
122993 89543
170235 55896
61797 30750
115308 14386
35462 175824
91826 53426
62717 130773
156909 124246
447 139300
102047 13483
80840 169652
61780 122608
125462 90594
144269 120786
47205 96416
51987 122471
22654 129065
36270 9301
179478 30111
84760 60403
62948 59550
6505 1939
52350 48854
88255 100349
150834 108977
71201 116665
65910 17603
50029 61838
18337 26319
93529 23971
155936 108676
131899 59455
159958 76200
141397 196756
181497 78941
41389 36967
108070 171969
113340 51773
22784 96458
79334 55645
4619 155454
161191 7695
54093 168305
171217 81575
181252 149001
30802 64688
19943 93267
99872 167928
89816 51377
185988 99396
113274 130060
23058 54305
105104 80249
109764 185034
51315 86167
21882 195793
79032 85150
44241 48170
135015 197884
167487 35566
55717 36492
85232 180078
56712 80949
134091 173002
84147 190101
49013 187878
156130 117141
199819 160522
148931 55503
186656 67020
156262 106517
93137 114853
119558 82650
144122 62890
168115 57988
90840 46212
31270 175382
159233 130076
33 179141
101598 77123
1709 113566
75609 23157
37662 51454
181424 193484
167946 20001
84795 73634
10725 40781
80786 68496
120644 131869
53575 2187
118633 87561
3811 28063
104827 51597
37157 130404
166303 5488
49696 170588
70607 149717
30154 66242
26793 4330
177147 90768
32865 99725
158652 164767
104037 52693
108374 78012
43813 121756
40053 191459
19436 49152
106490 68551
179363 82128
74686 53137
101586 127520
109624 133607
169837 126108
160223 113640
125506 172783
80158 102202
125657 165040
48738 101293
156201 134696
107044 185928
50983 1250
23330 181121
60940 54035
57829 34759
127976 161232
147048 193109
188423 144219
35347 24808
118544 306
44831 168030
109323 174664
126865 31622
158080 148550
100875 18485
77755 158051
74218 163340
24648 141576
92232 31360
80792 192609
120498 92979
110748 32292
109002 193729
10910 54752
142796 74230
152873 85533
181155 39383
104420 7668
109768 135119
48215 41338
131526 120172
148455 82153
186304 105899
18778 80439
22186 197480
2825 148272
99710 100280
18334 176270
96629 161222
44492 162700
49805 41426
191816 88434
118436 138367
157050 12052
143436 132300
87816 11348
111034 149017
3915 50130
14378 184407
58347 74870
192918 196200
126521 193125
191143 199597
192526 18663
20540 48237
12915 35998
122881 55725
6427 170388
36432 61436
138455 163926
95064 167362
150283 86654
184086 25524
181989 180111
36516 155331
164136 40386
9226 121818
39964 38580
51643 11983
53649 63576
97438 192932
145084 39348
58351 58802
151086 141805
161819 177143
94208 17726
27673 183171
31449 63202
164227 162542
152716 130319
194354 123102
63871 141840
173384 119992
157710 41245
115083 144519
122626 102242
114718 139841
40993 64452
102630 2016
166414 144536
187244 76822
47801 34141
155493 100452
198697 106982
86255 27277
79847 67039
179910 68215
133425 98777
88817 120458
70977 51893
6197 105627
40692 6088
100172 138370
16931 81114
177194 177274
146038 166715
78319 148381
161063 164166
32339 154038
132577 184296
115093 37022
13202 45398
154710 134725
20745 16503
54654 2647
199021 1235
135718 71221
62290 169576
57266 153358
31363 75911
22065 151835
184932 144104
30459 197866
19782 183698
165931 114823
154897 107535
65322 51124
5543 164011
88502 341
119164 197406
73287 149805
89068 13841
74000 74154
62665 44777
115611 25381
154822 43540
149522 146395
170418 1566
37247 185116
136337 73655
170357 69128
199803 29223
107311 22668
176731 99029
155164 55864
179270 107079
46891 71568
15262 136217
194243 137949
86625 30058
171648 170838
112157 60987
34791 63053
132629 27202
51331 128455
3657 192977
83922 126558
186627 174256
77137 20043
9873 63675
124737 107722
41612 45931
108632 191200
87715 157544
70190 32028
188409 85539
33720 94405
140002 55139
137990 91731
21934 113152
61413 82529
129255 135535
19208 31096
107838 74154
72887 187318
113700 107622
131186 72011
125531 27890
49825 44724
179472 162470
15388 26337
15427 46598
158320 170101
26477 88719
136686 176714
89376 179607
31661 25807
144419 96375
137797 21291
31652 13941
24577 74774
100659 11965
34510 50154
195440 97177
65532 88565
166160 155202
104127 133529
42732 133759
155238 3866
25527 70958
12609 140995
29803 36853
181732 63526
88237 112408
59718 21386
104625 129809
100283 103603
12863 37450
118749 24925
104083 147058
152833 47206
121416 138590
165911 145425
145751 71999
122824 134371
179939 120555
23498 142943
20110 161399
52104 139405
60175 80524
130718 175504
116294 195867
11981 91249
23258 3310
169975 199979
194522 187848
66982 124341
60974 439
164387 145425
8031 48434
135570 43152
24738 56511
29816 184630
20612 182779
78137 134002
45273 81539
164907 24211
193841 78878
193454 61359
5482 71836
199294 77481
81038 100085
148659 121751
139599 164308
154325 77771
38453 85891
147488 108187
57951 78728
151950 196778
4116 199421
5582 23970
154861 118383
110047 137876
188770 191467
159663 59266
64683 72551
94294 1896
16039 67718
27262 162125
95429 23407
174751 22715
51933 165053
11478 56224
6902 116207
101958 102287
18491 124967
1090 101475
184246 27858
101647 179642
189618 105366
145847 192340
70159 108466
81477 180912
141157 176791
35517 168027
8116 157107
136894 128123
33156 139181
81140 137170
18575 134189
27682 140130
102036 150496
103074 158432
36619 59330
73607 66693
67134 14616
85608 96963
115326 37273
81026 130670
198191 120903
44861 21743
58312 149608
107460 51389
170427 105839
40034 6712
185380 152806
19499 106999
1995 173282
71436 153149
177480 77214
28709 125061
192835 183719
41307 50783
17898 163597
7492 16394
115050 14653
183175 102333
111013 138158
98540 63645
114787 35174
26181 182861
143012 95163
145430 150986
56482 90656
134637 65587
190486 188643
196788 171761
13370 79882
126203 10328
95994 181886
119695 23162
41664 109190
83265 101784
90823 100690
181654 72945
26434 178413
112300 82714
103558 102173
109994 119945
24938 87864
120164 29394
21796 31163
36792 10219
129539 4706
27412 136921
180556 172265
4639 181558
88500 164104
138011 148562
50270 96266
149338 110825
128591 165452
154583 48697
107291 47821
94776 189121
88886 35979
90491 120699
110371 20495
91604 7413
186495 186744
62298 49161
91021 159227
164649 134550
169244 67674
140382 12366
135194 109522
17192 132116
113015 176239
199230 175422
181194 166647
135406 194099
50117 197091
2633 66289
53518 73469
38028 42219
155365 158051
174442 130020
141607 97950
56858 34284
32473 181126
180862 878
16921 186638
63031 57410
152815 142642
148174 56941
2517 148138
3589 73550
1929 12436
64823 128448
110198 90360
145266 81076
192772 172052
148701 173380
4168 27797
79702 11110
88905 113418
87249 192881
107 38812
92261 117993
143726 128043
9772 176312
193812 156706
12175 160090
85173 160062
14761 37492
178834 120836
192795 157775
147752 1819
71103 102475
50569 103529
158502 17826
155945 199938
150825 29208
135355 50569
136757 110095
69920 139102
197703 141764
49201 99718
34887 107104
153814 108701
20847 108270
183625 50817
101936 116674
176101 124523
17425 119385
185957 119982
83436 48554
156691 107754
187658 178543
149565 185233
78421 176502
47165 180601
100855 163259
26023 93721
71320 185419
141625 165811
160987 121147
141524 142657
191076 23051
176060 166863
69412 25242
180921 36244
67587 85954
42954 116564
197197 123815
9293 94796
10007 139781
123857 88565
88597 10733
84439 112711
42740 69603
77410 140057
21063 142469
194721 195525
189075 140682
139687 172822
101045 115843
135423 155117
187598 96469
6549 26588
59175 150466
29596 151257
52666 137772
120928 16315
114882 72976
187512 21154
78331 44104
5755 26538
63114 72479
163426 172046
141024 81175
55521 144732
195860 45729
143086 173999
19703 81439
4365 76798
102345 46373
81779 124455
139710 114679
180179 190752
51386 93773
115356 197285
48488 56535
107624 173854
42614 126229
59569 60976
12432 131479
173237 149545
3018 63413
80166 83495
77783 81235
104011 171784
131075 74269
65274 199558
46830 16474
195916 11009
155679 84379
77573 157630
101459 147359
109732 26667
127711 120717
188207 174404
49333 15005
123799 148446
782 150182
162632 19920
182212 189044
149720 160127
168038 165985
170920 131324
73120 104018
116895 109936
17866 121995
5031 156420
150542 97577
30960 24294
197226 10390
56463 187368
92038 105898
191126 42727
83497 126469
181697 104291
34864 18078
14878 190374
164060 155998
8827 37354
138065 6775
90820 118917
198733 154753
184282 90029
97943 6110
6284 14368
67322 78071
71876 19320
90278 111788
100201 178237
62453 10817
98140 190597
117657 40995
130253 97770
113720 40569
49122 5700
42930 29784
118228 83707
141736 148962
46891 147158
55605 147968
183640 5738
83997 50826
120451 7665
30810 195110
59462 168315
125334 185825
102871 184133
194235 7569
174337 119642
48428 1261
176102 56765
40019 191846
73200 136162
159342 50672
36905 59619
169883 122031
126256 95856
110217 128853
124743 160258
71035 98538
101704 142945
85246 53610
48821 72689
30608 199858
76950 132475
74166 40950
109726 170273
147208 158420
133246 144262
190884 9244
127589 115687
94111 124848
166087 74915
114613 90313
138847 88805
177406 196561
115079 143955
97444 103410
78460 96125
23006 182330
152508 47052
72624 36057
117557 148851
63459 69564
101167 141076
178632 33408
171053 161723
175225 146668
95213 23908
104468 90669
37851 48127
174857 136675
128591 54474
85522 28277
22672 144381
122401 125972
139014 103103
63054 68050
164382 17816
71760 74619
146746 125422
174363 127198
115690 78795
116640 106847
51600 153143
116857 172737
189022 20277
4777 50664
17646 137331
140741 115040
46939 130366
127521 149036
109623 14358
107430 174946
141391 132519
136823 175605
100144 114844
175012 187320
74115 191477
45802 2402
86642 179844
184263 7972
174242 85042
123383 140244
77603 105760
45992 37813
18265 106234
54852 68647
106684 86628
24286 139270
189067 106088
83360 29698
90739 61006
22517 34771
16694 76828
18808 177382
61196 186724
136648 32862
164791 161417
131545 168202
126953 163454
12294 139368
196276 191859
112767 173260
133433 111991
82557 28324
167511 66445
114479 107443
13911 26866
129538 3691
193454 91734
148550 62110
160979 108733
121403 9698
28054 180281
87759 96887
181406 43244
48229 101623
80804 20408
193454 35055
68935 101147
98057 87779
40417 180429
172516 192824
157574 94712
188289 127486
147125 118578
51291 83144
30080 99455
142344 62518
36589 1491
47161 41710
121406 187853
32595 21638
56181 171052
21163 131200
13158 15693
37520 21565
195748 72882
157486 136011
13500 8356
188696 139874
66589 116089
179771 82588
87259 94349
117087 179422
127373 64645
76052 180001
169134 56780
39238 146906
47310 60002
158971 17903
49345 33396
173655 185108
17378 144126
166352 63189
109024 102296
152083 190422
68849 163494
135668 65265
93934 154042
134471 168070
2604 137461
71183 102248
157398 135253
197627 130352
54085 36231
151422 118793
82744 133818
71534 198430
87793 111934
37140 124306
28057 169820
49692 122222
13981 163874
37654 68006
78344 102859
159948 137684
72513 91146
147840 142032
161083 190388
7630 157784
16066 99511
104657 7366
150384 77835
122519 137484
52019 14328
109229 38547
111592 76288
106295 188875
86927 131606
139440 148426
154732 145068
130994 46517
70148 70232
199006 78783
101933 63575
21524 37306
190808 138917
179391 73440
36646 180180
11241 151839
45288 120202
80142 153593
64401 179694
148668 11610
154375 135181
24130 179683
20967 37550
36278 9978
47624 197105
19396 89453
171921 25257
36303 169196
179505 133120
92788 20517
55106 100476
133596 73109
8402 85120
76194 28358
187454 101635
175431 87009
43299 60275
128072 2059
321 140883
118496 130590
124809 97463
20266 161085
14142 196845
12122 53908
46113 41530
190153 112961
6969 124731
63418 75220
199265 121712
133557 195812
75219 62872
42144 111715
122606 67263
139445 81154
110681 71347
166678 57472
20350 16218
54752 36787
57219 60805
142806 174067
92795 67513
63624 117072
187499 113946
126119 61898
14451 195819
93199 143651
89878 141050
45619 20227
162784 110842
194940 72778
199768 89464
157946 160634
109987 143007
38934 36333
71156 54011
24426 35702
178350 174406
20954 39127
93249 95864
131442 131550
160811 136236
51236 192794
161678 44146
180702 54003
5495 125092
142464 31323
70055 29116
33452 86468
122518 5437
173797 108151
118105 15334
119870 130606
162472 184409
176857 191497
188649 170904
169746 48880
78678 66495
186877 90059
78760 192972
122919 85428
171465 157939
114848 18193
27028 60440
28882 98007
197849 181762
108847 138000
127524 55284
30702 176627
10878 34215
78246 41239
101504 77510
83177 157650
190109 112527
60512 149918
73337 112047
138497 75161
97304 134624
56027 185794
26096 3293
150088 3818
50431 90754
145435 178074
90430 131970
186651 124842
35453 99094
49914 178589
49138 182205
124137 91744
9035 49104
128681 166159
18598 158844
40532 101940
80137 48303
28953 195534
1756 45350
61691 144126
115046 42566
135344 143485
8130 128088
65384 113954
108576 193303
187188 167118
80627 149189
129404 10973
99290 170042
163838 82024
151732 186231
162660 693
190880 192398
179116 165336
30671 147640
106088 173810
165306 70019
57837 195329
173563 186443
62832 90569
108541 37630
49521 152346
87376 6979
45132 19175
20266 31649
133373 123625
1408 179955
11575 1082
10509 140924
36702 46867
33510 14434
94096 61811
34409 196556
43729 11146
142028 153732
61614 150959
188352 94205
100528 12924
138711 149750
138501 7949
76407 111325
100394 18582
117175 30550
4066 24160
74976 123251
140651 47541
69091 122103
92392 148180
160917 189006
26116 31923
127688 50189
148827 11530
102805 109764
84986 15280
192996 105616
134978 139160
165043 190751
131769 95700
121124 187950
112620 10153
47923 121857
51605 31751
111338 5216
62554 91328
13947 40300
180544 80052
89200 4093
103264 52231
33199 194509
121378 15939
181091 182190
176243 91612
40497 72191
23073 173287
112058 159493
67414 166648
194820 82304
113055 78586
100032 140735
108969 99326
122372 103954
166587 173051
191899 186556
66675 107934
160964 31486
72890 43470
187246 132390
79958 2192
4548 1324
3543 182869
28768 55504
199241 116287
68969 50166
117270 133846
71099 128216
191802 25591
4520 198686
124441 62981
133075 46739
49933 47303
38606 85228
189671 173808
179599 142132
180829 58463
58512 126061
112067 43106
168349 191449
37038 54809
188922 61686
70405 86378
11641 30306
89735 72337
31093 123396
129450 106134
96752 121064
141297 110505
114581 20581
11089 183059
170785 13229
9369 4981
92143 156882
22620 32134
138851 99933
42646 168853
191819 70289
130962 159486
197174 62583
163355 56426
163971 54032
79006 133223
174251 151493
22346 74757
14705 33658
103485 154362
168335 176973
101951 59060
22596 83895
183322 91133
166032 92008
177229 137809
12542 170000
4946 131957
126070 97135
130621 88727
120830 86113
25825 180775
55572 28744
133423 199839
58556 192781
189948 144590
35603 50484
128767 14214
174404 194510
140904 73629
71989 67141
101755 140508
167302 83804
4333 27631
175014 51915
165417 141997
22975 64109
132790 96173
187410 177294
78207 28612
143959 80925
46391 161517
59185 42164
105631 193949
73355 84720
118901 12042
17230 123191
117650 65433
59911 127705
173305 9966
17506 12380
110687 94727
50487 105285
11593 90702
77207 189866
148104 127505
21737 48194
123990 151416
61068 20714
164371 9979
139986 40841
101730 43262
169682 169876
125960 122652
82196 109682
190658 156728
158722 184451
160996 196482
70 113843
182240 5777
78821 30364
132497 113681
161544 101767
2802 160098
94220 100722
105626 26301
22268 193206
145785 48988
144351 151311
33991 22795
185112 4562
126043 82107
131770 112925
79750 57508
94646 147349
62247 5862
153397 129250
84352 58514
51957 181160
98939 51965
29592 68643
151586 35295
131491 165013
155122 106972
151747 24759
135269 179843
105982 31478
172823 124484
83825 169552
103467 142992
113241 57134
65625 83142
172906 72053
155049 100152
73340 174983
179327 44455
45232 7511
109065 148843
199241 150310
174160 40153
88692 89949
138598 63073
14280 2843
51944 91671
140169 15483
174029 184246
185590 144647
120591 96532
106356 164205
64386 66575
195164 75982
161771 25394
188491 10273
132896 135721
91223 60951
76091 146152
143218 62914
22399 159377
197662 48870
115515 189990
42883 118690
115996 132665
54974 75644
12343 130208
152816 179723
164184 49260
36094 131582
20709 145992
23314 101217
173579 124212
22552 128733
118468 174449
24588 31250
1774 59221
74578 11393
45747 13965
128828 57351
114493 17315
130576 81502
83715 119277
198406 68607
27653 124185
164267 160785
17394 131589
71302 167468
138534 1512
4711 16298
7411 197045
4027 23653
59681 62600
15462 180159
167297 44175
189121 30785
72427 143538
154343 4832
66917 2105
20891 24551
190485 64812
168438 149611
42380 28559
93121 173147
166786 146427
190464 20451
152102 39321
122178 128981
38603 69879
75652 65485
169110 117517
186301 110234
75759 84490
98938 19792
135715 191741
194419 81331
111747 147031
150316 25863
97860 180429
166531 142957
195128 51397
54096 104117
86061 162802
199278 116164
81152 127766
11665 165029
154810 27334
76416 135095
120950 194546
180258 31117
158141 48529
182805 176502
159639 197626
3916 133931
58781 58401
136885 34421
195528 98534
91107 110641
31796 148522
123236 140167
166477 152214
99248 142463
18477 35551
98828 105688
107854 179178
161736 152115
30981 100935
191275 150488
148513 41374
191027 187986
119949 118755
176700 7029
176966 131692
166217 111236
182461 98784
93085 119525
77712 141303
192240 111207
97297 156538
117944 115951
173961 83822
157408 121630
128567 113688
126459 56084
181369 174425
164275 132897
4109 10286
121208 83389
8912 191986
107867 137489
34894 50369
171877 191628
65061 124508
61605 58715
148356 62601
73151 122586
74063 181198
24468 174140
188455 46062
113772 130747
147428 131101
105995 88561
117650 13684
117115 64458
169024 142770
96491 68556
105550 792
195004 194886
197990 94215
40740 21328
120563 55080
35468 17488
65155 57110
795 167298
87103 134731
115033 178374
146921 153037
43897 164787
133148 137701
3947 43094
187237 177259
41007 154252
172112 90838
87470 197090
131053 104426
162136 198338
57146 14460
134236 137003
140898 56437
130592 179223
8358 114987
156882 191869
152598 190216
17940 182182
176242 157606
190402 2662
109428 33397
49395 179566
173601 170192
21786 90649
194219 73935
58943 80364
76967 163750
20641 147577
128992 81339
119048 801
167292 143119
74782 141882
194659 104072
127924 3251